Reading OpenROAD database at '/home/roshan/hw4ai-codefest/project/m3/synth/runs/RUN_2026-05-22_02-04-48/23-openroad-globalplacement/top.odb'…
Reading library file at '/home/roshan/.volare/volare/sky130/versions/0fe599b2afb6708d281543108caf8310912f54af/sky130A/libs.ref/sky130_fd_sc_hd/lib/sky130_fd_sc_hd__tt_025C_1v80.lib'…
Reading design constraints file at '/nix/store/ss2cw3sxbrwwx9jl0rrppbw4kgcmgi2n-python3-3.11.9-env/lib/python3.11/site-packages/openlane/scripts/base.sdc'…
[INFO] Using clock clk…
[INFO] Setting output delay to: 2
[INFO] Setting input delay to: 2
[INFO] Setting load to: 0.033442
[INFO] Setting clock uncertainty to: 0.25
[INFO] Setting clock transition to: 0.1499999999999999944488848768742172978818416595458984375
[INFO] Setting timing derate to: 5%
[INFO] Setting RC values…
[WARNING GRT-0097] No global routing found for nets.
%OL_CREATE_REPORT min.rpt

===========================================================================
report_checks -path_delay min (Hold)
============================================================================
======================= nom_tt_025C_1v80 Corner ===================================

Startpoint: _1463_ (rising edge-triggered flip-flop clocked by clk)
Endpoint: _1463_ (rising edge-triggered flip-flop clocked by clk)
Path Group: clk
Path Type: min

Fanout         Cap        Slew       Delay        Time   Description
---------------------------------------------------------------------------------------------
                                  0.000000    0.000000   clock clk (rise edge)
                                  0.000000    0.000000   clock source latency
    81    0.246353    1.101485    0.761324    0.761324 ^ clk (in)
                                                         clk (net)
                      1.101663    0.000000    0.761324 ^ _1463_/CLK (sky130_fd_sc_hd__dfxtp_2)
     4    0.013519    0.045283    0.516592    1.277915 v _1463_/Q (sky130_fd_sc_hd__dfxtp_2)
                                                         core_out[30] (net)
                      0.045283    0.000024    1.277939 v _1377_/B (sky130_fd_sc_hd__nor2_2)
     1    0.004648    0.080522    0.083392    1.361331 ^ _1377_/Y (sky130_fd_sc_hd__nor2_2)
                                                         _0687_ (net)
                      0.080522    0.000000    1.361331 ^ _1378_/B1 (sky130_fd_sc_hd__a211oi_2)
     1    0.001943    0.032784    0.044879    1.406210 v _1378_/Y (sky130_fd_sc_hd__a211oi_2)
                                                         _0079_ (net)
                      0.032784    0.000003    1.406213 v _1463_/D (sky130_fd_sc_hd__dfxtp_2)
                                              1.406213   data arrival time

                                  0.000000    0.000000   clock clk (rise edge)
                                  0.000000    0.000000   clock source latency
    81    0.246353    1.101485    0.761324    0.761324 ^ clk (in)
                                                         clk (net)
                      1.101663    0.000000    0.761324 ^ _1463_/CLK (sky130_fd_sc_hd__dfxtp_2)
                                  0.250000    1.011323   clock uncertainty
                                  0.000000    1.011323   clock reconvergence pessimism
                                  0.106197    1.117520   library hold time
                                              1.117520   data required time
---------------------------------------------------------------------------------------------
                                              1.117520   data required time
                                             -1.406213   data arrival time
---------------------------------------------------------------------------------------------
                                              0.288693   slack (MET)


Startpoint: _1460_ (rising edge-triggered flip-flop clocked by clk)
Endpoint: _1460_ (rising edge-triggered flip-flop clocked by clk)
Path Group: clk
Path Type: min

Fanout         Cap        Slew       Delay        Time   Description
---------------------------------------------------------------------------------------------
                                  0.000000    0.000000   clock clk (rise edge)
                                  0.000000    0.000000   clock source latency
    81    0.246353    1.101485    0.763086    0.763086 ^ clk (in)
                                                         clk (net)
                      1.101721    0.000000    0.763086 ^ _1460_/CLK (sky130_fd_sc_hd__dfxtp_2)
     4    0.019741    0.057918    0.528388    1.291474 v _1460_/Q (sky130_fd_sc_hd__dfxtp_2)
                                                         core_out[27] (net)
                      0.057918    0.000015    1.291488 v _1350_/B (sky130_fd_sc_hd__nor2_2)
     1    0.004698    0.081302    0.088415    1.379904 ^ _1350_/Y (sky130_fd_sc_hd__nor2_2)
                                                         _0663_ (net)
                      0.081302    0.000002    1.379905 ^ _1351_/B1 (sky130_fd_sc_hd__a211oi_2)
     1    0.001819    0.032725    0.044720    1.424626 v _1351_/Y (sky130_fd_sc_hd__a211oi_2)
                                                         _0076_ (net)
                      0.032725    0.000001    1.424627 v _1460_/D (sky130_fd_sc_hd__dfxtp_2)
                                              1.424627   data arrival time

                                  0.000000    0.000000   clock clk (rise edge)
                                  0.000000    0.000000   clock source latency
    81    0.246353    1.101485    0.763086    0.763086 ^ clk (in)
                                                         clk (net)
                      1.101721    0.000000    0.763086 ^ _1460_/CLK (sky130_fd_sc_hd__dfxtp_2)
                                  0.250000    1.013086   clock uncertainty
                                  0.000000    1.013086   clock reconvergence pessimism
                                  0.106225    1.119311   library hold time
                                              1.119311   data required time
---------------------------------------------------------------------------------------------
                                              1.119311   data required time
                                             -1.424627   data arrival time
---------------------------------------------------------------------------------------------
                                              0.305316   slack (MET)


Startpoint: _1456_ (rising edge-triggered flip-flop clocked by clk)
Endpoint: _1456_ (rising edge-triggered flip-flop clocked by clk)
Path Group: clk
Path Type: min

Fanout         Cap        Slew       Delay        Time   Description
---------------------------------------------------------------------------------------------
                                  0.000000    0.000000   clock clk (rise edge)
                                  0.000000    0.000000   clock source latency
    81    0.246353    1.101485    0.760827    0.760827 ^ clk (in)
                                                         clk (net)
                      1.101648    0.000000    0.760827 ^ _1456_/CLK (sky130_fd_sc_hd__dfxtp_2)
     4    0.020007    0.058489    0.528847    1.289675 v _1456_/Q (sky130_fd_sc_hd__dfxtp_2)
                                                         core_out[23] (net)
                      0.058489    0.000028    1.289703 v _1324_/B (sky130_fd_sc_hd__nor2_2)
     1    0.004713    0.081491    0.088753    1.378456 ^ _1324_/Y (sky130_fd_sc_hd__nor2_2)
                                                         _0641_ (net)
                      0.081491    0.000002    1.378458 ^ _1325_/B1 (sky130_fd_sc_hd__a211oi_2)
     1    0.001905    0.032925    0.044997    1.423454 v _1325_/Y (sky130_fd_sc_hd__a211oi_2)
                                                         _0072_ (net)
                      0.032925    0.000002    1.423456 v _1456_/D (sky130_fd_sc_hd__dfxtp_2)
                                              1.423456   data arrival time

                                  0.000000    0.000000   clock clk (rise edge)
                                  0.000000    0.000000   clock source latency
    81    0.246353    1.101485    0.760827    0.760827 ^ clk (in)
                                                         clk (net)
                      1.101648    0.000000    0.760827 ^ _1456_/CLK (sky130_fd_sc_hd__dfxtp_2)
                                  0.250000    1.010827   clock uncertainty
                                  0.000000    1.010827   clock reconvergence pessimism
                                  0.106138    1.116965   library hold time
                                              1.116965   data required time
---------------------------------------------------------------------------------------------
                                              1.116965   data required time
                                             -1.423456   data arrival time
---------------------------------------------------------------------------------------------
                                              0.306491   slack (MET)


Startpoint: _1462_ (rising edge-triggered flip-flop clocked by clk)
Endpoint: _1462_ (rising edge-triggered flip-flop clocked by clk)
Path Group: clk
Path Type: min

Fanout         Cap        Slew       Delay        Time   Description
---------------------------------------------------------------------------------------------
                                  0.000000    0.000000   clock clk (rise edge)
                                  0.000000    0.000000   clock source latency
    81    0.246353    1.101485    0.764028    0.764028 ^ clk (in)
                                                         clk (net)
                      1.101756    0.000000    0.764028 ^ _1462_/CLK (sky130_fd_sc_hd__dfxtp_2)
     4    0.021692    0.061991    0.532068    1.296096 v _1462_/Q (sky130_fd_sc_hd__dfxtp_2)
                                                         core_out[29] (net)
                      0.061991    0.000021    1.296117 v _1366_/B (sky130_fd_sc_hd__nor2_2)
     1    0.004672    0.081344    0.089856    1.385973 ^ _1366_/Y (sky130_fd_sc_hd__nor2_2)
                                                         _0677_ (net)
                      0.081344    0.000000    1.385974 ^ _1367_/B1 (sky130_fd_sc_hd__a211oi_2)
     1    0.001772    0.032647    0.044602    1.430576 v _1367_/Y (sky130_fd_sc_hd__a211oi_2)
                                                         _0078_ (net)
                      0.032647    0.000000    1.430577 v _1462_/D (sky130_fd_sc_hd__dfxtp_2)
                                              1.430577   data arrival time

                                  0.000000    0.000000   clock clk (rise edge)
                                  0.000000    0.000000   clock source latency
    81    0.246353    1.101485    0.764028    0.764028 ^ clk (in)
                                                         clk (net)
                      1.101756    0.000000    0.764028 ^ _1462_/CLK (sky130_fd_sc_hd__dfxtp_2)
                                  0.250000    1.014028   clock uncertainty
                                  0.000000    1.014028   clock reconvergence pessimism
                                  0.106260    1.120288   library hold time
                                              1.120288   data required time
---------------------------------------------------------------------------------------------
                                              1.120288   data required time
                                             -1.430577   data arrival time
---------------------------------------------------------------------------------------------
                                              0.310289   slack (MET)


Startpoint: _1464_ (rising edge-triggered flip-flop clocked by clk)
Endpoint: _1464_ (rising edge-triggered flip-flop clocked by clk)
Path Group: clk
Path Type: min

Fanout         Cap        Slew       Delay        Time   Description
---------------------------------------------------------------------------------------------
                                  0.000000    0.000000   clock clk (rise edge)
                                  0.000000    0.000000   clock source latency
    81    0.246353    1.101485    0.764650    0.764650 ^ clk (in)
                                                         clk (net)
                      1.101780    0.000000    0.764650 ^ _1464_/CLK (sky130_fd_sc_hd__dfxtp_2)
     3    0.016891    0.052053    0.522996    1.287646 v _1464_/Q (sky130_fd_sc_hd__dfxtp_2)
                                                         core_out[31] (net)
                      0.052053    0.000010    1.287656 v _1382_/A (sky130_fd_sc_hd__nor2_2)
     1    0.004732    0.081804    0.109384    1.397040 ^ _1382_/Y (sky130_fd_sc_hd__nor2_2)
                                                         _0691_ (net)
                      0.081804    0.000003    1.397043 ^ _1383_/B1 (sky130_fd_sc_hd__a211oi_2)
     1    0.002085    0.033254    0.045559    1.442602 v _1383_/Y (sky130_fd_sc_hd__a211oi_2)
                                                         _0080_ (net)
                      0.033254    0.000003    1.442605 v _1464_/D (sky130_fd_sc_hd__dfxtp_2)
                                              1.442605   data arrival time

                                  0.000000    0.000000   clock clk (rise edge)
                                  0.000000    0.000000   clock source latency
    81    0.246353    1.101485    0.764650    0.764650 ^ clk (in)
                                                         clk (net)
                      1.101780    0.000000    0.764650 ^ _1464_/CLK (sky130_fd_sc_hd__dfxtp_2)
                                  0.250000    1.014650   clock uncertainty
                                  0.000000    1.014650   clock reconvergence pessimism
                                  0.106013    1.120664   library hold time
                                              1.120664   data required time
---------------------------------------------------------------------------------------------
                                              1.120664   data required time
                                             -1.442605   data arrival time
---------------------------------------------------------------------------------------------
                                              0.321942   slack (MET)


Startpoint: _1458_ (rising edge-triggered flip-flop clocked by clk)
Endpoint: _1458_ (rising edge-triggered flip-flop clocked by clk)
Path Group: clk
Path Type: min

Fanout         Cap        Slew       Delay        Time   Description
---------------------------------------------------------------------------------------------
                                  0.000000    0.000000   clock clk (rise edge)
                                  0.000000    0.000000   clock source latency
    81    0.246353    1.101485    0.760929    0.760929 ^ clk (in)
                                                         clk (net)
                      1.101651    0.000000    0.760929 ^ _1458_/CLK (sky130_fd_sc_hd__dfxtp_2)
     6    0.026363    0.071884    0.540829    1.301758 v _1458_/Q (sky130_fd_sc_hd__dfxtp_2)
                                                         core_out[25] (net)
                      0.071884    0.000056    1.301814 v _1337_/B (sky130_fd_sc_hd__nor2_2)
     1    0.004650    0.081866    0.093663    1.395477 ^ _1337_/Y (sky130_fd_sc_hd__nor2_2)
                                                         _0652_ (net)
                      0.081866    0.000000    1.395477 ^ _1338_/B1 (sky130_fd_sc_hd__a211oi_2)
     1    0.001960    0.033108    0.045231    1.440708 v _1338_/Y (sky130_fd_sc_hd__a211oi_2)
                                                         _0074_ (net)
                      0.033108    0.000003    1.440711 v _1458_/D (sky130_fd_sc_hd__dfxtp_2)
                                              1.440711   data arrival time

                                  0.000000    0.000000   clock clk (rise edge)
                                  0.000000    0.000000   clock source latency
    81    0.246353    1.101485    0.760929    0.760929 ^ clk (in)
                                                         clk (net)
                      1.101651    0.000000    0.760929 ^ _1458_/CLK (sky130_fd_sc_hd__dfxtp_2)
                                  0.250000    1.010929   clock uncertainty
                                  0.000000    1.010929   clock reconvergence pessimism
                                  0.106063    1.116992   library hold time
                                              1.116992   data required time
---------------------------------------------------------------------------------------------
                                              1.116992   data required time
                                             -1.440711   data arrival time
---------------------------------------------------------------------------------------------
                                              0.323719   slack (MET)


Startpoint: _1440_ (rising edge-triggered flip-flop clocked by clk)
Endpoint: _1440_ (rising edge-triggered flip-flop clocked by clk)
Path Group: clk
Path Type: min

Fanout         Cap        Slew       Delay        Time   Description
---------------------------------------------------------------------------------------------
                                  0.000000    0.000000   clock clk (rise edge)
                                  0.000000    0.000000   clock source latency
    81    0.246353    1.101485    0.763386    0.763386 ^ clk (in)
                                                         clk (net)
                      1.101732    0.000000    0.763386 ^ _1440_/CLK (sky130_fd_sc_hd__dfxtp_2)
     4    0.010768    0.040666    0.510345    1.273731 v _1440_/Q (sky130_fd_sc_hd__dfxtp_2)
                                                         core_out[7] (net)
                      0.040666    0.000027    1.273758 v _1003_/A2 (sky130_fd_sc_hd__o211a_2)
     1    0.002057    0.022490    0.224894    1.498652 v _1003_/X (sky130_fd_sc_hd__o211a_2)
                                                         _0056_ (net)
                      0.022490    0.000004    1.498655 v _1440_/D (sky130_fd_sc_hd__dfxtp_2)
                                              1.498655   data arrival time

                                  0.000000    0.000000   clock clk (rise edge)
                                  0.000000    0.000000   clock source latency
    81    0.246353    1.101485    0.763386    0.763386 ^ clk (in)
                                                         clk (net)
                      1.101732    0.000000    0.763386 ^ _1440_/CLK (sky130_fd_sc_hd__dfxtp_2)
                                  0.250000    1.013386   clock uncertainty
                                  0.000000    1.013386   clock reconvergence pessimism
                                  0.110415    1.123801   library hold time
                                              1.123801   data required time
---------------------------------------------------------------------------------------------
                                              1.123801   data required time
                                             -1.498655   data arrival time
---------------------------------------------------------------------------------------------
                                              0.374854   slack (MET)


Startpoint: _1438_ (rising edge-triggered flip-flop clocked by clk)
Endpoint: _1438_ (rising edge-triggered flip-flop clocked by clk)
Path Group: clk
Path Type: min

Fanout         Cap        Slew       Delay        Time   Description
---------------------------------------------------------------------------------------------
                                  0.000000    0.000000   clock clk (rise edge)
                                  0.000000    0.000000   clock source latency
    81    0.246353    1.101485    0.764830    0.764830 ^ clk (in)
                                                         clk (net)
                      1.101787    0.000000    0.764830 ^ _1438_/CLK (sky130_fd_sc_hd__dfxtp_2)
     4    0.011833    0.042281    0.513074    1.277904 v _1438_/Q (sky130_fd_sc_hd__dfxtp_2)
                                                         core_out[5] (net)
                      0.042281    0.000011    1.277915 v _0918_/A2 (sky130_fd_sc_hd__o211a_2)
     1    0.001764    0.021664    0.223903    1.501819 v _0918_/X (sky130_fd_sc_hd__o211a_2)
                                                         _0054_ (net)
                      0.021664    0.000000    1.501819 v _1438_/D (sky130_fd_sc_hd__dfxtp_2)
                                              1.501819   data arrival time

                                  0.000000    0.000000   clock clk (rise edge)
                                  0.000000    0.000000   clock source latency
    81    0.246353    1.101485    0.764830    0.764830 ^ clk (in)
                                                         clk (net)
                      1.101787    0.000000    0.764830 ^ _1438_/CLK (sky130_fd_sc_hd__dfxtp_2)
                                  0.250000    1.014830   clock uncertainty
                                  0.000000    1.014830   clock reconvergence pessimism
                                  0.110757    1.125587   library hold time
                                              1.125587   data required time
---------------------------------------------------------------------------------------------
                                              1.125587   data required time
                                             -1.501819   data arrival time
---------------------------------------------------------------------------------------------
                                              0.376232   slack (MET)


Startpoint: _1439_ (rising edge-triggered flip-flop clocked by clk)
Endpoint: _1439_ (rising edge-triggered flip-flop clocked by clk)
Path Group: clk
Path Type: min

Fanout         Cap        Slew       Delay        Time   Description
---------------------------------------------------------------------------------------------
                                  0.000000    0.000000   clock clk (rise edge)
                                  0.000000    0.000000   clock source latency
    81    0.246353    1.101485    0.764373    0.764373 ^ clk (in)
                                                         clk (net)
                      1.101769    0.000000    0.764373 ^ _1439_/CLK (sky130_fd_sc_hd__dfxtp_2)
     4    0.011846    0.042288    0.513117    1.277490 v _1439_/Q (sky130_fd_sc_hd__dfxtp_2)
                                                         core_out[6] (net)
                      0.042288    0.000025    1.277516 v _0958_/A2 (sky130_fd_sc_hd__o211a_2)
     1    0.001771    0.021707    0.223946    1.501462 v _0958_/X (sky130_fd_sc_hd__o211a_2)
                                                         _0055_ (net)
                      0.021707    0.000000    1.501463 v _1439_/D (sky130_fd_sc_hd__dfxtp_2)
                                              1.501463   data arrival time

                                  0.000000    0.000000   clock clk (rise edge)
                                  0.000000    0.000000   clock source latency
    81    0.246353    1.101485    0.764373    0.764373 ^ clk (in)
                                                         clk (net)
                      1.101769    0.000000    0.764373 ^ _1439_/CLK (sky130_fd_sc_hd__dfxtp_2)
                                  0.250000    1.014373   clock uncertainty
                                  0.000000    1.014373   clock reconvergence pessimism
                                  0.110738    1.125112   library hold time
                                              1.125112   data required time
---------------------------------------------------------------------------------------------
                                              1.125112   data required time
                                             -1.501463   data arrival time
---------------------------------------------------------------------------------------------
                                              0.376351   slack (MET)


Startpoint: _1435_ (rising edge-triggered flip-flop clocked by clk)
Endpoint: _1435_ (rising edge-triggered flip-flop clocked by clk)
Path Group: clk
Path Type: min

Fanout         Cap        Slew       Delay        Time   Description
---------------------------------------------------------------------------------------------
                                  0.000000    0.000000   clock clk (rise edge)
                                  0.000000    0.000000   clock source latency
    81    0.246353    1.101485    0.766937    0.766937 ^ clk (in)
                                                         clk (net)
                      1.101879    0.000000    0.766937 ^ _1435_/CLK (sky130_fd_sc_hd__dfxtp_2)
     4    0.011657    0.042131    0.512655    1.279593 v _1435_/Q (sky130_fd_sc_hd__dfxtp_2)
                                                         core_out[2] (net)
                      0.042131    0.000001    1.279594 v _0840_/A2 (sky130_fd_sc_hd__o211a_2)
     1    0.002141    0.022772    0.225881    1.505475 v _0840_/X (sky130_fd_sc_hd__o211a_2)
                                                         _0051_ (net)
                      0.022772    0.000004    1.505479 v _1435_/D (sky130_fd_sc_hd__dfxtp_2)
                                              1.505479   data arrival time

                                  0.000000    0.000000   clock clk (rise edge)
                                  0.000000    0.000000   clock source latency
    81    0.246353    1.101485    0.766937    0.766937 ^ clk (in)
                                                         clk (net)
                      1.101879    0.000000    0.766937 ^ _1435_/CLK (sky130_fd_sc_hd__dfxtp_2)
                                  0.250000    1.016937   clock uncertainty
                                  0.000000    1.016937   clock reconvergence pessimism
                                  0.110311    1.127248   library hold time
                                              1.127248   data required time
---------------------------------------------------------------------------------------------
                                              1.127248   data required time
                                             -1.505479   data arrival time
---------------------------------------------------------------------------------------------
                                              0.378230   slack (MET)


Startpoint: _1436_ (rising edge-triggered flip-flop clocked by clk)
Endpoint: _1436_ (rising edge-triggered flip-flop clocked by clk)
Path Group: clk
Path Type: min

Fanout         Cap        Slew       Delay        Time   Description
---------------------------------------------------------------------------------------------
                                  0.000000    0.000000   clock clk (rise edge)
                                  0.000000    0.000000   clock source latency
    81    0.246353    1.101485    0.766111    0.766111 ^ clk (in)
                                                         clk (net)
                      1.101841    0.000000    0.766111 ^ _1436_/CLK (sky130_fd_sc_hd__dfxtp_2)
     4    0.012741    0.043093    0.515138    1.281249 v _1436_/Q (sky130_fd_sc_hd__dfxtp_2)
                                                         core_out[3] (net)
                      0.043093    0.000017    1.281266 v _0860_/A2 (sky130_fd_sc_hd__o211a_2)
     1    0.001837    0.021871    0.224594    1.505860 v _0860_/X (sky130_fd_sc_hd__o211a_2)
                                                         _0052_ (net)
                      0.021871    0.000001    1.505862 v _1436_/D (sky130_fd_sc_hd__dfxtp_2)
                                              1.505862   data arrival time

                                  0.000000    0.000000   clock clk (rise edge)
                                  0.000000    0.000000   clock source latency
    81    0.246353    1.101485    0.766111    0.766111 ^ clk (in)
                                                         clk (net)
                      1.101841    0.000000    0.766111 ^ _1436_/CLK (sky130_fd_sc_hd__dfxtp_2)
                                  0.250000    1.016111   clock uncertainty
                                  0.000000    1.016111   clock reconvergence pessimism
                                  0.110677    1.126787   library hold time
                                              1.126787   data required time
---------------------------------------------------------------------------------------------
                                              1.126787   data required time
                                             -1.505862   data arrival time
---------------------------------------------------------------------------------------------
                                              0.379074   slack (MET)


Startpoint: _1434_ (rising edge-triggered flip-flop clocked by clk)
Endpoint: _1434_ (rising edge-triggered flip-flop clocked by clk)
Path Group: clk
Path Type: min

Fanout         Cap        Slew       Delay        Time   Description
---------------------------------------------------------------------------------------------
                                  0.000000    0.000000   clock clk (rise edge)
                                  0.000000    0.000000   clock source latency
    81    0.246353    1.101485    0.767330    0.767330 ^ clk (in)
                                                         clk (net)
                      1.101897    0.000000    0.767330 ^ _1434_/CLK (sky130_fd_sc_hd__dfxtp_2)
     4    0.012008    0.042459    0.513547    1.280878 v _1434_/Q (sky130_fd_sc_hd__dfxtp_2)
                                                         core_out[1] (net)
                      0.042459    0.000003    1.280881 v _0825_/A2 (sky130_fd_sc_hd__o211a_2)
     1    0.002264    0.023128    0.226664    1.507545 v _0825_/X (sky130_fd_sc_hd__o211a_2)
                                                         _0050_ (net)
                      0.023128    0.000005    1.507549 v _1434_/D (sky130_fd_sc_hd__dfxtp_2)
                                              1.507549   data arrival time

                                  0.000000    0.000000   clock clk (rise edge)
                                  0.000000    0.000000   clock source latency
    81    0.246353    1.101485    0.767330    0.767330 ^ clk (in)
                                                         clk (net)
                      1.101897    0.000000    0.767330 ^ _1434_/CLK (sky130_fd_sc_hd__dfxtp_2)
                                  0.250000    1.017330   clock uncertainty
                                  0.000000    1.017330   clock reconvergence pessimism
                                  0.110166    1.127497   library hold time
                                              1.127497   data required time
---------------------------------------------------------------------------------------------
                                              1.127497   data required time
                                             -1.507549   data arrival time
---------------------------------------------------------------------------------------------
                                              0.380053   slack (MET)


Startpoint: _1459_ (rising edge-triggered flip-flop clocked by clk)
Endpoint: _1459_ (rising edge-triggered flip-flop clocked by clk)
Path Group: clk
Path Type: min

Fanout         Cap        Slew       Delay        Time   Description
---------------------------------------------------------------------------------------------
                                  0.000000    0.000000   clock clk (rise edge)
                                  0.000000    0.000000   clock source latency
    81    0.246353    1.101485    0.760944    0.760944 ^ clk (in)
                                                         clk (net)
                      1.101651    0.000000    0.760944 ^ _1459_/CLK (sky130_fd_sc_hd__dfxtp_2)
     5    0.013652    0.045550    0.516833    1.277777 v _1459_/Q (sky130_fd_sc_hd__dfxtp_2)
                                                         core_out[26] (net)
                      0.045550    0.000026    1.277804 v _1346_/A2 (sky130_fd_sc_hd__o211a_2)
     1    0.001972    0.022285    0.226212    1.504015 v _1346_/X (sky130_fd_sc_hd__o211a_2)
                                                         _0075_ (net)
                      0.022285    0.000003    1.504018 v _1459_/D (sky130_fd_sc_hd__dfxtp_2)
                                              1.504018   data arrival time

                                  0.000000    0.000000   clock clk (rise edge)
                                  0.000000    0.000000   clock source latency
    81    0.246353    1.101485    0.760944    0.760944 ^ clk (in)
                                                         clk (net)
                      1.101651    0.000000    0.760944 ^ _1459_/CLK (sky130_fd_sc_hd__dfxtp_2)
                                  0.250000    1.010944   clock uncertainty
                                  0.000000    1.010944   clock reconvergence pessimism
                                  0.110493    1.121437   library hold time
                                              1.121437   data required time
---------------------------------------------------------------------------------------------
                                              1.121437   data required time
                                             -1.504018   data arrival time
---------------------------------------------------------------------------------------------
                                              0.382581   slack (MET)


Startpoint: _1442_ (rising edge-triggered flip-flop clocked by clk)
Endpoint: _1442_ (rising edge-triggered flip-flop clocked by clk)
Path Group: clk
Path Type: min

Fanout         Cap        Slew       Delay        Time   Description
---------------------------------------------------------------------------------------------
                                  0.000000    0.000000   clock clk (rise edge)
                                  0.000000    0.000000   clock source latency
    81    0.246353    1.101485    0.761071    0.761071 ^ clk (in)
                                                         clk (net)
                      1.101655    0.000000    0.761071 ^ _1442_/CLK (sky130_fd_sc_hd__dfxtp_2)
     4    0.013805    0.045852    0.517125    1.278196 v _1442_/Q (sky130_fd_sc_hd__dfxtp_2)
                                                         core_out[9] (net)
                      0.045852    0.000039    1.278235 v _1092_/A2 (sky130_fd_sc_hd__o211a_2)
     1    0.001964    0.022240    0.226277    1.504511 v _1092_/X (sky130_fd_sc_hd__o211a_2)
                                                         _0058_ (net)
                      0.022240    0.000003    1.504514 v _1442_/D (sky130_fd_sc_hd__dfxtp_2)
                                              1.504514   data arrival time

                                  0.000000    0.000000   clock clk (rise edge)
                                  0.000000    0.000000   clock source latency
    81    0.246353    1.101485    0.761071    0.761071 ^ clk (in)
                                                         clk (net)
                      1.101655    0.000000    0.761071 ^ _1442_/CLK (sky130_fd_sc_hd__dfxtp_2)
                                  0.250000    1.011071   clock uncertainty
                                  0.000000    1.011071   clock reconvergence pessimism
                                  0.110511    1.121582   library hold time
                                              1.121582   data required time
---------------------------------------------------------------------------------------------
                                              1.121582   data required time
                                             -1.504514   data arrival time
---------------------------------------------------------------------------------------------
                                              0.382932   slack (MET)


Startpoint: _1447_ (rising edge-triggered flip-flop clocked by clk)
Endpoint: _1447_ (rising edge-triggered flip-flop clocked by clk)
Path Group: clk
Path Type: min

Fanout         Cap        Slew       Delay        Time   Description
---------------------------------------------------------------------------------------------
                                  0.000000    0.000000   clock clk (rise edge)
                                  0.000000    0.000000   clock source latency
    81    0.246353    1.101485    0.758721    0.758721 ^ clk (in)
                                                         clk (net)
                      1.101592    0.000000    0.758721 ^ _1447_/CLK (sky130_fd_sc_hd__dfxtp_2)
     4    0.014284    0.046807    0.518019    1.276740 v _1447_/Q (sky130_fd_sc_hd__dfxtp_2)
                                                         core_out[14] (net)
                      0.046807    0.000041    1.276781 v _1260_/A2 (sky130_fd_sc_hd__o211a_2)
     1    0.001821    0.021848    0.225854    1.502635 v _1260_/X (sky130_fd_sc_hd__o211a_2)
                                                         _0063_ (net)
                      0.021848    0.000001    1.502636 v _1447_/D (sky130_fd_sc_hd__dfxtp_2)
                                              1.502636   data arrival time

                                  0.000000    0.000000   clock clk (rise edge)
                                  0.000000    0.000000   clock source latency
    81    0.246353    1.101485    0.758721    0.758721 ^ clk (in)
                                                         clk (net)
                      1.101592    0.000000    0.758721 ^ _1447_/CLK (sky130_fd_sc_hd__dfxtp_2)
                                  0.250000    1.008721   clock uncertainty
                                  0.000000    1.008721   clock reconvergence pessimism
                                  0.110667    1.119388   library hold time
                                              1.119388   data required time
---------------------------------------------------------------------------------------------
                                              1.119388   data required time
                                             -1.502636   data arrival time
---------------------------------------------------------------------------------------------
                                              0.383248   slack (MET)


Startpoint: _1461_ (rising edge-triggered flip-flop clocked by clk)
Endpoint: _1461_ (rising edge-triggered flip-flop clocked by clk)
Path Group: clk
Path Type: min

Fanout         Cap        Slew       Delay        Time   Description
---------------------------------------------------------------------------------------------
                                  0.000000    0.000000   clock clk (rise edge)
                                  0.000000    0.000000   clock source latency
    81    0.246353    1.101485    0.761314    0.761314 ^ clk (in)
                                                         clk (net)
                      1.101663    0.000000    0.761314 ^ _1461_/CLK (sky130_fd_sc_hd__dfxtp_2)
     5    0.015007    0.048249    0.519405    1.280718 v _1461_/Q (sky130_fd_sc_hd__dfxtp_2)
                                                         core_out[28] (net)
                      0.048249    0.000015    1.280734 v _1362_/A2 (sky130_fd_sc_hd__o211a_2)
     1    0.002050    0.022504    0.227616    1.508349 v _1362_/X (sky130_fd_sc_hd__o211a_2)
                                                         _0077_ (net)
                      0.022504    0.000003    1.508353 v _1461_/D (sky130_fd_sc_hd__dfxtp_2)
                                              1.508353   data arrival time

                                  0.000000    0.000000   clock clk (rise edge)
                                  0.000000    0.000000   clock source latency
    81    0.246353    1.101485    0.761314    0.761314 ^ clk (in)
                                                         clk (net)
                      1.101663    0.000000    0.761314 ^ _1461_/CLK (sky130_fd_sc_hd__dfxtp_2)
                                  0.250000    1.011314   clock uncertainty
                                  0.000000    1.011314   clock reconvergence pessimism
                                  0.110404    1.121718   library hold time
                                              1.121718   data required time
---------------------------------------------------------------------------------------------
                                              1.121718   data required time
                                             -1.508353   data arrival time
---------------------------------------------------------------------------------------------
                                              0.386635   slack (MET)


Startpoint: _1445_ (rising edge-triggered flip-flop clocked by clk)
Endpoint: _1445_ (rising edge-triggered flip-flop clocked by clk)
Path Group: clk
Path Type: min

Fanout         Cap        Slew       Delay        Time   Description
---------------------------------------------------------------------------------------------
                                  0.000000    0.000000   clock clk (rise edge)
                                  0.000000    0.000000   clock source latency
    81    0.246353    1.101485    0.758401    0.758401 ^ clk (in)
                                                         clk (net)
                      1.101584    0.000000    0.758401 ^ _1445_/CLK (sky130_fd_sc_hd__dfxtp_2)
     4    0.015779    0.049810    0.520846    1.279247 v _1445_/Q (sky130_fd_sc_hd__dfxtp_2)
                                                         core_out[12] (net)
                      0.049810    0.000039    1.279286 v _1203_/A2 (sky130_fd_sc_hd__o211a_2)
     1    0.001752    0.021649    0.226574    1.505860 v _1203_/X (sky130_fd_sc_hd__o211a_2)
                                                         _0061_ (net)
                      0.021649    0.000000    1.505861 v _1445_/D (sky130_fd_sc_hd__dfxtp_2)
                                              1.505861   data arrival time

                                  0.000000    0.000000   clock clk (rise edge)
                                  0.000000    0.000000   clock source latency
    81    0.246353    1.101485    0.758401    0.758401 ^ clk (in)
                                                         clk (net)
                      1.101584    0.000000    0.758401 ^ _1445_/CLK (sky130_fd_sc_hd__dfxtp_2)
                                  0.250000    1.008401   clock uncertainty
                                  0.000000    1.008401   clock reconvergence pessimism
                                  0.110748    1.119149   library hold time
                                              1.119149   data required time
---------------------------------------------------------------------------------------------
                                              1.119149   data required time
                                             -1.505861   data arrival time
---------------------------------------------------------------------------------------------
                                              0.386712   slack (MET)


Startpoint: _1444_ (rising edge-triggered flip-flop clocked by clk)
Endpoint: _1444_ (rising edge-triggered flip-flop clocked by clk)
Path Group: clk
Path Type: min

Fanout         Cap        Slew       Delay        Time   Description
---------------------------------------------------------------------------------------------
                                  0.000000    0.000000   clock clk (rise edge)
                                  0.000000    0.000000   clock source latency
    81    0.246353    1.101485    0.759644    0.759644 ^ clk (in)
                                                         clk (net)
                      1.101615    0.000000    0.759644 ^ _1444_/CLK (sky130_fd_sc_hd__dfxtp_2)
     4    0.016453    0.051175    0.522125    1.281770 v _1444_/Q (sky130_fd_sc_hd__dfxtp_2)
                                                         core_out[11] (net)
                      0.051175    0.000035    1.281805 v _1168_/A2 (sky130_fd_sc_hd__o211a_2)
     1    0.001743    0.021626    0.227026    1.508831 v _1168_/X (sky130_fd_sc_hd__o211a_2)
                                                         _0060_ (net)
                      0.021626    0.000000    1.508832 v _1444_/D (sky130_fd_sc_hd__dfxtp_2)
                                              1.508832   data arrival time

                                  0.000000    0.000000   clock clk (rise edge)
                                  0.000000    0.000000   clock source latency
    81    0.246353    1.101485    0.759644    0.759644 ^ clk (in)
                                                         clk (net)
                      1.101615    0.000000    0.759644 ^ _1444_/CLK (sky130_fd_sc_hd__dfxtp_2)
                                  0.250000    1.009644   clock uncertainty
                                  0.000000    1.009644   clock reconvergence pessimism
                                  0.110760    1.120404   library hold time
                                              1.120404   data required time
---------------------------------------------------------------------------------------------
                                              1.120404   data required time
                                             -1.508832   data arrival time
---------------------------------------------------------------------------------------------
                                              0.388428   slack (MET)


Startpoint: _1455_ (rising edge-triggered flip-flop clocked by clk)
Endpoint: _1455_ (rising edge-triggered flip-flop clocked by clk)
Path Group: clk
Path Type: min

Fanout         Cap        Slew       Delay        Time   Description
---------------------------------------------------------------------------------------------
                                  0.000000    0.000000   clock clk (rise edge)
                                  0.000000    0.000000   clock source latency
    81    0.246353    1.101485    0.760360    0.760360 ^ clk (in)
                                                         clk (net)
                      1.101634    0.000000    0.760360 ^ _1455_/CLK (sky130_fd_sc_hd__dfxtp_2)
     5    0.016870    0.052028    0.522907    1.283267 v _1455_/Q (sky130_fd_sc_hd__dfxtp_2)
                                                         core_out[22] (net)
                      0.052028    0.000037    1.283304 v _1320_/A2 (sky130_fd_sc_hd__o211a_2)
     1    0.001704    0.021513    0.227126    1.510430 v _1320_/X (sky130_fd_sc_hd__o211a_2)
                                                         _0071_ (net)
                      0.021513    0.000000    1.510430 v _1455_/D (sky130_fd_sc_hd__dfxtp_2)
                                              1.510430   data arrival time

                                  0.000000    0.000000   clock clk (rise edge)
                                  0.000000    0.000000   clock source latency
    81    0.246353    1.101485    0.760360    0.760360 ^ clk (in)
                                                         clk (net)
                      1.101634    0.000000    0.760360 ^ _1455_/CLK (sky130_fd_sc_hd__dfxtp_2)
                                  0.250000    1.010360   clock uncertainty
                                  0.000000    1.010360   clock reconvergence pessimism
                                  0.110808    1.121168   library hold time
                                              1.121168   data required time
---------------------------------------------------------------------------------------------
                                              1.121168   data required time
                                             -1.510430   data arrival time
---------------------------------------------------------------------------------------------
                                              0.389262   slack (MET)


Startpoint: _1452_ (rising edge-triggered flip-flop clocked by clk)
Endpoint: _1452_ (rising edge-triggered flip-flop clocked by clk)
Path Group: clk
Path Type: min

Fanout         Cap        Slew       Delay        Time   Description
---------------------------------------------------------------------------------------------
                                  0.000000    0.000000   clock clk (rise edge)
                                  0.000000    0.000000   clock source latency
    81    0.246353    1.101485    0.759658    0.759658 ^ clk (in)
                                                         clk (net)
                      1.101615    0.000000    0.759658 ^ _1452_/CLK (sky130_fd_sc_hd__dfxtp_2)
     4    0.016818    0.051921    0.522810    1.282468 v _1452_/Q (sky130_fd_sc_hd__dfxtp_2)
                                                         core_out[19] (net)
                      0.051921    0.000041    1.282509 v _1297_/A2 (sky130_fd_sc_hd__o211a_2)
     1    0.001777    0.021722    0.227478    1.509987 v _1297_/X (sky130_fd_sc_hd__o211a_2)
                                                         _0068_ (net)
                      0.021722    0.000000    1.509988 v _1452_/D (sky130_fd_sc_hd__dfxtp_2)
                                              1.509988   data arrival time

                                  0.000000    0.000000   clock clk (rise edge)
                                  0.000000    0.000000   clock source latency
    81    0.246353    1.101485    0.759658    0.759658 ^ clk (in)
                                                         clk (net)
                      1.101615    0.000000    0.759658 ^ _1452_/CLK (sky130_fd_sc_hd__dfxtp_2)
                                  0.250000    1.009658   clock uncertainty
                                  0.000000    1.009658   clock reconvergence pessimism
                                  0.110720    1.120378   library hold time
                                              1.120378   data required time
---------------------------------------------------------------------------------------------
                                              1.120378   data required time
                                             -1.509988   data arrival time
---------------------------------------------------------------------------------------------
                                              0.389610   slack (MET)


Startpoint: _1443_ (rising edge-triggered flip-flop clocked by clk)
Endpoint: _1443_ (rising edge-triggered flip-flop clocked by clk)
Path Group: clk
Path Type: min

Fanout         Cap        Slew       Delay        Time   Description
---------------------------------------------------------------------------------------------
                                  0.000000    0.000000   clock clk (rise edge)
                                  0.000000    0.000000   clock source latency
    81    0.246353    1.101485    0.760356    0.760356 ^ clk (in)
                                                         clk (net)
                      1.101634    0.000000    0.760356 ^ _1443_/CLK (sky130_fd_sc_hd__dfxtp_2)
     4    0.021156    0.060886    0.531016    1.291372 v _1443_/Q (sky130_fd_sc_hd__dfxtp_2)
                                                         core_out[10] (net)
                      0.060886    0.000040    1.291412 v _1135_/A2 (sky130_fd_sc_hd__o211a_2)
     1    0.001747    0.021635    0.230894    1.522306 v _1135_/X (sky130_fd_sc_hd__o211a_2)
                                                         _0059_ (net)
                      0.021635    0.000000    1.522306 v _1443_/D (sky130_fd_sc_hd__dfxtp_2)
                                              1.522306   data arrival time

                                  0.000000    0.000000   clock clk (rise edge)
                                  0.000000    0.000000   clock source latency
    81    0.246353    1.101485    0.760356    0.760356 ^ clk (in)
                                                         clk (net)
                      1.101634    0.000000    0.760356 ^ _1443_/CLK (sky130_fd_sc_hd__dfxtp_2)
                                  0.250000    1.010356   clock uncertainty
                                  0.000000    1.010356   clock reconvergence pessimism
                                  0.110758    1.121113   library hold time
                                              1.121113   data required time
---------------------------------------------------------------------------------------------
                                              1.121113   data required time
                                             -1.522306   data arrival time
---------------------------------------------------------------------------------------------
                                              0.401193   slack (MET)


Startpoint: _1451_ (rising edge-triggered flip-flop clocked by clk)
Endpoint: _1451_ (rising edge-triggered flip-flop clocked by clk)
Path Group: clk
Path Type: min

Fanout         Cap        Slew       Delay        Time   Description
---------------------------------------------------------------------------------------------
                                  0.000000    0.000000   clock clk (rise edge)
                                  0.000000    0.000000   clock source latency
    81    0.246353    1.101485    0.758762    0.758762 ^ clk (in)
                                                         clk (net)
                      1.101593    0.000000    0.758762 ^ _1451_/CLK (sky130_fd_sc_hd__dfxtp_2)
     5    0.021507    0.061636    0.531646    1.290408 v _1451_/Q (sky130_fd_sc_hd__dfxtp_2)
                                                         core_out[18] (net)
                      0.061636    0.000052    1.290459 v _1292_/A2 (sky130_fd_sc_hd__o211a_2)
     1    0.001723    0.021566    0.231068    1.521528 v _1292_/X (sky130_fd_sc_hd__o211a_2)
                                                         _0067_ (net)
                      0.021566    0.000000    1.521528 v _1451_/D (sky130_fd_sc_hd__dfxtp_2)
                                              1.521528   data arrival time

                                  0.000000    0.000000   clock clk (rise edge)
                                  0.000000    0.000000   clock source latency
    81    0.246353    1.101485    0.758762    0.758762 ^ clk (in)
                                                         clk (net)
                      1.101593    0.000000    0.758762 ^ _1451_/CLK (sky130_fd_sc_hd__dfxtp_2)
                                  0.250000    1.008762   clock uncertainty
                                  0.000000    1.008762   clock reconvergence pessimism
                                  0.110783    1.119545   library hold time
                                              1.119545   data required time
---------------------------------------------------------------------------------------------
                                              1.119545   data required time
                                             -1.521528   data arrival time
---------------------------------------------------------------------------------------------
                                              0.401984   slack (MET)


Startpoint: _1446_ (rising edge-triggered flip-flop clocked by clk)
Endpoint: _1446_ (rising edge-triggered flip-flop clocked by clk)
Path Group: clk
Path Type: min

Fanout         Cap        Slew       Delay        Time   Description
---------------------------------------------------------------------------------------------
                                  0.000000    0.000000   clock clk (rise edge)
                                  0.000000    0.000000   clock source latency
    81    0.246353    1.101485    0.758388    0.758388 ^ clk (in)
                                                         clk (net)
                      1.101584    0.000000    0.758388 ^ _1446_/CLK (sky130_fd_sc_hd__dfxtp_2)
     5    0.021805    0.062266    0.532203    1.290591 v _1446_/Q (sky130_fd_sc_hd__dfxtp_2)
                                                         core_out[13] (net)
                      0.062266    0.000062    1.290654 v _1232_/A2 (sky130_fd_sc_hd__o211a_2)
     1    0.001805    0.021802    0.231767    1.522421 v _1232_/X (sky130_fd_sc_hd__o211a_2)
                                                         _0062_ (net)
                      0.021802    0.000001    1.522422 v _1446_/D (sky130_fd_sc_hd__dfxtp_2)
                                              1.522422   data arrival time

                                  0.000000    0.000000   clock clk (rise edge)
                                  0.000000    0.000000   clock source latency
    81    0.246353    1.101485    0.758388    0.758388 ^ clk (in)
                                                         clk (net)
                      1.101584    0.000000    0.758388 ^ _1446_/CLK (sky130_fd_sc_hd__dfxtp_2)
                                  0.250000    1.008388   clock uncertainty
                                  0.000000    1.008388   clock reconvergence pessimism
                                  0.110685    1.119073   library hold time
                                              1.119073   data required time
---------------------------------------------------------------------------------------------
                                              1.119073   data required time
                                             -1.522422   data arrival time
---------------------------------------------------------------------------------------------
                                              0.403348   slack (MET)


Startpoint: _1448_ (rising edge-triggered flip-flop clocked by clk)
Endpoint: _1448_ (rising edge-triggered flip-flop clocked by clk)
Path Group: clk
Path Type: min

Fanout         Cap        Slew       Delay        Time   Description
---------------------------------------------------------------------------------------------
                                  0.000000    0.000000   clock clk (rise edge)
                                  0.000000    0.000000   clock source latency
    81    0.246353    1.101485    0.758746    0.758746 ^ clk (in)
                                                         clk (net)
                      1.101592    0.000000    0.758746 ^ _1448_/CLK (sky130_fd_sc_hd__dfxtp_2)
     4    0.011527    0.042071    0.512271    1.271017 v _1448_/Q (sky130_fd_sc_hd__dfxtp_2)
                                                         core_out[15] (net)
                      0.042071    0.000035    1.271052 v _1272_/A2 (sky130_fd_sc_hd__o221a_2)
     1    0.001950    0.034379    0.253382    1.524434 v _1272_/X (sky130_fd_sc_hd__o221a_2)
                                                         _0064_ (net)
                      0.034379    0.000002    1.524436 v _1448_/D (sky130_fd_sc_hd__dfxtp_2)
                                              1.524436   data arrival time

                                  0.000000    0.000000   clock clk (rise edge)
                                  0.000000    0.000000   clock source latency
    81    0.246353    1.101485    0.758746    0.758746 ^ clk (in)
                                                         clk (net)
                      1.101592    0.000000    0.758746 ^ _1448_/CLK (sky130_fd_sc_hd__dfxtp_2)
                                  0.250000    1.008746   clock uncertainty
                                  0.000000    1.008746   clock reconvergence pessimism
                                  0.105539    1.114284   library hold time
                                              1.114284   data required time
---------------------------------------------------------------------------------------------
                                              1.114284   data required time
                                             -1.524436   data arrival time
---------------------------------------------------------------------------------------------
                                              0.410152   slack (MET)


Startpoint: _1449_ (rising edge-triggered flip-flop clocked by clk)
Endpoint: _1449_ (rising edge-triggered flip-flop clocked by clk)
Path Group: clk
Path Type: min

Fanout         Cap        Slew       Delay        Time   Description
---------------------------------------------------------------------------------------------
                                  0.000000    0.000000   clock clk (rise edge)
                                  0.000000    0.000000   clock source latency
    81    0.246353    1.101485    0.758758    0.758758 ^ clk (in)
                                                         clk (net)
                      1.101593    0.000000    0.758758 ^ _1449_/CLK (sky130_fd_sc_hd__dfxtp_2)
     6    0.024975    0.068942    0.538198    1.296956 v _1449_/Q (sky130_fd_sc_hd__dfxtp_2)
                                                         core_out[16] (net)
                      0.068942    0.000067    1.297023 v _1280_/A2 (sky130_fd_sc_hd__o211a_2)
     1    0.001787    0.021713    0.234375    1.531399 v _1280_/X (sky130_fd_sc_hd__o211a_2)
                                                         _0065_ (net)
                      0.021713    0.000000    1.531399 v _1449_/D (sky130_fd_sc_hd__dfxtp_2)
                                              1.531399   data arrival time

                                  0.000000    0.000000   clock clk (rise edge)
                                  0.000000    0.000000   clock source latency
    81    0.246353    1.101485    0.758758    0.758758 ^ clk (in)
                                                         clk (net)
                      1.101593    0.000000    0.758758 ^ _1449_/CLK (sky130_fd_sc_hd__dfxtp_2)
                                  0.250000    1.008758   clock uncertainty
                                  0.000000    1.008758   clock reconvergence pessimism
                                  0.110722    1.119480   library hold time
                                              1.119480   data required time
---------------------------------------------------------------------------------------------
                                              1.119480   data required time
                                             -1.531399   data arrival time
---------------------------------------------------------------------------------------------
                                              0.411919   slack (MET)


Startpoint: _1450_ (rising edge-triggered flip-flop clocked by clk)
Endpoint: _1450_ (rising edge-triggered flip-flop clocked by clk)
Path Group: clk
Path Type: min

Fanout         Cap        Slew       Delay        Time   Description
---------------------------------------------------------------------------------------------
                                  0.000000    0.000000   clock clk (rise edge)
                                  0.000000    0.000000   clock source latency
    81    0.246353    1.101485    0.761915    0.761915 ^ clk (in)
                                                         clk (net)
                      1.101681    0.000000    0.761915 ^ _1450_/CLK (sky130_fd_sc_hd__dfxtp_2)
     6    0.024549    0.068017    0.537438    1.299353 v _1450_/Q (sky130_fd_sc_hd__dfxtp_2)
                                                         core_out[17] (net)
                      0.068017    0.000003    1.299355 v _1285_/A2 (sky130_fd_sc_hd__o211a_2)
     1    0.002225    0.023008    0.236374    1.535729 v _1285_/X (sky130_fd_sc_hd__o211a_2)
                                                         _0066_ (net)
                      0.023008    0.000005    1.535734 v _1450_/D (sky130_fd_sc_hd__dfxtp_2)
                                              1.535734   data arrival time

                                  0.000000    0.000000   clock clk (rise edge)
                                  0.000000    0.000000   clock source latency
    81    0.246353    1.101485    0.761915    0.761915 ^ clk (in)
                                                         clk (net)
                      1.101681    0.000000    0.761915 ^ _1450_/CLK (sky130_fd_sc_hd__dfxtp_2)
                                  0.250000    1.011915   clock uncertainty
                                  0.000000    1.011915   clock reconvergence pessimism
                                  0.110199    1.122114   library hold time
                                              1.122114   data required time
---------------------------------------------------------------------------------------------
                                              1.122114   data required time
                                             -1.535734   data arrival time
---------------------------------------------------------------------------------------------
                                              0.413619   slack (MET)


Startpoint: _1454_ (rising edge-triggered flip-flop clocked by clk)
Endpoint: _1454_ (rising edge-triggered flip-flop clocked by clk)
Path Group: clk
Path Type: min

Fanout         Cap        Slew       Delay        Time   Description
---------------------------------------------------------------------------------------------
                                  0.000000    0.000000   clock clk (rise edge)
                                  0.000000    0.000000   clock source latency
    81    0.246353    1.101485    0.760113    0.760113 ^ clk (in)
                                                         clk (net)
                      1.101627    0.000000    0.760113 ^ _1454_/CLK (sky130_fd_sc_hd__dfxtp_2)
     6    0.025668    0.070429    0.539475    1.299588 v _1454_/Q (sky130_fd_sc_hd__dfxtp_2)
                                                         core_out[21] (net)
                      0.070429    0.000084    1.299672 v _1312_/A2 (sky130_fd_sc_hd__o211a_2)
     1    0.001896    0.022066    0.235570    1.535242 v _1312_/X (sky130_fd_sc_hd__o211a_2)
                                                         _0070_ (net)
                      0.022066    0.000002    1.535244 v _1454_/D (sky130_fd_sc_hd__dfxtp_2)
                                              1.535244   data arrival time

                                  0.000000    0.000000   clock clk (rise edge)
                                  0.000000    0.000000   clock source latency
    81    0.246353    1.101485    0.760113    0.760113 ^ clk (in)
                                                         clk (net)
                      1.101627    0.000000    0.760113 ^ _1454_/CLK (sky130_fd_sc_hd__dfxtp_2)
                                  0.250000    1.010113   clock uncertainty
                                  0.000000    1.010113   clock reconvergence pessimism
                                  0.110581    1.120694   library hold time
                                              1.120694   data required time
---------------------------------------------------------------------------------------------
                                              1.120694   data required time
                                             -1.535244   data arrival time
---------------------------------------------------------------------------------------------
                                              0.414550   slack (MET)


Startpoint: _1453_ (rising edge-triggered flip-flop clocked by clk)
Endpoint: _1453_ (rising edge-triggered flip-flop clocked by clk)
Path Group: clk
Path Type: min

Fanout         Cap        Slew       Delay        Time   Description
---------------------------------------------------------------------------------------------
                                  0.000000    0.000000   clock clk (rise edge)
                                  0.000000    0.000000   clock source latency
    81    0.246353    1.101485    0.759670    0.759670 ^ clk (in)
                                                         clk (net)
                      1.101616    0.000000    0.759670 ^ _1453_/CLK (sky130_fd_sc_hd__dfxtp_2)
     6    0.027350    0.073975    0.542700    1.302370 v _1453_/Q (sky130_fd_sc_hd__dfxtp_2)
                                                         core_out[20] (net)
                      0.073975    0.000078    1.302448 v _1307_/A2 (sky130_fd_sc_hd__o211a_2)
     1    0.001847    0.021885    0.236737    1.539185 v _1307_/X (sky130_fd_sc_hd__o211a_2)
                                                         _0069_ (net)
                      0.021885    0.000001    1.539186 v _1453_/D (sky130_fd_sc_hd__dfxtp_2)
                                              1.539186   data arrival time

                                  0.000000    0.000000   clock clk (rise edge)
                                  0.000000    0.000000   clock source latency
    81    0.246353    1.101485    0.759670    0.759670 ^ clk (in)
                                                         clk (net)
                      1.101616    0.000000    0.759670 ^ _1453_/CLK (sky130_fd_sc_hd__dfxtp_2)
                                  0.250000    1.009670   clock uncertainty
                                  0.000000    1.009670   clock reconvergence pessimism
                                  0.110654    1.120324   library hold time
                                              1.120324   data required time
---------------------------------------------------------------------------------------------
                                              1.120324   data required time
                                             -1.539186   data arrival time
---------------------------------------------------------------------------------------------
                                              0.418863   slack (MET)


Startpoint: _1457_ (rising edge-triggered flip-flop clocked by clk)
Endpoint: _1457_ (rising edge-triggered flip-flop clocked by clk)
Path Group: clk
Path Type: min

Fanout         Cap        Slew       Delay        Time   Description
---------------------------------------------------------------------------------------------
                                  0.000000    0.000000   clock clk (rise edge)
                                  0.000000    0.000000   clock source latency
    81    0.246353    1.101485    0.761718    0.761718 ^ clk (in)
                                                         clk (net)
                      1.101675    0.000000    0.761718 ^ _1457_/CLK (sky130_fd_sc_hd__dfxtp_2)
     6    0.029363    0.078416    0.546512    1.308230 v _1457_/Q (sky130_fd_sc_hd__dfxtp_2)
                                                         core_out[24] (net)
                      0.078416    0.000080    1.308310 v _1333_/A2 (sky130_fd_sc_hd__o211a_2)
     1    0.001810    0.021779    0.238336    1.546646 v _1333_/X (sky130_fd_sc_hd__o211a_2)
                                                         _0073_ (net)
                      0.021779    0.000001    1.546647 v _1457_/D (sky130_fd_sc_hd__dfxtp_2)
                                              1.546647   data arrival time

                                  0.000000    0.000000   clock clk (rise edge)
                                  0.000000    0.000000   clock source latency
    81    0.246353    1.101485    0.761718    0.761718 ^ clk (in)
                                                         clk (net)
                      1.101675    0.000000    0.761718 ^ _1457_/CLK (sky130_fd_sc_hd__dfxtp_2)
                                  0.250000    1.011718   clock uncertainty
                                  0.000000    1.011718   clock reconvergence pessimism
                                  0.110702    1.122419   library hold time
                                              1.122419   data required time
---------------------------------------------------------------------------------------------
                                              1.122419   data required time
                                             -1.546647   data arrival time
---------------------------------------------------------------------------------------------
                                              0.424228   slack (MET)


Startpoint: _1441_ (rising edge-triggered flip-flop clocked by clk)
Endpoint: _1441_ (rising edge-triggered flip-flop clocked by clk)
Path Group: clk
Path Type: min

Fanout         Cap        Slew       Delay        Time   Description
---------------------------------------------------------------------------------------------
                                  0.000000    0.000000   clock clk (rise edge)
                                  0.000000    0.000000   clock source latency
    81    0.246353    1.101485    0.762412    0.762412 ^ clk (in)
                                                         clk (net)
                      1.101698    0.000000    0.762412 ^ _1441_/CLK (sky130_fd_sc_hd__dfxtp_2)
     4    0.008174    0.053223    0.522300    1.284713 ^ _1441_/Q (sky130_fd_sc_hd__dfxtp_2)
                                                         core_out[8] (net)
                      0.053223    0.000021    1.284733 ^ _1049_/A0 (sky130_fd_sc_hd__mux2_1)
     1    0.001767    0.035062    0.108980    1.393713 ^ _1049_/X (sky130_fd_sc_hd__mux2_1)
                                                         _0381_ (net)
                      0.035062    0.000002    1.393715 ^ _1050_/B (sky130_fd_sc_hd__and2_2)
     1    0.001793    0.032883    0.119405    1.513121 ^ _1050_/X (sky130_fd_sc_hd__and2_2)
                                                         _0057_ (net)
                      0.032883    0.000001    1.513122 ^ _1441_/D (sky130_fd_sc_hd__dfxtp_2)
                                              1.513122   data arrival time

                                  0.000000    0.000000   clock clk (rise edge)
                                  0.000000    0.000000   clock source latency
    81    0.246353    1.101485    0.762412    0.762412 ^ clk (in)
                                                         clk (net)
                      1.101698    0.000000    0.762412 ^ _1441_/CLK (sky130_fd_sc_hd__dfxtp_2)
                                  0.250000    1.012412   clock uncertainty
                                  0.000000    1.012412   clock reconvergence pessimism
                                  0.044621    1.057033   library hold time
                                              1.057033   data required time
---------------------------------------------------------------------------------------------
                                              1.057033   data required time
                                             -1.513122   data arrival time
---------------------------------------------------------------------------------------------
                                              0.456088   slack (MET)


Startpoint: _1433_ (rising edge-triggered flip-flop clocked by clk)
Endpoint: _1433_ (rising edge-triggered flip-flop clocked by clk)
Path Group: clk
Path Type: min

Fanout         Cap        Slew       Delay        Time   Description
---------------------------------------------------------------------------------------------
                                  0.000000    0.000000   clock clk (rise edge)
                                  0.000000    0.000000   clock source latency
    81    0.246353    1.101485    0.767885    0.767885 ^ clk (in)
                                                         clk (net)
                      1.101924    0.000000    0.767885 ^ _1433_/CLK (sky130_fd_sc_hd__dfxtp_2)
     3    0.008071    0.052762    0.521940    1.289825 ^ _1433_/Q (sky130_fd_sc_hd__dfxtp_2)
                                                         core_out[0] (net)
                      0.052762    0.000011    1.289836 ^ _0813_/B1 (sky130_fd_sc_hd__a31o_2)
     1    0.001692    0.026714    0.085796    1.375632 ^ _0813_/X (sky130_fd_sc_hd__a31o_2)
                                                         _0153_ (net)
                      0.026714    0.000001    1.375633 ^ _0816_/B (sky130_fd_sc_hd__and3_2)
     1    0.001748    0.037596    0.147547    1.523180 ^ _0816_/X (sky130_fd_sc_hd__and3_2)
                                                         _0049_ (net)
                      0.037596    0.000000    1.523180 ^ _1433_/D (sky130_fd_sc_hd__dfxtp_2)
                                              1.523180   data arrival time

                                  0.000000    0.000000   clock clk (rise edge)
                                  0.000000    0.000000   clock source latency
    81    0.246353    1.101485    0.767885    0.767885 ^ clk (in)
                                                         clk (net)
                      1.101924    0.000000    0.767885 ^ _1433_/CLK (sky130_fd_sc_hd__dfxtp_2)
                                  0.250000    1.017885   clock uncertainty
                                  0.000000    1.017885   clock reconvergence pessimism
                                  0.043719    1.061603   library hold time
                                              1.061603   data required time
---------------------------------------------------------------------------------------------
                                              1.061603   data required time
                                             -1.523180   data arrival time
---------------------------------------------------------------------------------------------
                                              0.461577   slack (MET)


Startpoint: _1396_ (rising edge-triggered flip-flop clocked by clk)
Endpoint: _1396_ (rising edge-triggered flip-flop clocked by clk)
Path Group: clk
Path Type: min

Fanout         Cap        Slew       Delay        Time   Description
---------------------------------------------------------------------------------------------
                                  0.000000    0.000000   clock clk (rise edge)
                                  0.000000    0.000000   clock source latency
    81    0.246353    1.101485    0.766731    0.766731 ^ clk (in)
                                                         clk (net)
                      1.101869    0.000000    0.766731 ^ _1396_/CLK (sky130_fd_sc_hd__dfxtp_2)
     2    0.036895    0.091970    0.560528    1.327259 v _1396_/Q (sky130_fd_sc_hd__dfxtp_2)
                                                         rdata[3] (net)
                      0.091970    0.000037    1.327296 v _0735_/A1 (sky130_fd_sc_hd__o211a_2)
     1    0.002026    0.024156    0.265048    1.592344 v _0735_/X (sky130_fd_sc_hd__o211a_2)
                                                         _0012_ (net)
                      0.024156    0.000003    1.592347 v _1396_/D (sky130_fd_sc_hd__dfxtp_2)
                                              1.592347   data arrival time

                                  0.000000    0.000000   clock clk (rise edge)
                                  0.000000    0.000000   clock source latency
    81    0.246353    1.101485    0.766731    0.766731 ^ clk (in)
                                                         clk (net)
                      1.101869    0.000000    0.766731 ^ _1396_/CLK (sky130_fd_sc_hd__dfxtp_2)
                                  0.250000    1.016731   clock uncertainty
                                  0.000000    1.016731   clock reconvergence pessimism
                                  0.109744    1.126475   library hold time
                                              1.126475   data required time
---------------------------------------------------------------------------------------------
                                              1.126475   data required time
                                             -1.592347   data arrival time
---------------------------------------------------------------------------------------------
                                              0.465872   slack (MET)


Startpoint: _1394_ (rising edge-triggered flip-flop clocked by clk)
Endpoint: _1394_ (rising edge-triggered flip-flop clocked by clk)
Path Group: clk
Path Type: min

Fanout         Cap        Slew       Delay        Time   Description
---------------------------------------------------------------------------------------------
                                  0.000000    0.000000   clock clk (rise edge)
                                  0.000000    0.000000   clock source latency
    81    0.246353    1.101485    0.767466    0.767466 ^ clk (in)
                                                         clk (net)
                      1.101903    0.000000    0.767466 ^ _1394_/CLK (sky130_fd_sc_hd__dfxtp_2)
     2    0.036756    0.091667    0.560316    1.327782 v _1394_/Q (sky130_fd_sc_hd__dfxtp_2)
                                                         rdata[1] (net)
                      0.091667    0.000023    1.327805 v _0729_/A1 (sky130_fd_sc_hd__o211a_2)
     1    0.002134    0.024479    0.265513    1.593318 v _0729_/X (sky130_fd_sc_hd__o211a_2)
                                                         _0010_ (net)
                      0.024479    0.000004    1.593322 v _1394_/D (sky130_fd_sc_hd__dfxtp_2)
                                              1.593322   data arrival time

                                  0.000000    0.000000   clock clk (rise edge)
                                  0.000000    0.000000   clock source latency
    81    0.246353    1.101485    0.767466    0.767466 ^ clk (in)
                                                         clk (net)
                      1.101903    0.000000    0.767466 ^ _1394_/CLK (sky130_fd_sc_hd__dfxtp_2)
                                  0.250000    1.017466   clock uncertainty
                                  0.000000    1.017466   clock reconvergence pessimism
                                  0.109614    1.127080   library hold time
                                              1.127080   data required time
---------------------------------------------------------------------------------------------
                                              1.127080   data required time
                                             -1.593322   data arrival time
---------------------------------------------------------------------------------------------
                                              0.466242   slack (MET)


Startpoint: _1393_ (rising edge-triggered flip-flop clocked by clk)
Endpoint: _1393_ (rising edge-triggered flip-flop clocked by clk)
Path Group: clk
Path Type: min

Fanout         Cap        Slew       Delay        Time   Description
---------------------------------------------------------------------------------------------
                                  0.000000    0.000000   clock clk (rise edge)
                                  0.000000    0.000000   clock source latency
    81    0.246353    1.101485    0.767646    0.767646 ^ clk (in)
                                                         clk (net)
                      1.101912    0.000000    0.767646 ^ _1393_/CLK (sky130_fd_sc_hd__dfxtp_2)
     2    0.037233    0.092704    0.561053    1.328699 v _1393_/Q (sky130_fd_sc_hd__dfxtp_2)
                                                         rdata[0] (net)
                      0.092704    0.000039    1.328738 v _0726_/A1 (sky130_fd_sc_hd__o211a_2)
     1    0.002031    0.024173    0.265371    1.594109 v _0726_/X (sky130_fd_sc_hd__o211a_2)
                                                         _0009_ (net)
                      0.024173    0.000003    1.594112 v _1393_/D (sky130_fd_sc_hd__dfxtp_2)
                                              1.594112   data arrival time

                                  0.000000    0.000000   clock clk (rise edge)
                                  0.000000    0.000000   clock source latency
    81    0.246353    1.101485    0.767646    0.767646 ^ clk (in)
                                                         clk (net)
                      1.101912    0.000000    0.767646 ^ _1393_/CLK (sky130_fd_sc_hd__dfxtp_2)
                                  0.250000    1.017646   clock uncertainty
                                  0.000000    1.017646   clock reconvergence pessimism
                                  0.109740    1.127386   library hold time
                                              1.127386   data required time
---------------------------------------------------------------------------------------------
                                              1.127386   data required time
                                             -1.594112   data arrival time
---------------------------------------------------------------------------------------------
                                              0.466726   slack (MET)


Startpoint: _1437_ (rising edge-triggered flip-flop clocked by clk)
Endpoint: _1437_ (rising edge-triggered flip-flop clocked by clk)
Path Group: clk
Path Type: min

Fanout         Cap        Slew       Delay        Time   Description
---------------------------------------------------------------------------------------------
                                  0.000000    0.000000   clock clk (rise edge)
                                  0.000000    0.000000   clock source latency
    81    0.246353    1.101485    0.765561    0.765561 ^ clk (in)
                                                         clk (net)
                      1.101818    0.000000    0.765561 ^ _1437_/CLK (sky130_fd_sc_hd__dfxtp_2)
     4    0.010275    0.062700    0.530186    1.295746 ^ _1437_/Q (sky130_fd_sc_hd__dfxtp_2)
                                                         core_out[4] (net)
                      0.062700    0.000032    1.295778 ^ _0884_/A0 (sky130_fd_sc_hd__mux2_1)
     1    0.001769    0.035083    0.112264    1.408042 ^ _0884_/X (sky130_fd_sc_hd__mux2_1)
                                                         _0220_ (net)
                      0.035083    0.000003    1.408044 ^ _0885_/B (sky130_fd_sc_hd__and2_2)
     1    0.001777    0.032803    0.119327    1.527371 ^ _0885_/X (sky130_fd_sc_hd__and2_2)
                                                         _0053_ (net)
                      0.032803    0.000001    1.527372 ^ _1437_/D (sky130_fd_sc_hd__dfxtp_2)
                                              1.527372   data arrival time

                                  0.000000    0.000000   clock clk (rise edge)
                                  0.000000    0.000000   clock source latency
    81    0.246353    1.101485    0.765561    0.765561 ^ clk (in)
                                                         clk (net)
                      1.101818    0.000000    0.765561 ^ _1437_/CLK (sky130_fd_sc_hd__dfxtp_2)
                                  0.250000    1.015561   clock uncertainty
                                  0.000000    1.015561   clock reconvergence pessimism
                                  0.044639    1.060200   library hold time
                                              1.060200   data required time
---------------------------------------------------------------------------------------------
                                              1.060200   data required time
                                             -1.527372   data arrival time
---------------------------------------------------------------------------------------------
                                              0.467172   slack (MET)


Startpoint: _1395_ (rising edge-triggered flip-flop clocked by clk)
Endpoint: _1395_ (rising edge-triggered flip-flop clocked by clk)
Path Group: clk
Path Type: min

Fanout         Cap        Slew       Delay        Time   Description
---------------------------------------------------------------------------------------------
                                  0.000000    0.000000   clock clk (rise edge)
                                  0.000000    0.000000   clock source latency
    81    0.246353    1.101485    0.767171    0.767171 ^ clk (in)
                                                         clk (net)
                      1.101890    0.000000    0.767171 ^ _1395_/CLK (sky130_fd_sc_hd__dfxtp_2)
     2    0.037073    0.092363    0.560790    1.327961 v _1395_/Q (sky130_fd_sc_hd__dfxtp_2)
                                                         rdata[2] (net)
                      0.092363    0.000035    1.327996 v _0732_/A1 (sky130_fd_sc_hd__o211a_2)
     1    0.002233    0.024771    0.266322    1.594317 v _0732_/X (sky130_fd_sc_hd__o211a_2)
                                                         _0011_ (net)
                      0.024771    0.000005    1.594322 v _1395_/D (sky130_fd_sc_hd__dfxtp_2)
                                              1.594322   data arrival time

                                  0.000000    0.000000   clock clk (rise edge)
                                  0.000000    0.000000   clock source latency
    81    0.246353    1.101485    0.767171    0.767171 ^ clk (in)
                                                         clk (net)
                      1.101890    0.000000    0.767171 ^ _1395_/CLK (sky130_fd_sc_hd__dfxtp_2)
                                  0.250000    1.017171   clock uncertainty
                                  0.000000    1.017171   clock reconvergence pessimism
                                  0.109494    1.126665   library hold time
                                              1.126665   data required time
---------------------------------------------------------------------------------------------
                                              1.126665   data required time
                                             -1.594322   data arrival time
---------------------------------------------------------------------------------------------
                                              0.467657   slack (MET)


Startpoint: _1398_ (rising edge-triggered flip-flop clocked by clk)
Endpoint: _1398_ (rising edge-triggered flip-flop clocked by clk)
Path Group: clk
Path Type: min

Fanout         Cap        Slew       Delay        Time   Description
---------------------------------------------------------------------------------------------
                                  0.000000    0.000000   clock clk (rise edge)
                                  0.000000    0.000000   clock source latency
    81    0.246353    1.101485    0.766430    0.766430 ^ clk (in)
                                                         clk (net)
                      1.101856    0.000000    0.766430 ^ _1398_/CLK (sky130_fd_sc_hd__dfxtp_2)
     2    0.037811    0.093960    0.561955    1.328385 v _1398_/Q (sky130_fd_sc_hd__dfxtp_2)
                                                         rdata[5] (net)
                      0.093960    0.000058    1.328443 v _0741_/A1 (sky130_fd_sc_hd__o211a_2)
     1    0.002024    0.024147    0.265829    1.594272 v _0741_/X (sky130_fd_sc_hd__o211a_2)
                                                         _0014_ (net)
                      0.024147    0.000003    1.594275 v _1398_/D (sky130_fd_sc_hd__dfxtp_2)
                                              1.594275   data arrival time

                                  0.000000    0.000000   clock clk (rise edge)
                                  0.000000    0.000000   clock source latency
    81    0.246353    1.101485    0.766430    0.766430 ^ clk (in)
                                                         clk (net)
                      1.101856    0.000000    0.766430 ^ _1398_/CLK (sky130_fd_sc_hd__dfxtp_2)
                                  0.250000    1.016430   clock uncertainty
                                  0.000000    1.016430   clock reconvergence pessimism
                                  0.109746    1.126177   library hold time
                                              1.126177   data required time
---------------------------------------------------------------------------------------------
                                              1.126177   data required time
                                             -1.594275   data arrival time
---------------------------------------------------------------------------------------------
                                              0.468098   slack (MET)


Startpoint: _1397_ (rising edge-triggered flip-flop clocked by clk)
Endpoint: _1397_ (rising edge-triggered flip-flop clocked by clk)
Path Group: clk
Path Type: min

Fanout         Cap        Slew       Delay        Time   Description
---------------------------------------------------------------------------------------------
                                  0.000000    0.000000   clock clk (rise edge)
                                  0.000000    0.000000   clock source latency
    81    0.246353    1.101485    0.765830    0.765830 ^ clk (in)
                                                         clk (net)
                      1.101829    0.000000    0.765830 ^ _1397_/CLK (sky130_fd_sc_hd__dfxtp_2)
     2    0.038281    0.094980    0.562688    1.328518 v _1397_/Q (sky130_fd_sc_hd__dfxtp_2)
                                                         rdata[4] (net)
                      0.094980    0.000059    1.328577 v _0738_/A1 (sky130_fd_sc_hd__o211a_2)
     1    0.002046    0.024216    0.266353    1.594930 v _0738_/X (sky130_fd_sc_hd__o211a_2)
                                                         _0013_ (net)
                      0.024216    0.000003    1.594934 v _1397_/D (sky130_fd_sc_hd__dfxtp_2)
                                              1.594934   data arrival time

                                  0.000000    0.000000   clock clk (rise edge)
                                  0.000000    0.000000   clock source latency
    81    0.246353    1.101485    0.765830    0.765830 ^ clk (in)
                                                         clk (net)
                      1.101829    0.000000    0.765830 ^ _1397_/CLK (sky130_fd_sc_hd__dfxtp_2)
                                  0.250000    1.015830   clock uncertainty
                                  0.000000    1.015830   clock reconvergence pessimism
                                  0.109716    1.125546   library hold time
                                              1.125546   data required time
---------------------------------------------------------------------------------------------
                                              1.125546   data required time
                                             -1.594934   data arrival time
---------------------------------------------------------------------------------------------
                                              0.469388   slack (MET)


Startpoint: _1399_ (rising edge-triggered flip-flop clocked by clk)
Endpoint: _1399_ (rising edge-triggered flip-flop clocked by clk)
Path Group: clk
Path Type: min

Fanout         Cap        Slew       Delay        Time   Description
---------------------------------------------------------------------------------------------
                                  0.000000    0.000000   clock clk (rise edge)
                                  0.000000    0.000000   clock source latency
    81    0.246353    1.101485    0.765275    0.765275 ^ clk (in)
                                                         clk (net)
                      1.101806    0.000000    0.765275 ^ _1399_/CLK (sky130_fd_sc_hd__dfxtp_2)
     2    0.039528    0.097741    0.564490    1.329765 v _1399_/Q (sky130_fd_sc_hd__dfxtp_2)
                                                         rdata[6] (net)
                      0.097741    0.000012    1.329776 v _0744_/A1 (sky130_fd_sc_hd__o211a_2)
     1    0.001871    0.023701    0.266512    1.596288 v _0744_/X (sky130_fd_sc_hd__o211a_2)
                                                         _0015_ (net)
                      0.023701    0.000002    1.596289 v _1399_/D (sky130_fd_sc_hd__dfxtp_2)
                                              1.596289   data arrival time

                                  0.000000    0.000000   clock clk (rise edge)
                                  0.000000    0.000000   clock source latency
    81    0.246353    1.101485    0.765275    0.765275 ^ clk (in)
                                                         clk (net)
                      1.101806    0.000000    0.765275 ^ _1399_/CLK (sky130_fd_sc_hd__dfxtp_2)
                                  0.250000    1.015275   clock uncertainty
                                  0.000000    1.015275   clock reconvergence pessimism
                                  0.109925    1.125200   library hold time
                                              1.125200   data required time
---------------------------------------------------------------------------------------------
                                              1.125200   data required time
                                             -1.596289   data arrival time
---------------------------------------------------------------------------------------------
                                              0.471089   slack (MET)


Startpoint: _1412_ (rising edge-triggered flip-flop clocked by clk)
Endpoint: _1412_ (rising edge-triggered flip-flop clocked by clk)
Path Group: clk
Path Type: min

Fanout         Cap        Slew       Delay        Time   Description
---------------------------------------------------------------------------------------------
                                  0.000000    0.000000   clock clk (rise edge)
                                  0.000000    0.000000   clock source latency
    81    0.246353    1.101485    0.759250    0.759250 ^ clk (in)
                                                         clk (net)
                      1.101605    0.000000    0.759250 ^ _1412_/CLK (sky130_fd_sc_hd__dfxtp_2)
     2    0.036829    0.091801    0.560458    1.319708 v _1412_/Q (sky130_fd_sc_hd__dfxtp_2)
                                                         rdata[19] (net)
                      0.091801    0.000011    1.319719 v _0771_/A1 (sky130_fd_sc_hd__o221a_2)
     1    0.001818    0.033904    0.290476    1.610195 v _0771_/X (sky130_fd_sc_hd__o221a_2)
                                                         _0028_ (net)
                      0.033904    0.000001    1.610196 v _1412_/D (sky130_fd_sc_hd__dfxtp_2)
                                              1.610196   data arrival time

                                  0.000000    0.000000   clock clk (rise edge)
                                  0.000000    0.000000   clock source latency
    81    0.246353    1.101485    0.759250    0.759250 ^ clk (in)
                                                         clk (net)
                      1.101605    0.000000    0.759250 ^ _1412_/CLK (sky130_fd_sc_hd__dfxtp_2)
                                  0.250000    1.009251   clock uncertainty
                                  0.000000    1.009251   clock reconvergence pessimism
                                  0.105734    1.114984   library hold time
                                              1.114984   data required time
---------------------------------------------------------------------------------------------
                                              1.114984   data required time
                                             -1.610196   data arrival time
---------------------------------------------------------------------------------------------
                                              0.495212   slack (MET)


Startpoint: _1413_ (rising edge-triggered flip-flop clocked by clk)
Endpoint: _1413_ (rising edge-triggered flip-flop clocked by clk)
Path Group: clk
Path Type: min

Fanout         Cap        Slew       Delay        Time   Description
---------------------------------------------------------------------------------------------
                                  0.000000    0.000000   clock clk (rise edge)
                                  0.000000    0.000000   clock source latency
    81    0.246353    1.101485    0.759401    0.759401 ^ clk (in)
                                                         clk (net)
                      1.101609    0.000000    0.759401 ^ _1413_/CLK (sky130_fd_sc_hd__dfxtp_2)
     2    0.036951    0.092068    0.560645    1.320045 v _1413_/Q (sky130_fd_sc_hd__dfxtp_2)
                                                         rdata[20] (net)
                      0.092068    0.000007    1.320053 v _0773_/A1 (sky130_fd_sc_hd__o221a_2)
     1    0.001795    0.033821    0.290452    1.610504 v _0773_/X (sky130_fd_sc_hd__o221a_2)
                                                         _0029_ (net)
                      0.033821    0.000001    1.610505 v _1413_/D (sky130_fd_sc_hd__dfxtp_2)
                                              1.610505   data arrival time

                                  0.000000    0.000000   clock clk (rise edge)
                                  0.000000    0.000000   clock source latency
    81    0.246353    1.101485    0.759401    0.759401 ^ clk (in)
                                                         clk (net)
                      1.101609    0.000000    0.759401 ^ _1413_/CLK (sky130_fd_sc_hd__dfxtp_2)
                                  0.250000    1.009401   clock uncertainty
                                  0.000000    1.009401   clock reconvergence pessimism
                                  0.105768    1.115169   library hold time
                                              1.115169   data required time
---------------------------------------------------------------------------------------------
                                              1.115169   data required time
                                             -1.610505   data arrival time
---------------------------------------------------------------------------------------------
                                              0.495337   slack (MET)


Startpoint: _1408_ (rising edge-triggered flip-flop clocked by clk)
Endpoint: _1408_ (rising edge-triggered flip-flop clocked by clk)
Path Group: clk
Path Type: min

Fanout         Cap        Slew       Delay        Time   Description
---------------------------------------------------------------------------------------------
                                  0.000000    0.000000   clock clk (rise edge)
                                  0.000000    0.000000   clock source latency
    81    0.246353    1.101485    0.758351    0.758351 ^ clk (in)
                                                         clk (net)
                      1.101583    0.000000    0.758351 ^ _1408_/CLK (sky130_fd_sc_hd__dfxtp_2)
     2    0.037020    0.092217    0.560756    1.319108 v _1408_/Q (sky130_fd_sc_hd__dfxtp_2)
                                                         rdata[15] (net)
                      0.092217    0.000007    1.319115 v _0763_/A1 (sky130_fd_sc_hd__o221a_2)
     1    0.001784    0.033782    0.290448    1.609562 v _0763_/X (sky130_fd_sc_hd__o221a_2)
                                                         _0024_ (net)
                      0.033782    0.000000    1.609563 v _1408_/D (sky130_fd_sc_hd__dfxtp_2)
                                              1.609563   data arrival time

                                  0.000000    0.000000   clock clk (rise edge)
                                  0.000000    0.000000   clock source latency
    81    0.246353    1.101485    0.758351    0.758351 ^ clk (in)
                                                         clk (net)
                      1.101583    0.000000    0.758351 ^ _1408_/CLK (sky130_fd_sc_hd__dfxtp_2)
                                  0.250000    1.008351   clock uncertainty
                                  0.000000    1.008351   clock reconvergence pessimism
                                  0.105782    1.114133   library hold time
                                              1.114133   data required time
---------------------------------------------------------------------------------------------
                                              1.114133   data required time
                                             -1.609563   data arrival time
---------------------------------------------------------------------------------------------
                                              0.495429   slack (MET)


Startpoint: _1415_ (rising edge-triggered flip-flop clocked by clk)
Endpoint: _1415_ (rising edge-triggered flip-flop clocked by clk)
Path Group: clk
Path Type: min

Fanout         Cap        Slew       Delay        Time   Description
---------------------------------------------------------------------------------------------
                                  0.000000    0.000000   clock clk (rise edge)
                                  0.000000    0.000000   clock source latency
    81    0.246353    1.101485    0.759433    0.759433 ^ clk (in)
                                                         clk (net)
                      1.101609    0.000000    0.759433 ^ _1415_/CLK (sky130_fd_sc_hd__dfxtp_2)
     2    0.037039    0.092260    0.560782    1.320215 v _1415_/Q (sky130_fd_sc_hd__dfxtp_2)
                                                         rdata[22] (net)
                      0.092260    0.000009    1.320224 v _0777_/A1 (sky130_fd_sc_hd__o221a_2)
     1    0.001779    0.033766    0.290441    1.610665 v _0777_/X (sky130_fd_sc_hd__o221a_2)
                                                         _0031_ (net)
                      0.033766    0.000000    1.610666 v _1415_/D (sky130_fd_sc_hd__dfxtp_2)
                                              1.610666   data arrival time

                                  0.000000    0.000000   clock clk (rise edge)
                                  0.000000    0.000000   clock source latency
    81    0.246353    1.101485    0.759433    0.759433 ^ clk (in)
                                                         clk (net)
                      1.101609    0.000000    0.759433 ^ _1415_/CLK (sky130_fd_sc_hd__dfxtp_2)
                                  0.250000    1.009433   clock uncertainty
                                  0.000000    1.009433   clock reconvergence pessimism
                                  0.105790    1.115224   library hold time
                                              1.115224   data required time
---------------------------------------------------------------------------------------------
                                              1.115224   data required time
                                             -1.610666   data arrival time
---------------------------------------------------------------------------------------------
                                              0.495443   slack (MET)


Startpoint: _1406_ (rising edge-triggered flip-flop clocked by clk)
Endpoint: _1406_ (rising edge-triggered flip-flop clocked by clk)
Path Group: clk
Path Type: min

Fanout         Cap        Slew       Delay        Time   Description
---------------------------------------------------------------------------------------------
                                  0.000000    0.000000   clock clk (rise edge)
                                  0.000000    0.000000   clock source latency
    81    0.246353    1.101485    0.756915    0.756915 ^ clk (in)
                                                         clk (net)
                      1.101553    0.000000    0.756915 ^ _1406_/CLK (sky130_fd_sc_hd__dfxtp_2)
     2    0.036954    0.092076    0.560643    1.317558 v _1406_/Q (sky130_fd_sc_hd__dfxtp_2)
                                                         rdata[13] (net)
                      0.092076    0.000010    1.317568 v _0759_/A1 (sky130_fd_sc_hd__o221a_2)
     1    0.001817    0.033902    0.290582    1.608150 v _0759_/X (sky130_fd_sc_hd__o221a_2)
                                                         _0022_ (net)
                      0.033902    0.000001    1.608151 v _1406_/D (sky130_fd_sc_hd__dfxtp_2)
                                              1.608151   data arrival time

                                  0.000000    0.000000   clock clk (rise edge)
                                  0.000000    0.000000   clock source latency
    81    0.246353    1.101485    0.756915    0.756915 ^ clk (in)
                                                         clk (net)
                      1.101553    0.000000    0.756915 ^ _1406_/CLK (sky130_fd_sc_hd__dfxtp_2)
                                  0.250000    1.006915   clock uncertainty
                                  0.000000    1.006915   clock reconvergence pessimism
                                  0.105731    1.112645   library hold time
                                              1.112645   data required time
---------------------------------------------------------------------------------------------
                                              1.112645   data required time
                                             -1.608151   data arrival time
---------------------------------------------------------------------------------------------
                                              0.495506   slack (MET)


Startpoint: _1409_ (rising edge-triggered flip-flop clocked by clk)
Endpoint: _1409_ (rising edge-triggered flip-flop clocked by clk)
Path Group: clk
Path Type: min

Fanout         Cap        Slew       Delay        Time   Description
---------------------------------------------------------------------------------------------
                                  0.000000    0.000000   clock clk (rise edge)
                                  0.000000    0.000000   clock source latency
    81    0.246353    1.101485    0.758656    0.758656 ^ clk (in)
                                                         clk (net)
                      1.101590    0.000000    0.758656 ^ _1409_/CLK (sky130_fd_sc_hd__dfxtp_2)
     2    0.037031    0.092245    0.560760    1.319416 v _1409_/Q (sky130_fd_sc_hd__dfxtp_2)
                                                         rdata[16] (net)
                      0.092245    0.000015    1.319431 v _0765_/A1 (sky130_fd_sc_hd__o221a_2)
     1    0.001804    0.033855    0.290575    1.610006 v _0765_/X (sky130_fd_sc_hd__o221a_2)
                                                         _0025_ (net)
                      0.033855    0.000000    1.610007 v _1409_/D (sky130_fd_sc_hd__dfxtp_2)
                                              1.610007   data arrival time

                                  0.000000    0.000000   clock clk (rise edge)
                                  0.000000    0.000000   clock source latency
    81    0.246353    1.101485    0.758656    0.758656 ^ clk (in)
                                                         clk (net)
                      1.101590    0.000000    0.758656 ^ _1409_/CLK (sky130_fd_sc_hd__dfxtp_2)
                                  0.250000    1.008656   clock uncertainty
                                  0.000000    1.008656   clock reconvergence pessimism
                                  0.105753    1.114408   library hold time
                                              1.114408   data required time
---------------------------------------------------------------------------------------------
                                              1.114408   data required time
                                             -1.610007   data arrival time
---------------------------------------------------------------------------------------------
                                              0.495599   slack (MET)


Startpoint: _1411_ (rising edge-triggered flip-flop clocked by clk)
Endpoint: _1411_ (rising edge-triggered flip-flop clocked by clk)
Path Group: clk
Path Type: min

Fanout         Cap        Slew       Delay        Time   Description
---------------------------------------------------------------------------------------------
                                  0.000000    0.000000   clock clk (rise edge)
                                  0.000000    0.000000   clock source latency
    81    0.246353    1.101485    0.758968    0.758968 ^ clk (in)
                                                         clk (net)
                      1.101598    0.000000    0.758968 ^ _1411_/CLK (sky130_fd_sc_hd__dfxtp_2)
     2    0.037012    0.092202    0.560738    1.319707 v _1411_/Q (sky130_fd_sc_hd__dfxtp_2)
                                                         rdata[18] (net)
                      0.092202    0.000021    1.319727 v _0769_/A1 (sky130_fd_sc_hd__o221a_2)
     1    0.001822    0.033917    0.290656    1.610383 v _0769_/X (sky130_fd_sc_hd__o221a_2)
                                                         _0027_ (net)
                      0.033917    0.000001    1.610385 v _1411_/D (sky130_fd_sc_hd__dfxtp_2)
                                              1.610385   data arrival time

                                  0.000000    0.000000   clock clk (rise edge)
                                  0.000000    0.000000   clock source latency
    81    0.246353    1.101485    0.758968    0.758968 ^ clk (in)
                                                         clk (net)
                      1.101598    0.000000    0.758968 ^ _1411_/CLK (sky130_fd_sc_hd__dfxtp_2)
                                  0.250000    1.008968   clock uncertainty
                                  0.000000    1.008968   clock reconvergence pessimism
                                  0.105728    1.114696   library hold time
                                              1.114696   data required time
---------------------------------------------------------------------------------------------
                                              1.114696   data required time
                                             -1.610385   data arrival time
---------------------------------------------------------------------------------------------
                                              0.495689   slack (MET)


Startpoint: _1407_ (rising edge-triggered flip-flop clocked by clk)
Endpoint: _1407_ (rising edge-triggered flip-flop clocked by clk)
Path Group: clk
Path Type: min

Fanout         Cap        Slew       Delay        Time   Description
---------------------------------------------------------------------------------------------
                                  0.000000    0.000000   clock clk (rise edge)
                                  0.000000    0.000000   clock source latency
    81    0.246353    1.101485    0.757775    0.757775 ^ clk (in)
                                                         clk (net)
                      1.101570    0.000000    0.757775 ^ _1407_/CLK (sky130_fd_sc_hd__dfxtp_2)
     2    0.036956    0.092078    0.560651    1.318426 v _1407_/Q (sky130_fd_sc_hd__dfxtp_2)
                                                         rdata[14] (net)
                      0.092078    0.000022    1.318448 v _0761_/A1 (sky130_fd_sc_hd__o221a_2)
     1    0.001842    0.033992    0.290724    1.609172 v _0761_/X (sky130_fd_sc_hd__o221a_2)
                                                         _0023_ (net)
                      0.033992    0.000002    1.609174 v _1407_/D (sky130_fd_sc_hd__dfxtp_2)
                                              1.609174   data arrival time

                                  0.000000    0.000000   clock clk (rise edge)
                                  0.000000    0.000000   clock source latency
    81    0.246353    1.101485    0.757775    0.757775 ^ clk (in)
                                                         clk (net)
                      1.101570    0.000000    0.757775 ^ _1407_/CLK (sky130_fd_sc_hd__dfxtp_2)
                                  0.250000    1.007775   clock uncertainty
                                  0.000000    1.007775   clock reconvergence pessimism
                                  0.105695    1.113470   library hold time
                                              1.113470   data required time
---------------------------------------------------------------------------------------------
                                              1.113470   data required time
                                             -1.609174   data arrival time
---------------------------------------------------------------------------------------------
                                              0.495704   slack (MET)


Startpoint: _1414_ (rising edge-triggered flip-flop clocked by clk)
Endpoint: _1414_ (rising edge-triggered flip-flop clocked by clk)
Path Group: clk
Path Type: min

Fanout         Cap        Slew       Delay        Time   Description
---------------------------------------------------------------------------------------------
                                  0.000000    0.000000   clock clk (rise edge)
                                  0.000000    0.000000   clock source latency
    81    0.246353    1.101485    0.759422    0.759422 ^ clk (in)
                                                         clk (net)
                      1.101609    0.000000    0.759422 ^ _1414_/CLK (sky130_fd_sc_hd__dfxtp_2)
     2    0.037102    0.092398    0.560874    1.320296 v _1414_/Q (sky130_fd_sc_hd__dfxtp_2)
                                                         rdata[21] (net)
                      0.092398    0.000007    1.320303 v _0775_/A1 (sky130_fd_sc_hd__o221a_2)
     1    0.001798    0.033833    0.290600    1.610904 v _0775_/X (sky130_fd_sc_hd__o221a_2)
                                                         _0030_ (net)
                      0.033833    0.000001    1.610905 v _1414_/D (sky130_fd_sc_hd__dfxtp_2)
                                              1.610905   data arrival time

                                  0.000000    0.000000   clock clk (rise edge)
                                  0.000000    0.000000   clock source latency
    81    0.246353    1.101485    0.759422    0.759422 ^ clk (in)
                                                         clk (net)
                      1.101609    0.000000    0.759422 ^ _1414_/CLK (sky130_fd_sc_hd__dfxtp_2)
                                  0.250000    1.009422   clock uncertainty
                                  0.000000    1.009422   clock reconvergence pessimism
                                  0.105763    1.115186   library hold time
                                              1.115186   data required time
---------------------------------------------------------------------------------------------
                                              1.115186   data required time
                                             -1.610905   data arrival time
---------------------------------------------------------------------------------------------
                                              0.495719   slack (MET)


Startpoint: _1403_ (rising edge-triggered flip-flop clocked by clk)
Endpoint: _1403_ (rising edge-triggered flip-flop clocked by clk)
Path Group: clk
Path Type: min

Fanout         Cap        Slew       Delay        Time   Description
---------------------------------------------------------------------------------------------
                                  0.000000    0.000000   clock clk (rise edge)
                                  0.000000    0.000000   clock source latency
    81    0.246353    1.101485    0.758064    0.758064 ^ clk (in)
                                                         clk (net)
                      1.101577    0.000000    0.758064 ^ _1403_/CLK (sky130_fd_sc_hd__dfxtp_2)
     2    0.037090    0.092369    0.560860    1.318924 v _1403_/Q (sky130_fd_sc_hd__dfxtp_2)
                                                         rdata[10] (net)
                      0.092369    0.000008    1.318931 v _0753_/A1 (sky130_fd_sc_hd__o221a_2)
     1    0.001842    0.033992    0.290839    1.609770 v _0753_/X (sky130_fd_sc_hd__o221a_2)
                                                         _0019_ (net)
                      0.033992    0.000001    1.609772 v _1403_/D (sky130_fd_sc_hd__dfxtp_2)
                                              1.609772   data arrival time

                                  0.000000    0.000000   clock clk (rise edge)
                                  0.000000    0.000000   clock source latency
    81    0.246353    1.101485    0.758064    0.758064 ^ clk (in)
                                                         clk (net)
                      1.101577    0.000000    0.758064 ^ _1403_/CLK (sky130_fd_sc_hd__dfxtp_2)
                                  0.250000    1.008064   clock uncertainty
                                  0.000000    1.008064   clock reconvergence pessimism
                                  0.105696    1.113760   library hold time
                                              1.113760   data required time
---------------------------------------------------------------------------------------------
                                              1.113760   data required time
                                             -1.609772   data arrival time
---------------------------------------------------------------------------------------------
                                              0.496012   slack (MET)


Startpoint: _1410_ (rising edge-triggered flip-flop clocked by clk)
Endpoint: _1410_ (rising edge-triggered flip-flop clocked by clk)
Path Group: clk
Path Type: min

Fanout         Cap        Slew       Delay        Time   Description
---------------------------------------------------------------------------------------------
                                  0.000000    0.000000   clock clk (rise edge)
                                  0.000000    0.000000   clock source latency
    81    0.246353    1.101485    0.759552    0.759552 ^ clk (in)
                                                         clk (net)
                      1.101612    0.000000    0.759552 ^ _1410_/CLK (sky130_fd_sc_hd__dfxtp_2)
     2    0.037577    0.093426    0.561630    1.321182 v _1410_/Q (sky130_fd_sc_hd__dfxtp_2)
                                                         rdata[17] (net)
                      0.093426    0.000007    1.321188 v _0767_/A1 (sky130_fd_sc_hd__o221a_2)
     1    0.001750    0.033660    0.290736    1.611924 v _0767_/X (sky130_fd_sc_hd__o221a_2)
                                                         _0026_ (net)
                      0.033660    0.000000    1.611925 v _1410_/D (sky130_fd_sc_hd__dfxtp_2)
                                              1.611925   data arrival time

                                  0.000000    0.000000   clock clk (rise edge)
                                  0.000000    0.000000   clock source latency
    81    0.246353    1.101485    0.759552    0.759552 ^ clk (in)
                                                         clk (net)
                      1.101612    0.000000    0.759552 ^ _1410_/CLK (sky130_fd_sc_hd__dfxtp_2)
                                  0.250000    1.009552   clock uncertainty
                                  0.000000    1.009552   clock reconvergence pessimism
                                  0.105834    1.115386   library hold time
                                              1.115386   data required time
---------------------------------------------------------------------------------------------
                                              1.115386   data required time
                                             -1.611925   data arrival time
---------------------------------------------------------------------------------------------
                                              0.496538   slack (MET)


Startpoint: _1421_ (rising edge-triggered flip-flop clocked by clk)
Endpoint: _1421_ (rising edge-triggered flip-flop clocked by clk)
Path Group: clk
Path Type: min

Fanout         Cap        Slew       Delay        Time   Description
---------------------------------------------------------------------------------------------
                                  0.000000    0.000000   clock clk (rise edge)
                                  0.000000    0.000000   clock source latency
    81    0.246353    1.101485    0.761230    0.761230 ^ clk (in)
                                                         clk (net)
                      1.101660    0.000000    0.761230 ^ _1421_/CLK (sky130_fd_sc_hd__dfxtp_2)
     2    0.037460    0.093200    0.561378    1.322608 v _1421_/Q (sky130_fd_sc_hd__dfxtp_2)
                                                         rdata[28] (net)
                      0.093200    0.000024    1.322632 v _0789_/A1 (sky130_fd_sc_hd__o221a_2)
     1    0.001817    0.033896    0.291026    1.613658 v _0789_/X (sky130_fd_sc_hd__o221a_2)
                                                         _0037_ (net)
                      0.033896    0.000002    1.613660 v _1421_/D (sky130_fd_sc_hd__dfxtp_2)
                                              1.613660   data arrival time

                                  0.000000    0.000000   clock clk (rise edge)
                                  0.000000    0.000000   clock source latency
    81    0.246353    1.101485    0.761230    0.761230 ^ clk (in)
                                                         clk (net)
                      1.101660    0.000000    0.761230 ^ _1421_/CLK (sky130_fd_sc_hd__dfxtp_2)
                                  0.250000    1.011230   clock uncertainty
                                  0.000000    1.011230   clock reconvergence pessimism
                                  0.105741    1.116971   library hold time
                                              1.116971   data required time
---------------------------------------------------------------------------------------------
                                              1.116971   data required time
                                             -1.613660   data arrival time
---------------------------------------------------------------------------------------------
                                              0.496689   slack (MET)


Startpoint: _1417_ (rising edge-triggered flip-flop clocked by clk)
Endpoint: _1417_ (rising edge-triggered flip-flop clocked by clk)
Path Group: clk
Path Type: min

Fanout         Cap        Slew       Delay        Time   Description
---------------------------------------------------------------------------------------------
                                  0.000000    0.000000   clock clk (rise edge)
                                  0.000000    0.000000   clock source latency
    81    0.246353    1.101485    0.759848    0.759848 ^ clk (in)
                                                         clk (net)
                      1.101620    0.000000    0.759848 ^ _1417_/CLK (sky130_fd_sc_hd__dfxtp_2)
     2    0.037927    0.094194    0.562156    1.322004 v _1417_/Q (sky130_fd_sc_hd__dfxtp_2)
                                                         rdata[24] (net)
                      0.094194    0.000015    1.322019 v _0781_/A1 (sky130_fd_sc_hd__o221a_2)
     1    0.001710    0.033519    0.290817    1.612836 v _0781_/X (sky130_fd_sc_hd__o221a_2)
                                                         _0033_ (net)
                      0.033519    0.000000    1.612836 v _1417_/D (sky130_fd_sc_hd__dfxtp_2)
                                              1.612836   data arrival time

                                  0.000000    0.000000   clock clk (rise edge)
                                  0.000000    0.000000   clock source latency
    81    0.246353    1.101485    0.759848    0.759848 ^ clk (in)
                                                         clk (net)
                      1.101620    0.000000    0.759848 ^ _1417_/CLK (sky130_fd_sc_hd__dfxtp_2)
                                  0.250000    1.009848   clock uncertainty
                                  0.000000    1.009848   clock reconvergence pessimism
                                  0.105893    1.115741   library hold time
                                              1.115741   data required time
---------------------------------------------------------------------------------------------
                                              1.115741   data required time
                                             -1.612836   data arrival time
---------------------------------------------------------------------------------------------
                                              0.497095   slack (MET)


Startpoint: _1405_ (rising edge-triggered flip-flop clocked by clk)
Endpoint: _1405_ (rising edge-triggered flip-flop clocked by clk)
Path Group: clk
Path Type: min

Fanout         Cap        Slew       Delay        Time   Description
---------------------------------------------------------------------------------------------
                                  0.000000    0.000000   clock clk (rise edge)
                                  0.000000    0.000000   clock source latency
    81    0.246353    1.101485    0.756331    0.756331 ^ clk (in)
                                                         clk (net)
                      1.101543    0.000000    0.756331 ^ _1405_/CLK (sky130_fd_sc_hd__dfxtp_2)
     2    0.037636    0.093564    0.561692    1.318023 v _1405_/Q (sky130_fd_sc_hd__dfxtp_2)
                                                         rdata[12] (net)
                      0.093564    0.000025    1.318048 v _0757_/A1 (sky130_fd_sc_hd__o221a_2)
     1    0.001811    0.033880    0.291137    1.609185 v _0757_/X (sky130_fd_sc_hd__o221a_2)
                                                         _0021_ (net)
                      0.033880    0.000001    1.609186 v _1405_/D (sky130_fd_sc_hd__dfxtp_2)
                                              1.609186   data arrival time

                                  0.000000    0.000000   clock clk (rise edge)
                                  0.000000    0.000000   clock source latency
    81    0.246353    1.101485    0.756331    0.756331 ^ clk (in)
                                                         clk (net)
                      1.101543    0.000000    0.756331 ^ _1405_/CLK (sky130_fd_sc_hd__dfxtp_2)
                                  0.250000    1.006331   clock uncertainty
                                  0.000000    1.006331   clock reconvergence pessimism
                                  0.105739    1.112070   library hold time
                                              1.112070   data required time
---------------------------------------------------------------------------------------------
                                              1.112070   data required time
                                             -1.609186   data arrival time
---------------------------------------------------------------------------------------------
                                              0.497116   slack (MET)


Startpoint: _1419_ (rising edge-triggered flip-flop clocked by clk)
Endpoint: _1419_ (rising edge-triggered flip-flop clocked by clk)
Path Group: clk
Path Type: min

Fanout         Cap        Slew       Delay        Time   Description
---------------------------------------------------------------------------------------------
                                  0.000000    0.000000   clock clk (rise edge)
                                  0.000000    0.000000   clock source latency
    81    0.246353    1.101485    0.761047    0.761047 ^ clk (in)
                                                         clk (net)
                      1.101654    0.000000    0.761047 ^ _1419_/CLK (sky130_fd_sc_hd__dfxtp_2)
     2    0.037643    0.093616    0.561616    1.322664 v _1419_/Q (sky130_fd_sc_hd__dfxtp_2)
                                                         rdata[26] (net)
                      0.093616    0.000057    1.322720 v _0785_/A1 (sky130_fd_sc_hd__o221a_2)
     1    0.001834    0.033958    0.291289    1.614010 v _0785_/X (sky130_fd_sc_hd__o221a_2)
                                                         _0035_ (net)
                      0.033958    0.000002    1.614011 v _1419_/D (sky130_fd_sc_hd__dfxtp_2)
                                              1.614011   data arrival time

                                  0.000000    0.000000   clock clk (rise edge)
                                  0.000000    0.000000   clock source latency
    81    0.246353    1.101485    0.761047    0.761047 ^ clk (in)
                                                         clk (net)
                      1.101654    0.000000    0.761047 ^ _1419_/CLK (sky130_fd_sc_hd__dfxtp_2)
                                  0.250000    1.011047   clock uncertainty
                                  0.000000    1.011047   clock reconvergence pessimism
                                  0.105715    1.116763   library hold time
                                              1.116763   data required time
---------------------------------------------------------------------------------------------
                                              1.116763   data required time
                                             -1.614011   data arrival time
---------------------------------------------------------------------------------------------
                                              0.497248   slack (MET)


Startpoint: _1401_ (rising edge-triggered flip-flop clocked by clk)
Endpoint: _1401_ (rising edge-triggered flip-flop clocked by clk)
Path Group: clk
Path Type: min

Fanout         Cap        Slew       Delay        Time   Description
---------------------------------------------------------------------------------------------
                                  0.000000    0.000000   clock clk (rise edge)
                                  0.000000    0.000000   clock source latency
    81    0.246353    1.101485    0.761137    0.761137 ^ clk (in)
                                                         clk (net)
                      1.101657    0.000000    0.761137 ^ _1401_/CLK (sky130_fd_sc_hd__dfxtp_2)
     2    0.037306    0.092881    0.561103    1.322240 v _1401_/Q (sky130_fd_sc_hd__dfxtp_2)
                                                         rdata[8] (net)
                      0.092881    0.000051    1.322290 v _0749_/A1 (sky130_fd_sc_hd__o221a_2)
     1    0.001951    0.034376    0.291657    1.613947 v _0749_/X (sky130_fd_sc_hd__o221a_2)
                                                         _0017_ (net)
                      0.034376    0.000003    1.613950 v _1401_/D (sky130_fd_sc_hd__dfxtp_2)
                                              1.613950   data arrival time

                                  0.000000    0.000000   clock clk (rise edge)
                                  0.000000    0.000000   clock source latency
    81    0.246353    1.101485    0.761137    0.761137 ^ clk (in)
                                                         clk (net)
                      1.101657    0.000000    0.761137 ^ _1401_/CLK (sky130_fd_sc_hd__dfxtp_2)
                                  0.250000    1.011137   clock uncertainty
                                  0.000000    1.011137   clock reconvergence pessimism
                                  0.105545    1.116682   library hold time
                                              1.116682   data required time
---------------------------------------------------------------------------------------------
                                              1.116682   data required time
                                             -1.613950   data arrival time
---------------------------------------------------------------------------------------------
                                              0.497268   slack (MET)


Startpoint: _1402_ (rising edge-triggered flip-flop clocked by clk)
Endpoint: _1402_ (rising edge-triggered flip-flop clocked by clk)
Path Group: clk
Path Type: min

Fanout         Cap        Slew       Delay        Time   Description
---------------------------------------------------------------------------------------------
                                  0.000000    0.000000   clock clk (rise edge)
                                  0.000000    0.000000   clock source latency
    81    0.246353    1.101485    0.758745    0.758745 ^ clk (in)
                                                         clk (net)
                      1.101592    0.000000    0.758745 ^ _1402_/CLK (sky130_fd_sc_hd__dfxtp_2)
     2    0.037975    0.094299    0.562230    1.320975 v _1402_/Q (sky130_fd_sc_hd__dfxtp_2)
                                                         rdata[9] (net)
                      0.094299    0.000007    1.320982 v _0751_/A1 (sky130_fd_sc_hd__o221a_2)
     1    0.001738    0.033619    0.291018    1.612000 v _0751_/X (sky130_fd_sc_hd__o221a_2)
                                                         _0018_ (net)
                      0.033619    0.000000    1.612001 v _1402_/D (sky130_fd_sc_hd__dfxtp_2)
                                              1.612001   data arrival time

                                  0.000000    0.000000   clock clk (rise edge)
                                  0.000000    0.000000   clock source latency
    81    0.246353    1.101485    0.758745    0.758745 ^ clk (in)
                                                         clk (net)
                      1.101592    0.000000    0.758745 ^ _1402_/CLK (sky130_fd_sc_hd__dfxtp_2)
                                  0.250000    1.008745   clock uncertainty
                                  0.000000    1.008745   clock reconvergence pessimism
                                  0.105849    1.114595   library hold time
                                              1.114595   data required time
---------------------------------------------------------------------------------------------
                                              1.114595   data required time
                                             -1.612001   data arrival time
---------------------------------------------------------------------------------------------
                                              0.497406   slack (MET)


Startpoint: _1416_ (rising edge-triggered flip-flop clocked by clk)
Endpoint: _1416_ (rising edge-triggered flip-flop clocked by clk)
Path Group: clk
Path Type: min

Fanout         Cap        Slew       Delay        Time   Description
---------------------------------------------------------------------------------------------
                                  0.000000    0.000000   clock clk (rise edge)
                                  0.000000    0.000000   clock source latency
    81    0.246353    1.101485    0.760757    0.760757 ^ clk (in)
                                                         clk (net)
                      1.101646    0.000000    0.760757 ^ _1416_/CLK (sky130_fd_sc_hd__dfxtp_2)
     2    0.037540    0.093391    0.561459    1.322215 v _1416_/Q (sky130_fd_sc_hd__dfxtp_2)
                                                         rdata[23] (net)
                      0.093391    0.000057    1.322272 v _0779_/A1 (sky130_fd_sc_hd__o221a_2)
     1    0.001893    0.034169    0.291533    1.613805 v _0779_/X (sky130_fd_sc_hd__o221a_2)
                                                         _0032_ (net)
                      0.034169    0.000002    1.613807 v _1416_/D (sky130_fd_sc_hd__dfxtp_2)
                                              1.613807   data arrival time

                                  0.000000    0.000000   clock clk (rise edge)
                                  0.000000    0.000000   clock source latency
    81    0.246353    1.101485    0.760757    0.760757 ^ clk (in)
                                                         clk (net)
                      1.101646    0.000000    0.760757 ^ _1416_/CLK (sky130_fd_sc_hd__dfxtp_2)
                                  0.250000    1.010756   clock uncertainty
                                  0.000000    1.010756   clock reconvergence pessimism
                                  0.105628    1.116385   library hold time
                                              1.116385   data required time
---------------------------------------------------------------------------------------------
                                              1.116385   data required time
                                             -1.613807   data arrival time
---------------------------------------------------------------------------------------------
                                              0.497422   slack (MET)


Startpoint: _1404_ (rising edge-triggered flip-flop clocked by clk)
Endpoint: _1404_ (rising edge-triggered flip-flop clocked by clk)
Path Group: clk
Path Type: min

Fanout         Cap        Slew       Delay        Time   Description
---------------------------------------------------------------------------------------------
                                  0.000000    0.000000   clock clk (rise edge)
                                  0.000000    0.000000   clock source latency
    81    0.246353    1.101485    0.758154    0.758154 ^ clk (in)
                                                         clk (net)
                      1.101579    0.000000    0.758154 ^ _1404_/CLK (sky130_fd_sc_hd__dfxtp_2)
     2    0.037865    0.094051    0.562078    1.320232 v _1404_/Q (sky130_fd_sc_hd__dfxtp_2)
                                                         rdata[11] (net)
                      0.094051    0.000009    1.320241 v _0755_/A1 (sky130_fd_sc_hd__o221a_2)
     1    0.001787    0.033792    0.291192    1.611432 v _0755_/X (sky130_fd_sc_hd__o221a_2)
                                                         _0020_ (net)
                      0.033792    0.000000    1.611433 v _1404_/D (sky130_fd_sc_hd__dfxtp_2)
                                              1.611433   data arrival time

                                  0.000000    0.000000   clock clk (rise edge)
                                  0.000000    0.000000   clock source latency
    81    0.246353    1.101485    0.758154    0.758154 ^ clk (in)
                                                         clk (net)
                      1.101579    0.000000    0.758154 ^ _1404_/CLK (sky130_fd_sc_hd__dfxtp_2)
                                  0.250000    1.008154   clock uncertainty
                                  0.000000    1.008154   clock reconvergence pessimism
                                  0.105778    1.113931   library hold time
                                              1.113931   data required time
---------------------------------------------------------------------------------------------
                                              1.113931   data required time
                                             -1.611433   data arrival time
---------------------------------------------------------------------------------------------
                                              0.497502   slack (MET)


Startpoint: _1422_ (rising edge-triggered flip-flop clocked by clk)
Endpoint: _1422_ (rising edge-triggered flip-flop clocked by clk)
Path Group: clk
Path Type: min

Fanout         Cap        Slew       Delay        Time   Description
---------------------------------------------------------------------------------------------
                                  0.000000    0.000000   clock clk (rise edge)
                                  0.000000    0.000000   clock source latency
    81    0.246353    1.101485    0.761294    0.761294 ^ clk (in)
                                                         clk (net)
                      1.101662    0.000000    0.761294 ^ _1422_/CLK (sky130_fd_sc_hd__dfxtp_2)
     2    0.037280    0.092829    0.561046    1.322339 v _1422_/Q (sky130_fd_sc_hd__dfxtp_2)
                                                         rdata[29] (net)
                      0.092829    0.000038    1.322377 v _0791_/A1 (sky130_fd_sc_hd__o221a_2)
     1    0.002077    0.034828    0.292350    1.614727 v _0791_/X (sky130_fd_sc_hd__o221a_2)
                                                         _0038_ (net)
                      0.034828    0.000004    1.614730 v _1422_/D (sky130_fd_sc_hd__dfxtp_2)
                                              1.614730   data arrival time

                                  0.000000    0.000000   clock clk (rise edge)
                                  0.000000    0.000000   clock source latency
    81    0.246353    1.101485    0.761294    0.761294 ^ clk (in)
                                                         clk (net)
                      1.101662    0.000000    0.761294 ^ _1422_/CLK (sky130_fd_sc_hd__dfxtp_2)
                                  0.250000    1.011294   clock uncertainty
                                  0.000000    1.011294   clock reconvergence pessimism
                                  0.105360    1.116654   library hold time
                                              1.116654   data required time
---------------------------------------------------------------------------------------------
                                              1.116654   data required time
                                             -1.614730   data arrival time
---------------------------------------------------------------------------------------------
                                              0.498077   slack (MET)


Startpoint: _1400_ (rising edge-triggered flip-flop clocked by clk)
Endpoint: _1400_ (rising edge-triggered flip-flop clocked by clk)
Path Group: clk
Path Type: min

Fanout         Cap        Slew       Delay        Time   Description
---------------------------------------------------------------------------------------------
                                  0.000000    0.000000   clock clk (rise edge)
                                  0.000000    0.000000   clock source latency
    81    0.246353    1.101485    0.761285    0.761285 ^ clk (in)
                                                         clk (net)
                      1.101662    0.000000    0.761285 ^ _1400_/CLK (sky130_fd_sc_hd__dfxtp_2)
     2    0.037252    0.092760    0.561022    1.322307 v _1400_/Q (sky130_fd_sc_hd__dfxtp_2)
                                                         rdata[7] (net)
                      0.092760    0.000005    1.322312 v _0747_/A1 (sky130_fd_sc_hd__o221a_2)
     1    0.002095    0.034891    0.292422    1.614733 v _0747_/X (sky130_fd_sc_hd__o221a_2)
                                                         _0016_ (net)
                      0.034891    0.000004    1.614737 v _1400_/D (sky130_fd_sc_hd__dfxtp_2)
                                              1.614737   data arrival time

                                  0.000000    0.000000   clock clk (rise edge)
                                  0.000000    0.000000   clock source latency
    81    0.246353    1.101485    0.761285    0.761285 ^ clk (in)
                                                         clk (net)
                      1.101662    0.000000    0.761285 ^ _1400_/CLK (sky130_fd_sc_hd__dfxtp_2)
                                  0.250000    1.011285   clock uncertainty
                                  0.000000    1.011285   clock reconvergence pessimism
                                  0.105334    1.116619   library hold time
                                              1.116619   data required time
---------------------------------------------------------------------------------------------
                                              1.116619   data required time
                                             -1.614737   data arrival time
---------------------------------------------------------------------------------------------
                                              0.498118   slack (MET)


Startpoint: _1423_ (rising edge-triggered flip-flop clocked by clk)
Endpoint: _1423_ (rising edge-triggered flip-flop clocked by clk)
Path Group: clk
Path Type: min

Fanout         Cap        Slew       Delay        Time   Description
---------------------------------------------------------------------------------------------
                                  0.000000    0.000000   clock clk (rise edge)
                                  0.000000    0.000000   clock source latency
    81    0.246353    1.101485    0.764666    0.764666 ^ clk (in)
                                                         clk (net)
                      1.101781    0.000000    0.764666 ^ _1423_/CLK (sky130_fd_sc_hd__dfxtp_2)
     2    0.037909    0.094215    0.561990    1.326657 v _1423_/Q (sky130_fd_sc_hd__dfxtp_2)
                                                         rdata[30] (net)
                      0.094215    0.000029    1.326685 v _0793_/A1 (sky130_fd_sc_hd__o221a_2)
     1    0.002017    0.034611    0.292558    1.619243 v _0793_/X (sky130_fd_sc_hd__o221a_2)
                                                         _0039_ (net)
                      0.034611    0.000003    1.619245 v _1423_/D (sky130_fd_sc_hd__dfxtp_2)
                                              1.619245   data arrival time

                                  0.000000    0.000000   clock clk (rise edge)
                                  0.000000    0.000000   clock source latency
    81    0.246353    1.101485    0.764666    0.764666 ^ clk (in)
                                                         clk (net)
                      1.101781    0.000000    0.764666 ^ _1423_/CLK (sky130_fd_sc_hd__dfxtp_2)
                                  0.250000    1.014666   clock uncertainty
                                  0.000000    1.014666   clock reconvergence pessimism
                                  0.105458    1.120124   library hold time
                                              1.120124   data required time
---------------------------------------------------------------------------------------------
                                              1.120124   data required time
                                             -1.619245   data arrival time
---------------------------------------------------------------------------------------------
                                              0.499121   slack (MET)


Startpoint: _1418_ (rising edge-triggered flip-flop clocked by clk)
Endpoint: _1418_ (rising edge-triggered flip-flop clocked by clk)
Path Group: clk
Path Type: min

Fanout         Cap        Slew       Delay        Time   Description
---------------------------------------------------------------------------------------------
                                  0.000000    0.000000   clock clk (rise edge)
                                  0.000000    0.000000   clock source latency
    81    0.246353    1.101485    0.761187    0.761187 ^ clk (in)
                                                         clk (net)
                      1.101659    0.000000    0.761187 ^ _1418_/CLK (sky130_fd_sc_hd__dfxtp_2)
     2    0.037420    0.093127    0.561277    1.322465 v _1418_/Q (sky130_fd_sc_hd__dfxtp_2)
                                                         rdata[25] (net)
                      0.093127    0.000004    1.322469 v _0783_/A1 (sky130_fd_sc_hd__o221a_2)
     1    0.002207    0.035293    0.293202    1.615671 v _0783_/X (sky130_fd_sc_hd__o221a_2)
                                                         _0034_ (net)
                      0.035293    0.000005    1.615676 v _1418_/D (sky130_fd_sc_hd__dfxtp_2)
                                              1.615676   data arrival time

                                  0.000000    0.000000   clock clk (rise edge)
                                  0.000000    0.000000   clock source latency
    81    0.246353    1.101485    0.761187    0.761187 ^ clk (in)
                                                         clk (net)
                      1.101659    0.000000    0.761187 ^ _1418_/CLK (sky130_fd_sc_hd__dfxtp_2)
                                  0.250000    1.011187   clock uncertainty
                                  0.000000    1.011187   clock reconvergence pessimism
                                  0.105169    1.116357   library hold time
                                              1.116357   data required time
---------------------------------------------------------------------------------------------
                                              1.116357   data required time
                                             -1.615676   data arrival time
---------------------------------------------------------------------------------------------
                                              0.499319   slack (MET)


Startpoint: _1420_ (rising edge-triggered flip-flop clocked by clk)
Endpoint: _1420_ (rising edge-triggered flip-flop clocked by clk)
Path Group: clk
Path Type: min

Fanout         Cap        Slew       Delay        Time   Description
---------------------------------------------------------------------------------------------
                                  0.000000    0.000000   clock clk (rise edge)
                                  0.000000    0.000000   clock source latency
    81    0.246353    1.101485    0.761251    0.761251 ^ clk (in)
                                                         clk (net)
                      1.101661    0.000000    0.761251 ^ _1420_/CLK (sky130_fd_sc_hd__dfxtp_2)
     2    0.037894    0.094175    0.561973    1.323224 v _1420_/Q (sky130_fd_sc_hd__dfxtp_2)
                                                         rdata[27] (net)
                      0.094175    0.000041    1.323265 v _0787_/A1 (sky130_fd_sc_hd__o221a_2)
     1    0.002050    0.034731    0.292731    1.615996 v _0787_/X (sky130_fd_sc_hd__o221a_2)
                                                         _0036_ (net)
                      0.034731    0.000003    1.615999 v _1420_/D (sky130_fd_sc_hd__dfxtp_2)
                                              1.615999   data arrival time

                                  0.000000    0.000000   clock clk (rise edge)
                                  0.000000    0.000000   clock source latency
    81    0.246353    1.101485    0.761251    0.761251 ^ clk (in)
                                                         clk (net)
                      1.101661    0.000000    0.761251 ^ _1420_/CLK (sky130_fd_sc_hd__dfxtp_2)
                                  0.250000    1.011251   clock uncertainty
                                  0.000000    1.011251   clock reconvergence pessimism
                                  0.105399    1.116651   library hold time
                                              1.116651   data required time
---------------------------------------------------------------------------------------------
                                              1.116651   data required time
                                             -1.615999   data arrival time
---------------------------------------------------------------------------------------------
                                              0.499349   slack (MET)


Startpoint: _1424_ (rising edge-triggered flip-flop clocked by clk)
Endpoint: _1424_ (rising edge-triggered flip-flop clocked by clk)
Path Group: clk
Path Type: min

Fanout         Cap        Slew       Delay        Time   Description
---------------------------------------------------------------------------------------------
                                  0.000000    0.000000   clock clk (rise edge)
                                  0.000000    0.000000   clock source latency
    81    0.246353    1.101485    0.765253    0.765253 ^ clk (in)
                                                         clk (net)
                      1.101805    0.000000    0.765253 ^ _1424_/CLK (sky130_fd_sc_hd__dfxtp_2)
     2    0.038205    0.094856    0.562457    1.327711 v _1424_/Q (sky130_fd_sc_hd__dfxtp_2)
                                                         rdata[31] (net)
                      0.094856    0.000046    1.327757 v _0795_/A1 (sky130_fd_sc_hd__o221a_2)
     1    0.002002    0.034559    0.292731    1.620488 v _0795_/X (sky130_fd_sc_hd__o221a_2)
                                                         _0040_ (net)
                      0.034559    0.000003    1.620491 v _1424_/D (sky130_fd_sc_hd__dfxtp_2)
                                              1.620491   data arrival time

                                  0.000000    0.000000   clock clk (rise edge)
                                  0.000000    0.000000   clock source latency
    81    0.246353    1.101485    0.765253    0.765253 ^ clk (in)
                                                         clk (net)
                      1.101805    0.000000    0.765253 ^ _1424_/CLK (sky130_fd_sc_hd__dfxtp_2)
                                  0.250000    1.015253   clock uncertainty
                                  0.000000    1.015253   clock reconvergence pessimism
                                  0.105481    1.120734   library hold time
                                              1.120734   data required time
---------------------------------------------------------------------------------------------
                                              1.120734   data required time
                                             -1.620491   data arrival time
---------------------------------------------------------------------------------------------
                                              0.499757   slack (MET)


Startpoint: _1432_ (rising edge-triggered flip-flop clocked by clk)
Endpoint: _1432_ (rising edge-triggered flip-flop clocked by clk)
Path Group: clk
Path Type: min

Fanout         Cap        Slew       Delay        Time   Description
---------------------------------------------------------------------------------------------
                                  0.000000    0.000000   clock clk (rise edge)
                                  0.000000    0.000000   clock source latency
    81    0.246353    1.101485    0.752005    0.752005 ^ clk (in)
                                                         clk (net)
                      1.101492    0.000000    0.752005 ^ _1432_/CLK (sky130_fd_sc_hd__dfxtp_2)
    13    0.039745    0.203240    0.632433    1.384438 ^ _1432_/Q (sky130_fd_sc_hd__dfxtp_2)
                                                         core_b[7] (net)
                      0.203240    0.000011    1.384448 ^ _0811_/A0 (sky130_fd_sc_hd__mux2_1)
     1    0.001695    0.034058    0.151676    1.536125 ^ _0811_/X (sky130_fd_sc_hd__mux2_1)
                                                         _0152_ (net)
                      0.034058    0.000001    1.536126 ^ _0812_/B (sky130_fd_sc_hd__and2_2)
     1    0.001829    0.033056    0.119285    1.655411 ^ _0812_/X (sky130_fd_sc_hd__and2_2)
                                                         _0048_ (net)
                      0.033056    0.000001    1.655413 ^ _1432_/D (sky130_fd_sc_hd__dfxtp_2)
                                              1.655413   data arrival time

                                  0.000000    0.000000   clock clk (rise edge)
                                  0.000000    0.000000   clock source latency
    81    0.246353    1.101485    0.752005    0.752005 ^ clk (in)
                                                         clk (net)
                      1.101492    0.000000    0.752005 ^ _1432_/CLK (sky130_fd_sc_hd__dfxtp_2)
                                  0.250000    1.002005   clock uncertainty
                                  0.000000    1.002005   clock reconvergence pessimism
                                  0.044583    1.046588   library hold time
                                              1.046588   data required time
---------------------------------------------------------------------------------------------
                                              1.046588   data required time
                                             -1.655413   data arrival time
---------------------------------------------------------------------------------------------
                                              0.608825   slack (MET)


Startpoint: _1431_ (rising edge-triggered flip-flop clocked by clk)
Endpoint: _1431_ (rising edge-triggered flip-flop clocked by clk)
Path Group: clk
Path Type: min

Fanout         Cap        Slew       Delay        Time   Description
---------------------------------------------------------------------------------------------
                                  0.000000    0.000000   clock clk (rise edge)
                                  0.000000    0.000000   clock source latency
    81    0.246353    1.101485    0.751969    0.751969 ^ clk (in)
                                                         clk (net)
                      1.101492    0.000000    0.751969 ^ _1431_/CLK (sky130_fd_sc_hd__dfxtp_2)
    19    0.049742    0.252079    0.666232    1.418201 ^ _1431_/Q (sky130_fd_sc_hd__dfxtp_2)
                                                         core_b[6] (net)
                      0.252079    0.000013    1.418214 ^ _0809_/A0 (sky130_fd_sc_hd__mux2_1)
     1    0.001687    0.033998    0.163359    1.581573 ^ _0809_/X (sky130_fd_sc_hd__mux2_1)
                                                         _0151_ (net)
                      0.033998    0.000001    1.581574 ^ _0810_/B (sky130_fd_sc_hd__and2_2)
     1    0.001774    0.032795    0.118988    1.700562 ^ _0810_/X (sky130_fd_sc_hd__and2_2)
                                                         _0047_ (net)
                      0.032795    0.000000    1.700563 ^ _1431_/D (sky130_fd_sc_hd__dfxtp_2)
                                              1.700563   data arrival time

                                  0.000000    0.000000   clock clk (rise edge)
                                  0.000000    0.000000   clock source latency
    81    0.246353    1.101485    0.751969    0.751969 ^ clk (in)
                                                         clk (net)
                      1.101492    0.000000    0.751969 ^ _1431_/CLK (sky130_fd_sc_hd__dfxtp_2)
                                  0.250000    1.001969   clock uncertainty
                                  0.000000    1.001969   clock reconvergence pessimism
                                  0.044633    1.046602   library hold time
                                              1.046602   data required time
---------------------------------------------------------------------------------------------
                                              1.046602   data required time
                                             -1.700563   data arrival time
---------------------------------------------------------------------------------------------
                                              0.653961   slack (MET)


Startpoint: _1387_ (rising edge-triggered flip-flop clocked by clk)
Endpoint: _1387_ (rising edge-triggered flip-flop clocked by clk)
Path Group: clk
Path Type: min

Fanout         Cap        Slew       Delay        Time   Description
---------------------------------------------------------------------------------------------
                                  0.000000    0.000000   clock clk (rise edge)
                                  0.000000    0.000000   clock source latency
    81    0.246353    1.101485    0.767754    0.767754 ^ clk (in)
                                                         clk (net)
                      1.101917    0.000000    0.767754 ^ _1387_/CLK (sky130_fd_sc_hd__dfxtp_2)
    17    0.054710    0.276436    0.682776    1.450530 ^ _1387_/Q (sky130_fd_sc_hd__dfxtp_2)
                                                         core_a[2] (net)
                      0.276436    0.000001    1.450531 ^ _0707_/A0 (sky130_fd_sc_hd__mux2_1)
     1    0.001828    0.035109    0.170422    1.620953 ^ _0707_/X (sky130_fd_sc_hd__mux2_1)
                                                         _0093_ (net)
                      0.035109    0.000002    1.620955 ^ _0708_/B (sky130_fd_sc_hd__and2_2)
     1    0.001850    0.033155    0.119710    1.740666 ^ _0708_/X (sky130_fd_sc_hd__and2_2)
                                                         _0003_ (net)
                      0.033155    0.000001    1.740667 ^ _1387_/D (sky130_fd_sc_hd__dfxtp_2)
                                              1.740667   data arrival time

                                  0.000000    0.000000   clock clk (rise edge)
                                  0.000000    0.000000   clock source latency
    81    0.246353    1.101485    0.767754    0.767754 ^ clk (in)
                                                         clk (net)
                      1.101917    0.000000    0.767754 ^ _1387_/CLK (sky130_fd_sc_hd__dfxtp_2)
                                  0.250000    1.017754   clock uncertainty
                                  0.000000    1.017754   clock reconvergence pessimism
                                  0.044574    1.062328   library hold time
                                              1.062328   data required time
---------------------------------------------------------------------------------------------
                                              1.062328   data required time
                                             -1.740667   data arrival time
---------------------------------------------------------------------------------------------
                                              0.678340   slack (MET)


Startpoint: _1391_ (rising edge-triggered flip-flop clocked by clk)
Endpoint: _1391_ (rising edge-triggered flip-flop clocked by clk)
Path Group: clk
Path Type: min

Fanout         Cap        Slew       Delay        Time   Description
---------------------------------------------------------------------------------------------
                                  0.000000    0.000000   clock clk (rise edge)
                                  0.000000    0.000000   clock source latency
    81    0.246353    1.101485    0.752003    0.752003 ^ clk (in)
                                                         clk (net)
                      1.101492    0.000000    0.752003 ^ _1391_/CLK (sky130_fd_sc_hd__dfxtp_2)
    18    0.056863    0.286665    0.691039    1.443042 ^ _1391_/Q (sky130_fd_sc_hd__dfxtp_2)
                                                         core_a[6] (net)
                      0.286665    0.000034    1.443076 ^ _0715_/A0 (sky130_fd_sc_hd__mux2_1)
     1    0.001686    0.033991    0.171141    1.614218 ^ _0715_/X (sky130_fd_sc_hd__mux2_1)
                                                         _0097_ (net)
                      0.033991    0.000001    1.614219 ^ _0716_/B (sky130_fd_sc_hd__and2_2)
     1    0.001713    0.032497    0.118667    1.732886 ^ _0716_/X (sky130_fd_sc_hd__and2_2)
                                                         _0007_ (net)
                      0.032497    0.000000    1.732886 ^ _1391_/D (sky130_fd_sc_hd__dfxtp_2)
                                              1.732886   data arrival time

                                  0.000000    0.000000   clock clk (rise edge)
                                  0.000000    0.000000   clock source latency
    81    0.246353    1.101485    0.752003    0.752003 ^ clk (in)
                                                         clk (net)
                      1.101492    0.000000    0.752003 ^ _1391_/CLK (sky130_fd_sc_hd__dfxtp_2)
                                  0.250000    1.002003   clock uncertainty
                                  0.000000    1.002003   clock reconvergence pessimism
                                  0.044691    1.046693   library hold time
                                              1.046693   data required time
---------------------------------------------------------------------------------------------
                                              1.046693   data required time
                                             -1.732886   data arrival time
---------------------------------------------------------------------------------------------
                                              0.686193   slack (MET)


Startpoint: _1390_ (rising edge-triggered flip-flop clocked by clk)
Endpoint: _1390_ (rising edge-triggered flip-flop clocked by clk)
Path Group: clk
Path Type: min

Fanout         Cap        Slew       Delay        Time   Description
---------------------------------------------------------------------------------------------
                                  0.000000    0.000000   clock clk (rise edge)
                                  0.000000    0.000000   clock source latency
    81    0.246353    1.101485    0.752021    0.752021 ^ clk (in)
                                                         clk (net)
                      1.101492    0.000000    0.752021 ^ _1390_/CLK (sky130_fd_sc_hd__dfxtp_2)
    18    0.057198    0.288358    0.691987    1.444009 ^ _1390_/Q (sky130_fd_sc_hd__dfxtp_2)
                                                         core_a[5] (net)
                      0.288358    0.000074    1.444083 ^ _0713_/A0 (sky130_fd_sc_hd__mux2_1)
     1    0.001735    0.034374    0.171761    1.615845 ^ _0713_/X (sky130_fd_sc_hd__mux2_1)
                                                         _0096_ (net)
                      0.034374    0.000002    1.615847 ^ _0714_/B (sky130_fd_sc_hd__and2_2)
     1    0.001804    0.032938    0.119255    1.735102 ^ _0714_/X (sky130_fd_sc_hd__and2_2)
                                                         _0006_ (net)
                      0.032938    0.000001    1.735103 ^ _1390_/D (sky130_fd_sc_hd__dfxtp_2)
                                              1.735103   data arrival time

                                  0.000000    0.000000   clock clk (rise edge)
                                  0.000000    0.000000   clock source latency
    81    0.246353    1.101485    0.752021    0.752021 ^ clk (in)
                                                         clk (net)
                      1.101492    0.000000    0.752021 ^ _1390_/CLK (sky130_fd_sc_hd__dfxtp_2)
                                  0.250000    1.002022   clock uncertainty
                                  0.000000    1.002022   clock reconvergence pessimism
                                  0.044606    1.046627   library hold time
                                              1.046627   data required time
---------------------------------------------------------------------------------------------
                                              1.046627   data required time
                                             -1.735103   data arrival time
---------------------------------------------------------------------------------------------
                                              0.688476   slack (MET)


Startpoint: _1389_ (rising edge-triggered flip-flop clocked by clk)
Endpoint: _1389_ (rising edge-triggered flip-flop clocked by clk)
Path Group: clk
Path Type: min

Fanout         Cap        Slew       Delay        Time   Description
---------------------------------------------------------------------------------------------
                                  0.000000    0.000000   clock clk (rise edge)
                                  0.000000    0.000000   clock source latency
    81    0.246353    1.101485    0.768013    0.768013 ^ clk (in)
                                                         clk (net)
                      1.101930    0.000000    0.768013 ^ _1389_/CLK (sky130_fd_sc_hd__dfxtp_2)
    17    0.059690    0.300584    0.700299    1.468312 ^ _1389_/Q (sky130_fd_sc_hd__dfxtp_2)
                                                         core_a[4] (net)
                      0.300584    0.000005    1.468316 ^ _0711_/A0 (sky130_fd_sc_hd__mux2_1)
     1    0.001775    0.034688    0.173567    1.641883 ^ _0711_/X (sky130_fd_sc_hd__mux2_1)
                                                         _0095_ (net)
                      0.034688    0.000002    1.641885 ^ _0712_/B (sky130_fd_sc_hd__and2_2)
     1    0.001832    0.033072    0.119494    1.761379 ^ _0712_/X (sky130_fd_sc_hd__and2_2)
                                                         _0005_ (net)
                      0.033072    0.000002    1.761381 ^ _1389_/D (sky130_fd_sc_hd__dfxtp_2)
                                              1.761381   data arrival time

                                  0.000000    0.000000   clock clk (rise edge)
                                  0.000000    0.000000   clock source latency
    81    0.246353    1.101485    0.768013    0.768013 ^ clk (in)
                                                         clk (net)
                      1.101930    0.000000    0.768013 ^ _1389_/CLK (sky130_fd_sc_hd__dfxtp_2)
                                  0.250000    1.018013   clock uncertainty
                                  0.000000    1.018013   clock reconvergence pessimism
                                  0.044590    1.062603   library hold time
                                              1.062603   data required time
---------------------------------------------------------------------------------------------
                                              1.062603   data required time
                                             -1.761381   data arrival time
---------------------------------------------------------------------------------------------
                                              0.698778   slack (MET)


Startpoint: _1392_ (rising edge-triggered flip-flop clocked by clk)
Endpoint: _1392_ (rising edge-triggered flip-flop clocked by clk)
Path Group: clk
Path Type: min

Fanout         Cap        Slew       Delay        Time   Description
---------------------------------------------------------------------------------------------
                                  0.000000    0.000000   clock clk (rise edge)
                                  0.000000    0.000000   clock source latency
    81    0.246353    1.101485    0.752035    0.752035 ^ clk (in)
                                                         clk (net)
                      1.101492    0.000000    0.752035 ^ _1392_/CLK (sky130_fd_sc_hd__dfxtp_2)
    18    0.062173    0.312584    0.709106    1.461142 ^ _1392_/Q (sky130_fd_sc_hd__dfxtp_2)
                                                         core_a[7] (net)
                      0.312584    0.000002    1.461144 ^ _0717_/A0 (sky130_fd_sc_hd__mux2_1)
     1    0.001774    0.034685    0.175000    1.636143 ^ _0717_/X (sky130_fd_sc_hd__mux2_1)
                                                         _0098_ (net)
                      0.034685    0.000002    1.636145 ^ _0718_/B (sky130_fd_sc_hd__and2_2)
     1    0.001814    0.032982    0.119397    1.755542 ^ _0718_/X (sky130_fd_sc_hd__and2_2)
                                                         _0008_ (net)
                      0.032982    0.000001    1.755543 ^ _1392_/D (sky130_fd_sc_hd__dfxtp_2)
                                              1.755543   data arrival time

                                  0.000000    0.000000   clock clk (rise edge)
                                  0.000000    0.000000   clock source latency
    81    0.246353    1.101485    0.752035    0.752035 ^ clk (in)
                                                         clk (net)
                      1.101492    0.000000    0.752035 ^ _1392_/CLK (sky130_fd_sc_hd__dfxtp_2)
                                  0.250000    1.002035   clock uncertainty
                                  0.000000    1.002035   clock reconvergence pessimism
                                  0.044597    1.046633   library hold time
                                              1.046633   data required time
---------------------------------------------------------------------------------------------
                                              1.046633   data required time
                                             -1.755543   data arrival time
---------------------------------------------------------------------------------------------
                                              0.708911   slack (MET)


Startpoint: _1429_ (rising edge-triggered flip-flop clocked by clk)
Endpoint: _1429_ (rising edge-triggered flip-flop clocked by clk)
Path Group: clk
Path Type: min

Fanout         Cap        Slew       Delay        Time   Description
---------------------------------------------------------------------------------------------
                                  0.000000    0.000000   clock clk (rise edge)
                                  0.000000    0.000000   clock source latency
    81    0.246353    1.101485    0.752048    0.752048 ^ clk (in)
                                                         clk (net)
                      1.101492    0.000000    0.752048 ^ _1429_/CLK (sky130_fd_sc_hd__dfxtp_2)
    18    0.062947    0.316495    0.711281    1.463329 ^ _1429_/Q (sky130_fd_sc_hd__dfxtp_2)
                                                         core_b[4] (net)
                      0.316495    0.000043    1.463373 ^ _0805_/A0 (sky130_fd_sc_hd__mux2_1)
     1    0.001627    0.033516    0.174174    1.637547 ^ _0805_/X (sky130_fd_sc_hd__mux2_1)
                                                         _0149_ (net)
                      0.033516    0.000000    1.637548 ^ _0806_/B (sky130_fd_sc_hd__and2_2)
     1    0.001750    0.032680    0.118719    1.756267 ^ _0806_/X (sky130_fd_sc_hd__and2_2)
                                                         _0045_ (net)
                      0.032680    0.000000    1.756268 ^ _1429_/D (sky130_fd_sc_hd__dfxtp_2)
                                              1.756268   data arrival time

                                  0.000000    0.000000   clock clk (rise edge)
                                  0.000000    0.000000   clock source latency
    81    0.246353    1.101485    0.752048    0.752048 ^ clk (in)
                                                         clk (net)
                      1.101492    0.000000    0.752048 ^ _1429_/CLK (sky130_fd_sc_hd__dfxtp_2)
                                  0.250000    1.002048   clock uncertainty
                                  0.000000    1.002048   clock reconvergence pessimism
                                  0.044655    1.046704   library hold time
                                              1.046704   data required time
---------------------------------------------------------------------------------------------
                                              1.046704   data required time
                                             -1.756268   data arrival time
---------------------------------------------------------------------------------------------
                                              0.709564   slack (MET)


Startpoint: _1386_ (rising edge-triggered flip-flop clocked by clk)
Endpoint: _1386_ (rising edge-triggered flip-flop clocked by clk)
Path Group: clk
Path Type: min

Fanout         Cap        Slew       Delay        Time   Description
---------------------------------------------------------------------------------------------
                                  0.000000    0.000000   clock clk (rise edge)
                                  0.000000    0.000000   clock source latency
    81    0.246353    1.101485    0.767872    0.767872 ^ clk (in)
                                                         clk (net)
                      1.101923    0.000000    0.767872 ^ _1386_/CLK (sky130_fd_sc_hd__dfxtp_2)
    18    0.063301    0.318209    0.712585    1.480457 ^ _1386_/Q (sky130_fd_sc_hd__dfxtp_2)
                                                         core_a[1] (net)
                      0.318209    0.000066    1.480523 ^ _0705_/A0 (sky130_fd_sc_hd__mux2_1)
     1    0.001685    0.033977    0.174889    1.655412 ^ _0705_/X (sky130_fd_sc_hd__mux2_1)
                                                         _0092_ (net)
                      0.033977    0.000001    1.655413 ^ _0706_/B (sky130_fd_sc_hd__and2_2)
     1    0.001759    0.032718    0.118900    1.774313 ^ _0706_/X (sky130_fd_sc_hd__and2_2)
                                                         _0002_ (net)
                      0.032718    0.000000    1.774314 ^ _1386_/D (sky130_fd_sc_hd__dfxtp_2)
                                              1.774314   data arrival time

                                  0.000000    0.000000   clock clk (rise edge)
                                  0.000000    0.000000   clock source latency
    81    0.246353    1.101485    0.767872    0.767872 ^ clk (in)
                                                         clk (net)
                      1.101923    0.000000    0.767872 ^ _1386_/CLK (sky130_fd_sc_hd__dfxtp_2)
                                  0.250000    1.017872   clock uncertainty
                                  0.000000    1.017872   clock reconvergence pessimism
                                  0.044658    1.062530   library hold time
                                              1.062530   data required time
---------------------------------------------------------------------------------------------
                                              1.062530   data required time
                                             -1.774314   data arrival time
---------------------------------------------------------------------------------------------
                                              0.711784   slack (MET)


Startpoint: _1385_ (rising edge-triggered flip-flop clocked by clk)
Endpoint: _1385_ (rising edge-triggered flip-flop clocked by clk)
Path Group: clk
Path Type: min

Fanout         Cap        Slew       Delay        Time   Description
---------------------------------------------------------------------------------------------
                                  0.000000    0.000000   clock clk (rise edge)
                                  0.000000    0.000000   clock source latency
    81    0.246353    1.101485    0.767848    0.767848 ^ clk (in)
                                                         clk (net)
                      1.101922    0.000000    0.767848 ^ _1385_/CLK (sky130_fd_sc_hd__dfxtp_2)
    17    0.065129    0.327091    0.718957    1.486804 ^ _1385_/Q (sky130_fd_sc_hd__dfxtp_2)
                                                         core_a[0] (net)
                      0.327091    0.000076    1.486880 ^ _0703_/A0 (sky130_fd_sc_hd__mux2_1)
     1    0.001607    0.033359    0.175260    1.662140 ^ _0703_/X (sky130_fd_sc_hd__mux2_1)
                                                         _0091_ (net)
                      0.033359    0.000000    1.662141 ^ _0704_/B (sky130_fd_sc_hd__and2_2)
     1    0.001723    0.032550    0.118532    1.780673 ^ _0704_/X (sky130_fd_sc_hd__and2_2)
                                                         _0001_ (net)
                      0.032550    0.000000    1.780673 ^ _1385_/D (sky130_fd_sc_hd__dfxtp_2)
                                              1.780673   data arrival time

                                  0.000000    0.000000   clock clk (rise edge)
                                  0.000000    0.000000   clock source latency
    81    0.246353    1.101485    0.767848    0.767848 ^ clk (in)
                                                         clk (net)
                      1.101922    0.000000    0.767848 ^ _1385_/CLK (sky130_fd_sc_hd__dfxtp_2)
                                  0.250000    1.017848   clock uncertainty
                                  0.000000    1.017848   clock reconvergence pessimism
                                  0.044690    1.062538   library hold time
                                              1.062538   data required time
---------------------------------------------------------------------------------------------
                                              1.062538   data required time
                                             -1.780673   data arrival time
---------------------------------------------------------------------------------------------
                                              0.718135   slack (MET)


Startpoint: _1388_ (rising edge-triggered flip-flop clocked by clk)
Endpoint: _1388_ (rising edge-triggered flip-flop clocked by clk)
Path Group: clk
Path Type: min

Fanout         Cap        Slew       Delay        Time   Description
---------------------------------------------------------------------------------------------
                                  0.000000    0.000000   clock clk (rise edge)
                                  0.000000    0.000000   clock source latency
    81    0.246353    1.101485    0.768042    0.768042 ^ clk (in)
                                                         clk (net)
                      1.101931    0.000000    0.768042 ^ _1388_/CLK (sky130_fd_sc_hd__dfxtp_2)
    16    0.065353    0.328305    0.719273    1.487315 ^ _1388_/Q (sky130_fd_sc_hd__dfxtp_2)
                                                         core_a[3] (net)
                      0.328305    0.000012    1.487327 ^ _0709_/A0 (sky130_fd_sc_hd__mux2_1)
     1    0.001660    0.033782    0.175875    1.663202 ^ _0709_/X (sky130_fd_sc_hd__mux2_1)
                                                         _0094_ (net)
                      0.033782    0.000001    1.663203 ^ _0710_/B (sky130_fd_sc_hd__and2_2)
     1    0.001760    0.032724    0.118847    1.782050 ^ _0710_/X (sky130_fd_sc_hd__and2_2)
                                                         _0004_ (net)
                      0.032724    0.000000    1.782051 ^ _1388_/D (sky130_fd_sc_hd__dfxtp_2)
                                              1.782051   data arrival time

                                  0.000000    0.000000   clock clk (rise edge)
                                  0.000000    0.000000   clock source latency
    81    0.246353    1.101485    0.768042    0.768042 ^ clk (in)
                                                         clk (net)
                      1.101931    0.000000    0.768042 ^ _1388_/CLK (sky130_fd_sc_hd__dfxtp_2)
                                  0.250000    1.018042   clock uncertainty
                                  0.000000    1.018042   clock reconvergence pessimism
                                  0.044657    1.062698   library hold time
                                              1.062698   data required time
---------------------------------------------------------------------------------------------
                                              1.062698   data required time
                                             -1.782051   data arrival time
---------------------------------------------------------------------------------------------
                                              0.719353   slack (MET)


Startpoint: _1426_ (rising edge-triggered flip-flop clocked by clk)
Endpoint: _1426_ (rising edge-triggered flip-flop clocked by clk)
Path Group: clk
Path Type: min

Fanout         Cap        Slew       Delay        Time   Description
---------------------------------------------------------------------------------------------
                                  0.000000    0.000000   clock clk (rise edge)
                                  0.000000    0.000000   clock source latency
    81    0.246353    1.101485    0.767979    0.767979 ^ clk (in)
                                                         clk (net)
                      1.101928    0.000000    0.767979 ^ _1426_/CLK (sky130_fd_sc_hd__dfxtp_2)
    19    0.065862    0.330647    0.721536    1.489516 ^ _1426_/Q (sky130_fd_sc_hd__dfxtp_2)
                                                         core_b[1] (net)
                      0.330647    0.000004    1.489520 ^ _0799_/A0 (sky130_fd_sc_hd__mux2_1)
     1    0.001662    0.033795    0.176169    1.665688 ^ _0799_/X (sky130_fd_sc_hd__mux2_1)
                                                         _0146_ (net)
                      0.033795    0.000000    1.665689 ^ _0800_/B (sky130_fd_sc_hd__and2_2)
     1    0.001709    0.032482    0.118592    1.784281 ^ _0800_/X (sky130_fd_sc_hd__and2_2)
                                                         _0042_ (net)
                      0.032482    0.000000    1.784281 ^ _1426_/D (sky130_fd_sc_hd__dfxtp_2)
                                              1.784281   data arrival time

                                  0.000000    0.000000   clock clk (rise edge)
                                  0.000000    0.000000   clock source latency
    81    0.246353    1.101485    0.767979    0.767979 ^ clk (in)
                                                         clk (net)
                      1.101928    0.000000    0.767979 ^ _1426_/CLK (sky130_fd_sc_hd__dfxtp_2)
                                  0.250000    1.017979   clock uncertainty
                                  0.000000    1.017979   clock reconvergence pessimism
                                  0.044703    1.062683   library hold time
                                              1.062683   data required time
---------------------------------------------------------------------------------------------
                                              1.062683   data required time
                                             -1.784281   data arrival time
---------------------------------------------------------------------------------------------
                                              0.721599   slack (MET)


Startpoint: _1427_ (rising edge-triggered flip-flop clocked by clk)
Endpoint: _1427_ (rising edge-triggered flip-flop clocked by clk)
Path Group: clk
Path Type: min

Fanout         Cap        Slew       Delay        Time   Description
---------------------------------------------------------------------------------------------
                                  0.000000    0.000000   clock clk (rise edge)
                                  0.000000    0.000000   clock source latency
    81    0.246353    1.101485    0.768018    0.768018 ^ clk (in)
                                                         clk (net)
                      1.101930    0.000000    0.768018 ^ _1427_/CLK (sky130_fd_sc_hd__dfxtp_2)
    17    0.068023    0.341216    0.728804    1.496822 ^ _1427_/Q (sky130_fd_sc_hd__dfxtp_2)
                                                         core_b[2] (net)
                      0.341216    0.000027    1.496849 ^ _0801_/A0 (sky130_fd_sc_hd__mux2_1)
     1    0.001651    0.033707    0.177329    1.674178 ^ _0801_/X (sky130_fd_sc_hd__mux2_1)
                                                         _0147_ (net)
                      0.033707    0.000000    1.674179 ^ _0802_/B (sky130_fd_sc_hd__and2_2)
     1    0.001788    0.032860    0.118969    1.793149 ^ _0802_/X (sky130_fd_sc_hd__and2_2)
                                                         _0043_ (net)
                      0.032860    0.000000    1.793150 ^ _1427_/D (sky130_fd_sc_hd__dfxtp_2)
                                              1.793150   data arrival time

                                  0.000000    0.000000   clock clk (rise edge)
                                  0.000000    0.000000   clock source latency
    81    0.246353    1.101485    0.768018    0.768018 ^ clk (in)
                                                         clk (net)
                      1.101930    0.000000    0.768018 ^ _1427_/CLK (sky130_fd_sc_hd__dfxtp_2)
                                  0.250000    1.018018   clock uncertainty
                                  0.000000    1.018018   clock reconvergence pessimism
                                  0.044631    1.062649   library hold time
                                              1.062649   data required time
---------------------------------------------------------------------------------------------
                                              1.062649   data required time
                                             -1.793150   data arrival time
---------------------------------------------------------------------------------------------
                                              0.730501   slack (MET)


Startpoint: _1425_ (rising edge-triggered flip-flop clocked by clk)
Endpoint: _1425_ (rising edge-triggered flip-flop clocked by clk)
Path Group: clk
Path Type: min

Fanout         Cap        Slew       Delay        Time   Description
---------------------------------------------------------------------------------------------
                                  0.000000    0.000000   clock clk (rise edge)
                                  0.000000    0.000000   clock source latency
    81    0.246353    1.101485    0.767959    0.767959 ^ clk (in)
                                                         clk (net)
                      1.101927    0.000000    0.767959 ^ _1425_/CLK (sky130_fd_sc_hd__dfxtp_2)
    22    0.070188    0.163517    0.615386    1.383344 v _1425_/Q (sky130_fd_sc_hd__dfxtp_2)
                                                         core_b[0] (net)
                      0.163517    0.000081    1.383425 v _0797_/A0 (sky130_fd_sc_hd__mux2_1)
     1    0.001489    0.048084    0.310280    1.693705 v _0797_/X (sky130_fd_sc_hd__mux2_1)
                                                         _0145_ (net)
                      0.048084    0.000000    1.693706 v _0798_/B (sky130_fd_sc_hd__and2_2)
     1    0.001713    0.033816    0.178558    1.872264 v _0798_/X (sky130_fd_sc_hd__and2_2)
                                                         _0041_ (net)
                      0.033816    0.000000    1.872264 v _1425_/D (sky130_fd_sc_hd__dfxtp_2)
                                              1.872264   data arrival time

                                  0.000000    0.000000   clock clk (rise edge)
                                  0.000000    0.000000   clock source latency
    81    0.246353    1.101485    0.767959    0.767959 ^ clk (in)
                                                         clk (net)
                      1.101927    0.000000    0.767959 ^ _1425_/CLK (sky130_fd_sc_hd__dfxtp_2)
                                  0.250000    1.017959   clock uncertainty
                                  0.000000    1.017959   clock reconvergence pessimism
                                  0.105794    1.123753   library hold time
                                              1.123753   data required time
---------------------------------------------------------------------------------------------
                                              1.123753   data required time
                                             -1.872264   data arrival time
---------------------------------------------------------------------------------------------
                                              0.748511   slack (MET)


Startpoint: _1428_ (rising edge-triggered flip-flop clocked by clk)
Endpoint: _1428_ (rising edge-triggered flip-flop clocked by clk)
Path Group: clk
Path Type: min

Fanout         Cap        Slew       Delay        Time   Description
---------------------------------------------------------------------------------------------
                                  0.000000    0.000000   clock clk (rise edge)
                                  0.000000    0.000000   clock source latency
    81    0.246353    1.101485    0.768054    0.768054 ^ clk (in)
                                                         clk (net)
                      1.101932    0.000000    0.768054 ^ _1428_/CLK (sky130_fd_sc_hd__dfxtp_2)
    21    0.071122    0.165946    0.615881    1.383935 v _1428_/Q (sky130_fd_sc_hd__dfxtp_2)
                                                         core_b[3] (net)
                      0.165946    0.000016    1.383951 v _0803_/A0 (sky130_fd_sc_hd__mux2_1)
     1    0.001525    0.048303    0.311656    1.695607 v _0803_/X (sky130_fd_sc_hd__mux2_1)
                                                         _0148_ (net)
                      0.048303    0.000000    1.695608 v _0804_/B (sky130_fd_sc_hd__and2_2)
     1    0.001721    0.033841    0.178692    1.874300 v _0804_/X (sky130_fd_sc_hd__and2_2)
                                                         _0044_ (net)
                      0.033841    0.000000    1.874301 v _1428_/D (sky130_fd_sc_hd__dfxtp_2)
                                              1.874301   data arrival time

                                  0.000000    0.000000   clock clk (rise edge)
                                  0.000000    0.000000   clock source latency
    81    0.246353    1.101485    0.768054    0.768054 ^ clk (in)
                                                         clk (net)
                      1.101932    0.000000    0.768054 ^ _1428_/CLK (sky130_fd_sc_hd__dfxtp_2)
                                  0.250000    1.018054   clock uncertainty
                                  0.000000    1.018054   clock reconvergence pessimism
                                  0.105785    1.123839   library hold time
                                              1.123839   data required time
---------------------------------------------------------------------------------------------
                                              1.123839   data required time
                                             -1.874301   data arrival time
---------------------------------------------------------------------------------------------
                                              0.750462   slack (MET)


Startpoint: _1430_ (rising edge-triggered flip-flop clocked by clk)
Endpoint: _1430_ (rising edge-triggered flip-flop clocked by clk)
Path Group: clk
Path Type: min

Fanout         Cap        Slew       Delay        Time   Description
---------------------------------------------------------------------------------------------
                                  0.000000    0.000000   clock clk (rise edge)
                                  0.000000    0.000000   clock source latency
    81    0.246353    1.101485    0.767992    0.767992 ^ clk (in)
                                                         clk (net)
                      1.101929    0.000000    0.767992 ^ _1430_/CLK (sky130_fd_sc_hd__dfxtp_2)
    18    0.071660    0.166863    0.617406    1.385398 v _1430_/Q (sky130_fd_sc_hd__dfxtp_2)
                                                         core_b[5] (net)
                      0.166863    0.000144    1.385542 v _0807_/A0 (sky130_fd_sc_hd__mux2_1)
     1    0.001649    0.049051    0.313205    1.698747 v _0807_/X (sky130_fd_sc_hd__mux2_1)
                                                         _0150_ (net)
                      0.049051    0.000002    1.698749 v _0808_/B (sky130_fd_sc_hd__and2_2)
     1    0.001888    0.034348    0.179784    1.878533 v _0808_/X (sky130_fd_sc_hd__and2_2)
                                                         _0046_ (net)
                      0.034348    0.000002    1.878535 v _1430_/D (sky130_fd_sc_hd__dfxtp_2)
                                              1.878535   data arrival time

                                  0.000000    0.000000   clock clk (rise edge)
                                  0.000000    0.000000   clock source latency
    81    0.246353    1.101485    0.767992    0.767992 ^ clk (in)
                                                         clk (net)
                      1.101929    0.000000    0.767992 ^ _1430_/CLK (sky130_fd_sc_hd__dfxtp_2)
                                  0.250000    1.017992   clock uncertainty
                                  0.000000    1.017992   clock reconvergence pessimism
                                  0.105577    1.123569   library hold time
                                              1.123569   data required time
---------------------------------------------------------------------------------------------
                                              1.123569   data required time
                                             -1.878535   data arrival time
---------------------------------------------------------------------------------------------
                                              0.754966   slack (MET)


Startpoint: addr[3] (input port clocked by clk)
Endpoint: _1384_ (rising edge-triggered flip-flop clocked by clk)
Path Group: clk
Path Type: min

Fanout         Cap        Slew       Delay        Time   Description
---------------------------------------------------------------------------------------------
                                  0.000000    0.000000   clock clk (rise edge)
                                  0.000000    0.000000   clock network delay (propagated)
                                  2.000000    2.000000 v input external delay
     2    0.006504    0.016869    0.010510    2.010509 v addr[3] (in)
                                                         addr[3] (net)
                      0.016869    0.000000    2.010509 v _0693_/A (sky130_fd_sc_hd__inv_2)
     1    0.001707    0.015648    0.024722    2.035231 ^ _0693_/Y (sky130_fd_sc_hd__inv_2)
                                                         _0082_ (net)
                      0.015648    0.000001    2.035233 ^ _0698_/A (sky130_fd_sc_hd__or2_2)
     2    0.009798    0.062683    0.111510    2.146742 ^ _0698_/X (sky130_fd_sc_hd__or2_2)
                                                         _0087_ (net)
                      0.062683    0.000015    2.146757 ^ _0699_/C (sky130_fd_sc_hd__nor3_2)
     1    0.001874    0.019978    0.034093    2.180851 v _0699_/Y (sky130_fd_sc_hd__nor3_2)
                                                         _0000_ (net)
                      0.019978    0.000002    2.180853 v _1384_/D (sky130_fd_sc_hd__dfxtp_2)
                                              2.180853   data arrival time

                                  0.000000    0.000000   clock clk (rise edge)
                                  0.000000    0.000000   clock source latency
    81    0.246353    1.101485    0.765975    0.765975 ^ clk (in)
                                                         clk (net)
                      1.101835    0.000000    0.765975 ^ _1384_/CLK (sky130_fd_sc_hd__dfxtp_2)
                                  0.250000    1.015975   clock uncertainty
                                  0.000000    1.015975   clock reconvergence pessimism
                                  0.111451    1.127426   library hold time
                                              1.127426   data required time
---------------------------------------------------------------------------------------------
                                              1.127426   data required time
                                             -2.180853   data arrival time
---------------------------------------------------------------------------------------------
                                              1.053427   slack (MET)


Startpoint: _1406_ (rising edge-triggered flip-flop clocked by clk)
Endpoint: rdata[13] (output port clocked by clk)
Path Group: clk
Path Type: min

Fanout         Cap        Slew       Delay        Time   Description
---------------------------------------------------------------------------------------------
                                  0.000000    0.000000   clock clk (rise edge)
                                  0.000000    0.000000   clock source latency
    81    0.246353    1.101485    0.756915    0.756915 ^ clk (in)
                                                         clk (net)
                      1.101553    0.000000    0.756915 ^ _1406_/CLK (sky130_fd_sc_hd__dfxtp_2)
     2    0.036954    0.092076    0.560643    1.317558 v _1406_/Q (sky130_fd_sc_hd__dfxtp_2)
                                                         rdata[13] (net)
                      0.092076    0.000102    1.317660 v rdata[13] (out)
                                              1.317660   data arrival time

                                  0.000000    0.000000   clock clk (rise edge)
                                  0.000000    0.000000   clock network delay (propagated)
                                  0.250000    0.250000   clock uncertainty
                                  0.000000    0.250000   clock reconvergence pessimism
                                 -2.000000   -1.750000   output external delay
                                             -1.750000   data required time
---------------------------------------------------------------------------------------------
                                             -1.750000   data required time
                                             -1.317660   data arrival time
---------------------------------------------------------------------------------------------
                                              3.067660   slack (MET)


Startpoint: _1405_ (rising edge-triggered flip-flop clocked by clk)
Endpoint: rdata[12] (output port clocked by clk)
Path Group: clk
Path Type: min

Fanout         Cap        Slew       Delay        Time   Description
---------------------------------------------------------------------------------------------
                                  0.000000    0.000000   clock clk (rise edge)
                                  0.000000    0.000000   clock source latency
    81    0.246353    1.101485    0.756331    0.756331 ^ clk (in)
                                                         clk (net)
                      1.101543    0.000000    0.756331 ^ _1405_/CLK (sky130_fd_sc_hd__dfxtp_2)
     2    0.037636    0.093564    0.561692    1.318023 v _1405_/Q (sky130_fd_sc_hd__dfxtp_2)
                                                         rdata[12] (net)
                      0.093564    0.000223    1.318246 v rdata[12] (out)
                                              1.318246   data arrival time

                                  0.000000    0.000000   clock clk (rise edge)
                                  0.000000    0.000000   clock network delay (propagated)
                                  0.250000    0.250000   clock uncertainty
                                  0.000000    0.250000   clock reconvergence pessimism
                                 -2.000000   -1.750000   output external delay
                                             -1.750000   data required time
---------------------------------------------------------------------------------------------
                                             -1.750000   data required time
                                             -1.318246   data arrival time
---------------------------------------------------------------------------------------------
                                              3.068246   slack (MET)


Startpoint: _1407_ (rising edge-triggered flip-flop clocked by clk)
Endpoint: rdata[14] (output port clocked by clk)
Path Group: clk
Path Type: min

Fanout         Cap        Slew       Delay        Time   Description
---------------------------------------------------------------------------------------------
                                  0.000000    0.000000   clock clk (rise edge)
                                  0.000000    0.000000   clock source latency
    81    0.246353    1.101485    0.757775    0.757775 ^ clk (in)
                                                         clk (net)
                      1.101570    0.000000    0.757775 ^ _1407_/CLK (sky130_fd_sc_hd__dfxtp_2)
     2    0.036956    0.092078    0.560651    1.318426 v _1407_/Q (sky130_fd_sc_hd__dfxtp_2)
                                                         rdata[14] (net)
                      0.092078    0.000095    1.318521 v rdata[14] (out)
                                              1.318521   data arrival time

                                  0.000000    0.000000   clock clk (rise edge)
                                  0.000000    0.000000   clock network delay (propagated)
                                  0.250000    0.250000   clock uncertainty
                                  0.000000    0.250000   clock reconvergence pessimism
                                 -2.000000   -1.750000   output external delay
                                             -1.750000   data required time
---------------------------------------------------------------------------------------------
                                             -1.750000   data required time
                                             -1.318521   data arrival time
---------------------------------------------------------------------------------------------
                                              3.068521   slack (MET)


Startpoint: _1403_ (rising edge-triggered flip-flop clocked by clk)
Endpoint: rdata[10] (output port clocked by clk)
Path Group: clk
Path Type: min

Fanout         Cap        Slew       Delay        Time   Description
---------------------------------------------------------------------------------------------
                                  0.000000    0.000000   clock clk (rise edge)
                                  0.000000    0.000000   clock source latency
    81    0.246353    1.101485    0.758064    0.758064 ^ clk (in)
                                                         clk (net)
                      1.101577    0.000000    0.758064 ^ _1403_/CLK (sky130_fd_sc_hd__dfxtp_2)
     2    0.037090    0.092369    0.560860    1.318924 v _1403_/Q (sky130_fd_sc_hd__dfxtp_2)
                                                         rdata[10] (net)
                      0.092369    0.000117    1.319041 v rdata[10] (out)
                                              1.319041   data arrival time

                                  0.000000    0.000000   clock clk (rise edge)
                                  0.000000    0.000000   clock network delay (propagated)
                                  0.250000    0.250000   clock uncertainty
                                  0.000000    0.250000   clock reconvergence pessimism
                                 -2.000000   -1.750000   output external delay
                                             -1.750000   data required time
---------------------------------------------------------------------------------------------
                                             -1.750000   data required time
                                             -1.319041   data arrival time
---------------------------------------------------------------------------------------------
                                              3.069041   slack (MET)


Startpoint: _1408_ (rising edge-triggered flip-flop clocked by clk)
Endpoint: rdata[15] (output port clocked by clk)
Path Group: clk
Path Type: min

Fanout         Cap        Slew       Delay        Time   Description
---------------------------------------------------------------------------------------------
                                  0.000000    0.000000   clock clk (rise edge)
                                  0.000000    0.000000   clock source latency
    81    0.246353    1.101485    0.758351    0.758351 ^ clk (in)
                                                         clk (net)
                      1.101583    0.000000    0.758351 ^ _1408_/CLK (sky130_fd_sc_hd__dfxtp_2)
     2    0.037020    0.092217    0.560756    1.319108 v _1408_/Q (sky130_fd_sc_hd__dfxtp_2)
                                                         rdata[15] (net)
                      0.092217    0.000101    1.319208 v rdata[15] (out)
                                              1.319208   data arrival time

                                  0.000000    0.000000   clock clk (rise edge)
                                  0.000000    0.000000   clock network delay (propagated)
                                  0.250000    0.250000   clock uncertainty
                                  0.000000    0.250000   clock reconvergence pessimism
                                 -2.000000   -1.750000   output external delay
                                             -1.750000   data required time
---------------------------------------------------------------------------------------------
                                             -1.750000   data required time
                                             -1.319208   data arrival time
---------------------------------------------------------------------------------------------
                                              3.069208   slack (MET)


Startpoint: _1409_ (rising edge-triggered flip-flop clocked by clk)
Endpoint: rdata[16] (output port clocked by clk)
Path Group: clk
Path Type: min

Fanout         Cap        Slew       Delay        Time   Description
---------------------------------------------------------------------------------------------
                                  0.000000    0.000000   clock clk (rise edge)
                                  0.000000    0.000000   clock source latency
    81    0.246353    1.101485    0.758656    0.758656 ^ clk (in)
                                                         clk (net)
                      1.101590    0.000000    0.758656 ^ _1409_/CLK (sky130_fd_sc_hd__dfxtp_2)
     2    0.037031    0.092245    0.560760    1.319416 v _1409_/Q (sky130_fd_sc_hd__dfxtp_2)
                                                         rdata[16] (net)
                      0.092245    0.000121    1.319537 v rdata[16] (out)
                                              1.319537   data arrival time

                                  0.000000    0.000000   clock clk (rise edge)
                                  0.000000    0.000000   clock network delay (propagated)
                                  0.250000    0.250000   clock uncertainty
                                  0.000000    0.250000   clock reconvergence pessimism
                                 -2.000000   -1.750000   output external delay
                                             -1.750000   data required time
---------------------------------------------------------------------------------------------
                                             -1.750000   data required time
                                             -1.319537   data arrival time
---------------------------------------------------------------------------------------------
                                              3.069537   slack (MET)


Startpoint: _1412_ (rising edge-triggered flip-flop clocked by clk)
Endpoint: rdata[19] (output port clocked by clk)
Path Group: clk
Path Type: min

Fanout         Cap        Slew       Delay        Time   Description
---------------------------------------------------------------------------------------------
                                  0.000000    0.000000   clock clk (rise edge)
                                  0.000000    0.000000   clock source latency
    81    0.246353    1.101485    0.759250    0.759250 ^ clk (in)
                                                         clk (net)
                      1.101605    0.000000    0.759250 ^ _1412_/CLK (sky130_fd_sc_hd__dfxtp_2)
     2    0.036829    0.091801    0.560458    1.319708 v _1412_/Q (sky130_fd_sc_hd__dfxtp_2)
                                                         rdata[19] (net)
                      0.091801    0.000074    1.319782 v rdata[19] (out)
                                              1.319782   data arrival time

                                  0.000000    0.000000   clock clk (rise edge)
                                  0.000000    0.000000   clock network delay (propagated)
                                  0.250000    0.250000   clock uncertainty
                                  0.000000    0.250000   clock reconvergence pessimism
                                 -2.000000   -1.750000   output external delay
                                             -1.750000   data required time
---------------------------------------------------------------------------------------------
                                             -1.750000   data required time
                                             -1.319782   data arrival time
---------------------------------------------------------------------------------------------
                                              3.069782   slack (MET)


Startpoint: _1411_ (rising edge-triggered flip-flop clocked by clk)
Endpoint: rdata[18] (output port clocked by clk)
Path Group: clk
Path Type: min

Fanout         Cap        Slew       Delay        Time   Description
---------------------------------------------------------------------------------------------
                                  0.000000    0.000000   clock clk (rise edge)
                                  0.000000    0.000000   clock source latency
    81    0.246353    1.101485    0.758968    0.758968 ^ clk (in)
                                                         clk (net)
                      1.101598    0.000000    0.758968 ^ _1411_/CLK (sky130_fd_sc_hd__dfxtp_2)
     2    0.037012    0.092202    0.560738    1.319707 v _1411_/Q (sky130_fd_sc_hd__dfxtp_2)
                                                         rdata[18] (net)
                      0.092202    0.000109    1.319816 v rdata[18] (out)
                                              1.319816   data arrival time

                                  0.000000    0.000000   clock clk (rise edge)
                                  0.000000    0.000000   clock network delay (propagated)
                                  0.250000    0.250000   clock uncertainty
                                  0.000000    0.250000   clock reconvergence pessimism
                                 -2.000000   -1.750000   output external delay
                                             -1.750000   data required time
---------------------------------------------------------------------------------------------
                                             -1.750000   data required time
                                             -1.319816   data arrival time
---------------------------------------------------------------------------------------------
                                              3.069816   slack (MET)


Startpoint: _1413_ (rising edge-triggered flip-flop clocked by clk)
Endpoint: rdata[20] (output port clocked by clk)
Path Group: clk
Path Type: min

Fanout         Cap        Slew       Delay        Time   Description
---------------------------------------------------------------------------------------------
                                  0.000000    0.000000   clock clk (rise edge)
                                  0.000000    0.000000   clock source latency
    81    0.246353    1.101485    0.759401    0.759401 ^ clk (in)
                                                         clk (net)
                      1.101609    0.000000    0.759401 ^ _1413_/CLK (sky130_fd_sc_hd__dfxtp_2)
     2    0.036951    0.092068    0.560645    1.320045 v _1413_/Q (sky130_fd_sc_hd__dfxtp_2)
                                                         rdata[20] (net)
                      0.092068    0.000100    1.320145 v rdata[20] (out)
                                              1.320145   data arrival time

                                  0.000000    0.000000   clock clk (rise edge)
                                  0.000000    0.000000   clock network delay (propagated)
                                  0.250000    0.250000   clock uncertainty
                                  0.000000    0.250000   clock reconvergence pessimism
                                 -2.000000   -1.750000   output external delay
                                             -1.750000   data required time
---------------------------------------------------------------------------------------------
                                             -1.750000   data required time
                                             -1.320145   data arrival time
---------------------------------------------------------------------------------------------
                                              3.070145   slack (MET)


Startpoint: _1415_ (rising edge-triggered flip-flop clocked by clk)
Endpoint: rdata[22] (output port clocked by clk)
Path Group: clk
Path Type: min

Fanout         Cap        Slew       Delay        Time   Description
---------------------------------------------------------------------------------------------
                                  0.000000    0.000000   clock clk (rise edge)
                                  0.000000    0.000000   clock source latency
    81    0.246353    1.101485    0.759433    0.759433 ^ clk (in)
                                                         clk (net)
                      1.101609    0.000000    0.759433 ^ _1415_/CLK (sky130_fd_sc_hd__dfxtp_2)
     2    0.037039    0.092260    0.560782    1.320215 v _1415_/Q (sky130_fd_sc_hd__dfxtp_2)
                                                         rdata[22] (net)
                      0.092260    0.000112    1.320328 v rdata[22] (out)
                                              1.320328   data arrival time

                                  0.000000    0.000000   clock clk (rise edge)
                                  0.000000    0.000000   clock network delay (propagated)
                                  0.250000    0.250000   clock uncertainty
                                  0.000000    0.250000   clock reconvergence pessimism
                                 -2.000000   -1.750000   output external delay
                                             -1.750000   data required time
---------------------------------------------------------------------------------------------
                                             -1.750000   data required time
                                             -1.320328   data arrival time
---------------------------------------------------------------------------------------------
                                              3.070328   slack (MET)


Startpoint: _1414_ (rising edge-triggered flip-flop clocked by clk)
Endpoint: rdata[21] (output port clocked by clk)
Path Group: clk
Path Type: min

Fanout         Cap        Slew       Delay        Time   Description
---------------------------------------------------------------------------------------------
                                  0.000000    0.000000   clock clk (rise edge)
                                  0.000000    0.000000   clock source latency
    81    0.246353    1.101485    0.759422    0.759422 ^ clk (in)
                                                         clk (net)
                      1.101609    0.000000    0.759422 ^ _1414_/CLK (sky130_fd_sc_hd__dfxtp_2)
     2    0.037102    0.092398    0.560874    1.320296 v _1414_/Q (sky130_fd_sc_hd__dfxtp_2)
                                                         rdata[21] (net)
                      0.092398    0.000131    1.320428 v rdata[21] (out)
                                              1.320428   data arrival time

                                  0.000000    0.000000   clock clk (rise edge)
                                  0.000000    0.000000   clock network delay (propagated)
                                  0.250000    0.250000   clock uncertainty
                                  0.000000    0.250000   clock reconvergence pessimism
                                 -2.000000   -1.750000   output external delay
                                             -1.750000   data required time
---------------------------------------------------------------------------------------------
                                             -1.750000   data required time
                                             -1.320428   data arrival time
---------------------------------------------------------------------------------------------
                                              3.070428   slack (MET)


Startpoint: _1404_ (rising edge-triggered flip-flop clocked by clk)
Endpoint: rdata[11] (output port clocked by clk)
Path Group: clk
Path Type: min

Fanout         Cap        Slew       Delay        Time   Description
---------------------------------------------------------------------------------------------
                                  0.000000    0.000000   clock clk (rise edge)
                                  0.000000    0.000000   clock source latency
    81    0.246353    1.101485    0.758154    0.758154 ^ clk (in)
                                                         clk (net)
                      1.101579    0.000000    0.758154 ^ _1404_/CLK (sky130_fd_sc_hd__dfxtp_2)
     2    0.037865    0.094051    0.562078    1.320232 v _1404_/Q (sky130_fd_sc_hd__dfxtp_2)
                                                         rdata[11] (net)
                      0.094051    0.000220    1.320451 v rdata[11] (out)
                                              1.320451   data arrival time

                                  0.000000    0.000000   clock clk (rise edge)
                                  0.000000    0.000000   clock network delay (propagated)
                                  0.250000    0.250000   clock uncertainty
                                  0.000000    0.250000   clock reconvergence pessimism
                                 -2.000000   -1.750000   output external delay
                                             -1.750000   data required time
---------------------------------------------------------------------------------------------
                                             -1.750000   data required time
                                             -1.320451   data arrival time
---------------------------------------------------------------------------------------------
                                              3.070451   slack (MET)


Startpoint: _1402_ (rising edge-triggered flip-flop clocked by clk)
Endpoint: rdata[9] (output port clocked by clk)
Path Group: clk
Path Type: min

Fanout         Cap        Slew       Delay        Time   Description
---------------------------------------------------------------------------------------------
                                  0.000000    0.000000   clock clk (rise edge)
                                  0.000000    0.000000   clock source latency
    81    0.246353    1.101485    0.758745    0.758745 ^ clk (in)
                                                         clk (net)
                      1.101592    0.000000    0.758745 ^ _1402_/CLK (sky130_fd_sc_hd__dfxtp_2)
     2    0.037975    0.094299    0.562230    1.320975 v _1402_/Q (sky130_fd_sc_hd__dfxtp_2)
                                                         rdata[9] (net)
                      0.094299    0.000269    1.321245 v rdata[9] (out)
                                              1.321245   data arrival time

                                  0.000000    0.000000   clock clk (rise edge)
                                  0.000000    0.000000   clock network delay (propagated)
                                  0.250000    0.250000   clock uncertainty
                                  0.000000    0.250000   clock reconvergence pessimism
                                 -2.000000   -1.750000   output external delay
                                             -1.750000   data required time
---------------------------------------------------------------------------------------------
                                             -1.750000   data required time
                                             -1.321245   data arrival time
---------------------------------------------------------------------------------------------
                                              3.071245   slack (MET)


Startpoint: _1410_ (rising edge-triggered flip-flop clocked by clk)
Endpoint: rdata[17] (output port clocked by clk)
Path Group: clk
Path Type: min

Fanout         Cap        Slew       Delay        Time   Description
---------------------------------------------------------------------------------------------
                                  0.000000    0.000000   clock clk (rise edge)
                                  0.000000    0.000000   clock source latency
    81    0.246353    1.101485    0.759552    0.759552 ^ clk (in)
                                                         clk (net)
                      1.101612    0.000000    0.759552 ^ _1410_/CLK (sky130_fd_sc_hd__dfxtp_2)
     2    0.037577    0.093426    0.561630    1.321182 v _1410_/Q (sky130_fd_sc_hd__dfxtp_2)
                                                         rdata[17] (net)
                      0.093426    0.000180    1.321362 v rdata[17] (out)
                                              1.321362   data arrival time

                                  0.000000    0.000000   clock clk (rise edge)
                                  0.000000    0.000000   clock network delay (propagated)
                                  0.250000    0.250000   clock uncertainty
                                  0.000000    0.250000   clock reconvergence pessimism
                                 -2.000000   -1.750000   output external delay
                                             -1.750000   data required time
---------------------------------------------------------------------------------------------
                                             -1.750000   data required time
                                             -1.321362   data arrival time
---------------------------------------------------------------------------------------------
                                              3.071362   slack (MET)


Startpoint: _1417_ (rising edge-triggered flip-flop clocked by clk)
Endpoint: rdata[24] (output port clocked by clk)
Path Group: clk
Path Type: min

Fanout         Cap        Slew       Delay        Time   Description
---------------------------------------------------------------------------------------------
                                  0.000000    0.000000   clock clk (rise edge)
                                  0.000000    0.000000   clock source latency
    81    0.246353    1.101485    0.759848    0.759848 ^ clk (in)
                                                         clk (net)
                      1.101620    0.000000    0.759848 ^ _1417_/CLK (sky130_fd_sc_hd__dfxtp_2)
     2    0.037927    0.094194    0.562156    1.322004 v _1417_/Q (sky130_fd_sc_hd__dfxtp_2)
                                                         rdata[24] (net)
                      0.094194    0.000263    1.322266 v rdata[24] (out)
                                              1.322266   data arrival time

                                  0.000000    0.000000   clock clk (rise edge)
                                  0.000000    0.000000   clock network delay (propagated)
                                  0.250000    0.250000   clock uncertainty
                                  0.000000    0.250000   clock reconvergence pessimism
                                 -2.000000   -1.750000   output external delay
                                             -1.750000   data required time
---------------------------------------------------------------------------------------------
                                             -1.750000   data required time
                                             -1.322266   data arrival time
---------------------------------------------------------------------------------------------
                                              3.072266   slack (MET)


Startpoint: _1401_ (rising edge-triggered flip-flop clocked by clk)
Endpoint: rdata[8] (output port clocked by clk)
Path Group: clk
Path Type: min

Fanout         Cap        Slew       Delay        Time   Description
---------------------------------------------------------------------------------------------
                                  0.000000    0.000000   clock clk (rise edge)
                                  0.000000    0.000000   clock source latency
    81    0.246353    1.101485    0.761137    0.761137 ^ clk (in)
                                                         clk (net)
                      1.101657    0.000000    0.761137 ^ _1401_/CLK (sky130_fd_sc_hd__dfxtp_2)
     2    0.037306    0.092881    0.561103    1.322240 v _1401_/Q (sky130_fd_sc_hd__dfxtp_2)
                                                         rdata[8] (net)
                      0.092881    0.000305    1.322544 v rdata[8] (out)
                                              1.322544   data arrival time

                                  0.000000    0.000000   clock clk (rise edge)
                                  0.000000    0.000000   clock network delay (propagated)
                                  0.250000    0.250000   clock uncertainty
                                  0.000000    0.250000   clock reconvergence pessimism
                                 -2.000000   -1.750000   output external delay
                                             -1.750000   data required time
---------------------------------------------------------------------------------------------
                                             -1.750000   data required time
                                             -1.322544   data arrival time
---------------------------------------------------------------------------------------------
                                              3.072544   slack (MET)


Startpoint: _1416_ (rising edge-triggered flip-flop clocked by clk)
Endpoint: rdata[23] (output port clocked by clk)
Path Group: clk
Path Type: min

Fanout         Cap        Slew       Delay        Time   Description
---------------------------------------------------------------------------------------------
                                  0.000000    0.000000   clock clk (rise edge)
                                  0.000000    0.000000   clock source latency
    81    0.246353    1.101485    0.760757    0.760757 ^ clk (in)
                                                         clk (net)
                      1.101646    0.000000    0.760757 ^ _1416_/CLK (sky130_fd_sc_hd__dfxtp_2)
     2    0.037540    0.093391    0.561459    1.322215 v _1416_/Q (sky130_fd_sc_hd__dfxtp_2)
                                                         rdata[23] (net)
                      0.093391    0.000351    1.322566 v rdata[23] (out)
                                              1.322566   data arrival time

                                  0.000000    0.000000   clock clk (rise edge)
                                  0.000000    0.000000   clock network delay (propagated)
                                  0.250000    0.250000   clock uncertainty
                                  0.000000    0.250000   clock reconvergence pessimism
                                 -2.000000   -1.750000   output external delay
                                             -1.750000   data required time
---------------------------------------------------------------------------------------------
                                             -1.750000   data required time
                                             -1.322566   data arrival time
---------------------------------------------------------------------------------------------
                                              3.072566   slack (MET)


Startpoint: _1400_ (rising edge-triggered flip-flop clocked by clk)
Endpoint: rdata[7] (output port clocked by clk)
Path Group: clk
Path Type: min

Fanout         Cap        Slew       Delay        Time   Description
---------------------------------------------------------------------------------------------
                                  0.000000    0.000000   clock clk (rise edge)
                                  0.000000    0.000000   clock source latency
    81    0.246353    1.101485    0.761285    0.761285 ^ clk (in)
                                                         clk (net)
                      1.101662    0.000000    0.761285 ^ _1400_/CLK (sky130_fd_sc_hd__dfxtp_2)
     2    0.037252    0.092760    0.561022    1.322307 v _1400_/Q (sky130_fd_sc_hd__dfxtp_2)
                                                         rdata[7] (net)
                      0.092760    0.000292    1.322599 v rdata[7] (out)
                                              1.322599   data arrival time

                                  0.000000    0.000000   clock clk (rise edge)
                                  0.000000    0.000000   clock network delay (propagated)
                                  0.250000    0.250000   clock uncertainty
                                  0.000000    0.250000   clock reconvergence pessimism
                                 -2.000000   -1.750000   output external delay
                                             -1.750000   data required time
---------------------------------------------------------------------------------------------
                                             -1.750000   data required time
                                             -1.322599   data arrival time
---------------------------------------------------------------------------------------------
                                              3.072599   slack (MET)


Startpoint: _1422_ (rising edge-triggered flip-flop clocked by clk)
Endpoint: rdata[29] (output port clocked by clk)
Path Group: clk
Path Type: min

Fanout         Cap        Slew       Delay        Time   Description
---------------------------------------------------------------------------------------------
                                  0.000000    0.000000   clock clk (rise edge)
                                  0.000000    0.000000   clock source latency
    81    0.246353    1.101485    0.761294    0.761294 ^ clk (in)
                                                         clk (net)
                      1.101662    0.000000    0.761294 ^ _1422_/CLK (sky130_fd_sc_hd__dfxtp_2)
     2    0.037280    0.092829    0.561046    1.322339 v _1422_/Q (sky130_fd_sc_hd__dfxtp_2)
                                                         rdata[29] (net)
                      0.092829    0.000326    1.322665 v rdata[29] (out)
                                              1.322665   data arrival time

                                  0.000000    0.000000   clock clk (rise edge)
                                  0.000000    0.000000   clock network delay (propagated)
                                  0.250000    0.250000   clock uncertainty
                                  0.000000    0.250000   clock reconvergence pessimism
                                 -2.000000   -1.750000   output external delay
                                             -1.750000   data required time
---------------------------------------------------------------------------------------------
                                             -1.750000   data required time
                                             -1.322665   data arrival time
---------------------------------------------------------------------------------------------
                                              3.072665   slack (MET)


Startpoint: _1418_ (rising edge-triggered flip-flop clocked by clk)
Endpoint: rdata[25] (output port clocked by clk)
Path Group: clk
Path Type: min

Fanout         Cap        Slew       Delay        Time   Description
---------------------------------------------------------------------------------------------
                                  0.000000    0.000000   clock clk (rise edge)
                                  0.000000    0.000000   clock source latency
    81    0.246353    1.101485    0.761187    0.761187 ^ clk (in)
                                                         clk (net)
                      1.101659    0.000000    0.761187 ^ _1418_/CLK (sky130_fd_sc_hd__dfxtp_2)
     2    0.037420    0.093127    0.561277    1.322465 v _1418_/Q (sky130_fd_sc_hd__dfxtp_2)
                                                         rdata[25] (net)
                      0.093127    0.000328    1.322793 v rdata[25] (out)
                                              1.322793   data arrival time

                                  0.000000    0.000000   clock clk (rise edge)
                                  0.000000    0.000000   clock network delay (propagated)
                                  0.250000    0.250000   clock uncertainty
                                  0.000000    0.250000   clock reconvergence pessimism
                                 -2.000000   -1.750000   output external delay
                                             -1.750000   data required time
---------------------------------------------------------------------------------------------
                                             -1.750000   data required time
                                             -1.322793   data arrival time
---------------------------------------------------------------------------------------------
                                              3.072793   slack (MET)


Startpoint: _1421_ (rising edge-triggered flip-flop clocked by clk)
Endpoint: rdata[28] (output port clocked by clk)
Path Group: clk
Path Type: min

Fanout         Cap        Slew       Delay        Time   Description
---------------------------------------------------------------------------------------------
                                  0.000000    0.000000   clock clk (rise edge)
                                  0.000000    0.000000   clock source latency
    81    0.246353    1.101485    0.761230    0.761230 ^ clk (in)
                                                         clk (net)
                      1.101660    0.000000    0.761230 ^ _1421_/CLK (sky130_fd_sc_hd__dfxtp_2)
     2    0.037460    0.093200    0.561378    1.322608 v _1421_/Q (sky130_fd_sc_hd__dfxtp_2)
                                                         rdata[28] (net)
                      0.093200    0.000274    1.322882 v rdata[28] (out)
                                              1.322882   data arrival time

                                  0.000000    0.000000   clock clk (rise edge)
                                  0.000000    0.000000   clock network delay (propagated)
                                  0.250000    0.250000   clock uncertainty
                                  0.000000    0.250000   clock reconvergence pessimism
                                 -2.000000   -1.750000   output external delay
                                             -1.750000   data required time
---------------------------------------------------------------------------------------------
                                             -1.750000   data required time
                                             -1.322882   data arrival time
---------------------------------------------------------------------------------------------
                                              3.072882   slack (MET)


Startpoint: _1419_ (rising edge-triggered flip-flop clocked by clk)
Endpoint: rdata[26] (output port clocked by clk)
Path Group: clk
Path Type: min

Fanout         Cap        Slew       Delay        Time   Description
---------------------------------------------------------------------------------------------
                                  0.000000    0.000000   clock clk (rise edge)
                                  0.000000    0.000000   clock source latency
    81    0.246353    1.101485    0.761047    0.761047 ^ clk (in)
                                                         clk (net)
                      1.101654    0.000000    0.761047 ^ _1419_/CLK (sky130_fd_sc_hd__dfxtp_2)
     2    0.037643    0.093616    0.561616    1.322664 v _1419_/Q (sky130_fd_sc_hd__dfxtp_2)
                                                         rdata[26] (net)
                      0.093617    0.000372    1.323036 v rdata[26] (out)
                                              1.323036   data arrival time

                                  0.000000    0.000000   clock clk (rise edge)
                                  0.000000    0.000000   clock network delay (propagated)
                                  0.250000    0.250000   clock uncertainty
                                  0.000000    0.250000   clock reconvergence pessimism
                                 -2.000000   -1.750000   output external delay
                                             -1.750000   data required time
---------------------------------------------------------------------------------------------
                                             -1.750000   data required time
                                             -1.323036   data arrival time
---------------------------------------------------------------------------------------------
                                              3.073036   slack (MET)


Startpoint: _1420_ (rising edge-triggered flip-flop clocked by clk)
Endpoint: rdata[27] (output port clocked by clk)
Path Group: clk
Path Type: min

Fanout         Cap        Slew       Delay        Time   Description
---------------------------------------------------------------------------------------------
                                  0.000000    0.000000   clock clk (rise edge)
                                  0.000000    0.000000   clock source latency
    81    0.246353    1.101485    0.761251    0.761251 ^ clk (in)
                                                         clk (net)
                      1.101661    0.000000    0.761251 ^ _1420_/CLK (sky130_fd_sc_hd__dfxtp_2)
     2    0.037894    0.094175    0.561973    1.323224 v _1420_/Q (sky130_fd_sc_hd__dfxtp_2)
                                                         rdata[27] (net)
                      0.094176    0.000465    1.323690 v rdata[27] (out)
                                              1.323690   data arrival time

                                  0.000000    0.000000   clock clk (rise edge)
                                  0.000000    0.000000   clock network delay (propagated)
                                  0.250000    0.250000   clock uncertainty
                                  0.000000    0.250000   clock reconvergence pessimism
                                 -2.000000   -1.750000   output external delay
                                             -1.750000   data required time
---------------------------------------------------------------------------------------------
                                             -1.750000   data required time
                                             -1.323690   data arrival time
---------------------------------------------------------------------------------------------
                                              3.073689   slack (MET)


Startpoint: _1423_ (rising edge-triggered flip-flop clocked by clk)
Endpoint: rdata[30] (output port clocked by clk)
Path Group: clk
Path Type: min

Fanout         Cap        Slew       Delay        Time   Description
---------------------------------------------------------------------------------------------
                                  0.000000    0.000000   clock clk (rise edge)
                                  0.000000    0.000000   clock source latency
    81    0.246353    1.101485    0.764666    0.764666 ^ clk (in)
                                                         clk (net)
                      1.101781    0.000000    0.764666 ^ _1423_/CLK (sky130_fd_sc_hd__dfxtp_2)
     2    0.037909    0.094215    0.561990    1.326657 v _1423_/Q (sky130_fd_sc_hd__dfxtp_2)
                                                         rdata[30] (net)
                      0.094217    0.000496    1.327153 v rdata[30] (out)
                                              1.327153   data arrival time

                                  0.000000    0.000000   clock clk (rise edge)
                                  0.000000    0.000000   clock network delay (propagated)
                                  0.250000    0.250000   clock uncertainty
                                  0.000000    0.250000   clock reconvergence pessimism
                                 -2.000000   -1.750000   output external delay
                                             -1.750000   data required time
---------------------------------------------------------------------------------------------
                                             -1.750000   data required time
                                             -1.327153   data arrival time
---------------------------------------------------------------------------------------------
                                              3.077153   slack (MET)


Startpoint: _1396_ (rising edge-triggered flip-flop clocked by clk)
Endpoint: rdata[3] (output port clocked by clk)
Path Group: clk
Path Type: min

Fanout         Cap        Slew       Delay        Time   Description
---------------------------------------------------------------------------------------------
                                  0.000000    0.000000   clock clk (rise edge)
                                  0.000000    0.000000   clock source latency
    81    0.246353    1.101485    0.766731    0.766731 ^ clk (in)
                                                         clk (net)
                      1.101869    0.000000    0.766731 ^ _1396_/CLK (sky130_fd_sc_hd__dfxtp_2)
     2    0.036895    0.091970    0.560528    1.327259 v _1396_/Q (sky130_fd_sc_hd__dfxtp_2)
                                                         rdata[3] (net)
                      0.091970    0.000172    1.327431 v rdata[3] (out)
                                              1.327431   data arrival time

                                  0.000000    0.000000   clock clk (rise edge)
                                  0.000000    0.000000   clock network delay (propagated)
                                  0.250000    0.250000   clock uncertainty
                                  0.000000    0.250000   clock reconvergence pessimism
                                 -2.000000   -1.750000   output external delay
                                             -1.750000   data required time
---------------------------------------------------------------------------------------------
                                             -1.750000   data required time
                                             -1.327431   data arrival time
---------------------------------------------------------------------------------------------
                                              3.077431   slack (MET)


Startpoint: _1394_ (rising edge-triggered flip-flop clocked by clk)
Endpoint: rdata[1] (output port clocked by clk)
Path Group: clk
Path Type: min

Fanout         Cap        Slew       Delay        Time   Description
---------------------------------------------------------------------------------------------
                                  0.000000    0.000000   clock clk (rise edge)
                                  0.000000    0.000000   clock source latency
    81    0.246353    1.101485    0.767466    0.767466 ^ clk (in)
                                                         clk (net)
                      1.101903    0.000000    0.767466 ^ _1394_/CLK (sky130_fd_sc_hd__dfxtp_2)
     2    0.036756    0.091667    0.560316    1.327782 v _1394_/Q (sky130_fd_sc_hd__dfxtp_2)
                                                         rdata[1] (net)
                      0.091667    0.000151    1.327933 v rdata[1] (out)
                                              1.327933   data arrival time

                                  0.000000    0.000000   clock clk (rise edge)
                                  0.000000    0.000000   clock network delay (propagated)
                                  0.250000    0.250000   clock uncertainty
                                  0.000000    0.250000   clock reconvergence pessimism
                                 -2.000000   -1.750000   output external delay
                                             -1.750000   data required time
---------------------------------------------------------------------------------------------
                                             -1.750000   data required time
                                             -1.327933   data arrival time
---------------------------------------------------------------------------------------------
                                              3.077933   slack (MET)


Startpoint: _1395_ (rising edge-triggered flip-flop clocked by clk)
Endpoint: rdata[2] (output port clocked by clk)
Path Group: clk
Path Type: min

Fanout         Cap        Slew       Delay        Time   Description
---------------------------------------------------------------------------------------------
                                  0.000000    0.000000   clock clk (rise edge)
                                  0.000000    0.000000   clock source latency
    81    0.246353    1.101485    0.767171    0.767171 ^ clk (in)
                                                         clk (net)
                      1.101890    0.000000    0.767171 ^ _1395_/CLK (sky130_fd_sc_hd__dfxtp_2)
     2    0.037073    0.092363    0.560790    1.327961 v _1395_/Q (sky130_fd_sc_hd__dfxtp_2)
                                                         rdata[2] (net)
                      0.092363    0.000225    1.328186 v rdata[2] (out)
                                              1.328186   data arrival time

                                  0.000000    0.000000   clock clk (rise edge)
                                  0.000000    0.000000   clock network delay (propagated)
                                  0.250000    0.250000   clock uncertainty
                                  0.000000    0.250000   clock reconvergence pessimism
                                 -2.000000   -1.750000   output external delay
                                             -1.750000   data required time
---------------------------------------------------------------------------------------------
                                             -1.750000   data required time
                                             -1.328186   data arrival time
---------------------------------------------------------------------------------------------
                                              3.078186   slack (MET)


Startpoint: _1424_ (rising edge-triggered flip-flop clocked by clk)
Endpoint: rdata[31] (output port clocked by clk)
Path Group: clk
Path Type: min

Fanout         Cap        Slew       Delay        Time   Description
---------------------------------------------------------------------------------------------
                                  0.000000    0.000000   clock clk (rise edge)
                                  0.000000    0.000000   clock source latency
    81    0.246353    1.101485    0.765253    0.765253 ^ clk (in)
                                                         clk (net)
                      1.101805    0.000000    0.765253 ^ _1424_/CLK (sky130_fd_sc_hd__dfxtp_2)
     2    0.038205    0.094856    0.562457    1.327711 v _1424_/Q (sky130_fd_sc_hd__dfxtp_2)
                                                         rdata[31] (net)
                      0.094858    0.000534    1.328245 v rdata[31] (out)
                                              1.328245   data arrival time

                                  0.000000    0.000000   clock clk (rise edge)
                                  0.000000    0.000000   clock network delay (propagated)
                                  0.250000    0.250000   clock uncertainty
                                  0.000000    0.250000   clock reconvergence pessimism
                                 -2.000000   -1.750000   output external delay
                                             -1.750000   data required time
---------------------------------------------------------------------------------------------
                                             -1.750000   data required time
                                             -1.328245   data arrival time
---------------------------------------------------------------------------------------------
                                              3.078245   slack (MET)


Startpoint: _1398_ (rising edge-triggered flip-flop clocked by clk)
Endpoint: rdata[5] (output port clocked by clk)
Path Group: clk
Path Type: min

Fanout         Cap        Slew       Delay        Time   Description
---------------------------------------------------------------------------------------------
                                  0.000000    0.000000   clock clk (rise edge)
                                  0.000000    0.000000   clock source latency
    81    0.246353    1.101485    0.766430    0.766430 ^ clk (in)
                                                         clk (net)
                      1.101856    0.000000    0.766430 ^ _1398_/CLK (sky130_fd_sc_hd__dfxtp_2)
     2    0.037811    0.093960    0.561955    1.328385 v _1398_/Q (sky130_fd_sc_hd__dfxtp_2)
                                                         rdata[5] (net)
                      0.093960    0.000308    1.328693 v rdata[5] (out)
                                              1.328693   data arrival time

                                  0.000000    0.000000   clock clk (rise edge)
                                  0.000000    0.000000   clock network delay (propagated)
                                  0.250000    0.250000   clock uncertainty
                                  0.000000    0.250000   clock reconvergence pessimism
                                 -2.000000   -1.750000   output external delay
                                             -1.750000   data required time
---------------------------------------------------------------------------------------------
                                             -1.750000   data required time
                                             -1.328693   data arrival time
---------------------------------------------------------------------------------------------
                                              3.078693   slack (MET)


Startpoint: _1397_ (rising edge-triggered flip-flop clocked by clk)
Endpoint: rdata[4] (output port clocked by clk)
Path Group: clk
Path Type: min

Fanout         Cap        Slew       Delay        Time   Description
---------------------------------------------------------------------------------------------
                                  0.000000    0.000000   clock clk (rise edge)
                                  0.000000    0.000000   clock source latency
    81    0.246353    1.101485    0.765830    0.765830 ^ clk (in)
                                                         clk (net)
                      1.101829    0.000000    0.765830 ^ _1397_/CLK (sky130_fd_sc_hd__dfxtp_2)
     2    0.038281    0.094980    0.562688    1.328518 v _1397_/Q (sky130_fd_sc_hd__dfxtp_2)
                                                         rdata[4] (net)
                      0.094980    0.000374    1.328892 v rdata[4] (out)
                                              1.328892   data arrival time

                                  0.000000    0.000000   clock clk (rise edge)
                                  0.000000    0.000000   clock network delay (propagated)
                                  0.250000    0.250000   clock uncertainty
                                  0.000000    0.250000   clock reconvergence pessimism
                                 -2.000000   -1.750000   output external delay
                                             -1.750000   data required time
---------------------------------------------------------------------------------------------
                                             -1.750000   data required time
                                             -1.328892   data arrival time
---------------------------------------------------------------------------------------------
                                              3.078892   slack (MET)


Startpoint: _1393_ (rising edge-triggered flip-flop clocked by clk)
Endpoint: rdata[0] (output port clocked by clk)
Path Group: clk
Path Type: min

Fanout         Cap        Slew       Delay        Time   Description
---------------------------------------------------------------------------------------------
                                  0.000000    0.000000   clock clk (rise edge)
                                  0.000000    0.000000   clock source latency
    81    0.246353    1.101485    0.767646    0.767646 ^ clk (in)
                                                         clk (net)
                      1.101912    0.000000    0.767646 ^ _1393_/CLK (sky130_fd_sc_hd__dfxtp_2)
     2    0.037233    0.092704    0.561053    1.328699 v _1393_/Q (sky130_fd_sc_hd__dfxtp_2)
                                                         rdata[0] (net)
                      0.092704    0.000231    1.328930 v rdata[0] (out)
                                              1.328930   data arrival time

                                  0.000000    0.000000   clock clk (rise edge)
                                  0.000000    0.000000   clock network delay (propagated)
                                  0.250000    0.250000   clock uncertainty
                                  0.000000    0.250000   clock reconvergence pessimism
                                 -2.000000   -1.750000   output external delay
                                             -1.750000   data required time
---------------------------------------------------------------------------------------------
                                             -1.750000   data required time
                                             -1.328930   data arrival time
---------------------------------------------------------------------------------------------
                                              3.078930   slack (MET)


Startpoint: _1399_ (rising edge-triggered flip-flop clocked by clk)
Endpoint: rdata[6] (output port clocked by clk)
Path Group: clk
Path Type: min

Fanout         Cap        Slew       Delay        Time   Description
---------------------------------------------------------------------------------------------
                                  0.000000    0.000000   clock clk (rise edge)
                                  0.000000    0.000000   clock source latency
    81    0.246353    1.101485    0.765275    0.765275 ^ clk (in)
                                                         clk (net)
                      1.101806    0.000000    0.765275 ^ _1399_/CLK (sky130_fd_sc_hd__dfxtp_2)
     2    0.039528    0.097741    0.564490    1.329765 v _1399_/Q (sky130_fd_sc_hd__dfxtp_2)
                                                         rdata[6] (net)
                      0.097746    0.000793    1.330557 v rdata[6] (out)
                                              1.330557   data arrival time

                                  0.000000    0.000000   clock clk (rise edge)
                                  0.000000    0.000000   clock network delay (propagated)
                                  0.250000    0.250000   clock uncertainty
                                  0.000000    0.250000   clock reconvergence pessimism
                                 -2.000000   -1.750000   output external delay
                                             -1.750000   data required time
---------------------------------------------------------------------------------------------
                                             -1.750000   data required time
                                             -1.330557   data arrival time
---------------------------------------------------------------------------------------------
                                              3.080557   slack (MET)



%OL_END_REPORT
%OL_CREATE_REPORT max.rpt

===========================================================================
report_checks -path_delay max (Setup)
============================================================================
======================= nom_tt_025C_1v80 Corner ===================================

Startpoint: _1425_ (rising edge-triggered flip-flop clocked by clk)
Endpoint: _1456_ (rising edge-triggered flip-flop clocked by clk)
Path Group: clk
Path Type: max

Fanout         Cap        Slew       Delay        Time   Description
---------------------------------------------------------------------------------------------
                                  0.000000    0.000000   clock clk (rise edge)
                                  0.000000    0.000000   clock source latency
    81    0.246353    1.101485    0.767959    0.767959 ^ clk (in)
                                                         clk (net)
                      1.101927    0.000000    0.767959 ^ _1425_/CLK (sky130_fd_sc_hd__dfxtp_2)
    22    0.070188    0.163517    0.615386    1.383344 v _1425_/Q (sky130_fd_sc_hd__dfxtp_2)
                                                         core_b[0] (net)
                      0.163517    0.000268    1.383612 v _1019_/B (sky130_fd_sc_hd__and3_2)
     7    0.015859    0.067182    0.283510    1.667122 v _1019_/X (sky130_fd_sc_hd__and3_2)
                                                         _0351_ (net)
                      0.067182    0.000020    1.667142 v _1023_/A (sky130_fd_sc_hd__or4bb_2)
     2    0.006922    0.112485    0.655741    2.322882 v _1023_/X (sky130_fd_sc_hd__or4bb_2)
                                                         _0355_ (net)
                      0.112485    0.000013    2.322896 v _1026_/A2 (sky130_fd_sc_hd__a21o_2)
     3    0.010419    0.052716    0.256198    2.579093 v _1026_/X (sky130_fd_sc_hd__a21o_2)
                                                         _0358_ (net)
                      0.052716    0.000068    2.579162 v _1028_/A2 (sky130_fd_sc_hd__a21o_2)
     2    0.007263    0.044444    0.222496    2.801658 v _1028_/X (sky130_fd_sc_hd__a21o_2)
                                                         _0360_ (net)
                      0.044444    0.000024    2.801682 v _1031_/A2 (sky130_fd_sc_hd__a21o_2)
     3    0.013591    0.059196    0.238652    3.040334 v _1031_/X (sky130_fd_sc_hd__a21o_2)
                                                         _0363_ (net)
                      0.059196    0.000158    3.040492 v _1032_/C (sky130_fd_sc_hd__and3_2)
     3    0.009314    0.053221    0.231663    3.272155 v _1032_/X (sky130_fd_sc_hd__and3_2)
                                                         _0364_ (net)
                      0.053221    0.000043    3.272197 v _1037_/A1 (sky130_fd_sc_hd__o211a_2)
     2    0.005818    0.049812    0.267121    3.539319 v _1037_/X (sky130_fd_sc_hd__o211a_2)
                                                         _0369_ (net)
                      0.049812    0.000000    3.539319 v _1038_/C (sky130_fd_sc_hd__or3_2)
     4    0.012460    0.109253    0.460021    3.999341 v _1038_/X (sky130_fd_sc_hd__or3_2)
                                                         _0370_ (net)
                      0.109253    0.000025    3.999365 v _1082_/A2 (sky130_fd_sc_hd__a211o_2)
     3    0.007787    0.060519    0.367757    4.367123 v _1082_/X (sky130_fd_sc_hd__a211o_2)
                                                         _0413_ (net)
                      0.060519    0.000026    4.367148 v _1125_/D (sky130_fd_sc_hd__and4b_2)
     2    0.005139    0.048029    0.246873    4.614021 v _1125_/X (sky130_fd_sc_hd__and4b_2)
                                                         _0455_ (net)
                      0.048029    0.000015    4.614037 v _1196_/A2 (sky130_fd_sc_hd__a211o_2)
     3    0.011840    0.072591    0.361666    4.975703 v _1196_/X (sky130_fd_sc_hd__a211o_2)
                                                         _0524_ (net)
                      0.072591    0.000173    4.975875 v _1234_/A2 (sky130_fd_sc_hd__a31o_2)
     2    0.013560    0.064169    0.272137    5.248013 v _1234_/X (sky130_fd_sc_hd__a31o_2)
                                                         _0560_ (net)
                      0.064169    0.000020    5.248033 v _1247_/A (sky130_fd_sc_hd__nand2_2)
     1    0.002949    0.042909    0.055424    5.303456 ^ _1247_/Y (sky130_fd_sc_hd__nand2_2)
                                                         _0573_ (net)
                      0.042909    0.000007    5.303463 ^ _1266_/B1 (sky130_fd_sc_hd__o211a_2)
    36    0.203805    1.132577    0.922978    6.226440 ^ _1266_/X (sky130_fd_sc_hd__o211a_2)
                                                         _0591_ (net)
                      1.132643    0.007271    6.233712 ^ _1281_/B (sky130_fd_sc_hd__xnor2_2)
     3    0.011606    0.182233    0.173119    6.406831 v _1281_/Y (sky130_fd_sc_hd__xnor2_2)
                                                         _0604_ (net)
                      0.182233    0.000015    6.406846 v _1299_/B (sky130_fd_sc_hd__or4_2)
     1    0.002806    0.098951    0.675107    7.081953 v _1299_/X (sky130_fd_sc_hd__or4_2)
                                                         _0619_ (net)
                      0.098951    0.000012    7.081964 v _1300_/C1 (sky130_fd_sc_hd__a311o_2)
     2    0.006116    0.062470    0.334616    7.416581 v _1300_/X (sky130_fd_sc_hd__a311o_2)
                                                         _0620_ (net)
                      0.062470    0.000076    7.416657 v _1303_/A (sky130_fd_sc_hd__and2_2)
     2    0.006136    0.044588    0.182020    7.598677 v _1303_/X (sky130_fd_sc_hd__and2_2)
                                                         _0623_ (net)
                      0.044588    0.000014    7.598691 v _1304_/B (sky130_fd_sc_hd__or2_2)
     3    0.006167    0.064125    0.283804    7.882495 v _1304_/X (sky130_fd_sc_hd__or2_2)
                                                         _0624_ (net)
                      0.064125    0.000017    7.882512 v _1317_/B1 (sky130_fd_sc_hd__a2bb2o_2)
     2    0.011187    0.066206    0.292740    8.175252 v _1317_/X (sky130_fd_sc_hd__a2bb2o_2)
                                                         _0635_ (net)
                      0.066206    0.000049    8.175301 v _1322_/A2 (sky130_fd_sc_hd__o21a_2)
     1    0.008572    0.047499    0.215041    8.390342 v _1322_/X (sky130_fd_sc_hd__o21a_2)
                                                         _0639_ (net)
                      0.047499    0.000023    8.390365 v _1323_/B (sky130_fd_sc_hd__xnor2_2)
     1    0.004923    0.063326    0.128301    8.518666 v _1323_/Y (sky130_fd_sc_hd__xnor2_2)
                                                         _0640_ (net)
                      0.063326    0.000015    8.518682 v _1325_/A2 (sky130_fd_sc_hd__a211oi_2)
     1    0.001898    0.131359    0.196547    8.715228 ^ _1325_/Y (sky130_fd_sc_hd__a211oi_2)
                                                         _0072_ (net)
                      0.131359    0.000002    8.715230 ^ _1456_/D (sky130_fd_sc_hd__dfxtp_2)
                                              8.715230   data arrival time

                                 10.000000   10.000000   clock clk (rise edge)
                                  0.000000   10.000000   clock source latency
    81    0.246353    1.101485    0.760827   10.760827 ^ clk (in)
                                                         clk (net)
                      1.101648    0.000000   10.760827 ^ _1456_/CLK (sky130_fd_sc_hd__dfxtp_2)
                                 -0.250000   10.510827   clock uncertainty
                                  0.000000   10.510827   clock reconvergence pessimism
                                  0.009048   10.519875   library setup time
                                             10.519875   data required time
---------------------------------------------------------------------------------------------
                                             10.519875   data required time
                                             -8.715230   data arrival time
---------------------------------------------------------------------------------------------
                                              1.804645   slack (MET)


Startpoint: _1425_ (rising edge-triggered flip-flop clocked by clk)
Endpoint: _1463_ (rising edge-triggered flip-flop clocked by clk)
Path Group: clk
Path Type: max

Fanout         Cap        Slew       Delay        Time   Description
---------------------------------------------------------------------------------------------
                                  0.000000    0.000000   clock clk (rise edge)
                                  0.000000    0.000000   clock source latency
    81    0.246353    1.101485    0.767959    0.767959 ^ clk (in)
                                                         clk (net)
                      1.101927    0.000000    0.767959 ^ _1425_/CLK (sky130_fd_sc_hd__dfxtp_2)
    22    0.070188    0.163517    0.615386    1.383344 v _1425_/Q (sky130_fd_sc_hd__dfxtp_2)
                                                         core_b[0] (net)
                      0.163517    0.000268    1.383612 v _1019_/B (sky130_fd_sc_hd__and3_2)
     7    0.015859    0.067182    0.283510    1.667122 v _1019_/X (sky130_fd_sc_hd__and3_2)
                                                         _0351_ (net)
                      0.067182    0.000020    1.667142 v _1023_/A (sky130_fd_sc_hd__or4bb_2)
     2    0.006922    0.112485    0.655741    2.322882 v _1023_/X (sky130_fd_sc_hd__or4bb_2)
                                                         _0355_ (net)
                      0.112485    0.000013    2.322896 v _1026_/A2 (sky130_fd_sc_hd__a21o_2)
     3    0.010419    0.052716    0.256198    2.579093 v _1026_/X (sky130_fd_sc_hd__a21o_2)
                                                         _0358_ (net)
                      0.052716    0.000068    2.579162 v _1028_/A2 (sky130_fd_sc_hd__a21o_2)
     2    0.007263    0.044444    0.222496    2.801658 v _1028_/X (sky130_fd_sc_hd__a21o_2)
                                                         _0360_ (net)
                      0.044444    0.000024    2.801682 v _1031_/A2 (sky130_fd_sc_hd__a21o_2)
     3    0.013591    0.059196    0.238652    3.040334 v _1031_/X (sky130_fd_sc_hd__a21o_2)
                                                         _0363_ (net)
                      0.059196    0.000158    3.040492 v _1032_/C (sky130_fd_sc_hd__and3_2)
     3    0.009314    0.053221    0.231663    3.272155 v _1032_/X (sky130_fd_sc_hd__and3_2)
                                                         _0364_ (net)
                      0.053221    0.000043    3.272197 v _1037_/A1 (sky130_fd_sc_hd__o211a_2)
     2    0.005818    0.049812    0.267121    3.539319 v _1037_/X (sky130_fd_sc_hd__o211a_2)
                                                         _0369_ (net)
                      0.049812    0.000000    3.539319 v _1038_/C (sky130_fd_sc_hd__or3_2)
     4    0.012460    0.109253    0.460021    3.999341 v _1038_/X (sky130_fd_sc_hd__or3_2)
                                                         _0370_ (net)
                      0.109253    0.000025    3.999365 v _1082_/A2 (sky130_fd_sc_hd__a211o_2)
     3    0.007787    0.060519    0.367757    4.367123 v _1082_/X (sky130_fd_sc_hd__a211o_2)
                                                         _0413_ (net)
                      0.060519    0.000026    4.367148 v _1125_/D (sky130_fd_sc_hd__and4b_2)
     2    0.005139    0.048029    0.246873    4.614021 v _1125_/X (sky130_fd_sc_hd__and4b_2)
                                                         _0455_ (net)
                      0.048029    0.000015    4.614037 v _1196_/A2 (sky130_fd_sc_hd__a211o_2)
     3    0.011840    0.072591    0.361666    4.975703 v _1196_/X (sky130_fd_sc_hd__a211o_2)
                                                         _0524_ (net)
                      0.072591    0.000173    4.975875 v _1234_/A2 (sky130_fd_sc_hd__a31o_2)
     2    0.013560    0.064169    0.272137    5.248013 v _1234_/X (sky130_fd_sc_hd__a31o_2)
                                                         _0560_ (net)
                      0.064169    0.000020    5.248033 v _1247_/A (sky130_fd_sc_hd__nand2_2)
     1    0.002949    0.042909    0.055424    5.303456 ^ _1247_/Y (sky130_fd_sc_hd__nand2_2)
                                                         _0573_ (net)
                      0.042909    0.000007    5.303463 ^ _1266_/B1 (sky130_fd_sc_hd__o211a_2)
    36    0.203805    1.132577    0.922978    6.226440 ^ _1266_/X (sky130_fd_sc_hd__o211a_2)
                                                         _0591_ (net)
                      1.132643    0.007271    6.233712 ^ _1281_/B (sky130_fd_sc_hd__xnor2_2)
     3    0.011606    0.182233    0.173119    6.406831 v _1281_/Y (sky130_fd_sc_hd__xnor2_2)
                                                         _0604_ (net)
                      0.182233    0.000015    6.406846 v _1299_/B (sky130_fd_sc_hd__or4_2)
     1    0.002806    0.098951    0.675107    7.081953 v _1299_/X (sky130_fd_sc_hd__or4_2)
                                                         _0619_ (net)
                      0.098951    0.000012    7.081964 v _1300_/C1 (sky130_fd_sc_hd__a311o_2)
     2    0.006116    0.062470    0.334616    7.416581 v _1300_/X (sky130_fd_sc_hd__a311o_2)
                                                         _0620_ (net)
                      0.062470    0.000077    7.416657 v _1329_/A1 (sky130_fd_sc_hd__a21o_2)
     3    0.012553    0.057007    0.220682    7.637339 v _1329_/X (sky130_fd_sc_hd__a21o_2)
                                                         _0645_ (net)
                      0.057007    0.000068    7.637406 v _1353_/A2 (sky130_fd_sc_hd__a21oi_2)
     2    0.011837    0.171184    0.196581    7.833988 ^ _1353_/Y (sky130_fd_sc_hd__a21oi_2)
                                                         _0665_ (net)
                      0.171184    0.000128    7.834116 ^ _1372_/A1 (sky130_fd_sc_hd__o211ai_2)
     2    0.007376    0.097854    0.124561    7.958677 v _1372_/Y (sky130_fd_sc_hd__o211ai_2)
                                                         _0682_ (net)
                      0.097854    0.000050    7.958726 v _1375_/B (sky130_fd_sc_hd__and3_2)
     1    0.001846    0.034883    0.205859    8.164586 v _1375_/X (sky130_fd_sc_hd__and3_2)
                                                         _0685_ (net)
                      0.034883    0.000004    8.164590 v _1376_/B (sky130_fd_sc_hd__or2_2)
     1    0.005017    0.061607    0.275762    8.440351 v _1376_/X (sky130_fd_sc_hd__or2_2)
                                                         _0686_ (net)
                      0.061607    0.000022    8.440374 v _1378_/A2 (sky130_fd_sc_hd__a211oi_2)
     1    0.001936    0.131926    0.196358    8.636731 ^ _1378_/Y (sky130_fd_sc_hd__a211oi_2)
                                                         _0079_ (net)
                      0.131926    0.000003    8.636734 ^ _1463_/D (sky130_fd_sc_hd__dfxtp_2)
                                              8.636734   data arrival time

                                 10.000000   10.000000   clock clk (rise edge)
                                  0.000000   10.000000   clock source latency
    81    0.246353    1.101485    0.761323   10.761324 ^ clk (in)
                                                         clk (net)
                      1.101663    0.000000   10.761324 ^ _1463_/CLK (sky130_fd_sc_hd__dfxtp_2)
                                 -0.250000   10.511324   clock uncertainty
                                  0.000000   10.511324   clock reconvergence pessimism
                                  0.008934   10.520258   library setup time
                                             10.520258   data required time
---------------------------------------------------------------------------------------------
                                             10.520258   data required time
                                             -8.636734   data arrival time
---------------------------------------------------------------------------------------------
                                              1.883524   slack (MET)


Startpoint: _1425_ (rising edge-triggered flip-flop clocked by clk)
Endpoint: _1460_ (rising edge-triggered flip-flop clocked by clk)
Path Group: clk
Path Type: max

Fanout         Cap        Slew       Delay        Time   Description
---------------------------------------------------------------------------------------------
                                  0.000000    0.000000   clock clk (rise edge)
                                  0.000000    0.000000   clock source latency
    81    0.246353    1.101485    0.767959    0.767959 ^ clk (in)
                                                         clk (net)
                      1.101927    0.000000    0.767959 ^ _1425_/CLK (sky130_fd_sc_hd__dfxtp_2)
    22    0.070188    0.163517    0.615386    1.383344 v _1425_/Q (sky130_fd_sc_hd__dfxtp_2)
                                                         core_b[0] (net)
                      0.163517    0.000268    1.383612 v _1019_/B (sky130_fd_sc_hd__and3_2)
     7    0.015859    0.067182    0.283510    1.667122 v _1019_/X (sky130_fd_sc_hd__and3_2)
                                                         _0351_ (net)
                      0.067182    0.000020    1.667142 v _1023_/A (sky130_fd_sc_hd__or4bb_2)
     2    0.006922    0.112485    0.655741    2.322882 v _1023_/X (sky130_fd_sc_hd__or4bb_2)
                                                         _0355_ (net)
                      0.112485    0.000013    2.322896 v _1026_/A2 (sky130_fd_sc_hd__a21o_2)
     3    0.010419    0.052716    0.256198    2.579093 v _1026_/X (sky130_fd_sc_hd__a21o_2)
                                                         _0358_ (net)
                      0.052716    0.000068    2.579162 v _1028_/A2 (sky130_fd_sc_hd__a21o_2)
     2    0.007263    0.044444    0.222496    2.801658 v _1028_/X (sky130_fd_sc_hd__a21o_2)
                                                         _0360_ (net)
                      0.044444    0.000024    2.801682 v _1031_/A2 (sky130_fd_sc_hd__a21o_2)
     3    0.013591    0.059196    0.238652    3.040334 v _1031_/X (sky130_fd_sc_hd__a21o_2)
                                                         _0363_ (net)
                      0.059196    0.000158    3.040492 v _1032_/C (sky130_fd_sc_hd__and3_2)
     3    0.009314    0.053221    0.231663    3.272155 v _1032_/X (sky130_fd_sc_hd__and3_2)
                                                         _0364_ (net)
                      0.053221    0.000043    3.272197 v _1037_/A1 (sky130_fd_sc_hd__o211a_2)
     2    0.005818    0.049812    0.267121    3.539319 v _1037_/X (sky130_fd_sc_hd__o211a_2)
                                                         _0369_ (net)
                      0.049812    0.000000    3.539319 v _1038_/C (sky130_fd_sc_hd__or3_2)
     4    0.012460    0.109253    0.460021    3.999341 v _1038_/X (sky130_fd_sc_hd__or3_2)
                                                         _0370_ (net)
                      0.109253    0.000025    3.999365 v _1082_/A2 (sky130_fd_sc_hd__a211o_2)
     3    0.007787    0.060519    0.367757    4.367123 v _1082_/X (sky130_fd_sc_hd__a211o_2)
                                                         _0413_ (net)
                      0.060519    0.000026    4.367148 v _1125_/D (sky130_fd_sc_hd__and4b_2)
     2    0.005139    0.048029    0.246873    4.614021 v _1125_/X (sky130_fd_sc_hd__and4b_2)
                                                         _0455_ (net)
                      0.048029    0.000015    4.614037 v _1196_/A2 (sky130_fd_sc_hd__a211o_2)
     3    0.011840    0.072591    0.361666    4.975703 v _1196_/X (sky130_fd_sc_hd__a211o_2)
                                                         _0524_ (net)
                      0.072591    0.000173    4.975875 v _1234_/A2 (sky130_fd_sc_hd__a31o_2)
     2    0.013560    0.064169    0.272137    5.248013 v _1234_/X (sky130_fd_sc_hd__a31o_2)
                                                         _0560_ (net)
                      0.064169    0.000020    5.248033 v _1247_/A (sky130_fd_sc_hd__nand2_2)
     1    0.002949    0.042909    0.055424    5.303456 ^ _1247_/Y (sky130_fd_sc_hd__nand2_2)
                                                         _0573_ (net)
                      0.042909    0.000007    5.303463 ^ _1266_/B1 (sky130_fd_sc_hd__o211a_2)
    36    0.203805    1.132577    0.922978    6.226440 ^ _1266_/X (sky130_fd_sc_hd__o211a_2)
                                                         _0591_ (net)
                      1.132643    0.007271    6.233712 ^ _1281_/B (sky130_fd_sc_hd__xnor2_2)
     3    0.011606    0.182233    0.173119    6.406831 v _1281_/Y (sky130_fd_sc_hd__xnor2_2)
                                                         _0604_ (net)
                      0.182233    0.000015    6.406846 v _1299_/B (sky130_fd_sc_hd__or4_2)
     1    0.002806    0.098951    0.675107    7.081953 v _1299_/X (sky130_fd_sc_hd__or4_2)
                                                         _0619_ (net)
                      0.098951    0.000012    7.081964 v _1300_/C1 (sky130_fd_sc_hd__a311o_2)
     2    0.006116    0.062470    0.334616    7.416581 v _1300_/X (sky130_fd_sc_hd__a311o_2)
                                                         _0620_ (net)
                      0.062470    0.000077    7.416657 v _1329_/A1 (sky130_fd_sc_hd__a21o_2)
     3    0.012553    0.057007    0.220682    7.637339 v _1329_/X (sky130_fd_sc_hd__a21o_2)
                                                         _0645_ (net)
                      0.057007    0.000059    7.637398 v _1330_/A2 (sky130_fd_sc_hd__a21o_2)
     3    0.006523    0.042860    0.221755    7.859153 v _1330_/X (sky130_fd_sc_hd__a21o_2)
                                                         _0646_ (net)
                      0.042860    0.000016    7.859169 v _1343_/B1 (sky130_fd_sc_hd__a2bb2o_2)
     2    0.013159    0.069900    0.290503    8.149672 v _1343_/X (sky130_fd_sc_hd__a2bb2o_2)
                                                         _0657_ (net)
                      0.069900    0.000037    8.149709 v _1348_/A2 (sky130_fd_sc_hd__o21ai_2)
     1    0.009107    0.149499    0.156540    8.306249 ^ _1348_/Y (sky130_fd_sc_hd__o21ai_2)
                                                         _0661_ (net)
                      0.149499    0.000036    8.306285 ^ _1349_/B (sky130_fd_sc_hd__xor2_2)
     1    0.005058    0.064797    0.085331    8.391616 v _1349_/X (sky130_fd_sc_hd__xor2_2)
                                                         _0662_ (net)
                      0.064797    0.000017    8.391632 v _1351_/A2 (sky130_fd_sc_hd__a211oi_2)
     1    0.001812    0.130026    0.196077    8.587709 ^ _1351_/Y (sky130_fd_sc_hd__a211oi_2)
                                                         _0076_ (net)
                      0.130026    0.000000    8.587710 ^ _1460_/D (sky130_fd_sc_hd__dfxtp_2)
                                              8.587710   data arrival time

                                 10.000000   10.000000   clock clk (rise edge)
                                  0.000000   10.000000   clock source latency
    81    0.246353    1.101485    0.763086   10.763085 ^ clk (in)
                                                         clk (net)
                      1.101721    0.000000   10.763085 ^ _1460_/CLK (sky130_fd_sc_hd__dfxtp_2)
                                 -0.250000   10.513085   clock uncertainty
                                  0.000000   10.513085   clock reconvergence pessimism
                                  0.009320   10.522406   library setup time
                                             10.522406   data required time
---------------------------------------------------------------------------------------------
                                             10.522406   data required time
                                             -8.587710   data arrival time
---------------------------------------------------------------------------------------------
                                              1.934695   slack (MET)


Startpoint: _1425_ (rising edge-triggered flip-flop clocked by clk)
Endpoint: _1455_ (rising edge-triggered flip-flop clocked by clk)
Path Group: clk
Path Type: max

Fanout         Cap        Slew       Delay        Time   Description
---------------------------------------------------------------------------------------------
                                  0.000000    0.000000   clock clk (rise edge)
                                  0.000000    0.000000   clock source latency
    81    0.246353    1.101485    0.767959    0.767959 ^ clk (in)
                                                         clk (net)
                      1.101927    0.000000    0.767959 ^ _1425_/CLK (sky130_fd_sc_hd__dfxtp_2)
    22    0.070188    0.163517    0.615386    1.383344 v _1425_/Q (sky130_fd_sc_hd__dfxtp_2)
                                                         core_b[0] (net)
                      0.163517    0.000268    1.383612 v _1019_/B (sky130_fd_sc_hd__and3_2)
     7    0.015859    0.067182    0.283510    1.667122 v _1019_/X (sky130_fd_sc_hd__and3_2)
                                                         _0351_ (net)
                      0.067182    0.000020    1.667142 v _1023_/A (sky130_fd_sc_hd__or4bb_2)
     2    0.006922    0.112485    0.655741    2.322882 v _1023_/X (sky130_fd_sc_hd__or4bb_2)
                                                         _0355_ (net)
                      0.112485    0.000013    2.322896 v _1026_/A2 (sky130_fd_sc_hd__a21o_2)
     3    0.010419    0.052716    0.256198    2.579093 v _1026_/X (sky130_fd_sc_hd__a21o_2)
                                                         _0358_ (net)
                      0.052716    0.000068    2.579162 v _1028_/A2 (sky130_fd_sc_hd__a21o_2)
     2    0.007263    0.044444    0.222496    2.801658 v _1028_/X (sky130_fd_sc_hd__a21o_2)
                                                         _0360_ (net)
                      0.044444    0.000024    2.801682 v _1031_/A2 (sky130_fd_sc_hd__a21o_2)
     3    0.013591    0.059196    0.238652    3.040334 v _1031_/X (sky130_fd_sc_hd__a21o_2)
                                                         _0363_ (net)
                      0.059196    0.000158    3.040492 v _1032_/C (sky130_fd_sc_hd__and3_2)
     3    0.009314    0.053221    0.231663    3.272155 v _1032_/X (sky130_fd_sc_hd__and3_2)
                                                         _0364_ (net)
                      0.053221    0.000043    3.272197 v _1037_/A1 (sky130_fd_sc_hd__o211a_2)
     2    0.005818    0.049812    0.267121    3.539319 v _1037_/X (sky130_fd_sc_hd__o211a_2)
                                                         _0369_ (net)
                      0.049812    0.000000    3.539319 v _1038_/C (sky130_fd_sc_hd__or3_2)
     4    0.012460    0.109253    0.460021    3.999341 v _1038_/X (sky130_fd_sc_hd__or3_2)
                                                         _0370_ (net)
                      0.109253    0.000025    3.999365 v _1082_/A2 (sky130_fd_sc_hd__a211o_2)
     3    0.007787    0.060519    0.367757    4.367123 v _1082_/X (sky130_fd_sc_hd__a211o_2)
                                                         _0413_ (net)
                      0.060519    0.000026    4.367148 v _1125_/D (sky130_fd_sc_hd__and4b_2)
     2    0.005139    0.048029    0.246873    4.614021 v _1125_/X (sky130_fd_sc_hd__and4b_2)
                                                         _0455_ (net)
                      0.048029    0.000015    4.614037 v _1196_/A2 (sky130_fd_sc_hd__a211o_2)
     3    0.011840    0.072591    0.361666    4.975703 v _1196_/X (sky130_fd_sc_hd__a211o_2)
                                                         _0524_ (net)
                      0.072591    0.000173    4.975875 v _1234_/A2 (sky130_fd_sc_hd__a31o_2)
     2    0.013560    0.064169    0.272137    5.248013 v _1234_/X (sky130_fd_sc_hd__a31o_2)
                                                         _0560_ (net)
                      0.064169    0.000020    5.248033 v _1247_/A (sky130_fd_sc_hd__nand2_2)
     1    0.002949    0.042909    0.055424    5.303456 ^ _1247_/Y (sky130_fd_sc_hd__nand2_2)
                                                         _0573_ (net)
                      0.042909    0.000007    5.303463 ^ _1266_/B1 (sky130_fd_sc_hd__o211a_2)
    36    0.203805    1.132577    0.922978    6.226440 ^ _1266_/X (sky130_fd_sc_hd__o211a_2)
                                                         _0591_ (net)
                      1.132643    0.007271    6.233712 ^ _1281_/B (sky130_fd_sc_hd__xnor2_2)
     3    0.011606    0.182233    0.173119    6.406831 v _1281_/Y (sky130_fd_sc_hd__xnor2_2)
                                                         _0604_ (net)
                      0.182233    0.000015    6.406846 v _1299_/B (sky130_fd_sc_hd__or4_2)
     1    0.002806    0.098951    0.675107    7.081953 v _1299_/X (sky130_fd_sc_hd__or4_2)
                                                         _0619_ (net)
                      0.098951    0.000012    7.081964 v _1300_/C1 (sky130_fd_sc_hd__a311o_2)
     2    0.006116    0.062470    0.334616    7.416581 v _1300_/X (sky130_fd_sc_hd__a311o_2)
                                                         _0620_ (net)
                      0.062470    0.000076    7.416657 v _1303_/A (sky130_fd_sc_hd__and2_2)
     2    0.006136    0.044588    0.182020    7.598677 v _1303_/X (sky130_fd_sc_hd__and2_2)
                                                         _0623_ (net)
                      0.044588    0.000014    7.598691 v _1304_/B (sky130_fd_sc_hd__or2_2)
     3    0.006167    0.064125    0.283804    7.882495 v _1304_/X (sky130_fd_sc_hd__or2_2)
                                                         _0624_ (net)
                      0.064125    0.000017    7.882512 v _1317_/B1 (sky130_fd_sc_hd__a2bb2o_2)
     2    0.011187    0.066206    0.292740    8.175252 v _1317_/X (sky130_fd_sc_hd__a2bb2o_2)
                                                         _0635_ (net)
                      0.066206    0.000052    8.175303 v _1318_/B (sky130_fd_sc_hd__xnor2_2)
     1    0.004490    0.049980    0.134591    8.309895 v _1318_/Y (sky130_fd_sc_hd__xnor2_2)
                                                         _0636_ (net)
                      0.049980    0.000005    8.309899 v _1319_/B (sky130_fd_sc_hd__nand2_2)
     1    0.002563    0.102673    0.057890    8.367789 ^ _1319_/Y (sky130_fd_sc_hd__nand2_2)
                                                         _0637_ (net)
                      0.102673    0.000002    8.367791 ^ _1320_/C1 (sky130_fd_sc_hd__o211a_2)
     1    0.001697    0.050843    0.163910    8.531701 ^ _1320_/X (sky130_fd_sc_hd__o211a_2)
                                                         _0071_ (net)
                      0.050843    0.000000    8.531701 ^ _1455_/D (sky130_fd_sc_hd__dfxtp_2)
                                              8.531701   data arrival time

                                 10.000000   10.000000   clock clk (rise edge)
                                  0.000000   10.000000   clock source latency
    81    0.246353    1.101485    0.760361   10.760361 ^ clk (in)
                                                         clk (net)
                      1.101634    0.000000   10.760361 ^ _1455_/CLK (sky130_fd_sc_hd__dfxtp_2)
                                 -0.250000   10.510361   clock uncertainty
                                  0.000000   10.510361   clock reconvergence pessimism
                                  0.025312   10.535673   library setup time
                                             10.535673   data required time
---------------------------------------------------------------------------------------------
                                             10.535673   data required time
                                             -8.531701   data arrival time
---------------------------------------------------------------------------------------------
                                              2.003972   slack (MET)


Startpoint: _1425_ (rising edge-triggered flip-flop clocked by clk)
Endpoint: _1459_ (rising edge-triggered flip-flop clocked by clk)
Path Group: clk
Path Type: max

Fanout         Cap        Slew       Delay        Time   Description
---------------------------------------------------------------------------------------------
                                  0.000000    0.000000   clock clk (rise edge)
                                  0.000000    0.000000   clock source latency
    81    0.246353    1.101485    0.767959    0.767959 ^ clk (in)
                                                         clk (net)
                      1.101927    0.000000    0.767959 ^ _1425_/CLK (sky130_fd_sc_hd__dfxtp_2)
    22    0.070188    0.163517    0.615386    1.383344 v _1425_/Q (sky130_fd_sc_hd__dfxtp_2)
                                                         core_b[0] (net)
                      0.163517    0.000268    1.383612 v _1019_/B (sky130_fd_sc_hd__and3_2)
     7    0.015859    0.067182    0.283510    1.667122 v _1019_/X (sky130_fd_sc_hd__and3_2)
                                                         _0351_ (net)
                      0.067182    0.000020    1.667142 v _1023_/A (sky130_fd_sc_hd__or4bb_2)
     2    0.006922    0.112485    0.655741    2.322882 v _1023_/X (sky130_fd_sc_hd__or4bb_2)
                                                         _0355_ (net)
                      0.112485    0.000013    2.322896 v _1026_/A2 (sky130_fd_sc_hd__a21o_2)
     3    0.010419    0.052716    0.256198    2.579093 v _1026_/X (sky130_fd_sc_hd__a21o_2)
                                                         _0358_ (net)
                      0.052716    0.000068    2.579162 v _1028_/A2 (sky130_fd_sc_hd__a21o_2)
     2    0.007263    0.044444    0.222496    2.801658 v _1028_/X (sky130_fd_sc_hd__a21o_2)
                                                         _0360_ (net)
                      0.044444    0.000024    2.801682 v _1031_/A2 (sky130_fd_sc_hd__a21o_2)
     3    0.013591    0.059196    0.238652    3.040334 v _1031_/X (sky130_fd_sc_hd__a21o_2)
                                                         _0363_ (net)
                      0.059196    0.000158    3.040492 v _1032_/C (sky130_fd_sc_hd__and3_2)
     3    0.009314    0.053221    0.231663    3.272155 v _1032_/X (sky130_fd_sc_hd__and3_2)
                                                         _0364_ (net)
                      0.053221    0.000043    3.272197 v _1037_/A1 (sky130_fd_sc_hd__o211a_2)
     2    0.005818    0.049812    0.267121    3.539319 v _1037_/X (sky130_fd_sc_hd__o211a_2)
                                                         _0369_ (net)
                      0.049812    0.000000    3.539319 v _1038_/C (sky130_fd_sc_hd__or3_2)
     4    0.012460    0.109253    0.460021    3.999341 v _1038_/X (sky130_fd_sc_hd__or3_2)
                                                         _0370_ (net)
                      0.109253    0.000025    3.999365 v _1082_/A2 (sky130_fd_sc_hd__a211o_2)
     3    0.007787    0.060519    0.367757    4.367123 v _1082_/X (sky130_fd_sc_hd__a211o_2)
                                                         _0413_ (net)
                      0.060519    0.000026    4.367148 v _1125_/D (sky130_fd_sc_hd__and4b_2)
     2    0.005139    0.048029    0.246873    4.614021 v _1125_/X (sky130_fd_sc_hd__and4b_2)
                                                         _0455_ (net)
                      0.048029    0.000015    4.614037 v _1196_/A2 (sky130_fd_sc_hd__a211o_2)
     3    0.011840    0.072591    0.361666    4.975703 v _1196_/X (sky130_fd_sc_hd__a211o_2)
                                                         _0524_ (net)
                      0.072591    0.000173    4.975875 v _1234_/A2 (sky130_fd_sc_hd__a31o_2)
     2    0.013560    0.064169    0.272137    5.248013 v _1234_/X (sky130_fd_sc_hd__a31o_2)
                                                         _0560_ (net)
                      0.064169    0.000020    5.248033 v _1247_/A (sky130_fd_sc_hd__nand2_2)
     1    0.002949    0.042909    0.055424    5.303456 ^ _1247_/Y (sky130_fd_sc_hd__nand2_2)
                                                         _0573_ (net)
                      0.042909    0.000007    5.303463 ^ _1266_/B1 (sky130_fd_sc_hd__o211a_2)
    36    0.203805    1.132577    0.922978    6.226440 ^ _1266_/X (sky130_fd_sc_hd__o211a_2)
                                                         _0591_ (net)
                      1.132643    0.007271    6.233712 ^ _1281_/B (sky130_fd_sc_hd__xnor2_2)
     3    0.011606    0.182233    0.173119    6.406831 v _1281_/Y (sky130_fd_sc_hd__xnor2_2)
                                                         _0604_ (net)
                      0.182233    0.000015    6.406846 v _1299_/B (sky130_fd_sc_hd__or4_2)
     1    0.002806    0.098951    0.675107    7.081953 v _1299_/X (sky130_fd_sc_hd__or4_2)
                                                         _0619_ (net)
                      0.098951    0.000012    7.081964 v _1300_/C1 (sky130_fd_sc_hd__a311o_2)
     2    0.006116    0.062470    0.334616    7.416581 v _1300_/X (sky130_fd_sc_hd__a311o_2)
                                                         _0620_ (net)
                      0.062470    0.000077    7.416657 v _1329_/A1 (sky130_fd_sc_hd__a21o_2)
     3    0.012553    0.057007    0.220682    7.637339 v _1329_/X (sky130_fd_sc_hd__a21o_2)
                                                         _0645_ (net)
                      0.057007    0.000059    7.637398 v _1330_/A2 (sky130_fd_sc_hd__a21o_2)
     3    0.006523    0.042860    0.221755    7.859153 v _1330_/X (sky130_fd_sc_hd__a21o_2)
                                                         _0646_ (net)
                      0.042860    0.000016    7.859169 v _1343_/B1 (sky130_fd_sc_hd__a2bb2o_2)
     2    0.013159    0.069900    0.290503    8.149672 v _1343_/X (sky130_fd_sc_hd__a2bb2o_2)
                                                         _0657_ (net)
                      0.069900    0.000040    8.149712 v _1344_/B (sky130_fd_sc_hd__xnor2_2)
     1    0.005140    0.051588    0.138397    8.288108 v _1344_/Y (sky130_fd_sc_hd__xnor2_2)
                                                         _0658_ (net)
                      0.051588    0.000026    8.288134 v _1345_/B (sky130_fd_sc_hd__nand2_2)
     1    0.002802    0.104692    0.059440    8.347574 ^ _1345_/Y (sky130_fd_sc_hd__nand2_2)
                                                         _0659_ (net)
                      0.104692    0.000005    8.347580 ^ _1346_/C1 (sky130_fd_sc_hd__o211a_2)
     1    0.001965    0.052464    0.166217    8.513797 ^ _1346_/X (sky130_fd_sc_hd__o211a_2)
                                                         _0075_ (net)
                      0.052464    0.000003    8.513800 ^ _1459_/D (sky130_fd_sc_hd__dfxtp_2)
                                              8.513800   data arrival time

                                 10.000000   10.000000   clock clk (rise edge)
                                  0.000000   10.000000   clock source latency
    81    0.246353    1.101485    0.760944   10.760944 ^ clk (in)
                                                         clk (net)
                      1.101651    0.000000   10.760944 ^ _1459_/CLK (sky130_fd_sc_hd__dfxtp_2)
                                 -0.250000   10.510944   clock uncertainty
                                  0.000000   10.510944   clock reconvergence pessimism
                                  0.024985   10.535930   library setup time
                                             10.535930   data required time
---------------------------------------------------------------------------------------------
                                             10.535930   data required time
                                             -8.513800   data arrival time
---------------------------------------------------------------------------------------------
                                              2.022130   slack (MET)


Startpoint: _1425_ (rising edge-triggered flip-flop clocked by clk)
Endpoint: _1462_ (rising edge-triggered flip-flop clocked by clk)
Path Group: clk
Path Type: max

Fanout         Cap        Slew       Delay        Time   Description
---------------------------------------------------------------------------------------------
                                  0.000000    0.000000   clock clk (rise edge)
                                  0.000000    0.000000   clock source latency
    81    0.246353    1.101485    0.767959    0.767959 ^ clk (in)
                                                         clk (net)
                      1.101927    0.000000    0.767959 ^ _1425_/CLK (sky130_fd_sc_hd__dfxtp_2)
    22    0.070188    0.163517    0.615386    1.383344 v _1425_/Q (sky130_fd_sc_hd__dfxtp_2)
                                                         core_b[0] (net)
                      0.163517    0.000268    1.383612 v _1019_/B (sky130_fd_sc_hd__and3_2)
     7    0.015859    0.067182    0.283510    1.667122 v _1019_/X (sky130_fd_sc_hd__and3_2)
                                                         _0351_ (net)
                      0.067182    0.000020    1.667142 v _1023_/A (sky130_fd_sc_hd__or4bb_2)
     2    0.006922    0.112485    0.655741    2.322882 v _1023_/X (sky130_fd_sc_hd__or4bb_2)
                                                         _0355_ (net)
                      0.112485    0.000013    2.322896 v _1026_/A2 (sky130_fd_sc_hd__a21o_2)
     3    0.010419    0.052716    0.256198    2.579093 v _1026_/X (sky130_fd_sc_hd__a21o_2)
                                                         _0358_ (net)
                      0.052716    0.000068    2.579162 v _1028_/A2 (sky130_fd_sc_hd__a21o_2)
     2    0.007263    0.044444    0.222496    2.801658 v _1028_/X (sky130_fd_sc_hd__a21o_2)
                                                         _0360_ (net)
                      0.044444    0.000024    2.801682 v _1031_/A2 (sky130_fd_sc_hd__a21o_2)
     3    0.013591    0.059196    0.238652    3.040334 v _1031_/X (sky130_fd_sc_hd__a21o_2)
                                                         _0363_ (net)
                      0.059196    0.000158    3.040492 v _1032_/C (sky130_fd_sc_hd__and3_2)
     3    0.009314    0.053221    0.231663    3.272155 v _1032_/X (sky130_fd_sc_hd__and3_2)
                                                         _0364_ (net)
                      0.053221    0.000043    3.272197 v _1037_/A1 (sky130_fd_sc_hd__o211a_2)
     2    0.005818    0.049812    0.267121    3.539319 v _1037_/X (sky130_fd_sc_hd__o211a_2)
                                                         _0369_ (net)
                      0.049812    0.000000    3.539319 v _1038_/C (sky130_fd_sc_hd__or3_2)
     4    0.012460    0.109253    0.460021    3.999341 v _1038_/X (sky130_fd_sc_hd__or3_2)
                                                         _0370_ (net)
                      0.109253    0.000025    3.999365 v _1082_/A2 (sky130_fd_sc_hd__a211o_2)
     3    0.007787    0.060519    0.367757    4.367123 v _1082_/X (sky130_fd_sc_hd__a211o_2)
                                                         _0413_ (net)
                      0.060519    0.000026    4.367148 v _1125_/D (sky130_fd_sc_hd__and4b_2)
     2    0.005139    0.048029    0.246873    4.614021 v _1125_/X (sky130_fd_sc_hd__and4b_2)
                                                         _0455_ (net)
                      0.048029    0.000015    4.614037 v _1196_/A2 (sky130_fd_sc_hd__a211o_2)
     3    0.011840    0.072591    0.361666    4.975703 v _1196_/X (sky130_fd_sc_hd__a211o_2)
                                                         _0524_ (net)
                      0.072591    0.000173    4.975875 v _1234_/A2 (sky130_fd_sc_hd__a31o_2)
     2    0.013560    0.064169    0.272137    5.248013 v _1234_/X (sky130_fd_sc_hd__a31o_2)
                                                         _0560_ (net)
                      0.064169    0.000020    5.248033 v _1247_/A (sky130_fd_sc_hd__nand2_2)
     1    0.002949    0.042909    0.055424    5.303456 ^ _1247_/Y (sky130_fd_sc_hd__nand2_2)
                                                         _0573_ (net)
                      0.042909    0.000007    5.303463 ^ _1266_/B1 (sky130_fd_sc_hd__o211a_2)
    36    0.203805    1.132577    0.922978    6.226440 ^ _1266_/X (sky130_fd_sc_hd__o211a_2)
                                                         _0591_ (net)
                      1.132643    0.007271    6.233712 ^ _1281_/B (sky130_fd_sc_hd__xnor2_2)
     3    0.011606    0.182233    0.173119    6.406831 v _1281_/Y (sky130_fd_sc_hd__xnor2_2)
                                                         _0604_ (net)
                      0.182233    0.000015    6.406846 v _1299_/B (sky130_fd_sc_hd__or4_2)
     1    0.002806    0.098951    0.675107    7.081953 v _1299_/X (sky130_fd_sc_hd__or4_2)
                                                         _0619_ (net)
                      0.098951    0.000012    7.081964 v _1300_/C1 (sky130_fd_sc_hd__a311o_2)
     2    0.006116    0.062470    0.334616    7.416581 v _1300_/X (sky130_fd_sc_hd__a311o_2)
                                                         _0620_ (net)
                      0.062470    0.000077    7.416657 v _1329_/A1 (sky130_fd_sc_hd__a21o_2)
     3    0.012553    0.057007    0.220682    7.637339 v _1329_/X (sky130_fd_sc_hd__a21o_2)
                                                         _0645_ (net)
                      0.057007    0.000068    7.637406 v _1353_/A2 (sky130_fd_sc_hd__a21oi_2)
     2    0.011837    0.171184    0.196581    7.833988 ^ _1353_/Y (sky130_fd_sc_hd__a21oi_2)
                                                         _0665_ (net)
                      0.171184    0.000128    7.834116 ^ _1355_/A (sky130_fd_sc_hd__nor2_2)
     2    0.011620    0.057845    0.083711    7.917827 v _1355_/Y (sky130_fd_sc_hd__nor2_2)
                                                         _0667_ (net)
                      0.057845    0.000033    7.917860 v _1364_/A1 (sky130_fd_sc_hd__o21ba_2)
     1    0.008375    0.047976    0.229095    8.146955 v _1364_/X (sky130_fd_sc_hd__o21ba_2)
                                                         _0675_ (net)
                      0.047976    0.000028    8.146982 v _1365_/B (sky130_fd_sc_hd__xor2_2)
     1    0.005408    0.063501    0.143283    8.290265 v _1365_/X (sky130_fd_sc_hd__xor2_2)
                                                         _0676_ (net)
                      0.063501    0.000026    8.290291 v _1367_/A2 (sky130_fd_sc_hd__a211oi_2)
     1    0.001765    0.129285    0.195028    8.485318 ^ _1367_/Y (sky130_fd_sc_hd__a211oi_2)
                                                         _0078_ (net)
                      0.129285    0.000000    8.485319 ^ _1462_/D (sky130_fd_sc_hd__dfxtp_2)
                                              8.485319   data arrival time

                                 10.000000   10.000000   clock clk (rise edge)
                                  0.000000   10.000000   clock source latency
    81    0.246353    1.101485    0.764028   10.764029 ^ clk (in)
                                                         clk (net)
                      1.101756    0.000000   10.764029 ^ _1462_/CLK (sky130_fd_sc_hd__dfxtp_2)
                                 -0.250000   10.514029   clock uncertainty
                                  0.000000   10.514029   clock reconvergence pessimism
                                  0.009470   10.523499   library setup time
                                             10.523499   data required time
---------------------------------------------------------------------------------------------
                                             10.523499   data required time
                                             -8.485319   data arrival time
---------------------------------------------------------------------------------------------
                                              2.038179   slack (MET)


Startpoint: _1425_ (rising edge-triggered flip-flop clocked by clk)
Endpoint: _1458_ (rising edge-triggered flip-flop clocked by clk)
Path Group: clk
Path Type: max

Fanout         Cap        Slew       Delay        Time   Description
---------------------------------------------------------------------------------------------
                                  0.000000    0.000000   clock clk (rise edge)
                                  0.000000    0.000000   clock source latency
    81    0.246353    1.101485    0.767959    0.767959 ^ clk (in)
                                                         clk (net)
                      1.101927    0.000000    0.767959 ^ _1425_/CLK (sky130_fd_sc_hd__dfxtp_2)
    22    0.070188    0.163517    0.615386    1.383344 v _1425_/Q (sky130_fd_sc_hd__dfxtp_2)
                                                         core_b[0] (net)
                      0.163517    0.000268    1.383612 v _1019_/B (sky130_fd_sc_hd__and3_2)
     7    0.015859    0.067182    0.283510    1.667122 v _1019_/X (sky130_fd_sc_hd__and3_2)
                                                         _0351_ (net)
                      0.067182    0.000020    1.667142 v _1023_/A (sky130_fd_sc_hd__or4bb_2)
     2    0.006922    0.112485    0.655741    2.322882 v _1023_/X (sky130_fd_sc_hd__or4bb_2)
                                                         _0355_ (net)
                      0.112485    0.000013    2.322896 v _1026_/A2 (sky130_fd_sc_hd__a21o_2)
     3    0.010419    0.052716    0.256198    2.579093 v _1026_/X (sky130_fd_sc_hd__a21o_2)
                                                         _0358_ (net)
                      0.052716    0.000068    2.579162 v _1028_/A2 (sky130_fd_sc_hd__a21o_2)
     2    0.007263    0.044444    0.222496    2.801658 v _1028_/X (sky130_fd_sc_hd__a21o_2)
                                                         _0360_ (net)
                      0.044444    0.000024    2.801682 v _1031_/A2 (sky130_fd_sc_hd__a21o_2)
     3    0.013591    0.059196    0.238652    3.040334 v _1031_/X (sky130_fd_sc_hd__a21o_2)
                                                         _0363_ (net)
                      0.059196    0.000158    3.040492 v _1032_/C (sky130_fd_sc_hd__and3_2)
     3    0.009314    0.053221    0.231663    3.272155 v _1032_/X (sky130_fd_sc_hd__and3_2)
                                                         _0364_ (net)
                      0.053221    0.000043    3.272197 v _1037_/A1 (sky130_fd_sc_hd__o211a_2)
     2    0.005818    0.049812    0.267121    3.539319 v _1037_/X (sky130_fd_sc_hd__o211a_2)
                                                         _0369_ (net)
                      0.049812    0.000000    3.539319 v _1038_/C (sky130_fd_sc_hd__or3_2)
     4    0.012460    0.109253    0.460021    3.999341 v _1038_/X (sky130_fd_sc_hd__or3_2)
                                                         _0370_ (net)
                      0.109253    0.000025    3.999365 v _1082_/A2 (sky130_fd_sc_hd__a211o_2)
     3    0.007787    0.060519    0.367757    4.367123 v _1082_/X (sky130_fd_sc_hd__a211o_2)
                                                         _0413_ (net)
                      0.060519    0.000026    4.367148 v _1125_/D (sky130_fd_sc_hd__and4b_2)
     2    0.005139    0.048029    0.246873    4.614021 v _1125_/X (sky130_fd_sc_hd__and4b_2)
                                                         _0455_ (net)
                      0.048029    0.000015    4.614037 v _1196_/A2 (sky130_fd_sc_hd__a211o_2)
     3    0.011840    0.072591    0.361666    4.975703 v _1196_/X (sky130_fd_sc_hd__a211o_2)
                                                         _0524_ (net)
                      0.072591    0.000173    4.975875 v _1234_/A2 (sky130_fd_sc_hd__a31o_2)
     2    0.013560    0.064169    0.272137    5.248013 v _1234_/X (sky130_fd_sc_hd__a31o_2)
                                                         _0560_ (net)
                      0.064169    0.000020    5.248033 v _1247_/A (sky130_fd_sc_hd__nand2_2)
     1    0.002949    0.042909    0.055424    5.303456 ^ _1247_/Y (sky130_fd_sc_hd__nand2_2)
                                                         _0573_ (net)
                      0.042909    0.000007    5.303463 ^ _1266_/B1 (sky130_fd_sc_hd__o211a_2)
    36    0.203805    1.132577    0.922978    6.226440 ^ _1266_/X (sky130_fd_sc_hd__o211a_2)
                                                         _0591_ (net)
                      1.132643    0.007271    6.233712 ^ _1281_/B (sky130_fd_sc_hd__xnor2_2)
     3    0.011606    0.182233    0.173119    6.406831 v _1281_/Y (sky130_fd_sc_hd__xnor2_2)
                                                         _0604_ (net)
                      0.182233    0.000015    6.406846 v _1299_/B (sky130_fd_sc_hd__or4_2)
     1    0.002806    0.098951    0.675107    7.081953 v _1299_/X (sky130_fd_sc_hd__or4_2)
                                                         _0619_ (net)
                      0.098951    0.000012    7.081964 v _1300_/C1 (sky130_fd_sc_hd__a311o_2)
     2    0.006116    0.062470    0.334616    7.416581 v _1300_/X (sky130_fd_sc_hd__a311o_2)
                                                         _0620_ (net)
                      0.062470    0.000077    7.416657 v _1329_/A1 (sky130_fd_sc_hd__a21o_2)
     3    0.012553    0.057007    0.220682    7.637339 v _1329_/X (sky130_fd_sc_hd__a21o_2)
                                                         _0645_ (net)
                      0.057007    0.000059    7.637398 v _1330_/A2 (sky130_fd_sc_hd__a21o_2)
     3    0.006523    0.042860    0.221755    7.859153 v _1330_/X (sky130_fd_sc_hd__a21o_2)
                                                         _0646_ (net)
                      0.042860    0.000016    7.859169 v _1335_/B1_N (sky130_fd_sc_hd__a21boi_2)
     1    0.008785    0.167567    0.163789    8.022958 v _1335_/Y (sky130_fd_sc_hd__a21boi_2)
                                                         _0650_ (net)
                      0.167567    0.000036    8.022993 v _1336_/B (sky130_fd_sc_hd__xnor2_2)
     1    0.004999    0.063550    0.176674    8.199667 v _1336_/Y (sky130_fd_sc_hd__xnor2_2)
                                                         _0651_ (net)
                      0.063550    0.000023    8.199690 v _1338_/A2 (sky130_fd_sc_hd__a211oi_2)
     1    0.001953    0.132178    0.197281    8.396972 ^ _1338_/Y (sky130_fd_sc_hd__a211oi_2)
                                                         _0074_ (net)
                      0.132178    0.000003    8.396974 ^ _1458_/D (sky130_fd_sc_hd__dfxtp_2)
                                              8.396974   data arrival time

                                 10.000000   10.000000   clock clk (rise edge)
                                  0.000000   10.000000   clock source latency
    81    0.246353    1.101485    0.760929   10.760929 ^ clk (in)
                                                         clk (net)
                      1.101651    0.000000   10.760929 ^ _1458_/CLK (sky130_fd_sc_hd__dfxtp_2)
                                 -0.250000   10.510929   clock uncertainty
                                  0.000000   10.510929   clock reconvergence pessimism
                                  0.008883   10.519812   library setup time
                                             10.519812   data required time
---------------------------------------------------------------------------------------------
                                             10.519812   data required time
                                             -8.396974   data arrival time
---------------------------------------------------------------------------------------------
                                              2.122838   slack (MET)


Startpoint: _1425_ (rising edge-triggered flip-flop clocked by clk)
Endpoint: _1464_ (rising edge-triggered flip-flop clocked by clk)
Path Group: clk
Path Type: max

Fanout         Cap        Slew       Delay        Time   Description
---------------------------------------------------------------------------------------------
                                  0.000000    0.000000   clock clk (rise edge)
                                  0.000000    0.000000   clock source latency
    81    0.246353    1.101485    0.767959    0.767959 ^ clk (in)
                                                         clk (net)
                      1.101927    0.000000    0.767959 ^ _1425_/CLK (sky130_fd_sc_hd__dfxtp_2)
    22    0.070188    0.163517    0.615386    1.383344 v _1425_/Q (sky130_fd_sc_hd__dfxtp_2)
                                                         core_b[0] (net)
                      0.163517    0.000268    1.383612 v _1019_/B (sky130_fd_sc_hd__and3_2)
     7    0.015859    0.067182    0.283510    1.667122 v _1019_/X (sky130_fd_sc_hd__and3_2)
                                                         _0351_ (net)
                      0.067182    0.000020    1.667142 v _1023_/A (sky130_fd_sc_hd__or4bb_2)
     2    0.006922    0.112485    0.655741    2.322882 v _1023_/X (sky130_fd_sc_hd__or4bb_2)
                                                         _0355_ (net)
                      0.112485    0.000013    2.322896 v _1026_/A2 (sky130_fd_sc_hd__a21o_2)
     3    0.010419    0.052716    0.256198    2.579093 v _1026_/X (sky130_fd_sc_hd__a21o_2)
                                                         _0358_ (net)
                      0.052716    0.000068    2.579162 v _1028_/A2 (sky130_fd_sc_hd__a21o_2)
     2    0.007263    0.044444    0.222496    2.801658 v _1028_/X (sky130_fd_sc_hd__a21o_2)
                                                         _0360_ (net)
                      0.044444    0.000024    2.801682 v _1031_/A2 (sky130_fd_sc_hd__a21o_2)
     3    0.013591    0.059196    0.238652    3.040334 v _1031_/X (sky130_fd_sc_hd__a21o_2)
                                                         _0363_ (net)
                      0.059196    0.000158    3.040492 v _1032_/C (sky130_fd_sc_hd__and3_2)
     3    0.009314    0.053221    0.231663    3.272155 v _1032_/X (sky130_fd_sc_hd__and3_2)
                                                         _0364_ (net)
                      0.053221    0.000043    3.272197 v _1037_/A1 (sky130_fd_sc_hd__o211a_2)
     2    0.005818    0.049812    0.267121    3.539319 v _1037_/X (sky130_fd_sc_hd__o211a_2)
                                                         _0369_ (net)
                      0.049812    0.000000    3.539319 v _1038_/C (sky130_fd_sc_hd__or3_2)
     4    0.012460    0.109253    0.460021    3.999341 v _1038_/X (sky130_fd_sc_hd__or3_2)
                                                         _0370_ (net)
                      0.109253    0.000025    3.999365 v _1082_/A2 (sky130_fd_sc_hd__a211o_2)
     3    0.007787    0.060519    0.367757    4.367123 v _1082_/X (sky130_fd_sc_hd__a211o_2)
                                                         _0413_ (net)
                      0.060519    0.000026    4.367148 v _1125_/D (sky130_fd_sc_hd__and4b_2)
     2    0.005139    0.048029    0.246873    4.614021 v _1125_/X (sky130_fd_sc_hd__and4b_2)
                                                         _0455_ (net)
                      0.048029    0.000015    4.614037 v _1196_/A2 (sky130_fd_sc_hd__a211o_2)
     3    0.011840    0.072591    0.361666    4.975703 v _1196_/X (sky130_fd_sc_hd__a211o_2)
                                                         _0524_ (net)
                      0.072591    0.000173    4.975875 v _1234_/A2 (sky130_fd_sc_hd__a31o_2)
     2    0.013560    0.064169    0.272137    5.248013 v _1234_/X (sky130_fd_sc_hd__a31o_2)
                                                         _0560_ (net)
                      0.064169    0.000020    5.248033 v _1247_/A (sky130_fd_sc_hd__nand2_2)
     1    0.002949    0.042909    0.055424    5.303456 ^ _1247_/Y (sky130_fd_sc_hd__nand2_2)
                                                         _0573_ (net)
                      0.042909    0.000007    5.303463 ^ _1266_/B1 (sky130_fd_sc_hd__o211a_2)
    36    0.203805    1.132577    0.922978    6.226440 ^ _1266_/X (sky130_fd_sc_hd__o211a_2)
                                                         _0591_ (net)
                      1.132643    0.007271    6.233712 ^ _1281_/B (sky130_fd_sc_hd__xnor2_2)
     3    0.011606    0.182233    0.173119    6.406831 v _1281_/Y (sky130_fd_sc_hd__xnor2_2)
                                                         _0604_ (net)
                      0.182233    0.000015    6.406846 v _1299_/B (sky130_fd_sc_hd__or4_2)
     1    0.002806    0.098951    0.675107    7.081953 v _1299_/X (sky130_fd_sc_hd__or4_2)
                                                         _0619_ (net)
                      0.098951    0.000012    7.081964 v _1300_/C1 (sky130_fd_sc_hd__a311o_2)
     2    0.006116    0.062470    0.334616    7.416581 v _1300_/X (sky130_fd_sc_hd__a311o_2)
                                                         _0620_ (net)
                      0.062470    0.000077    7.416657 v _1329_/A1 (sky130_fd_sc_hd__a21o_2)
     3    0.012553    0.057007    0.220682    7.637339 v _1329_/X (sky130_fd_sc_hd__a21o_2)
                                                         _0645_ (net)
                      0.057007    0.000068    7.637406 v _1353_/A2 (sky130_fd_sc_hd__a21oi_2)
     2    0.011837    0.171184    0.196581    7.833988 ^ _1353_/Y (sky130_fd_sc_hd__a21oi_2)
                                                         _0665_ (net)
                      0.171184    0.000128    7.834116 ^ _1372_/A1 (sky130_fd_sc_hd__o211ai_2)
     2    0.007376    0.097854    0.124561    7.958677 v _1372_/Y (sky130_fd_sc_hd__o211ai_2)
                                                         _0682_ (net)
                      0.097854    0.000050    7.958726 v _1374_/A1 (sky130_fd_sc_hd__a21oi_2)
     3    0.010223    0.161472    0.188966    8.147693 ^ _1374_/Y (sky130_fd_sc_hd__a21oi_2)
                                                         _0684_ (net)
                      0.161472    0.000043    8.147736 ^ _1380_/A2 (sky130_fd_sc_hd__o21ai_2)
     1    0.004813    0.059464    0.071081    8.218816 v _1380_/Y (sky130_fd_sc_hd__o21ai_2)
                                                         _0689_ (net)
                      0.059464    0.000011    8.218826 v _1383_/A1 (sky130_fd_sc_hd__a211oi_2)
     1    0.002078    0.134200    0.160844    8.379670 ^ _1383_/Y (sky130_fd_sc_hd__a211oi_2)
                                                         _0080_ (net)
                      0.134200    0.000004    8.379674 ^ _1464_/D (sky130_fd_sc_hd__dfxtp_2)
                                              8.379674   data arrival time

                                 10.000000   10.000000   clock clk (rise edge)
                                  0.000000   10.000000   clock source latency
    81    0.246353    1.101485    0.764651   10.764650 ^ clk (in)
                                                         clk (net)
                      1.101780    0.000000   10.764650 ^ _1464_/CLK (sky130_fd_sc_hd__dfxtp_2)
                                 -0.250000   10.514650   clock uncertainty
                                  0.000000   10.514650   clock reconvergence pessimism
                                  0.008478   10.523129   library setup time
                                             10.523129   data required time
---------------------------------------------------------------------------------------------
                                             10.523129   data required time
                                             -8.379674   data arrival time
---------------------------------------------------------------------------------------------
                                              2.143455   slack (MET)


Startpoint: _1425_ (rising edge-triggered flip-flop clocked by clk)
Endpoint: _1454_ (rising edge-triggered flip-flop clocked by clk)
Path Group: clk
Path Type: max

Fanout         Cap        Slew       Delay        Time   Description
---------------------------------------------------------------------------------------------
                                  0.000000    0.000000   clock clk (rise edge)
                                  0.000000    0.000000   clock source latency
    81    0.246353    1.101485    0.767959    0.767959 ^ clk (in)
                                                         clk (net)
                      1.101927    0.000000    0.767959 ^ _1425_/CLK (sky130_fd_sc_hd__dfxtp_2)
    22    0.070188    0.163517    0.615386    1.383344 v _1425_/Q (sky130_fd_sc_hd__dfxtp_2)
                                                         core_b[0] (net)
                      0.163517    0.000268    1.383612 v _1019_/B (sky130_fd_sc_hd__and3_2)
     7    0.015859    0.067182    0.283510    1.667122 v _1019_/X (sky130_fd_sc_hd__and3_2)
                                                         _0351_ (net)
                      0.067182    0.000020    1.667142 v _1023_/A (sky130_fd_sc_hd__or4bb_2)
     2    0.006922    0.112485    0.655741    2.322882 v _1023_/X (sky130_fd_sc_hd__or4bb_2)
                                                         _0355_ (net)
                      0.112485    0.000013    2.322896 v _1026_/A2 (sky130_fd_sc_hd__a21o_2)
     3    0.010419    0.052716    0.256198    2.579093 v _1026_/X (sky130_fd_sc_hd__a21o_2)
                                                         _0358_ (net)
                      0.052716    0.000068    2.579162 v _1028_/A2 (sky130_fd_sc_hd__a21o_2)
     2    0.007263    0.044444    0.222496    2.801658 v _1028_/X (sky130_fd_sc_hd__a21o_2)
                                                         _0360_ (net)
                      0.044444    0.000024    2.801682 v _1031_/A2 (sky130_fd_sc_hd__a21o_2)
     3    0.013591    0.059196    0.238652    3.040334 v _1031_/X (sky130_fd_sc_hd__a21o_2)
                                                         _0363_ (net)
                      0.059196    0.000158    3.040492 v _1032_/C (sky130_fd_sc_hd__and3_2)
     3    0.009314    0.053221    0.231663    3.272155 v _1032_/X (sky130_fd_sc_hd__and3_2)
                                                         _0364_ (net)
                      0.053221    0.000043    3.272197 v _1037_/A1 (sky130_fd_sc_hd__o211a_2)
     2    0.005818    0.049812    0.267121    3.539319 v _1037_/X (sky130_fd_sc_hd__o211a_2)
                                                         _0369_ (net)
                      0.049812    0.000000    3.539319 v _1038_/C (sky130_fd_sc_hd__or3_2)
     4    0.012460    0.109253    0.460021    3.999341 v _1038_/X (sky130_fd_sc_hd__or3_2)
                                                         _0370_ (net)
                      0.109253    0.000025    3.999365 v _1082_/A2 (sky130_fd_sc_hd__a211o_2)
     3    0.007787    0.060519    0.367757    4.367123 v _1082_/X (sky130_fd_sc_hd__a211o_2)
                                                         _0413_ (net)
                      0.060519    0.000026    4.367148 v _1125_/D (sky130_fd_sc_hd__and4b_2)
     2    0.005139    0.048029    0.246873    4.614021 v _1125_/X (sky130_fd_sc_hd__and4b_2)
                                                         _0455_ (net)
                      0.048029    0.000015    4.614037 v _1196_/A2 (sky130_fd_sc_hd__a211o_2)
     3    0.011840    0.072591    0.361666    4.975703 v _1196_/X (sky130_fd_sc_hd__a211o_2)
                                                         _0524_ (net)
                      0.072591    0.000173    4.975875 v _1234_/A2 (sky130_fd_sc_hd__a31o_2)
     2    0.013560    0.064169    0.272137    5.248013 v _1234_/X (sky130_fd_sc_hd__a31o_2)
                                                         _0560_ (net)
                      0.064169    0.000020    5.248033 v _1247_/A (sky130_fd_sc_hd__nand2_2)
     1    0.002949    0.042909    0.055424    5.303456 ^ _1247_/Y (sky130_fd_sc_hd__nand2_2)
                                                         _0573_ (net)
                      0.042909    0.000007    5.303463 ^ _1266_/B1 (sky130_fd_sc_hd__o211a_2)
    36    0.203805    1.132577    0.922978    6.226440 ^ _1266_/X (sky130_fd_sc_hd__o211a_2)
                                                         _0591_ (net)
                      1.132643    0.007271    6.233712 ^ _1281_/B (sky130_fd_sc_hd__xnor2_2)
     3    0.011606    0.182233    0.173119    6.406831 v _1281_/Y (sky130_fd_sc_hd__xnor2_2)
                                                         _0604_ (net)
                      0.182233    0.000015    6.406846 v _1299_/B (sky130_fd_sc_hd__or4_2)
     1    0.002806    0.098951    0.675107    7.081953 v _1299_/X (sky130_fd_sc_hd__or4_2)
                                                         _0619_ (net)
                      0.098951    0.000012    7.081964 v _1300_/C1 (sky130_fd_sc_hd__a311o_2)
     2    0.006116    0.062470    0.334616    7.416581 v _1300_/X (sky130_fd_sc_hd__a311o_2)
                                                         _0620_ (net)
                      0.062470    0.000076    7.416657 v _1303_/A (sky130_fd_sc_hd__and2_2)
     2    0.006136    0.044588    0.182020    7.598677 v _1303_/X (sky130_fd_sc_hd__and2_2)
                                                         _0623_ (net)
                      0.044588    0.000014    7.598691 v _1304_/B (sky130_fd_sc_hd__or2_2)
     3    0.006167    0.064125    0.283804    7.882495 v _1304_/X (sky130_fd_sc_hd__or2_2)
                                                         _0624_ (net)
                      0.064125    0.000015    7.882510 v _1309_/B1_N (sky130_fd_sc_hd__a21bo_2)
     2    0.010386    0.082481    0.218258    8.100768 ^ _1309_/X (sky130_fd_sc_hd__a21bo_2)
                                                         _0628_ (net)
                      0.082481    0.000027    8.100795 ^ _1310_/A2 (sky130_fd_sc_hd__a21boi_2)
     1    0.004422    0.068360    0.060687    8.161483 v _1310_/Y (sky130_fd_sc_hd__a21boi_2)
                                                         _0629_ (net)
                      0.068360    0.000004    8.161486 v _1311_/B1 (sky130_fd_sc_hd__o21ai_2)
     1    0.002581    0.088011    0.056565    8.218050 ^ _1311_/Y (sky130_fd_sc_hd__o21ai_2)
                                                         _0630_ (net)
                      0.088011    0.000002    8.218052 ^ _1312_/C1 (sky130_fd_sc_hd__o211a_2)
     1    0.001889    0.052008    0.160287    8.378339 ^ _1312_/X (sky130_fd_sc_hd__o211a_2)
                                                         _0070_ (net)
                      0.052008    0.000002    8.378341 ^ _1454_/D (sky130_fd_sc_hd__dfxtp_2)
                                              8.378341   data arrival time

                                 10.000000   10.000000   clock clk (rise edge)
                                  0.000000   10.000000   clock source latency
    81    0.246353    1.101485    0.760113   10.760113 ^ clk (in)
                                                         clk (net)
                      1.101627    0.000000   10.760113 ^ _1454_/CLK (sky130_fd_sc_hd__dfxtp_2)
                                 -0.250000   10.510113   clock uncertainty
                                  0.000000   10.510113   clock reconvergence pessimism
                                  0.025077   10.535190   library setup time
                                             10.535190   data required time
---------------------------------------------------------------------------------------------
                                             10.535190   data required time
                                             -8.378341   data arrival time
---------------------------------------------------------------------------------------------
                                              2.156849   slack (MET)


Startpoint: _1425_ (rising edge-triggered flip-flop clocked by clk)
Endpoint: _1461_ (rising edge-triggered flip-flop clocked by clk)
Path Group: clk
Path Type: max

Fanout         Cap        Slew       Delay        Time   Description
---------------------------------------------------------------------------------------------
                                  0.000000    0.000000   clock clk (rise edge)
                                  0.000000    0.000000   clock source latency
    81    0.246353    1.101485    0.767959    0.767959 ^ clk (in)
                                                         clk (net)
                      1.101927    0.000000    0.767959 ^ _1425_/CLK (sky130_fd_sc_hd__dfxtp_2)
    22    0.070188    0.163517    0.615386    1.383344 v _1425_/Q (sky130_fd_sc_hd__dfxtp_2)
                                                         core_b[0] (net)
                      0.163517    0.000268    1.383612 v _1019_/B (sky130_fd_sc_hd__and3_2)
     7    0.015859    0.067182    0.283510    1.667122 v _1019_/X (sky130_fd_sc_hd__and3_2)
                                                         _0351_ (net)
                      0.067182    0.000020    1.667142 v _1023_/A (sky130_fd_sc_hd__or4bb_2)
     2    0.006922    0.112485    0.655741    2.322882 v _1023_/X (sky130_fd_sc_hd__or4bb_2)
                                                         _0355_ (net)
                      0.112485    0.000013    2.322896 v _1026_/A2 (sky130_fd_sc_hd__a21o_2)
     3    0.010419    0.052716    0.256198    2.579093 v _1026_/X (sky130_fd_sc_hd__a21o_2)
                                                         _0358_ (net)
                      0.052716    0.000068    2.579162 v _1028_/A2 (sky130_fd_sc_hd__a21o_2)
     2    0.007263    0.044444    0.222496    2.801658 v _1028_/X (sky130_fd_sc_hd__a21o_2)
                                                         _0360_ (net)
                      0.044444    0.000024    2.801682 v _1031_/A2 (sky130_fd_sc_hd__a21o_2)
     3    0.013591    0.059196    0.238652    3.040334 v _1031_/X (sky130_fd_sc_hd__a21o_2)
                                                         _0363_ (net)
                      0.059196    0.000158    3.040492 v _1032_/C (sky130_fd_sc_hd__and3_2)
     3    0.009314    0.053221    0.231663    3.272155 v _1032_/X (sky130_fd_sc_hd__and3_2)
                                                         _0364_ (net)
                      0.053221    0.000043    3.272197 v _1037_/A1 (sky130_fd_sc_hd__o211a_2)
     2    0.005818    0.049812    0.267121    3.539319 v _1037_/X (sky130_fd_sc_hd__o211a_2)
                                                         _0369_ (net)
                      0.049812    0.000000    3.539319 v _1038_/C (sky130_fd_sc_hd__or3_2)
     4    0.012460    0.109253    0.460021    3.999341 v _1038_/X (sky130_fd_sc_hd__or3_2)
                                                         _0370_ (net)
                      0.109253    0.000025    3.999365 v _1082_/A2 (sky130_fd_sc_hd__a211o_2)
     3    0.007787    0.060519    0.367757    4.367123 v _1082_/X (sky130_fd_sc_hd__a211o_2)
                                                         _0413_ (net)
                      0.060519    0.000026    4.367148 v _1125_/D (sky130_fd_sc_hd__and4b_2)
     2    0.005139    0.048029    0.246873    4.614021 v _1125_/X (sky130_fd_sc_hd__and4b_2)
                                                         _0455_ (net)
                      0.048029    0.000015    4.614037 v _1196_/A2 (sky130_fd_sc_hd__a211o_2)
     3    0.011840    0.072591    0.361666    4.975703 v _1196_/X (sky130_fd_sc_hd__a211o_2)
                                                         _0524_ (net)
                      0.072591    0.000173    4.975875 v _1234_/A2 (sky130_fd_sc_hd__a31o_2)
     2    0.013560    0.064169    0.272137    5.248013 v _1234_/X (sky130_fd_sc_hd__a31o_2)
                                                         _0560_ (net)
                      0.064169    0.000020    5.248033 v _1247_/A (sky130_fd_sc_hd__nand2_2)
     1    0.002949    0.042909    0.055424    5.303456 ^ _1247_/Y (sky130_fd_sc_hd__nand2_2)
                                                         _0573_ (net)
                      0.042909    0.000007    5.303463 ^ _1266_/B1 (sky130_fd_sc_hd__o211a_2)
    36    0.203805    1.132577    0.922978    6.226440 ^ _1266_/X (sky130_fd_sc_hd__o211a_2)
                                                         _0591_ (net)
                      1.132643    0.007271    6.233712 ^ _1281_/B (sky130_fd_sc_hd__xnor2_2)
     3    0.011606    0.182233    0.173119    6.406831 v _1281_/Y (sky130_fd_sc_hd__xnor2_2)
                                                         _0604_ (net)
                      0.182233    0.000015    6.406846 v _1299_/B (sky130_fd_sc_hd__or4_2)
     1    0.002806    0.098951    0.675107    7.081953 v _1299_/X (sky130_fd_sc_hd__or4_2)
                                                         _0619_ (net)
                      0.098951    0.000012    7.081964 v _1300_/C1 (sky130_fd_sc_hd__a311o_2)
     2    0.006116    0.062470    0.334616    7.416581 v _1300_/X (sky130_fd_sc_hd__a311o_2)
                                                         _0620_ (net)
                      0.062470    0.000077    7.416657 v _1329_/A1 (sky130_fd_sc_hd__a21o_2)
     3    0.012553    0.057007    0.220682    7.637339 v _1329_/X (sky130_fd_sc_hd__a21o_2)
                                                         _0645_ (net)
                      0.057007    0.000068    7.637406 v _1353_/A2 (sky130_fd_sc_hd__a21oi_2)
     2    0.011837    0.171184    0.196581    7.833988 ^ _1353_/Y (sky130_fd_sc_hd__a21oi_2)
                                                         _0665_ (net)
                      0.171184    0.000128    7.834116 ^ _1355_/A (sky130_fd_sc_hd__nor2_2)
     2    0.011620    0.057845    0.083711    7.917827 v _1355_/Y (sky130_fd_sc_hd__nor2_2)
                                                         _0667_ (net)
                      0.057845    0.000060    7.917887 v _1360_/A (sky130_fd_sc_hd__xnor2_2)
     1    0.004598    0.054985    0.135734    8.053621 v _1360_/Y (sky130_fd_sc_hd__xnor2_2)
                                                         _0672_ (net)
                      0.054985    0.000009    8.053630 v _1361_/B (sky130_fd_sc_hd__nand2_2)
     1    0.003686    0.112197    0.064079    8.117708 ^ _1361_/Y (sky130_fd_sc_hd__nand2_2)
                                                         _0673_ (net)
                      0.112197    0.000018    8.117726 ^ _1362_/C1 (sky130_fd_sc_hd__o211a_2)
     1    0.002043    0.052941    0.169160    8.286886 ^ _1362_/X (sky130_fd_sc_hd__o211a_2)
                                                         _0077_ (net)
                      0.052941    0.000004    8.286890 ^ _1461_/D (sky130_fd_sc_hd__dfxtp_2)
                                              8.286890   data arrival time

                                 10.000000   10.000000   clock clk (rise edge)
                                  0.000000   10.000000   clock source latency
    81    0.246353    1.101485    0.761314   10.761314 ^ clk (in)
                                                         clk (net)
                      1.101663    0.000000   10.761314 ^ _1461_/CLK (sky130_fd_sc_hd__dfxtp_2)
                                 -0.250000   10.511313   clock uncertainty
                                  0.000000   10.511313   clock reconvergence pessimism
                                  0.024889   10.536203   library setup time
                                             10.536203   data required time
---------------------------------------------------------------------------------------------
                                             10.536203   data required time
                                             -8.286890   data arrival time
---------------------------------------------------------------------------------------------
                                              2.249314   slack (MET)


Startpoint: _1425_ (rising edge-triggered flip-flop clocked by clk)
Endpoint: _1453_ (rising edge-triggered flip-flop clocked by clk)
Path Group: clk
Path Type: max

Fanout         Cap        Slew       Delay        Time   Description
---------------------------------------------------------------------------------------------
                                  0.000000    0.000000   clock clk (rise edge)
                                  0.000000    0.000000   clock source latency
    81    0.246353    1.101485    0.767959    0.767959 ^ clk (in)
                                                         clk (net)
                      1.101927    0.000000    0.767959 ^ _1425_/CLK (sky130_fd_sc_hd__dfxtp_2)
    22    0.070188    0.163517    0.615386    1.383344 v _1425_/Q (sky130_fd_sc_hd__dfxtp_2)
                                                         core_b[0] (net)
                      0.163517    0.000268    1.383612 v _1019_/B (sky130_fd_sc_hd__and3_2)
     7    0.015859    0.067182    0.283510    1.667122 v _1019_/X (sky130_fd_sc_hd__and3_2)
                                                         _0351_ (net)
                      0.067182    0.000020    1.667142 v _1023_/A (sky130_fd_sc_hd__or4bb_2)
     2    0.006922    0.112485    0.655741    2.322882 v _1023_/X (sky130_fd_sc_hd__or4bb_2)
                                                         _0355_ (net)
                      0.112485    0.000013    2.322896 v _1026_/A2 (sky130_fd_sc_hd__a21o_2)
     3    0.010419    0.052716    0.256198    2.579093 v _1026_/X (sky130_fd_sc_hd__a21o_2)
                                                         _0358_ (net)
                      0.052716    0.000068    2.579162 v _1028_/A2 (sky130_fd_sc_hd__a21o_2)
     2    0.007263    0.044444    0.222496    2.801658 v _1028_/X (sky130_fd_sc_hd__a21o_2)
                                                         _0360_ (net)
                      0.044444    0.000024    2.801682 v _1031_/A2 (sky130_fd_sc_hd__a21o_2)
     3    0.013591    0.059196    0.238652    3.040334 v _1031_/X (sky130_fd_sc_hd__a21o_2)
                                                         _0363_ (net)
                      0.059196    0.000158    3.040492 v _1032_/C (sky130_fd_sc_hd__and3_2)
     3    0.009314    0.053221    0.231663    3.272155 v _1032_/X (sky130_fd_sc_hd__and3_2)
                                                         _0364_ (net)
                      0.053221    0.000043    3.272197 v _1037_/A1 (sky130_fd_sc_hd__o211a_2)
     2    0.005818    0.049812    0.267121    3.539319 v _1037_/X (sky130_fd_sc_hd__o211a_2)
                                                         _0369_ (net)
                      0.049812    0.000000    3.539319 v _1038_/C (sky130_fd_sc_hd__or3_2)
     4    0.012460    0.109253    0.460021    3.999341 v _1038_/X (sky130_fd_sc_hd__or3_2)
                                                         _0370_ (net)
                      0.109253    0.000025    3.999365 v _1082_/A2 (sky130_fd_sc_hd__a211o_2)
     3    0.007787    0.060519    0.367757    4.367123 v _1082_/X (sky130_fd_sc_hd__a211o_2)
                                                         _0413_ (net)
                      0.060519    0.000026    4.367148 v _1125_/D (sky130_fd_sc_hd__and4b_2)
     2    0.005139    0.048029    0.246873    4.614021 v _1125_/X (sky130_fd_sc_hd__and4b_2)
                                                         _0455_ (net)
                      0.048029    0.000015    4.614037 v _1196_/A2 (sky130_fd_sc_hd__a211o_2)
     3    0.011840    0.072591    0.361666    4.975703 v _1196_/X (sky130_fd_sc_hd__a211o_2)
                                                         _0524_ (net)
                      0.072591    0.000173    4.975875 v _1234_/A2 (sky130_fd_sc_hd__a31o_2)
     2    0.013560    0.064169    0.272137    5.248013 v _1234_/X (sky130_fd_sc_hd__a31o_2)
                                                         _0560_ (net)
                      0.064169    0.000020    5.248033 v _1247_/A (sky130_fd_sc_hd__nand2_2)
     1    0.002949    0.042909    0.055424    5.303456 ^ _1247_/Y (sky130_fd_sc_hd__nand2_2)
                                                         _0573_ (net)
                      0.042909    0.000007    5.303463 ^ _1266_/B1 (sky130_fd_sc_hd__o211a_2)
    36    0.203805    1.132577    0.922978    6.226440 ^ _1266_/X (sky130_fd_sc_hd__o211a_2)
                                                         _0591_ (net)
                      1.132643    0.007271    6.233712 ^ _1281_/B (sky130_fd_sc_hd__xnor2_2)
     3    0.011606    0.182233    0.173119    6.406831 v _1281_/Y (sky130_fd_sc_hd__xnor2_2)
                                                         _0604_ (net)
                      0.182233    0.000015    6.406846 v _1299_/B (sky130_fd_sc_hd__or4_2)
     1    0.002806    0.098951    0.675107    7.081953 v _1299_/X (sky130_fd_sc_hd__or4_2)
                                                         _0619_ (net)
                      0.098951    0.000012    7.081964 v _1300_/C1 (sky130_fd_sc_hd__a311o_2)
     2    0.006116    0.062470    0.334616    7.416581 v _1300_/X (sky130_fd_sc_hd__a311o_2)
                                                         _0620_ (net)
                      0.062470    0.000076    7.416657 v _1303_/A (sky130_fd_sc_hd__and2_2)
     2    0.006136    0.044588    0.182020    7.598677 v _1303_/X (sky130_fd_sc_hd__and2_2)
                                                         _0623_ (net)
                      0.044588    0.000014    7.598691 v _1304_/B (sky130_fd_sc_hd__or2_2)
     3    0.006167    0.064125    0.283804    7.882495 v _1304_/X (sky130_fd_sc_hd__or2_2)
                                                         _0624_ (net)
                      0.064125    0.000003    7.882497 v _1306_/A1 (sky130_fd_sc_hd__a21bo_2)
     1    0.002723    0.035094    0.191980    8.074477 v _1306_/X (sky130_fd_sc_hd__a21bo_2)
                                                         _0626_ (net)
                      0.035094    0.000004    8.074482 v _1307_/C1 (sky130_fd_sc_hd__o211a_2)
     1    0.001847    0.040847    0.103015    8.177497 v _1307_/X (sky130_fd_sc_hd__o211a_2)
                                                         _0069_ (net)
                      0.040847    0.000000    8.177498 v _1453_/D (sky130_fd_sc_hd__dfxtp_2)
                                              8.177498   data arrival time

                                 10.000000   10.000000   clock clk (rise edge)
                                  0.000000   10.000000   clock source latency
    81    0.246353    1.101485    0.759670   10.759670 ^ clk (in)
                                                         clk (net)
                      1.101616    0.000000   10.759670 ^ _1453_/CLK (sky130_fd_sc_hd__dfxtp_2)
                                 -0.250000   10.509670   clock uncertainty
                                  0.000000   10.509670   clock reconvergence pessimism
                                  0.048403   10.558073   library setup time
                                             10.558073   data required time
---------------------------------------------------------------------------------------------
                                             10.558073   data required time
                                             -8.177498   data arrival time
---------------------------------------------------------------------------------------------
                                              2.380575   slack (MET)


Startpoint: _1425_ (rising edge-triggered flip-flop clocked by clk)
Endpoint: _1457_ (rising edge-triggered flip-flop clocked by clk)
Path Group: clk
Path Type: max

Fanout         Cap        Slew       Delay        Time   Description
---------------------------------------------------------------------------------------------
                                  0.000000    0.000000   clock clk (rise edge)
                                  0.000000    0.000000   clock source latency
    81    0.246353    1.101485    0.767959    0.767959 ^ clk (in)
                                                         clk (net)
                      1.101927    0.000000    0.767959 ^ _1425_/CLK (sky130_fd_sc_hd__dfxtp_2)
    22    0.070188    0.163517    0.615386    1.383344 v _1425_/Q (sky130_fd_sc_hd__dfxtp_2)
                                                         core_b[0] (net)
                      0.163517    0.000268    1.383612 v _1019_/B (sky130_fd_sc_hd__and3_2)
     7    0.015859    0.067182    0.283510    1.667122 v _1019_/X (sky130_fd_sc_hd__and3_2)
                                                         _0351_ (net)
                      0.067182    0.000020    1.667142 v _1023_/A (sky130_fd_sc_hd__or4bb_2)
     2    0.006922    0.112485    0.655741    2.322882 v _1023_/X (sky130_fd_sc_hd__or4bb_2)
                                                         _0355_ (net)
                      0.112485    0.000013    2.322896 v _1026_/A2 (sky130_fd_sc_hd__a21o_2)
     3    0.010419    0.052716    0.256198    2.579093 v _1026_/X (sky130_fd_sc_hd__a21o_2)
                                                         _0358_ (net)
                      0.052716    0.000068    2.579162 v _1028_/A2 (sky130_fd_sc_hd__a21o_2)
     2    0.007263    0.044444    0.222496    2.801658 v _1028_/X (sky130_fd_sc_hd__a21o_2)
                                                         _0360_ (net)
                      0.044444    0.000024    2.801682 v _1031_/A2 (sky130_fd_sc_hd__a21o_2)
     3    0.013591    0.059196    0.238652    3.040334 v _1031_/X (sky130_fd_sc_hd__a21o_2)
                                                         _0363_ (net)
                      0.059196    0.000158    3.040492 v _1032_/C (sky130_fd_sc_hd__and3_2)
     3    0.009314    0.053221    0.231663    3.272155 v _1032_/X (sky130_fd_sc_hd__and3_2)
                                                         _0364_ (net)
                      0.053221    0.000043    3.272197 v _1037_/A1 (sky130_fd_sc_hd__o211a_2)
     2    0.005818    0.049812    0.267121    3.539319 v _1037_/X (sky130_fd_sc_hd__o211a_2)
                                                         _0369_ (net)
                      0.049812    0.000000    3.539319 v _1038_/C (sky130_fd_sc_hd__or3_2)
     4    0.012460    0.109253    0.460021    3.999341 v _1038_/X (sky130_fd_sc_hd__or3_2)
                                                         _0370_ (net)
                      0.109253    0.000025    3.999365 v _1082_/A2 (sky130_fd_sc_hd__a211o_2)
     3    0.007787    0.060519    0.367757    4.367123 v _1082_/X (sky130_fd_sc_hd__a211o_2)
                                                         _0413_ (net)
                      0.060519    0.000026    4.367148 v _1125_/D (sky130_fd_sc_hd__and4b_2)
     2    0.005139    0.048029    0.246873    4.614021 v _1125_/X (sky130_fd_sc_hd__and4b_2)
                                                         _0455_ (net)
                      0.048029    0.000015    4.614037 v _1196_/A2 (sky130_fd_sc_hd__a211o_2)
     3    0.011840    0.072591    0.361666    4.975703 v _1196_/X (sky130_fd_sc_hd__a211o_2)
                                                         _0524_ (net)
                      0.072591    0.000173    4.975875 v _1234_/A2 (sky130_fd_sc_hd__a31o_2)
     2    0.013560    0.064169    0.272137    5.248013 v _1234_/X (sky130_fd_sc_hd__a31o_2)
                                                         _0560_ (net)
                      0.064169    0.000020    5.248033 v _1247_/A (sky130_fd_sc_hd__nand2_2)
     1    0.002949    0.042909    0.055424    5.303456 ^ _1247_/Y (sky130_fd_sc_hd__nand2_2)
                                                         _0573_ (net)
                      0.042909    0.000007    5.303463 ^ _1266_/B1 (sky130_fd_sc_hd__o211a_2)
    36    0.203805    1.132577    0.922978    6.226440 ^ _1266_/X (sky130_fd_sc_hd__o211a_2)
                                                         _0591_ (net)
                      1.132643    0.007271    6.233712 ^ _1281_/B (sky130_fd_sc_hd__xnor2_2)
     3    0.011606    0.182233    0.173119    6.406831 v _1281_/Y (sky130_fd_sc_hd__xnor2_2)
                                                         _0604_ (net)
                      0.182233    0.000015    6.406846 v _1299_/B (sky130_fd_sc_hd__or4_2)
     1    0.002806    0.098951    0.675107    7.081953 v _1299_/X (sky130_fd_sc_hd__or4_2)
                                                         _0619_ (net)
                      0.098951    0.000012    7.081964 v _1300_/C1 (sky130_fd_sc_hd__a311o_2)
     2    0.006116    0.062470    0.334616    7.416581 v _1300_/X (sky130_fd_sc_hd__a311o_2)
                                                         _0620_ (net)
                      0.062470    0.000077    7.416657 v _1329_/A1 (sky130_fd_sc_hd__a21o_2)
     3    0.012553    0.057007    0.220682    7.637339 v _1329_/X (sky130_fd_sc_hd__a21o_2)
                                                         _0645_ (net)
                      0.057007    0.000059    7.637398 v _1330_/A2 (sky130_fd_sc_hd__a21o_2)
     3    0.006523    0.042860    0.221755    7.859153 v _1330_/X (sky130_fd_sc_hd__a21o_2)
                                                         _0646_ (net)
                      0.042860    0.000003    7.859155 v _1332_/A1 (sky130_fd_sc_hd__a21bo_2)
     1    0.002937    0.034799    0.184480    8.043635 v _1332_/X (sky130_fd_sc_hd__a21bo_2)
                                                         _0648_ (net)
                      0.034799    0.000010    8.043645 v _1333_/C1 (sky130_fd_sc_hd__o211a_2)
     1    0.001810    0.040732    0.102747    8.146392 v _1333_/X (sky130_fd_sc_hd__o211a_2)
                                                         _0073_ (net)
                      0.040732    0.000000    8.146393 v _1457_/D (sky130_fd_sc_hd__dfxtp_2)
                                              8.146393   data arrival time

                                 10.000000   10.000000   clock clk (rise edge)
                                  0.000000   10.000000   clock source latency
    81    0.246353    1.101485    0.761718   10.761718 ^ clk (in)
                                                         clk (net)
                      1.101675    0.000000   10.761718 ^ _1457_/CLK (sky130_fd_sc_hd__dfxtp_2)
                                 -0.250000   10.511718   clock uncertainty
                                  0.000000   10.511718   clock reconvergence pessimism
                                  0.048457   10.560175   library setup time
                                             10.560175   data required time
---------------------------------------------------------------------------------------------
                                             10.560175   data required time
                                             -8.146393   data arrival time
---------------------------------------------------------------------------------------------
                                              2.413782   slack (MET)


Startpoint: _1425_ (rising edge-triggered flip-flop clocked by clk)
Endpoint: _1452_ (rising edge-triggered flip-flop clocked by clk)
Path Group: clk
Path Type: max

Fanout         Cap        Slew       Delay        Time   Description
---------------------------------------------------------------------------------------------
                                  0.000000    0.000000   clock clk (rise edge)
                                  0.000000    0.000000   clock source latency
    81    0.246353    1.101485    0.767959    0.767959 ^ clk (in)
                                                         clk (net)
                      1.101927    0.000000    0.767959 ^ _1425_/CLK (sky130_fd_sc_hd__dfxtp_2)
    22    0.070188    0.163517    0.615386    1.383344 v _1425_/Q (sky130_fd_sc_hd__dfxtp_2)
                                                         core_b[0] (net)
                      0.163517    0.000268    1.383612 v _1019_/B (sky130_fd_sc_hd__and3_2)
     7    0.015859    0.067182    0.283510    1.667122 v _1019_/X (sky130_fd_sc_hd__and3_2)
                                                         _0351_ (net)
                      0.067182    0.000020    1.667142 v _1023_/A (sky130_fd_sc_hd__or4bb_2)
     2    0.006922    0.112485    0.655741    2.322882 v _1023_/X (sky130_fd_sc_hd__or4bb_2)
                                                         _0355_ (net)
                      0.112485    0.000013    2.322896 v _1026_/A2 (sky130_fd_sc_hd__a21o_2)
     3    0.010419    0.052716    0.256198    2.579093 v _1026_/X (sky130_fd_sc_hd__a21o_2)
                                                         _0358_ (net)
                      0.052716    0.000068    2.579162 v _1028_/A2 (sky130_fd_sc_hd__a21o_2)
     2    0.007263    0.044444    0.222496    2.801658 v _1028_/X (sky130_fd_sc_hd__a21o_2)
                                                         _0360_ (net)
                      0.044444    0.000024    2.801682 v _1031_/A2 (sky130_fd_sc_hd__a21o_2)
     3    0.013591    0.059196    0.238652    3.040334 v _1031_/X (sky130_fd_sc_hd__a21o_2)
                                                         _0363_ (net)
                      0.059196    0.000158    3.040492 v _1032_/C (sky130_fd_sc_hd__and3_2)
     3    0.009314    0.053221    0.231663    3.272155 v _1032_/X (sky130_fd_sc_hd__and3_2)
                                                         _0364_ (net)
                      0.053221    0.000043    3.272197 v _1037_/A1 (sky130_fd_sc_hd__o211a_2)
     2    0.005818    0.049812    0.267121    3.539319 v _1037_/X (sky130_fd_sc_hd__o211a_2)
                                                         _0369_ (net)
                      0.049812    0.000000    3.539319 v _1038_/C (sky130_fd_sc_hd__or3_2)
     4    0.012460    0.109253    0.460021    3.999341 v _1038_/X (sky130_fd_sc_hd__or3_2)
                                                         _0370_ (net)
                      0.109253    0.000025    3.999365 v _1082_/A2 (sky130_fd_sc_hd__a211o_2)
     3    0.007787    0.060519    0.367757    4.367123 v _1082_/X (sky130_fd_sc_hd__a211o_2)
                                                         _0413_ (net)
                      0.060519    0.000026    4.367148 v _1125_/D (sky130_fd_sc_hd__and4b_2)
     2    0.005139    0.048029    0.246873    4.614021 v _1125_/X (sky130_fd_sc_hd__and4b_2)
                                                         _0455_ (net)
                      0.048029    0.000015    4.614037 v _1196_/A2 (sky130_fd_sc_hd__a211o_2)
     3    0.011840    0.072591    0.361666    4.975703 v _1196_/X (sky130_fd_sc_hd__a211o_2)
                                                         _0524_ (net)
                      0.072591    0.000173    4.975875 v _1234_/A2 (sky130_fd_sc_hd__a31o_2)
     2    0.013560    0.064169    0.272137    5.248013 v _1234_/X (sky130_fd_sc_hd__a31o_2)
                                                         _0560_ (net)
                      0.064169    0.000020    5.248033 v _1247_/A (sky130_fd_sc_hd__nand2_2)
     1    0.002949    0.042909    0.055424    5.303456 ^ _1247_/Y (sky130_fd_sc_hd__nand2_2)
                                                         _0573_ (net)
                      0.042909    0.000007    5.303463 ^ _1266_/B1 (sky130_fd_sc_hd__o211a_2)
    36    0.203805    1.132577    0.922978    6.226440 ^ _1266_/X (sky130_fd_sc_hd__o211a_2)
                                                         _0591_ (net)
                      1.132608    0.005020    6.231461 ^ _1268_/B (sky130_fd_sc_hd__and2_2)
     2    0.003089    0.059292    0.282171    6.513632 ^ _1268_/X (sky130_fd_sc_hd__and2_2)
                                                         _0593_ (net)
                      0.059292    0.000000    6.513632 ^ _1274_/B1_N (sky130_fd_sc_hd__o21ba_2)
     2    0.005168    0.040542    0.159198    6.672830 v _1274_/X (sky130_fd_sc_hd__o21ba_2)
                                                         _0598_ (net)
                      0.040542    0.000019    6.672849 v _1276_/A3 (sky130_fd_sc_hd__a31o_2)
     2    0.005929    0.045981    0.246748    6.919597 v _1276_/X (sky130_fd_sc_hd__a31o_2)
                                                         _0600_ (net)
                      0.045981    0.000010    6.919607 v _1277_/B (sky130_fd_sc_hd__or2_2)
     3    0.008016    0.071238    0.292270    7.211877 v _1277_/X (sky130_fd_sc_hd__or2_2)
                                                         _0601_ (net)
                      0.071238    0.000024    7.211901 v _1289_/B1 (sky130_fd_sc_hd__a2bb2o_2)
     2    0.010789    0.066327    0.293998    7.505899 v _1289_/X (sky130_fd_sc_hd__a2bb2o_2)
                                                         _0611_ (net)
                      0.066327    0.000002    7.505901 v _1294_/A2 (sky130_fd_sc_hd__o21a_2)
     1    0.008832    0.048179    0.215934    7.721835 v _1294_/X (sky130_fd_sc_hd__o21a_2)
                                                         _0615_ (net)
                      0.048179    0.000042    7.721877 v _1295_/B (sky130_fd_sc_hd__xnor2_2)
     1    0.004315    0.062197    0.126479    7.848356 v _1295_/Y (sky130_fd_sc_hd__xnor2_2)
                                                         _0616_ (net)
                      0.062197    0.000002    7.848358 v _1296_/B (sky130_fd_sc_hd__nand2_2)
     1    0.002516    0.102277    0.063032    7.911390 ^ _1296_/Y (sky130_fd_sc_hd__nand2_2)
                                                         _0617_ (net)
                      0.102277    0.000000    7.911391 ^ _1297_/C1 (sky130_fd_sc_hd__o211a_2)
     1    0.001770    0.051284    0.164228    8.075619 ^ _1297_/X (sky130_fd_sc_hd__o211a_2)
                                                         _0068_ (net)
                      0.051284    0.000000    8.075620 ^ _1452_/D (sky130_fd_sc_hd__dfxtp_2)
                                              8.075620   data arrival time

                                 10.000000   10.000000   clock clk (rise edge)
                                  0.000000   10.000000   clock source latency
    81    0.246353    1.101485    0.759658   10.759659 ^ clk (in)
                                                         clk (net)
                      1.101615    0.000000   10.759659 ^ _1452_/CLK (sky130_fd_sc_hd__dfxtp_2)
                                 -0.250000   10.509658   clock uncertainty
                                  0.000000   10.509658   clock reconvergence pessimism
                                  0.025223   10.534881   library setup time
                                             10.534881   data required time
---------------------------------------------------------------------------------------------
                                             10.534881   data required time
                                             -8.075620   data arrival time
---------------------------------------------------------------------------------------------
                                              2.459261   slack (MET)


Startpoint: _1425_ (rising edge-triggered flip-flop clocked by clk)
Endpoint: _1451_ (rising edge-triggered flip-flop clocked by clk)
Path Group: clk
Path Type: max

Fanout         Cap        Slew       Delay        Time   Description
---------------------------------------------------------------------------------------------
                                  0.000000    0.000000   clock clk (rise edge)
                                  0.000000    0.000000   clock source latency
    81    0.246353    1.101485    0.767959    0.767959 ^ clk (in)
                                                         clk (net)
                      1.101927    0.000000    0.767959 ^ _1425_/CLK (sky130_fd_sc_hd__dfxtp_2)
    22    0.070188    0.163517    0.615386    1.383344 v _1425_/Q (sky130_fd_sc_hd__dfxtp_2)
                                                         core_b[0] (net)
                      0.163517    0.000268    1.383612 v _1019_/B (sky130_fd_sc_hd__and3_2)
     7    0.015859    0.067182    0.283510    1.667122 v _1019_/X (sky130_fd_sc_hd__and3_2)
                                                         _0351_ (net)
                      0.067182    0.000020    1.667142 v _1023_/A (sky130_fd_sc_hd__or4bb_2)
     2    0.006922    0.112485    0.655741    2.322882 v _1023_/X (sky130_fd_sc_hd__or4bb_2)
                                                         _0355_ (net)
                      0.112485    0.000013    2.322896 v _1026_/A2 (sky130_fd_sc_hd__a21o_2)
     3    0.010419    0.052716    0.256198    2.579093 v _1026_/X (sky130_fd_sc_hd__a21o_2)
                                                         _0358_ (net)
                      0.052716    0.000068    2.579162 v _1028_/A2 (sky130_fd_sc_hd__a21o_2)
     2    0.007263    0.044444    0.222496    2.801658 v _1028_/X (sky130_fd_sc_hd__a21o_2)
                                                         _0360_ (net)
                      0.044444    0.000024    2.801682 v _1031_/A2 (sky130_fd_sc_hd__a21o_2)
     3    0.013591    0.059196    0.238652    3.040334 v _1031_/X (sky130_fd_sc_hd__a21o_2)
                                                         _0363_ (net)
                      0.059196    0.000158    3.040492 v _1032_/C (sky130_fd_sc_hd__and3_2)
     3    0.009314    0.053221    0.231663    3.272155 v _1032_/X (sky130_fd_sc_hd__and3_2)
                                                         _0364_ (net)
                      0.053221    0.000043    3.272197 v _1037_/A1 (sky130_fd_sc_hd__o211a_2)
     2    0.005818    0.049812    0.267121    3.539319 v _1037_/X (sky130_fd_sc_hd__o211a_2)
                                                         _0369_ (net)
                      0.049812    0.000000    3.539319 v _1038_/C (sky130_fd_sc_hd__or3_2)
     4    0.012460    0.109253    0.460021    3.999341 v _1038_/X (sky130_fd_sc_hd__or3_2)
                                                         _0370_ (net)
                      0.109253    0.000025    3.999365 v _1082_/A2 (sky130_fd_sc_hd__a211o_2)
     3    0.007787    0.060519    0.367757    4.367123 v _1082_/X (sky130_fd_sc_hd__a211o_2)
                                                         _0413_ (net)
                      0.060519    0.000026    4.367148 v _1125_/D (sky130_fd_sc_hd__and4b_2)
     2    0.005139    0.048029    0.246873    4.614021 v _1125_/X (sky130_fd_sc_hd__and4b_2)
                                                         _0455_ (net)
                      0.048029    0.000015    4.614037 v _1196_/A2 (sky130_fd_sc_hd__a211o_2)
     3    0.011840    0.072591    0.361666    4.975703 v _1196_/X (sky130_fd_sc_hd__a211o_2)
                                                         _0524_ (net)
                      0.072591    0.000173    4.975875 v _1234_/A2 (sky130_fd_sc_hd__a31o_2)
     2    0.013560    0.064169    0.272137    5.248013 v _1234_/X (sky130_fd_sc_hd__a31o_2)
                                                         _0560_ (net)
                      0.064169    0.000020    5.248033 v _1247_/A (sky130_fd_sc_hd__nand2_2)
     1    0.002949    0.042909    0.055424    5.303456 ^ _1247_/Y (sky130_fd_sc_hd__nand2_2)
                                                         _0573_ (net)
                      0.042909    0.000007    5.303463 ^ _1266_/B1 (sky130_fd_sc_hd__o211a_2)
    36    0.203805    1.132577    0.922978    6.226440 ^ _1266_/X (sky130_fd_sc_hd__o211a_2)
                                                         _0591_ (net)
                      1.132608    0.005020    6.231461 ^ _1268_/B (sky130_fd_sc_hd__and2_2)
     2    0.003089    0.059292    0.282171    6.513632 ^ _1268_/X (sky130_fd_sc_hd__and2_2)
                                                         _0593_ (net)
                      0.059292    0.000000    6.513632 ^ _1274_/B1_N (sky130_fd_sc_hd__o21ba_2)
     2    0.005168    0.040542    0.159198    6.672830 v _1274_/X (sky130_fd_sc_hd__o21ba_2)
                                                         _0598_ (net)
                      0.040542    0.000019    6.672849 v _1276_/A3 (sky130_fd_sc_hd__a31o_2)
     2    0.005929    0.045981    0.246748    6.919597 v _1276_/X (sky130_fd_sc_hd__a31o_2)
                                                         _0600_ (net)
                      0.045981    0.000010    6.919607 v _1277_/B (sky130_fd_sc_hd__or2_2)
     3    0.008016    0.071238    0.292270    7.211877 v _1277_/X (sky130_fd_sc_hd__or2_2)
                                                         _0601_ (net)
                      0.071238    0.000024    7.211901 v _1289_/B1 (sky130_fd_sc_hd__a2bb2o_2)
     2    0.010789    0.066327    0.293998    7.505899 v _1289_/X (sky130_fd_sc_hd__a2bb2o_2)
                                                         _0611_ (net)
                      0.066327    0.000013    7.505913 v _1290_/B (sky130_fd_sc_hd__xnor2_2)
     1    0.004385    0.065020    0.134279    7.640192 v _1290_/Y (sky130_fd_sc_hd__xnor2_2)
                                                         _0612_ (net)
                      0.065020    0.000004    7.640195 v _1291_/B (sky130_fd_sc_hd__nand2_2)
     1    0.002465    0.101842    0.064069    7.704264 ^ _1291_/Y (sky130_fd_sc_hd__nand2_2)
                                                         _0613_ (net)
                      0.101842    0.000000    7.704265 ^ _1292_/C1 (sky130_fd_sc_hd__o211a_2)
     1    0.001716    0.050955    0.163752    7.868017 ^ _1292_/X (sky130_fd_sc_hd__o211a_2)
                                                         _0067_ (net)
                      0.050955    0.000000    7.868017 ^ _1451_/D (sky130_fd_sc_hd__dfxtp_2)
                                              7.868017   data arrival time

                                 10.000000   10.000000   clock clk (rise edge)
                                  0.000000   10.000000   clock source latency
    81    0.246353    1.101485    0.758762   10.758762 ^ clk (in)
                                                         clk (net)
                      1.101593    0.000000   10.758762 ^ _1451_/CLK (sky130_fd_sc_hd__dfxtp_2)
                                 -0.250000   10.508762   clock uncertainty
                                  0.000000   10.508762   clock reconvergence pessimism
                                  0.025289   10.534050   library setup time
                                             10.534050   data required time
---------------------------------------------------------------------------------------------
                                             10.534050   data required time
                                             -7.868017   data arrival time
---------------------------------------------------------------------------------------------
                                              2.666034   slack (MET)


Startpoint: _1425_ (rising edge-triggered flip-flop clocked by clk)
Endpoint: _1450_ (rising edge-triggered flip-flop clocked by clk)
Path Group: clk
Path Type: max

Fanout         Cap        Slew       Delay        Time   Description
---------------------------------------------------------------------------------------------
                                  0.000000    0.000000   clock clk (rise edge)
                                  0.000000    0.000000   clock source latency
    81    0.246353    1.101485    0.767959    0.767959 ^ clk (in)
                                                         clk (net)
                      1.101927    0.000000    0.767959 ^ _1425_/CLK (sky130_fd_sc_hd__dfxtp_2)
    22    0.070188    0.163517    0.615386    1.383344 v _1425_/Q (sky130_fd_sc_hd__dfxtp_2)
                                                         core_b[0] (net)
                      0.163517    0.000268    1.383612 v _1019_/B (sky130_fd_sc_hd__and3_2)
     7    0.015859    0.067182    0.283510    1.667122 v _1019_/X (sky130_fd_sc_hd__and3_2)
                                                         _0351_ (net)
                      0.067182    0.000020    1.667142 v _1023_/A (sky130_fd_sc_hd__or4bb_2)
     2    0.006922    0.112485    0.655741    2.322882 v _1023_/X (sky130_fd_sc_hd__or4bb_2)
                                                         _0355_ (net)
                      0.112485    0.000013    2.322896 v _1026_/A2 (sky130_fd_sc_hd__a21o_2)
     3    0.010419    0.052716    0.256198    2.579093 v _1026_/X (sky130_fd_sc_hd__a21o_2)
                                                         _0358_ (net)
                      0.052716    0.000068    2.579162 v _1028_/A2 (sky130_fd_sc_hd__a21o_2)
     2    0.007263    0.044444    0.222496    2.801658 v _1028_/X (sky130_fd_sc_hd__a21o_2)
                                                         _0360_ (net)
                      0.044444    0.000024    2.801682 v _1031_/A2 (sky130_fd_sc_hd__a21o_2)
     3    0.013591    0.059196    0.238652    3.040334 v _1031_/X (sky130_fd_sc_hd__a21o_2)
                                                         _0363_ (net)
                      0.059196    0.000158    3.040492 v _1032_/C (sky130_fd_sc_hd__and3_2)
     3    0.009314    0.053221    0.231663    3.272155 v _1032_/X (sky130_fd_sc_hd__and3_2)
                                                         _0364_ (net)
                      0.053221    0.000043    3.272197 v _1037_/A1 (sky130_fd_sc_hd__o211a_2)
     2    0.005818    0.049812    0.267121    3.539319 v _1037_/X (sky130_fd_sc_hd__o211a_2)
                                                         _0369_ (net)
                      0.049812    0.000000    3.539319 v _1038_/C (sky130_fd_sc_hd__or3_2)
     4    0.012460    0.109253    0.460021    3.999341 v _1038_/X (sky130_fd_sc_hd__or3_2)
                                                         _0370_ (net)
                      0.109253    0.000025    3.999365 v _1082_/A2 (sky130_fd_sc_hd__a211o_2)
     3    0.007787    0.060519    0.367757    4.367123 v _1082_/X (sky130_fd_sc_hd__a211o_2)
                                                         _0413_ (net)
                      0.060519    0.000026    4.367148 v _1125_/D (sky130_fd_sc_hd__and4b_2)
     2    0.005139    0.048029    0.246873    4.614021 v _1125_/X (sky130_fd_sc_hd__and4b_2)
                                                         _0455_ (net)
                      0.048029    0.000015    4.614037 v _1196_/A2 (sky130_fd_sc_hd__a211o_2)
     3    0.011840    0.072591    0.361666    4.975703 v _1196_/X (sky130_fd_sc_hd__a211o_2)
                                                         _0524_ (net)
                      0.072591    0.000173    4.975875 v _1234_/A2 (sky130_fd_sc_hd__a31o_2)
     2    0.013560    0.064169    0.272137    5.248013 v _1234_/X (sky130_fd_sc_hd__a31o_2)
                                                         _0560_ (net)
                      0.064169    0.000020    5.248033 v _1247_/A (sky130_fd_sc_hd__nand2_2)
     1    0.002949    0.042909    0.055424    5.303456 ^ _1247_/Y (sky130_fd_sc_hd__nand2_2)
                                                         _0573_ (net)
                      0.042909    0.000007    5.303463 ^ _1266_/B1 (sky130_fd_sc_hd__o211a_2)
    36    0.203805    1.132577    0.922978    6.226440 ^ _1266_/X (sky130_fd_sc_hd__o211a_2)
                                                         _0591_ (net)
                      1.132608    0.005020    6.231461 ^ _1268_/B (sky130_fd_sc_hd__and2_2)
     2    0.003089    0.059292    0.282171    6.513632 ^ _1268_/X (sky130_fd_sc_hd__and2_2)
                                                         _0593_ (net)
                      0.059292    0.000000    6.513632 ^ _1274_/B1_N (sky130_fd_sc_hd__o21ba_2)
     2    0.005168    0.040542    0.159198    6.672830 v _1274_/X (sky130_fd_sc_hd__o21ba_2)
                                                         _0598_ (net)
                      0.040542    0.000019    6.672849 v _1276_/A3 (sky130_fd_sc_hd__a31o_2)
     2    0.005929    0.045981    0.246748    6.919597 v _1276_/X (sky130_fd_sc_hd__a31o_2)
                                                         _0600_ (net)
                      0.045981    0.000010    6.919607 v _1277_/B (sky130_fd_sc_hd__or2_2)
     3    0.008016    0.071238    0.292270    7.211877 v _1277_/X (sky130_fd_sc_hd__or2_2)
                                                         _0601_ (net)
                      0.071238    0.000014    7.211892 v _1282_/B1_N (sky130_fd_sc_hd__a21bo_2)
     2    0.010099    0.081241    0.220395    7.432287 ^ _1282_/X (sky130_fd_sc_hd__a21bo_2)
                                                         _0605_ (net)
                      0.081241    0.000008    7.432295 ^ _1283_/A2 (sky130_fd_sc_hd__a21boi_2)
     1    0.004374    0.067384    0.060222    7.492517 v _1283_/Y (sky130_fd_sc_hd__a21boi_2)
                                                         _0606_ (net)
                      0.067384    0.000003    7.492520 v _1284_/B1 (sky130_fd_sc_hd__o21ai_2)
     1    0.003387    0.096200    0.059654    7.552173 ^ _1284_/Y (sky130_fd_sc_hd__o21ai_2)
                                                         _0607_ (net)
                      0.096200    0.000012    7.552186 ^ _1285_/C1 (sky130_fd_sc_hd__o211a_2)
     1    0.002218    0.054002    0.164995    7.717181 ^ _1285_/X (sky130_fd_sc_hd__o211a_2)
                                                         _0066_ (net)
                      0.054002    0.000004    7.717185 ^ _1450_/D (sky130_fd_sc_hd__dfxtp_2)
                                              7.717185   data arrival time

                                 10.000000   10.000000   clock clk (rise edge)
                                  0.000000   10.000000   clock source latency
    81    0.246353    1.101485    0.761915   10.761915 ^ clk (in)
                                                         clk (net)
                      1.101681    0.000000   10.761915 ^ _1450_/CLK (sky130_fd_sc_hd__dfxtp_2)
                                 -0.250000   10.511915   clock uncertainty
                                  0.000000   10.511915   clock reconvergence pessimism
                                  0.024676   10.536591   library setup time
                                             10.536591   data required time
---------------------------------------------------------------------------------------------
                                             10.536591   data required time
                                             -7.717185   data arrival time
---------------------------------------------------------------------------------------------
                                              2.819405   slack (MET)


Startpoint: _1425_ (rising edge-triggered flip-flop clocked by clk)
Endpoint: _1449_ (rising edge-triggered flip-flop clocked by clk)
Path Group: clk
Path Type: max

Fanout         Cap        Slew       Delay        Time   Description
---------------------------------------------------------------------------------------------
                                  0.000000    0.000000   clock clk (rise edge)
                                  0.000000    0.000000   clock source latency
    81    0.246353    1.101485    0.767959    0.767959 ^ clk (in)
                                                         clk (net)
                      1.101927    0.000000    0.767959 ^ _1425_/CLK (sky130_fd_sc_hd__dfxtp_2)
    22    0.070188    0.163517    0.615386    1.383344 v _1425_/Q (sky130_fd_sc_hd__dfxtp_2)
                                                         core_b[0] (net)
                      0.163517    0.000268    1.383612 v _1019_/B (sky130_fd_sc_hd__and3_2)
     7    0.015859    0.067182    0.283510    1.667122 v _1019_/X (sky130_fd_sc_hd__and3_2)
                                                         _0351_ (net)
                      0.067182    0.000020    1.667142 v _1023_/A (sky130_fd_sc_hd__or4bb_2)
     2    0.006922    0.112485    0.655741    2.322882 v _1023_/X (sky130_fd_sc_hd__or4bb_2)
                                                         _0355_ (net)
                      0.112485    0.000013    2.322896 v _1026_/A2 (sky130_fd_sc_hd__a21o_2)
     3    0.010419    0.052716    0.256198    2.579093 v _1026_/X (sky130_fd_sc_hd__a21o_2)
                                                         _0358_ (net)
                      0.052716    0.000068    2.579162 v _1028_/A2 (sky130_fd_sc_hd__a21o_2)
     2    0.007263    0.044444    0.222496    2.801658 v _1028_/X (sky130_fd_sc_hd__a21o_2)
                                                         _0360_ (net)
                      0.044444    0.000024    2.801682 v _1031_/A2 (sky130_fd_sc_hd__a21o_2)
     3    0.013591    0.059196    0.238652    3.040334 v _1031_/X (sky130_fd_sc_hd__a21o_2)
                                                         _0363_ (net)
                      0.059196    0.000158    3.040492 v _1032_/C (sky130_fd_sc_hd__and3_2)
     3    0.009314    0.053221    0.231663    3.272155 v _1032_/X (sky130_fd_sc_hd__and3_2)
                                                         _0364_ (net)
                      0.053221    0.000043    3.272197 v _1037_/A1 (sky130_fd_sc_hd__o211a_2)
     2    0.005818    0.049812    0.267121    3.539319 v _1037_/X (sky130_fd_sc_hd__o211a_2)
                                                         _0369_ (net)
                      0.049812    0.000000    3.539319 v _1038_/C (sky130_fd_sc_hd__or3_2)
     4    0.012460    0.109253    0.460021    3.999341 v _1038_/X (sky130_fd_sc_hd__or3_2)
                                                         _0370_ (net)
                      0.109253    0.000025    3.999365 v _1082_/A2 (sky130_fd_sc_hd__a211o_2)
     3    0.007787    0.060519    0.367757    4.367123 v _1082_/X (sky130_fd_sc_hd__a211o_2)
                                                         _0413_ (net)
                      0.060519    0.000026    4.367148 v _1125_/D (sky130_fd_sc_hd__and4b_2)
     2    0.005139    0.048029    0.246873    4.614021 v _1125_/X (sky130_fd_sc_hd__and4b_2)
                                                         _0455_ (net)
                      0.048029    0.000015    4.614037 v _1196_/A2 (sky130_fd_sc_hd__a211o_2)
     3    0.011840    0.072591    0.361666    4.975703 v _1196_/X (sky130_fd_sc_hd__a211o_2)
                                                         _0524_ (net)
                      0.072591    0.000173    4.975875 v _1234_/A2 (sky130_fd_sc_hd__a31o_2)
     2    0.013560    0.064169    0.272137    5.248013 v _1234_/X (sky130_fd_sc_hd__a31o_2)
                                                         _0560_ (net)
                      0.064169    0.000020    5.248033 v _1247_/A (sky130_fd_sc_hd__nand2_2)
     1    0.002949    0.042909    0.055424    5.303456 ^ _1247_/Y (sky130_fd_sc_hd__nand2_2)
                                                         _0573_ (net)
                      0.042909    0.000007    5.303463 ^ _1266_/B1 (sky130_fd_sc_hd__o211a_2)
    36    0.203805    1.132577    0.922978    6.226440 ^ _1266_/X (sky130_fd_sc_hd__o211a_2)
                                                         _0591_ (net)
                      1.132608    0.005020    6.231461 ^ _1268_/B (sky130_fd_sc_hd__and2_2)
     2    0.003089    0.059292    0.282171    6.513632 ^ _1268_/X (sky130_fd_sc_hd__and2_2)
                                                         _0593_ (net)
                      0.059292    0.000000    6.513632 ^ _1274_/B1_N (sky130_fd_sc_hd__o21ba_2)
     2    0.005168    0.040542    0.159198    6.672830 v _1274_/X (sky130_fd_sc_hd__o21ba_2)
                                                         _0598_ (net)
                      0.040542    0.000019    6.672849 v _1276_/A3 (sky130_fd_sc_hd__a31o_2)
     2    0.005929    0.045981    0.246748    6.919597 v _1276_/X (sky130_fd_sc_hd__a31o_2)
                                                         _0600_ (net)
                      0.045981    0.000010    6.919607 v _1277_/B (sky130_fd_sc_hd__or2_2)
     3    0.008016    0.071238    0.292270    7.211877 v _1277_/X (sky130_fd_sc_hd__or2_2)
                                                         _0601_ (net)
                      0.071238    0.000015    7.211893 v _1279_/A1 (sky130_fd_sc_hd__a21bo_2)
     1    0.002570    0.034598    0.194090    7.405982 v _1279_/X (sky130_fd_sc_hd__a21bo_2)
                                                         _0603_ (net)
                      0.034598    0.000003    7.405985 v _1280_/C1 (sky130_fd_sc_hd__o211a_2)
     1    0.001787    0.040661    0.102572    7.508557 v _1280_/X (sky130_fd_sc_hd__o211a_2)
                                                         _0065_ (net)
                      0.040661    0.000000    7.508558 v _1449_/D (sky130_fd_sc_hd__dfxtp_2)
                                              7.508558   data arrival time

                                 10.000000   10.000000   clock clk (rise edge)
                                  0.000000   10.000000   clock source latency
    81    0.246353    1.101485    0.758758   10.758759 ^ clk (in)
                                                         clk (net)
                      1.101593    0.000000   10.758759 ^ _1449_/CLK (sky130_fd_sc_hd__dfxtp_2)
                                 -0.250000   10.508759   clock uncertainty
                                  0.000000   10.508759   clock reconvergence pessimism
                                  0.048480   10.557238   library setup time
                                             10.557238   data required time
---------------------------------------------------------------------------------------------
                                             10.557238   data required time
                                             -7.508558   data arrival time
---------------------------------------------------------------------------------------------
                                              3.048680   slack (MET)


Startpoint: _1425_ (rising edge-triggered flip-flop clocked by clk)
Endpoint: _1448_ (rising edge-triggered flip-flop clocked by clk)
Path Group: clk
Path Type: max

Fanout         Cap        Slew       Delay        Time   Description
---------------------------------------------------------------------------------------------
                                  0.000000    0.000000   clock clk (rise edge)
                                  0.000000    0.000000   clock source latency
    81    0.246353    1.101485    0.767959    0.767959 ^ clk (in)
                                                         clk (net)
                      1.101927    0.000000    0.767959 ^ _1425_/CLK (sky130_fd_sc_hd__dfxtp_2)
    22    0.070188    0.163517    0.615386    1.383344 v _1425_/Q (sky130_fd_sc_hd__dfxtp_2)
                                                         core_b[0] (net)
                      0.163517    0.000268    1.383612 v _1019_/B (sky130_fd_sc_hd__and3_2)
     7    0.015859    0.067182    0.283510    1.667122 v _1019_/X (sky130_fd_sc_hd__and3_2)
                                                         _0351_ (net)
                      0.067182    0.000020    1.667142 v _1023_/A (sky130_fd_sc_hd__or4bb_2)
     2    0.006922    0.112485    0.655741    2.322882 v _1023_/X (sky130_fd_sc_hd__or4bb_2)
                                                         _0355_ (net)
                      0.112485    0.000013    2.322896 v _1026_/A2 (sky130_fd_sc_hd__a21o_2)
     3    0.010419    0.052716    0.256198    2.579093 v _1026_/X (sky130_fd_sc_hd__a21o_2)
                                                         _0358_ (net)
                      0.052716    0.000068    2.579162 v _1028_/A2 (sky130_fd_sc_hd__a21o_2)
     2    0.007263    0.044444    0.222496    2.801658 v _1028_/X (sky130_fd_sc_hd__a21o_2)
                                                         _0360_ (net)
                      0.044444    0.000024    2.801682 v _1031_/A2 (sky130_fd_sc_hd__a21o_2)
     3    0.013591    0.059196    0.238652    3.040334 v _1031_/X (sky130_fd_sc_hd__a21o_2)
                                                         _0363_ (net)
                      0.059196    0.000158    3.040492 v _1032_/C (sky130_fd_sc_hd__and3_2)
     3    0.009314    0.053221    0.231663    3.272155 v _1032_/X (sky130_fd_sc_hd__and3_2)
                                                         _0364_ (net)
                      0.053221    0.000043    3.272197 v _1037_/A1 (sky130_fd_sc_hd__o211a_2)
     2    0.005818    0.049812    0.267121    3.539319 v _1037_/X (sky130_fd_sc_hd__o211a_2)
                                                         _0369_ (net)
                      0.049812    0.000000    3.539319 v _1038_/C (sky130_fd_sc_hd__or3_2)
     4    0.012460    0.109253    0.460021    3.999341 v _1038_/X (sky130_fd_sc_hd__or3_2)
                                                         _0370_ (net)
                      0.109253    0.000025    3.999365 v _1082_/A2 (sky130_fd_sc_hd__a211o_2)
     3    0.007787    0.060519    0.367757    4.367123 v _1082_/X (sky130_fd_sc_hd__a211o_2)
                                                         _0413_ (net)
                      0.060519    0.000026    4.367148 v _1125_/D (sky130_fd_sc_hd__and4b_2)
     2    0.005139    0.048029    0.246873    4.614021 v _1125_/X (sky130_fd_sc_hd__and4b_2)
                                                         _0455_ (net)
                      0.048029    0.000015    4.614037 v _1196_/A2 (sky130_fd_sc_hd__a211o_2)
     3    0.011840    0.072591    0.361666    4.975703 v _1196_/X (sky130_fd_sc_hd__a211o_2)
                                                         _0524_ (net)
                      0.072591    0.000173    4.975875 v _1234_/A2 (sky130_fd_sc_hd__a31o_2)
     2    0.013560    0.064169    0.272137    5.248013 v _1234_/X (sky130_fd_sc_hd__a31o_2)
                                                         _0560_ (net)
                      0.064169    0.000020    5.248033 v _1247_/A (sky130_fd_sc_hd__nand2_2)
     1    0.002949    0.042909    0.055424    5.303456 ^ _1247_/Y (sky130_fd_sc_hd__nand2_2)
                                                         _0573_ (net)
                      0.042909    0.000007    5.303463 ^ _1266_/B1 (sky130_fd_sc_hd__o211a_2)
    36    0.203805    1.132577    0.922978    6.226440 ^ _1266_/X (sky130_fd_sc_hd__o211a_2)
                                                         _0591_ (net)
                      1.132608    0.005024    6.231464 ^ _1267_/B (sky130_fd_sc_hd__nor2_2)
     3    0.005064    0.148279    0.049652    6.281116 v _1267_/Y (sky130_fd_sc_hd__nor2_2)
                                                         _0592_ (net)
                      0.148279    0.000001    6.281117 v _1269_/A (sky130_fd_sc_hd__or2_2)
     2    0.007114    0.066317    0.346135    6.627253 v _1269_/X (sky130_fd_sc_hd__or2_2)
                                                         _0594_ (net)
                      0.066317    0.000022    6.627275 v _1271_/A3 (sky130_fd_sc_hd__o31ai_2)
     1    0.002571    0.162368    0.167872    6.795147 ^ _1271_/Y (sky130_fd_sc_hd__o31ai_2)
                                                         _0596_ (net)
                      0.162368    0.000001    6.795148 ^ _1272_/B2 (sky130_fd_sc_hd__o221a_2)
     1    0.001943    0.050687    0.195564    6.990712 ^ _1272_/X (sky130_fd_sc_hd__o221a_2)
                                                         _0064_ (net)
                      0.050687    0.000002    6.990714 ^ _1448_/D (sky130_fd_sc_hd__dfxtp_2)
                                              6.990714   data arrival time

                                 10.000000   10.000000   clock clk (rise edge)
                                  0.000000   10.000000   clock source latency
    81    0.246353    1.101485    0.758746   10.758746 ^ clk (in)
                                                         clk (net)
                      1.101592    0.000000   10.758746 ^ _1448_/CLK (sky130_fd_sc_hd__dfxtp_2)
                                 -0.250000   10.508746   clock uncertainty
                                  0.000000   10.508746   clock reconvergence pessimism
                                  0.025343   10.534088   library setup time
                                             10.534088   data required time
---------------------------------------------------------------------------------------------
                                             10.534088   data required time
                                             -6.990714   data arrival time
---------------------------------------------------------------------------------------------
                                              3.543375   slack (MET)


Startpoint: _1425_ (rising edge-triggered flip-flop clocked by clk)
Endpoint: _1447_ (rising edge-triggered flip-flop clocked by clk)
Path Group: clk
Path Type: max

Fanout         Cap        Slew       Delay        Time   Description
---------------------------------------------------------------------------------------------
                                  0.000000    0.000000   clock clk (rise edge)
                                  0.000000    0.000000   clock source latency
    81    0.246353    1.101485    0.767959    0.767959 ^ clk (in)
                                                         clk (net)
                      1.101927    0.000000    0.767959 ^ _1425_/CLK (sky130_fd_sc_hd__dfxtp_2)
    22    0.070188    0.163517    0.615386    1.383344 v _1425_/Q (sky130_fd_sc_hd__dfxtp_2)
                                                         core_b[0] (net)
                      0.163517    0.000268    1.383612 v _1019_/B (sky130_fd_sc_hd__and3_2)
     7    0.015859    0.067182    0.283510    1.667122 v _1019_/X (sky130_fd_sc_hd__and3_2)
                                                         _0351_ (net)
                      0.067182    0.000020    1.667142 v _1023_/A (sky130_fd_sc_hd__or4bb_2)
     2    0.006922    0.112485    0.655741    2.322882 v _1023_/X (sky130_fd_sc_hd__or4bb_2)
                                                         _0355_ (net)
                      0.112485    0.000013    2.322896 v _1026_/A2 (sky130_fd_sc_hd__a21o_2)
     3    0.010419    0.052716    0.256198    2.579093 v _1026_/X (sky130_fd_sc_hd__a21o_2)
                                                         _0358_ (net)
                      0.052716    0.000068    2.579162 v _1028_/A2 (sky130_fd_sc_hd__a21o_2)
     2    0.007263    0.044444    0.222496    2.801658 v _1028_/X (sky130_fd_sc_hd__a21o_2)
                                                         _0360_ (net)
                      0.044444    0.000024    2.801682 v _1031_/A2 (sky130_fd_sc_hd__a21o_2)
     3    0.013591    0.059196    0.238652    3.040334 v _1031_/X (sky130_fd_sc_hd__a21o_2)
                                                         _0363_ (net)
                      0.059196    0.000158    3.040492 v _1032_/C (sky130_fd_sc_hd__and3_2)
     3    0.009314    0.053221    0.231663    3.272155 v _1032_/X (sky130_fd_sc_hd__and3_2)
                                                         _0364_ (net)
                      0.053221    0.000043    3.272197 v _1037_/A1 (sky130_fd_sc_hd__o211a_2)
     2    0.005818    0.049812    0.267121    3.539319 v _1037_/X (sky130_fd_sc_hd__o211a_2)
                                                         _0369_ (net)
                      0.049812    0.000000    3.539319 v _1038_/C (sky130_fd_sc_hd__or3_2)
     4    0.012460    0.109253    0.460021    3.999341 v _1038_/X (sky130_fd_sc_hd__or3_2)
                                                         _0370_ (net)
                      0.109253    0.000025    3.999365 v _1082_/A2 (sky130_fd_sc_hd__a211o_2)
     3    0.007787    0.060519    0.367757    4.367123 v _1082_/X (sky130_fd_sc_hd__a211o_2)
                                                         _0413_ (net)
                      0.060519    0.000026    4.367148 v _1125_/D (sky130_fd_sc_hd__and4b_2)
     2    0.005139    0.048029    0.246873    4.614021 v _1125_/X (sky130_fd_sc_hd__and4b_2)
                                                         _0455_ (net)
                      0.048029    0.000015    4.614037 v _1196_/A2 (sky130_fd_sc_hd__a211o_2)
     3    0.011840    0.072591    0.361666    4.975703 v _1196_/X (sky130_fd_sc_hd__a211o_2)
                                                         _0524_ (net)
                      0.072591    0.000179    4.975881 v _1225_/A3 (sky130_fd_sc_hd__a31o_2)
     1    0.008404    0.050376    0.269164    5.245045 v _1225_/X (sky130_fd_sc_hd__a31o_2)
                                                         _0552_ (net)
                      0.050376    0.000023    5.245068 v _1227_/B (sky130_fd_sc_hd__xor2_2)
     3    0.016883    0.246974    0.223844    5.468912 ^ _1227_/X (sky130_fd_sc_hd__xor2_2)
                                                         _0554_ (net)
                      0.246974    0.000087    5.468998 ^ _1228_/B (sky130_fd_sc_hd__xor2_2)
     2    0.011501    0.187697    0.216942    5.685940 ^ _1228_/X (sky130_fd_sc_hd__xor2_2)
                                                         _0555_ (net)
                      0.187697    0.000029    5.685969 ^ _1253_/B (sky130_fd_sc_hd__and2b_2)
     1    0.005046    0.045625    0.176785    5.862753 ^ _1253_/X (sky130_fd_sc_hd__and2b_2)
                                                         _0579_ (net)
                      0.045625    0.000016    5.862769 ^ _1254_/B1 (sky130_fd_sc_hd__o21ai_2)
     4    0.012458    0.073676    0.070465    5.933235 v _1254_/Y (sky130_fd_sc_hd__o21ai_2)
                                                         _0580_ (net)
                      0.073676    0.000045    5.933280 v _1258_/B (sky130_fd_sc_hd__and3_2)
     1    0.004354    0.042953    0.207405    6.140685 v _1258_/X (sky130_fd_sc_hd__and3_2)
                                                         _0584_ (net)
                      0.042953    0.000004    6.140688 v _1259_/A2 (sky130_fd_sc_hd__o21ai_2)
     1    0.002585    0.136608    0.096116    6.236805 ^ _1259_/Y (sky130_fd_sc_hd__o21ai_2)
                                                         _0585_ (net)
                      0.136608    0.000002    6.236807 ^ _1260_/C1 (sky130_fd_sc_hd__o211a_2)
     1    0.001814    0.051549    0.175421    6.412228 ^ _1260_/X (sky130_fd_sc_hd__o211a_2)
                                                         _0063_ (net)
                      0.051549    0.000001    6.412230 ^ _1447_/D (sky130_fd_sc_hd__dfxtp_2)
                                              6.412230   data arrival time

                                 10.000000   10.000000   clock clk (rise edge)
                                  0.000000   10.000000   clock source latency
    81    0.246353    1.101485    0.758721   10.758721 ^ clk (in)
                                                         clk (net)
                      1.101592    0.000000   10.758721 ^ _1447_/CLK (sky130_fd_sc_hd__dfxtp_2)
                                 -0.250000   10.508721   clock uncertainty
                                  0.000000   10.508721   clock reconvergence pessimism
                                  0.025168   10.533890   library setup time
                                             10.533890   data required time
---------------------------------------------------------------------------------------------
                                             10.533890   data required time
                                             -6.412230   data arrival time
---------------------------------------------------------------------------------------------
                                              4.121660   slack (MET)


Startpoint: _1425_ (rising edge-triggered flip-flop clocked by clk)
Endpoint: _1446_ (rising edge-triggered flip-flop clocked by clk)
Path Group: clk
Path Type: max

Fanout         Cap        Slew       Delay        Time   Description
---------------------------------------------------------------------------------------------
                                  0.000000    0.000000   clock clk (rise edge)
                                  0.000000    0.000000   clock source latency
    81    0.246353    1.101485    0.767959    0.767959 ^ clk (in)
                                                         clk (net)
                      1.101927    0.000000    0.767959 ^ _1425_/CLK (sky130_fd_sc_hd__dfxtp_2)
    22    0.070188    0.163517    0.615386    1.383344 v _1425_/Q (sky130_fd_sc_hd__dfxtp_2)
                                                         core_b[0] (net)
                      0.163517    0.000268    1.383612 v _1019_/B (sky130_fd_sc_hd__and3_2)
     7    0.015859    0.067182    0.283510    1.667122 v _1019_/X (sky130_fd_sc_hd__and3_2)
                                                         _0351_ (net)
                      0.067182    0.000020    1.667142 v _1023_/A (sky130_fd_sc_hd__or4bb_2)
     2    0.006922    0.112485    0.655741    2.322882 v _1023_/X (sky130_fd_sc_hd__or4bb_2)
                                                         _0355_ (net)
                      0.112485    0.000013    2.322896 v _1026_/A2 (sky130_fd_sc_hd__a21o_2)
     3    0.010419    0.052716    0.256198    2.579093 v _1026_/X (sky130_fd_sc_hd__a21o_2)
                                                         _0358_ (net)
                      0.052716    0.000068    2.579162 v _1028_/A2 (sky130_fd_sc_hd__a21o_2)
     2    0.007263    0.044444    0.222496    2.801658 v _1028_/X (sky130_fd_sc_hd__a21o_2)
                                                         _0360_ (net)
                      0.044444    0.000024    2.801682 v _1031_/A2 (sky130_fd_sc_hd__a21o_2)
     3    0.013591    0.059196    0.238652    3.040334 v _1031_/X (sky130_fd_sc_hd__a21o_2)
                                                         _0363_ (net)
                      0.059196    0.000158    3.040492 v _1032_/C (sky130_fd_sc_hd__and3_2)
     3    0.009314    0.053221    0.231663    3.272155 v _1032_/X (sky130_fd_sc_hd__and3_2)
                                                         _0364_ (net)
                      0.053221    0.000043    3.272197 v _1037_/A1 (sky130_fd_sc_hd__o211a_2)
     2    0.005818    0.049812    0.267121    3.539319 v _1037_/X (sky130_fd_sc_hd__o211a_2)
                                                         _0369_ (net)
                      0.049812    0.000000    3.539319 v _1038_/C (sky130_fd_sc_hd__or3_2)
     4    0.012460    0.109253    0.460021    3.999341 v _1038_/X (sky130_fd_sc_hd__or3_2)
                                                         _0370_ (net)
                      0.109253    0.000025    3.999365 v _1082_/A2 (sky130_fd_sc_hd__a211o_2)
     3    0.007787    0.060519    0.367757    4.367123 v _1082_/X (sky130_fd_sc_hd__a211o_2)
                                                         _0413_ (net)
                      0.060519    0.000026    4.367148 v _1125_/D (sky130_fd_sc_hd__and4b_2)
     2    0.005139    0.048029    0.246873    4.614021 v _1125_/X (sky130_fd_sc_hd__and4b_2)
                                                         _0455_ (net)
                      0.048029    0.000014    4.614036 v _1127_/A2 (sky130_fd_sc_hd__a21o_2)
     2    0.011640    0.055744    0.234917    4.848952 v _1127_/X (sky130_fd_sc_hd__a21o_2)
                                                         _0457_ (net)
                      0.055744    0.000039    4.848991 v _1128_/B (sky130_fd_sc_hd__xnor2_2)
     2    0.012949    0.080619    0.157914    5.006905 v _1128_/Y (sky130_fd_sc_hd__xnor2_2)
                                                         _0458_ (net)
                      0.080619    0.000031    5.006935 v _1130_/B (sky130_fd_sc_hd__xnor2_2)
     2    0.011328    0.076868    0.163364    5.170299 v _1130_/Y (sky130_fd_sc_hd__xnor2_2)
                                                         _0460_ (net)
                      0.076868    0.000052    5.170352 v _1132_/C1 (sky130_fd_sc_hd__a211o_2)
     2    0.007790    0.060618    0.291848    5.462199 v _1132_/X (sky130_fd_sc_hd__a211o_2)
                                                         _0462_ (net)
                      0.060618    0.000064    5.462263 v _1165_/A2 (sky130_fd_sc_hd__a21oi_2)
     3    0.016397    0.219480    0.233394    5.695657 ^ _1165_/Y (sky130_fd_sc_hd__a21oi_2)
                                                         _0494_ (net)
                      0.219480    0.000093    5.695750 ^ _1169_/B (sky130_fd_sc_hd__nor2_2)
     2    0.013823    0.068661    0.089015    5.784765 v _1169_/Y (sky130_fd_sc_hd__nor2_2)
                                                         _0497_ (net)
                      0.068661    0.000063    5.784827 v _1229_/A1 (sky130_fd_sc_hd__o21bai_2)
     1    0.008811    0.149778    0.175837    5.960665 ^ _1229_/Y (sky130_fd_sc_hd__o21bai_2)
                                                         _0556_ (net)
                      0.149778    0.000017    5.960681 ^ _1230_/B (sky130_fd_sc_hd__xnor2_2)
     1    0.004764    0.123090    0.127150    6.087832 ^ _1230_/Y (sky130_fd_sc_hd__xnor2_2)
                                                         _0557_ (net)
                      0.123090    0.000003    6.087835 ^ _1231_/B (sky130_fd_sc_hd__nand2_2)
     1    0.002434    0.150662    0.057643    6.145478 v _1231_/Y (sky130_fd_sc_hd__nand2_2)
                                                         _0558_ (net)
                      0.150662    0.000001    6.145479 v _1232_/C1 (sky130_fd_sc_hd__o211a_2)
     1    0.001805    0.040716    0.153545    6.299024 v _1232_/X (sky130_fd_sc_hd__o211a_2)
                                                         _0062_ (net)
                      0.040716    0.000001    6.299026 v _1446_/D (sky130_fd_sc_hd__dfxtp_2)
                                              6.299026   data arrival time

                                 10.000000   10.000000   clock clk (rise edge)
                                  0.000000   10.000000   clock source latency
    81    0.246353    1.101485    0.758388   10.758389 ^ clk (in)
                                                         clk (net)
                      1.101584    0.000000   10.758389 ^ _1446_/CLK (sky130_fd_sc_hd__dfxtp_2)
                                 -0.250000   10.508389   clock uncertainty
                                  0.000000   10.508389   clock reconvergence pessimism
                                  0.048455   10.556844   library setup time
                                             10.556844   data required time
---------------------------------------------------------------------------------------------
                                             10.556844   data required time
                                             -6.299026   data arrival time
---------------------------------------------------------------------------------------------
                                              4.257818   slack (MET)


Startpoint: _1425_ (rising edge-triggered flip-flop clocked by clk)
Endpoint: _1445_ (rising edge-triggered flip-flop clocked by clk)
Path Group: clk
Path Type: max

Fanout         Cap        Slew       Delay        Time   Description
---------------------------------------------------------------------------------------------
                                  0.000000    0.000000   clock clk (rise edge)
                                  0.000000    0.000000   clock source latency
    81    0.246353    1.101485    0.767959    0.767959 ^ clk (in)
                                                         clk (net)
                      1.101927    0.000000    0.767959 ^ _1425_/CLK (sky130_fd_sc_hd__dfxtp_2)
    22    0.070188    0.163517    0.615386    1.383344 v _1425_/Q (sky130_fd_sc_hd__dfxtp_2)
                                                         core_b[0] (net)
                      0.163517    0.000268    1.383612 v _1019_/B (sky130_fd_sc_hd__and3_2)
     7    0.015859    0.067182    0.283510    1.667122 v _1019_/X (sky130_fd_sc_hd__and3_2)
                                                         _0351_ (net)
                      0.067182    0.000020    1.667142 v _1023_/A (sky130_fd_sc_hd__or4bb_2)
     2    0.006922    0.112485    0.655741    2.322882 v _1023_/X (sky130_fd_sc_hd__or4bb_2)
                                                         _0355_ (net)
                      0.112485    0.000013    2.322896 v _1026_/A2 (sky130_fd_sc_hd__a21o_2)
     3    0.010419    0.052716    0.256198    2.579093 v _1026_/X (sky130_fd_sc_hd__a21o_2)
                                                         _0358_ (net)
                      0.052716    0.000068    2.579162 v _1028_/A2 (sky130_fd_sc_hd__a21o_2)
     2    0.007263    0.044444    0.222496    2.801658 v _1028_/X (sky130_fd_sc_hd__a21o_2)
                                                         _0360_ (net)
                      0.044444    0.000024    2.801682 v _1031_/A2 (sky130_fd_sc_hd__a21o_2)
     3    0.013591    0.059196    0.238652    3.040334 v _1031_/X (sky130_fd_sc_hd__a21o_2)
                                                         _0363_ (net)
                      0.059196    0.000158    3.040492 v _1032_/C (sky130_fd_sc_hd__and3_2)
     3    0.009314    0.053221    0.231663    3.272155 v _1032_/X (sky130_fd_sc_hd__and3_2)
                                                         _0364_ (net)
                      0.053221    0.000043    3.272197 v _1037_/A1 (sky130_fd_sc_hd__o211a_2)
     2    0.005818    0.049812    0.267121    3.539319 v _1037_/X (sky130_fd_sc_hd__o211a_2)
                                                         _0369_ (net)
                      0.049812    0.000000    3.539319 v _1038_/C (sky130_fd_sc_hd__or3_2)
     4    0.012460    0.109253    0.460021    3.999341 v _1038_/X (sky130_fd_sc_hd__or3_2)
                                                         _0370_ (net)
                      0.109253    0.000025    3.999365 v _1082_/A2 (sky130_fd_sc_hd__a211o_2)
     3    0.007787    0.060519    0.367757    4.367123 v _1082_/X (sky130_fd_sc_hd__a211o_2)
                                                         _0413_ (net)
                      0.060519    0.000026    4.367148 v _1125_/D (sky130_fd_sc_hd__and4b_2)
     2    0.005139    0.048029    0.246873    4.614021 v _1125_/X (sky130_fd_sc_hd__and4b_2)
                                                         _0455_ (net)
                      0.048029    0.000014    4.614036 v _1127_/A2 (sky130_fd_sc_hd__a21o_2)
     2    0.011640    0.055744    0.234917    4.848952 v _1127_/X (sky130_fd_sc_hd__a21o_2)
                                                         _0457_ (net)
                      0.055744    0.000039    4.848991 v _1128_/B (sky130_fd_sc_hd__xnor2_2)
     2    0.012949    0.080619    0.157914    5.006905 v _1128_/Y (sky130_fd_sc_hd__xnor2_2)
                                                         _0458_ (net)
                      0.080619    0.000031    5.006935 v _1130_/B (sky130_fd_sc_hd__xnor2_2)
     2    0.011328    0.076868    0.163364    5.170299 v _1130_/Y (sky130_fd_sc_hd__xnor2_2)
                                                         _0460_ (net)
                      0.076868    0.000052    5.170352 v _1132_/C1 (sky130_fd_sc_hd__a211o_2)
     2    0.007790    0.060618    0.291848    5.462199 v _1132_/X (sky130_fd_sc_hd__a211o_2)
                                                         _0462_ (net)
                      0.060618    0.000064    5.462263 v _1165_/A2 (sky130_fd_sc_hd__a21oi_2)
     3    0.016397    0.219480    0.233394    5.695657 ^ _1165_/Y (sky130_fd_sc_hd__a21oi_2)
                                                         _0494_ (net)
                      0.219480    0.000093    5.695750 ^ _1169_/B (sky130_fd_sc_hd__nor2_2)
     2    0.013823    0.068661    0.089015    5.784765 v _1169_/Y (sky130_fd_sc_hd__nor2_2)
                                                         _0497_ (net)
                      0.068661    0.000095    5.784860 v _1201_/A (sky130_fd_sc_hd__xnor2_2)
     1    0.004321    0.055992    0.139510    5.924370 v _1201_/Y (sky130_fd_sc_hd__xnor2_2)
                                                         _0529_ (net)
                      0.055992    0.000002    5.924372 v _1202_/B (sky130_fd_sc_hd__nand2_2)
     1    0.002486    0.102026    0.060230    5.984602 ^ _1202_/Y (sky130_fd_sc_hd__nand2_2)
                                                         _0530_ (net)
                      0.102026    0.000000    5.984603 ^ _1203_/C1 (sky130_fd_sc_hd__o211a_2)
     1    0.001745    0.051130    0.163989    6.148592 ^ _1203_/X (sky130_fd_sc_hd__o211a_2)
                                                         _0061_ (net)
                      0.051130    0.000000    6.148592 ^ _1445_/D (sky130_fd_sc_hd__dfxtp_2)
                                              6.148592   data arrival time

                                 10.000000   10.000000   clock clk (rise edge)
                                  0.000000   10.000000   clock source latency
    81    0.246353    1.101485    0.758400   10.758401 ^ clk (in)
                                                         clk (net)
                      1.101584    0.000000   10.758401 ^ _1445_/CLK (sky130_fd_sc_hd__dfxtp_2)
                                 -0.250000   10.508401   clock uncertainty
                                  0.000000   10.508401   clock reconvergence pessimism
                                  0.025253   10.533653   library setup time
                                             10.533653   data required time
---------------------------------------------------------------------------------------------
                                             10.533653   data required time
                                             -6.148592   data arrival time
---------------------------------------------------------------------------------------------
                                              4.385061   slack (MET)


Startpoint: _1425_ (rising edge-triggered flip-flop clocked by clk)
Endpoint: _1444_ (rising edge-triggered flip-flop clocked by clk)
Path Group: clk
Path Type: max

Fanout         Cap        Slew       Delay        Time   Description
---------------------------------------------------------------------------------------------
                                  0.000000    0.000000   clock clk (rise edge)
                                  0.000000    0.000000   clock source latency
    81    0.246353    1.101485    0.767959    0.767959 ^ clk (in)
                                                         clk (net)
                      1.101927    0.000000    0.767959 ^ _1425_/CLK (sky130_fd_sc_hd__dfxtp_2)
    22    0.070188    0.163517    0.615386    1.383344 v _1425_/Q (sky130_fd_sc_hd__dfxtp_2)
                                                         core_b[0] (net)
                      0.163517    0.000268    1.383612 v _1019_/B (sky130_fd_sc_hd__and3_2)
     7    0.015859    0.067182    0.283510    1.667122 v _1019_/X (sky130_fd_sc_hd__and3_2)
                                                         _0351_ (net)
                      0.067182    0.000020    1.667142 v _1023_/A (sky130_fd_sc_hd__or4bb_2)
     2    0.006922    0.112485    0.655741    2.322882 v _1023_/X (sky130_fd_sc_hd__or4bb_2)
                                                         _0355_ (net)
                      0.112485    0.000013    2.322896 v _1026_/A2 (sky130_fd_sc_hd__a21o_2)
     3    0.010419    0.052716    0.256198    2.579093 v _1026_/X (sky130_fd_sc_hd__a21o_2)
                                                         _0358_ (net)
                      0.052716    0.000068    2.579162 v _1028_/A2 (sky130_fd_sc_hd__a21o_2)
     2    0.007263    0.044444    0.222496    2.801658 v _1028_/X (sky130_fd_sc_hd__a21o_2)
                                                         _0360_ (net)
                      0.044444    0.000024    2.801682 v _1031_/A2 (sky130_fd_sc_hd__a21o_2)
     3    0.013591    0.059196    0.238652    3.040334 v _1031_/X (sky130_fd_sc_hd__a21o_2)
                                                         _0363_ (net)
                      0.059196    0.000158    3.040492 v _1032_/C (sky130_fd_sc_hd__and3_2)
     3    0.009314    0.053221    0.231663    3.272155 v _1032_/X (sky130_fd_sc_hd__and3_2)
                                                         _0364_ (net)
                      0.053221    0.000043    3.272197 v _1037_/A1 (sky130_fd_sc_hd__o211a_2)
     2    0.005818    0.049812    0.267121    3.539319 v _1037_/X (sky130_fd_sc_hd__o211a_2)
                                                         _0369_ (net)
                      0.049812    0.000000    3.539319 v _1038_/C (sky130_fd_sc_hd__or3_2)
     4    0.012460    0.109253    0.460021    3.999341 v _1038_/X (sky130_fd_sc_hd__or3_2)
                                                         _0370_ (net)
                      0.109253    0.000025    3.999365 v _1082_/A2 (sky130_fd_sc_hd__a211o_2)
     3    0.007787    0.060519    0.367757    4.367123 v _1082_/X (sky130_fd_sc_hd__a211o_2)
                                                         _0413_ (net)
                      0.060519    0.000026    4.367148 v _1125_/D (sky130_fd_sc_hd__and4b_2)
     2    0.005139    0.048029    0.246873    4.614021 v _1125_/X (sky130_fd_sc_hd__and4b_2)
                                                         _0455_ (net)
                      0.048029    0.000014    4.614036 v _1127_/A2 (sky130_fd_sc_hd__a21o_2)
     2    0.011640    0.055744    0.234917    4.848952 v _1127_/X (sky130_fd_sc_hd__a21o_2)
                                                         _0457_ (net)
                      0.055744    0.000039    4.848991 v _1128_/B (sky130_fd_sc_hd__xnor2_2)
     2    0.012949    0.080619    0.157914    5.006905 v _1128_/Y (sky130_fd_sc_hd__xnor2_2)
                                                         _0458_ (net)
                      0.080619    0.000031    5.006935 v _1130_/B (sky130_fd_sc_hd__xnor2_2)
     2    0.011328    0.076868    0.163364    5.170299 v _1130_/Y (sky130_fd_sc_hd__xnor2_2)
                                                         _0460_ (net)
                      0.076868    0.000052    5.170352 v _1132_/C1 (sky130_fd_sc_hd__a211o_2)
     2    0.007790    0.060618    0.291848    5.462199 v _1132_/X (sky130_fd_sc_hd__a211o_2)
                                                         _0462_ (net)
                      0.060618    0.000061    5.462261 v _1166_/B (sky130_fd_sc_hd__and3_2)
     1    0.004286    0.043014    0.201365    5.663626 v _1166_/X (sky130_fd_sc_hd__and3_2)
                                                         _0495_ (net)
                      0.043014    0.000004    5.663629 v _1167_/A2 (sky130_fd_sc_hd__o21ai_2)
     1    0.002564    0.136477    0.095968    5.759597 ^ _1167_/Y (sky130_fd_sc_hd__o21ai_2)
                                                         _0496_ (net)
                      0.136477    0.000002    5.759599 ^ _1168_/C1 (sky130_fd_sc_hd__o211a_2)
     1    0.001736    0.051080    0.174907    5.934506 ^ _1168_/X (sky130_fd_sc_hd__o211a_2)
                                                         _0060_ (net)
                      0.051080    0.000000    5.934506 ^ _1444_/D (sky130_fd_sc_hd__dfxtp_2)
                                              5.934506   data arrival time

                                 10.000000   10.000000   clock clk (rise edge)
                                  0.000000   10.000000   clock source latency
    81    0.246353    1.101485    0.759644   10.759645 ^ clk (in)
                                                         clk (net)
                      1.101615    0.000000   10.759645 ^ _1444_/CLK (sky130_fd_sc_hd__dfxtp_2)
                                 -0.250000   10.509645   clock uncertainty
                                  0.000000   10.509645   clock reconvergence pessimism
                                  0.025264   10.534908   library setup time
                                             10.534908   data required time
---------------------------------------------------------------------------------------------
                                             10.534908   data required time
                                             -5.934506   data arrival time
---------------------------------------------------------------------------------------------
                                              4.600402   slack (MET)


Startpoint: _1425_ (rising edge-triggered flip-flop clocked by clk)
Endpoint: _1443_ (rising edge-triggered flip-flop clocked by clk)
Path Group: clk
Path Type: max

Fanout         Cap        Slew       Delay        Time   Description
---------------------------------------------------------------------------------------------
                                  0.000000    0.000000   clock clk (rise edge)
                                  0.000000    0.000000   clock source latency
    81    0.246353    1.101485    0.767959    0.767959 ^ clk (in)
                                                         clk (net)
                      1.101927    0.000000    0.767959 ^ _1425_/CLK (sky130_fd_sc_hd__dfxtp_2)
    22    0.070188    0.163517    0.615386    1.383344 v _1425_/Q (sky130_fd_sc_hd__dfxtp_2)
                                                         core_b[0] (net)
                      0.163517    0.000268    1.383612 v _1019_/B (sky130_fd_sc_hd__and3_2)
     7    0.015859    0.067182    0.283510    1.667122 v _1019_/X (sky130_fd_sc_hd__and3_2)
                                                         _0351_ (net)
                      0.067182    0.000020    1.667142 v _1023_/A (sky130_fd_sc_hd__or4bb_2)
     2    0.006922    0.112485    0.655741    2.322882 v _1023_/X (sky130_fd_sc_hd__or4bb_2)
                                                         _0355_ (net)
                      0.112485    0.000013    2.322896 v _1026_/A2 (sky130_fd_sc_hd__a21o_2)
     3    0.010419    0.052716    0.256198    2.579093 v _1026_/X (sky130_fd_sc_hd__a21o_2)
                                                         _0358_ (net)
                      0.052716    0.000068    2.579162 v _1028_/A2 (sky130_fd_sc_hd__a21o_2)
     2    0.007263    0.044444    0.222496    2.801658 v _1028_/X (sky130_fd_sc_hd__a21o_2)
                                                         _0360_ (net)
                      0.044444    0.000024    2.801682 v _1031_/A2 (sky130_fd_sc_hd__a21o_2)
     3    0.013591    0.059196    0.238652    3.040334 v _1031_/X (sky130_fd_sc_hd__a21o_2)
                                                         _0363_ (net)
                      0.059196    0.000158    3.040492 v _1032_/C (sky130_fd_sc_hd__and3_2)
     3    0.009314    0.053221    0.231663    3.272155 v _1032_/X (sky130_fd_sc_hd__and3_2)
                                                         _0364_ (net)
                      0.053221    0.000043    3.272197 v _1037_/A1 (sky130_fd_sc_hd__o211a_2)
     2    0.005818    0.049812    0.267121    3.539319 v _1037_/X (sky130_fd_sc_hd__o211a_2)
                                                         _0369_ (net)
                      0.049812    0.000000    3.539319 v _1038_/C (sky130_fd_sc_hd__or3_2)
     4    0.012460    0.109253    0.460021    3.999341 v _1038_/X (sky130_fd_sc_hd__or3_2)
                                                         _0370_ (net)
                      0.109253    0.000044    3.999384 v _1041_/A1 (sky130_fd_sc_hd__a211o_2)
     2    0.004429    0.052741    0.318471    4.317855 v _1041_/X (sky130_fd_sc_hd__a211o_2)
                                                         _0373_ (net)
                      0.052741    0.000011    4.317866 v _1042_/B (sky130_fd_sc_hd__and2b_2)
     2    0.011215    0.056571    0.217728    4.535594 v _1042_/X (sky130_fd_sc_hd__and2b_2)
                                                         _0374_ (net)
                      0.056571    0.000051    4.535645 v _1043_/B (sky130_fd_sc_hd__xor2_2)
     2    0.003068    0.044106    0.138651    4.674296 v _1043_/X (sky130_fd_sc_hd__xor2_2)
                                                         _0375_ (net)
                      0.044106    0.000004    4.674300 v _1045_/B (sky130_fd_sc_hd__or2_2)
     2    0.008735    0.073611    0.294810    4.969110 v _1045_/X (sky130_fd_sc_hd__or2_2)
                                                         _0377_ (net)
                      0.073611    0.000000    4.969111 v _1051_/A1 (sky130_fd_sc_hd__a21oi_2)
     4    0.013764    0.196645    0.209080    5.178191 ^ _1051_/Y (sky130_fd_sc_hd__a21oi_2)
                                                         _0382_ (net)
                      0.196645    0.000077    5.178268 ^ _1131_/A1 (sky130_fd_sc_hd__a21o_2)
     1    0.008851    0.059230    0.174262    5.352530 ^ _1131_/X (sky130_fd_sc_hd__a21o_2)
                                                         _0461_ (net)
                      0.059230    0.000017    5.352548 ^ _1133_/B (sky130_fd_sc_hd__xnor2_2)
     1    0.004876    0.124370    0.105068    5.457615 ^ _1133_/Y (sky130_fd_sc_hd__xnor2_2)
                                                         _0463_ (net)
                      0.124370    0.000006    5.457621 ^ _1134_/B (sky130_fd_sc_hd__nand2_2)
     1    0.002484    0.151217    0.057987    5.515608 v _1134_/Y (sky130_fd_sc_hd__nand2_2)
                                                         _0464_ (net)
                      0.151217    0.000002    5.515610 v _1135_/C1 (sky130_fd_sc_hd__o211a_2)
     1    0.001747    0.040533    0.153550    5.669159 v _1135_/X (sky130_fd_sc_hd__o211a_2)
                                                         _0059_ (net)
                      0.040533    0.000000    5.669160 v _1443_/D (sky130_fd_sc_hd__dfxtp_2)
                                              5.669160   data arrival time

                                 10.000000   10.000000   clock clk (rise edge)
                                  0.000000   10.000000   clock source latency
    81    0.246353    1.101485    0.760356   10.760357 ^ clk (in)
                                                         clk (net)
                      1.101634    0.000000   10.760357 ^ _1443_/CLK (sky130_fd_sc_hd__dfxtp_2)
                                 -0.250000   10.510357   clock uncertainty
                                  0.000000   10.510357   clock reconvergence pessimism
                                  0.048538   10.558893   library setup time
                                             10.558893   data required time
---------------------------------------------------------------------------------------------
                                             10.558893   data required time
                                             -5.669160   data arrival time
---------------------------------------------------------------------------------------------
                                              4.889733   slack (MET)


Startpoint: _1425_ (rising edge-triggered flip-flop clocked by clk)
Endpoint: _1441_ (rising edge-triggered flip-flop clocked by clk)
Path Group: clk
Path Type: max

Fanout         Cap        Slew       Delay        Time   Description
---------------------------------------------------------------------------------------------
                                  0.000000    0.000000   clock clk (rise edge)
                                  0.000000    0.000000   clock source latency
    81    0.246353    1.101485    0.767959    0.767959 ^ clk (in)
                                                         clk (net)
                      1.101927    0.000000    0.767959 ^ _1425_/CLK (sky130_fd_sc_hd__dfxtp_2)
    22    0.070188    0.163517    0.615386    1.383344 v _1425_/Q (sky130_fd_sc_hd__dfxtp_2)
                                                         core_b[0] (net)
                      0.163517    0.000268    1.383612 v _1019_/B (sky130_fd_sc_hd__and3_2)
     7    0.015859    0.067182    0.283510    1.667122 v _1019_/X (sky130_fd_sc_hd__and3_2)
                                                         _0351_ (net)
                      0.067182    0.000020    1.667142 v _1023_/A (sky130_fd_sc_hd__or4bb_2)
     2    0.006922    0.112485    0.655741    2.322882 v _1023_/X (sky130_fd_sc_hd__or4bb_2)
                                                         _0355_ (net)
                      0.112485    0.000013    2.322896 v _1026_/A2 (sky130_fd_sc_hd__a21o_2)
     3    0.010419    0.052716    0.256198    2.579093 v _1026_/X (sky130_fd_sc_hd__a21o_2)
                                                         _0358_ (net)
                      0.052716    0.000068    2.579162 v _1028_/A2 (sky130_fd_sc_hd__a21o_2)
     2    0.007263    0.044444    0.222496    2.801658 v _1028_/X (sky130_fd_sc_hd__a21o_2)
                                                         _0360_ (net)
                      0.044444    0.000024    2.801682 v _1031_/A2 (sky130_fd_sc_hd__a21o_2)
     3    0.013591    0.059196    0.238652    3.040334 v _1031_/X (sky130_fd_sc_hd__a21o_2)
                                                         _0363_ (net)
                      0.059196    0.000158    3.040492 v _1032_/C (sky130_fd_sc_hd__and3_2)
     3    0.009314    0.053221    0.231663    3.272155 v _1032_/X (sky130_fd_sc_hd__and3_2)
                                                         _0364_ (net)
                      0.053221    0.000043    3.272197 v _1037_/A1 (sky130_fd_sc_hd__o211a_2)
     2    0.005818    0.049812    0.267121    3.539319 v _1037_/X (sky130_fd_sc_hd__o211a_2)
                                                         _0369_ (net)
                      0.049812    0.000000    3.539319 v _1038_/C (sky130_fd_sc_hd__or3_2)
     4    0.012460    0.109253    0.460021    3.999341 v _1038_/X (sky130_fd_sc_hd__or3_2)
                                                         _0370_ (net)
                      0.109253    0.000044    3.999384 v _1041_/A1 (sky130_fd_sc_hd__a211o_2)
     2    0.004429    0.052741    0.318471    4.317855 v _1041_/X (sky130_fd_sc_hd__a211o_2)
                                                         _0373_ (net)
                      0.052741    0.000011    4.317866 v _1042_/B (sky130_fd_sc_hd__and2b_2)
     2    0.011215    0.056571    0.217728    4.535594 v _1042_/X (sky130_fd_sc_hd__and2b_2)
                                                         _0374_ (net)
                      0.056571    0.000051    4.535645 v _1043_/B (sky130_fd_sc_hd__xor2_2)
     2    0.003068    0.044106    0.138651    4.674296 v _1043_/X (sky130_fd_sc_hd__xor2_2)
                                                         _0375_ (net)
                      0.044106    0.000005    4.674301 v _1044_/B (sky130_fd_sc_hd__and2_2)
     2    0.005735    0.044912    0.193121    4.867421 v _1044_/X (sky130_fd_sc_hd__and2_2)
                                                         _0376_ (net)
                      0.044912    0.000002    4.867423 v _1046_/A_N (sky130_fd_sc_hd__nand2b_2)
     1    0.008624    0.062211    0.188036    5.055459 v _1046_/Y (sky130_fd_sc_hd__nand2b_2)
                                                         _0378_ (net)
                      0.062211    0.000017    5.055477 v _1048_/A (sky130_fd_sc_hd__xnor2_2)
     1    0.002140    0.040852    0.127887    5.183363 v _1048_/Y (sky130_fd_sc_hd__xnor2_2)
                                                         _0380_ (net)
                      0.040852    0.000004    5.183368 v _1049_/A1 (sky130_fd_sc_hd__mux2_1)
     1    0.001629    0.051962    0.275328    5.458695 v _1049_/X (sky130_fd_sc_hd__mux2_1)
                                                         _0381_ (net)
                      0.051962    0.000002    5.458698 v _1050_/B (sky130_fd_sc_hd__and2_2)
     1    0.001800    0.039930    0.180661    5.639359 v _1050_/X (sky130_fd_sc_hd__and2_2)
                                                         _0057_ (net)
                      0.039930    0.000001    5.639360 v _1441_/D (sky130_fd_sc_hd__dfxtp_2)
                                              5.639360   data arrival time

                                 10.000000   10.000000   clock clk (rise edge)
                                  0.000000   10.000000   clock source latency
    81    0.246353    1.101485    0.762412   10.762413 ^ clk (in)
                                                         clk (net)
                      1.101698    0.000000   10.762413 ^ _1441_/CLK (sky130_fd_sc_hd__dfxtp_2)
                                 -0.250000   10.512413   clock uncertainty
                                  0.000000   10.512413   clock reconvergence pessimism
                                  0.048799   10.561212   library setup time
                                             10.561212   data required time
---------------------------------------------------------------------------------------------
                                             10.561212   data required time
                                             -5.639360   data arrival time
---------------------------------------------------------------------------------------------
                                              4.921852   slack (MET)


Startpoint: _1425_ (rising edge-triggered flip-flop clocked by clk)
Endpoint: _1442_ (rising edge-triggered flip-flop clocked by clk)
Path Group: clk
Path Type: max

Fanout         Cap        Slew       Delay        Time   Description
---------------------------------------------------------------------------------------------
                                  0.000000    0.000000   clock clk (rise edge)
                                  0.000000    0.000000   clock source latency
    81    0.246353    1.101485    0.767959    0.767959 ^ clk (in)
                                                         clk (net)
                      1.101927    0.000000    0.767959 ^ _1425_/CLK (sky130_fd_sc_hd__dfxtp_2)
    22    0.070188    0.163517    0.615386    1.383344 v _1425_/Q (sky130_fd_sc_hd__dfxtp_2)
                                                         core_b[0] (net)
                      0.163517    0.000268    1.383612 v _1019_/B (sky130_fd_sc_hd__and3_2)
     7    0.015859    0.067182    0.283510    1.667122 v _1019_/X (sky130_fd_sc_hd__and3_2)
                                                         _0351_ (net)
                      0.067182    0.000020    1.667142 v _1023_/A (sky130_fd_sc_hd__or4bb_2)
     2    0.006922    0.112485    0.655741    2.322882 v _1023_/X (sky130_fd_sc_hd__or4bb_2)
                                                         _0355_ (net)
                      0.112485    0.000013    2.322896 v _1026_/A2 (sky130_fd_sc_hd__a21o_2)
     3    0.010419    0.052716    0.256198    2.579093 v _1026_/X (sky130_fd_sc_hd__a21o_2)
                                                         _0358_ (net)
                      0.052716    0.000068    2.579162 v _1028_/A2 (sky130_fd_sc_hd__a21o_2)
     2    0.007263    0.044444    0.222496    2.801658 v _1028_/X (sky130_fd_sc_hd__a21o_2)
                                                         _0360_ (net)
                      0.044444    0.000024    2.801682 v _1031_/A2 (sky130_fd_sc_hd__a21o_2)
     3    0.013591    0.059196    0.238652    3.040334 v _1031_/X (sky130_fd_sc_hd__a21o_2)
                                                         _0363_ (net)
                      0.059196    0.000158    3.040492 v _1032_/C (sky130_fd_sc_hd__and3_2)
     3    0.009314    0.053221    0.231663    3.272155 v _1032_/X (sky130_fd_sc_hd__and3_2)
                                                         _0364_ (net)
                      0.053221    0.000043    3.272197 v _1037_/A1 (sky130_fd_sc_hd__o211a_2)
     2    0.005818    0.049812    0.267121    3.539319 v _1037_/X (sky130_fd_sc_hd__o211a_2)
                                                         _0369_ (net)
                      0.049812    0.000000    3.539319 v _1038_/C (sky130_fd_sc_hd__or3_2)
     4    0.012460    0.109253    0.460021    3.999341 v _1038_/X (sky130_fd_sc_hd__or3_2)
                                                         _0370_ (net)
                      0.109253    0.000044    3.999384 v _1041_/A1 (sky130_fd_sc_hd__a211o_2)
     2    0.004429    0.052741    0.318471    4.317855 v _1041_/X (sky130_fd_sc_hd__a211o_2)
                                                         _0373_ (net)
                      0.052741    0.000011    4.317866 v _1042_/B (sky130_fd_sc_hd__and2b_2)
     2    0.011215    0.056571    0.217728    4.535594 v _1042_/X (sky130_fd_sc_hd__and2b_2)
                                                         _0374_ (net)
                      0.056571    0.000009    4.535603 v _1084_/A2 (sky130_fd_sc_hd__a21o_2)
     1    0.008417    0.048863    0.227806    4.763409 v _1084_/X (sky130_fd_sc_hd__a21o_2)
                                                         _0415_ (net)
                      0.048863    0.000012    4.763422 v _1085_/B (sky130_fd_sc_hd__xnor2_2)
     2    0.009070    0.066170    0.142793    4.906214 v _1085_/Y (sky130_fd_sc_hd__xnor2_2)
                                                         _0416_ (net)
                      0.066170    0.000028    4.906242 v _1086_/B (sky130_fd_sc_hd__nand2_2)
     3    0.010363    0.073892    0.093073    4.999315 ^ _1086_/Y (sky130_fd_sc_hd__nand2_2)
                                                         _0417_ (net)
                      0.073892    0.000009    4.999324 ^ _1087_/A (sky130_fd_sc_hd__inv_2)
     2    0.006582    0.027376    0.040816    5.040140 v _1087_/Y (sky130_fd_sc_hd__inv_2)
                                                         _0418_ (net)
                      0.027376    0.000008    5.040148 v _1089_/A1 (sky130_fd_sc_hd__o21a_2)
     1    0.004766    0.039918    0.202790    5.242938 v _1089_/X (sky130_fd_sc_hd__o21a_2)
                                                         _0420_ (net)
                      0.039918    0.000004    5.242941 v _1091_/A1 (sky130_fd_sc_hd__o21ai_2)
     1    0.002736    0.137453    0.116215    5.359157 ^ _1091_/Y (sky130_fd_sc_hd__o21ai_2)
                                                         _0422_ (net)
                      0.137453    0.000004    5.359161 ^ _1092_/C1 (sky130_fd_sc_hd__o211a_2)
     1    0.001957    0.052414    0.176558    5.535719 ^ _1092_/X (sky130_fd_sc_hd__o211a_2)
                                                         _0058_ (net)
                      0.052414    0.000003    5.535722 ^ _1442_/D (sky130_fd_sc_hd__dfxtp_2)
                                              5.535722   data arrival time

                                 10.000000   10.000000   clock clk (rise edge)
                                  0.000000   10.000000   clock source latency
    81    0.246353    1.101485    0.761071   10.761071 ^ clk (in)
                                                         clk (net)
                      1.101655    0.000000   10.761071 ^ _1442_/CLK (sky130_fd_sc_hd__dfxtp_2)
                                 -0.250000   10.511071   clock uncertainty
                                  0.000000   10.511071   clock reconvergence pessimism
                                  0.024996   10.536067   library setup time
                                             10.536067   data required time
---------------------------------------------------------------------------------------------
                                             10.536067   data required time
                                             -5.535722   data arrival time
---------------------------------------------------------------------------------------------
                                              5.000344   slack (MET)


Startpoint: _1425_ (rising edge-triggered flip-flop clocked by clk)
Endpoint: _1440_ (rising edge-triggered flip-flop clocked by clk)
Path Group: clk
Path Type: max

Fanout         Cap        Slew       Delay        Time   Description
---------------------------------------------------------------------------------------------
                                  0.000000    0.000000   clock clk (rise edge)
                                  0.000000    0.000000   clock source latency
    81    0.246353    1.101485    0.767959    0.767959 ^ clk (in)
                                                         clk (net)
                      1.101927    0.000000    0.767959 ^ _1425_/CLK (sky130_fd_sc_hd__dfxtp_2)
    22    0.074255    0.371494    0.750502    1.518460 ^ _1425_/Q (sky130_fd_sc_hd__dfxtp_2)
                                                         core_b[0] (net)
                      0.371494    0.000388    1.518848 ^ _0973_/A1 (sky130_fd_sc_hd__a21oi_2)
     3    0.010978    0.108104    0.130407    1.649255 v _0973_/Y (sky130_fd_sc_hd__a21oi_2)
                                                         _0306_ (net)
                      0.108104    0.000032    1.649287 v _0975_/B (sky130_fd_sc_hd__or3_2)
     2    0.007271    0.091273    0.488545    2.137833 v _0975_/X (sky130_fd_sc_hd__or3_2)
                                                         _0308_ (net)
                      0.091273    0.000032    2.137864 v _0978_/A1 (sky130_fd_sc_hd__a211o_2)
     3    0.010775    0.069510    0.336769    2.474633 v _0978_/X (sky130_fd_sc_hd__a211o_2)
                                                         _0311_ (net)
                      0.069510    0.000079    2.474712 v _0980_/A2 (sky130_fd_sc_hd__a21o_2)
     2    0.008807    0.048361    0.234097    2.708809 v _0980_/X (sky130_fd_sc_hd__a21o_2)
                                                         _0313_ (net)
                      0.048361    0.000078    2.708887 v _0983_/A2 (sky130_fd_sc_hd__a21o_2)
     3    0.012494    0.056987    0.237790    2.946677 v _0983_/X (sky130_fd_sc_hd__a21o_2)
                                                         _0316_ (net)
                      0.056987    0.000107    2.946784 v _0984_/C (sky130_fd_sc_hd__and3_2)
     2    0.006889    0.047438    0.222466    3.169250 v _0984_/X (sky130_fd_sc_hd__and3_2)
                                                         _0317_ (net)
                      0.047438    0.000018    3.169269 v _0987_/B1 (sky130_fd_sc_hd__a211o_2)
     4    0.013935    0.076420    0.344739    3.514008 v _0987_/X (sky130_fd_sc_hd__a211o_2)
                                                         _0320_ (net)
                      0.076420    0.000057    3.514065 v _0992_/A1 (sky130_fd_sc_hd__a21o_2)
     2    0.006870    0.043523    0.208117    3.722182 v _0992_/X (sky130_fd_sc_hd__a21o_2)
                                                         _0325_ (net)
                      0.043523    0.000016    3.722198 v _0994_/A2 (sky130_fd_sc_hd__a21o_2)
     3    0.009464    0.050204    0.225911    3.948109 v _0994_/X (sky130_fd_sc_hd__a21o_2)
                                                         _0327_ (net)
                      0.050204    0.000034    3.948142 v _0996_/A2 (sky130_fd_sc_hd__a21o_2)
     2    0.006486    0.044175    0.218908    4.167050 v _0996_/X (sky130_fd_sc_hd__a21o_2)
                                                         _0329_ (net)
                      0.044175    0.000011    4.167061 v _0997_/C (sky130_fd_sc_hd__and3_2)
     3    0.008041    0.049962    0.220797    4.387858 v _0997_/X (sky130_fd_sc_hd__and3_2)
                                                         _0330_ (net)
                      0.049962    0.000018    4.387876 v _1000_/A (sky130_fd_sc_hd__or3_2)
     1    0.002441    0.074468    0.462141    4.850017 v _1000_/X (sky130_fd_sc_hd__or3_2)
                                                         _0333_ (net)
                      0.074468    0.000002    4.850019 v _1002_/A1 (sky130_fd_sc_hd__a21bo_2)
     1    0.003472    0.036387    0.199484    5.049503 v _1002_/X (sky130_fd_sc_hd__a21bo_2)
                                                         _0335_ (net)
                      0.036387    0.000017    5.049520 v _1003_/C1 (sky130_fd_sc_hd__o211a_2)
     1    0.002057    0.041503    0.104377    5.153897 v _1003_/X (sky130_fd_sc_hd__o211a_2)
                                                         _0056_ (net)
                      0.041503    0.000004    5.153901 v _1440_/D (sky130_fd_sc_hd__dfxtp_2)
                                              5.153901   data arrival time

                                 10.000000   10.000000   clock clk (rise edge)
                                  0.000000   10.000000   clock source latency
    81    0.246353    1.101485    0.763387   10.763387 ^ clk (in)
                                                         clk (net)
                      1.101732    0.000000   10.763387 ^ _1440_/CLK (sky130_fd_sc_hd__dfxtp_2)
                                 -0.250000   10.513387   clock uncertainty
                                  0.000000   10.513387   clock reconvergence pessimism
                                  0.048135   10.561522   library setup time
                                             10.561522   data required time
---------------------------------------------------------------------------------------------
                                             10.561522   data required time
                                             -5.153901   data arrival time
---------------------------------------------------------------------------------------------
                                              5.407621   slack (MET)


Startpoint: _1425_ (rising edge-triggered flip-flop clocked by clk)
Endpoint: _1439_ (rising edge-triggered flip-flop clocked by clk)
Path Group: clk
Path Type: max

Fanout         Cap        Slew       Delay        Time   Description
---------------------------------------------------------------------------------------------
                                  0.000000    0.000000   clock clk (rise edge)
                                  0.000000    0.000000   clock source latency
    81    0.246353    1.101485    0.767959    0.767959 ^ clk (in)
                                                         clk (net)
                      1.101927    0.000000    0.767959 ^ _1425_/CLK (sky130_fd_sc_hd__dfxtp_2)
    22    0.070188    0.163517    0.615386    1.383344 v _1425_/Q (sky130_fd_sc_hd__dfxtp_2)
                                                         core_b[0] (net)
                      0.163518    0.000550    1.383894 v _0930_/B (sky130_fd_sc_hd__and4_2)
     5    0.017748    0.072082    0.299776    1.683670 v _0930_/X (sky130_fd_sc_hd__and4_2)
                                                         _0264_ (net)
                      0.072082    0.000039    1.683709 v _0933_/B (sky130_fd_sc_hd__or3_2)
     2    0.007231    0.093887    0.476325    2.160034 v _0933_/X (sky130_fd_sc_hd__or3_2)
                                                         _0267_ (net)
                      0.093887    0.000024    2.160058 v _0937_/A1 (sky130_fd_sc_hd__a21o_2)
     3    0.011831    0.055833    0.231033    2.391091 v _0937_/X (sky130_fd_sc_hd__a21o_2)
                                                         _0271_ (net)
                      0.055833    0.000138    2.391229 v _0939_/A2 (sky130_fd_sc_hd__a21o_2)
     2    0.007445    0.044884    0.224310    2.615539 v _0939_/X (sky130_fd_sc_hd__a21o_2)
                                                         _0273_ (net)
                      0.044884    0.000036    2.615575 v _0942_/A2 (sky130_fd_sc_hd__a21o_2)
     3    0.011271    0.056029    0.232442    2.848017 v _0942_/X (sky130_fd_sc_hd__a21o_2)
                                                         _0276_ (net)
                      0.056029    0.000024    2.848041 v _0943_/C (sky130_fd_sc_hd__and3_2)
     2    0.007095    0.047893    0.222725    3.070766 v _0943_/X (sky130_fd_sc_hd__and3_2)
                                                         _0277_ (net)
                      0.047893    0.000028    3.070794 v _0947_/A1 (sky130_fd_sc_hd__o211a_2)
     2    0.005793    0.049764    0.264737    3.335531 v _0947_/X (sky130_fd_sc_hd__o211a_2)
                                                         _0281_ (net)
                      0.049764    0.000012    3.335543 v _0948_/C (sky130_fd_sc_hd__or3_2)
     3    0.008429    0.098067    0.437568    3.773111 v _0948_/X (sky130_fd_sc_hd__or3_2)
                                                         _0282_ (net)
                      0.098067    0.000023    3.773134 v _0950_/A1 (sky130_fd_sc_hd__a21o_2)
     2    0.004301    0.038132    0.208581    3.981715 v _0950_/X (sky130_fd_sc_hd__a21o_2)
                                                         _0284_ (net)
                      0.038132    0.000011    3.981726 v _0953_/A1 (sky130_fd_sc_hd__a21o_2)
     2    0.006096    0.043269    0.190152    4.171878 v _0953_/X (sky130_fd_sc_hd__a21o_2)
                                                         _0287_ (net)
                      0.043269    0.000005    4.171883 v _0954_/B (sky130_fd_sc_hd__and2b_2)
     1    0.009172    0.050995    0.206846    4.378728 v _0954_/X (sky130_fd_sc_hd__and2b_2)
                                                         _0288_ (net)
                      0.050995    0.000034    4.378762 v _0956_/A (sky130_fd_sc_hd__xnor2_2)
     1    0.004512    0.050033    0.132444    4.511206 v _0956_/Y (sky130_fd_sc_hd__xnor2_2)
                                                         _0290_ (net)
                      0.050033    0.000008    4.511214 v _0957_/B (sky130_fd_sc_hd__nand2_2)
     1    0.002622    0.103152    0.058121    4.569335 ^ _0957_/Y (sky130_fd_sc_hd__nand2_2)
                                                         _0291_ (net)
                      0.103152    0.000003    4.569338 ^ _0958_/C1 (sky130_fd_sc_hd__o211a_2)
     1    0.001764    0.051249    0.164480    4.733818 ^ _0958_/X (sky130_fd_sc_hd__o211a_2)
                                                         _0055_ (net)
                      0.051249    0.000000    4.733819 ^ _1439_/D (sky130_fd_sc_hd__dfxtp_2)
                                              4.733819   data arrival time

                                 10.000000   10.000000   clock clk (rise edge)
                                  0.000000   10.000000   clock source latency
    81    0.246353    1.101485    0.764373   10.764374 ^ clk (in)
                                                         clk (net)
                      1.101769    0.000000   10.764374 ^ _1439_/CLK (sky130_fd_sc_hd__dfxtp_2)
                                 -0.250000   10.514374   clock uncertainty
                                  0.000000   10.514374   clock reconvergence pessimism
                                  0.025234   10.539608   library setup time
                                             10.539608   data required time
---------------------------------------------------------------------------------------------
                                             10.539608   data required time
                                             -4.733819   data arrival time
---------------------------------------------------------------------------------------------
                                              5.805789   slack (MET)


Startpoint: addr[5] (input port clocked by clk)
Endpoint: _1392_ (rising edge-triggered flip-flop clocked by clk)
Path Group: clk
Path Type: max

Fanout         Cap        Slew       Delay        Time   Description
---------------------------------------------------------------------------------------------
                                  0.000000    0.000000   clock clk (rise edge)
                                  0.000000    0.000000   clock network delay (propagated)
                                  2.000000    2.000000 v input external delay
     1    0.002509    0.007960    0.003926    2.003926 v addr[5] (in)
                                                         addr[5] (net)
                      0.007960    0.000000    2.003926 v _0697_/A (sky130_fd_sc_hd__or4_2)
     2    0.003443    0.102798    0.649782    2.653707 v _0697_/X (sky130_fd_sc_hd__or4_2)
                                                         _0086_ (net)
                      0.102798    0.000015    2.653722 v _0700_/B (sky130_fd_sc_hd__or2_2)
     2    0.009057    0.071726    0.317921    2.971643 v _0700_/X (sky130_fd_sc_hd__or2_2)
                                                         _0088_ (net)
                      0.071726    0.000047    2.971690 v _0701_/D (sky130_fd_sc_hd__nor4_2)
     9    0.034226    0.823237    0.625448    3.597138 ^ _0701_/Y (sky130_fd_sc_hd__nor4_2)
                                                         _0089_ (net)
                      0.823237    0.000562    3.597700 ^ _0702_/C (sky130_fd_sc_hd__and3_2)
     8    0.036347    0.195871    0.427000    4.024700 ^ _0702_/X (sky130_fd_sc_hd__and3_2)
                                                         _0090_ (net)
                      0.195871    0.000517    4.025218 ^ _0717_/S (sky130_fd_sc_hd__mux2_1)
     1    0.001636    0.050036    0.329357    4.354574 v _0717_/X (sky130_fd_sc_hd__mux2_1)
                                                         _0098_ (net)
                      0.050036    0.000002    4.354576 v _0718_/B (sky130_fd_sc_hd__and2_2)
     1    0.001821    0.039989    0.179909    4.534484 v _0718_/X (sky130_fd_sc_hd__and2_2)
                                                         _0008_ (net)
                      0.039989    0.000001    4.534486 v _1392_/D (sky130_fd_sc_hd__dfxtp_2)
                                              4.534486   data arrival time

                                 10.000000   10.000000   clock clk (rise edge)
                                  0.000000   10.000000   clock source latency
    81    0.246353    1.101485    0.752035   10.752035 ^ clk (in)
                                                         clk (net)
                      1.101492    0.000000   10.752035 ^ _1392_/CLK (sky130_fd_sc_hd__dfxtp_2)
                                 -0.250000   10.502035   clock uncertainty
                                  0.000000   10.502035   clock reconvergence pessimism
                                  0.048756   10.550791   library setup time
                                             10.550791   data required time
---------------------------------------------------------------------------------------------
                                             10.550791   data required time
                                             -4.534486   data arrival time
---------------------------------------------------------------------------------------------
                                              6.016305   slack (MET)


Startpoint: addr[5] (input port clocked by clk)
Endpoint: _1390_ (rising edge-triggered flip-flop clocked by clk)
Path Group: clk
Path Type: max

Fanout         Cap        Slew       Delay        Time   Description
---------------------------------------------------------------------------------------------
                                  0.000000    0.000000   clock clk (rise edge)
                                  0.000000    0.000000   clock network delay (propagated)
                                  2.000000    2.000000 v input external delay
     1    0.002509    0.007960    0.003926    2.003926 v addr[5] (in)
                                                         addr[5] (net)
                      0.007960    0.000000    2.003926 v _0697_/A (sky130_fd_sc_hd__or4_2)
     2    0.003443    0.102798    0.649782    2.653707 v _0697_/X (sky130_fd_sc_hd__or4_2)
                                                         _0086_ (net)
                      0.102798    0.000015    2.653722 v _0700_/B (sky130_fd_sc_hd__or2_2)
     2    0.009057    0.071726    0.317921    2.971643 v _0700_/X (sky130_fd_sc_hd__or2_2)
                                                         _0088_ (net)
                      0.071726    0.000047    2.971690 v _0701_/D (sky130_fd_sc_hd__nor4_2)
     9    0.034226    0.823237    0.625448    3.597138 ^ _0701_/Y (sky130_fd_sc_hd__nor4_2)
                                                         _0089_ (net)
                      0.823237    0.000562    3.597700 ^ _0702_/C (sky130_fd_sc_hd__and3_2)
     8    0.036347    0.195871    0.427000    4.024700 ^ _0702_/X (sky130_fd_sc_hd__and3_2)
                                                         _0090_ (net)
                      0.195871    0.000463    4.025163 ^ _0713_/S (sky130_fd_sc_hd__mux2_1)
     1    0.001597    0.049810    0.328986    4.354149 v _0713_/X (sky130_fd_sc_hd__mux2_1)
                                                         _0096_ (net)
                      0.049810    0.000002    4.354150 v _0714_/B (sky130_fd_sc_hd__and2_2)
     1    0.001811    0.039961    0.179766    4.533917 v _0714_/X (sky130_fd_sc_hd__and2_2)
                                                         _0006_ (net)
                      0.039961    0.000001    4.533918 v _1390_/D (sky130_fd_sc_hd__dfxtp_2)
                                              4.533918   data arrival time

                                 10.000000   10.000000   clock clk (rise edge)
                                  0.000000   10.000000   clock source latency
    81    0.246353    1.101485    0.752022   10.752022 ^ clk (in)
                                                         clk (net)
                      1.101492    0.000000   10.752022 ^ _1390_/CLK (sky130_fd_sc_hd__dfxtp_2)
                                 -0.250000   10.502022   clock uncertainty
                                  0.000000   10.502022   clock reconvergence pessimism
                                  0.048768   10.550790   library setup time
                                             10.550790   data required time
---------------------------------------------------------------------------------------------
                                             10.550790   data required time
                                             -4.533918   data arrival time
---------------------------------------------------------------------------------------------
                                              6.016871   slack (MET)


Startpoint: addr[5] (input port clocked by clk)
Endpoint: _1391_ (rising edge-triggered flip-flop clocked by clk)
Path Group: clk
Path Type: max

Fanout         Cap        Slew       Delay        Time   Description
---------------------------------------------------------------------------------------------
                                  0.000000    0.000000   clock clk (rise edge)
                                  0.000000    0.000000   clock network delay (propagated)
                                  2.000000    2.000000 v input external delay
     1    0.002509    0.007960    0.003926    2.003926 v addr[5] (in)
                                                         addr[5] (net)
                      0.007960    0.000000    2.003926 v _0697_/A (sky130_fd_sc_hd__or4_2)
     2    0.003443    0.102798    0.649782    2.653707 v _0697_/X (sky130_fd_sc_hd__or4_2)
                                                         _0086_ (net)
                      0.102798    0.000015    2.653722 v _0700_/B (sky130_fd_sc_hd__or2_2)
     2    0.009057    0.071726    0.317921    2.971643 v _0700_/X (sky130_fd_sc_hd__or2_2)
                                                         _0088_ (net)
                      0.071726    0.000047    2.971690 v _0701_/D (sky130_fd_sc_hd__nor4_2)
     9    0.034226    0.823237    0.625448    3.597138 ^ _0701_/Y (sky130_fd_sc_hd__nor4_2)
                                                         _0089_ (net)
                      0.823237    0.000562    3.597700 ^ _0702_/C (sky130_fd_sc_hd__and3_2)
     8    0.036347    0.195871    0.427000    4.024700 ^ _0702_/X (sky130_fd_sc_hd__and3_2)
                                                         _0090_ (net)
                      0.195871    0.000526    4.025226 ^ _0715_/S (sky130_fd_sc_hd__mux2_1)
     1    0.001548    0.049531    0.328528    4.353755 v _0715_/X (sky130_fd_sc_hd__mux2_1)
                                                         _0097_ (net)
                      0.049531    0.000000    4.353755 v _0716_/B (sky130_fd_sc_hd__and2_2)
     1    0.001720    0.039682    0.179222    4.532978 v _0716_/X (sky130_fd_sc_hd__and2_2)
                                                         _0007_ (net)
                      0.039682    0.000000    4.532978 v _1391_/D (sky130_fd_sc_hd__dfxtp_2)
                                              4.532978   data arrival time

                                 10.000000   10.000000   clock clk (rise edge)
                                  0.000000   10.000000   clock source latency
    81    0.246353    1.101485    0.752003   10.752003 ^ clk (in)
                                                         clk (net)
                      1.101492    0.000000   10.752003 ^ _1391_/CLK (sky130_fd_sc_hd__dfxtp_2)
                                 -0.250000   10.502003   clock uncertainty
                                  0.000000   10.502003   clock reconvergence pessimism
                                  0.048886   10.550889   library setup time
                                             10.550889   data required time
---------------------------------------------------------------------------------------------
                                             10.550889   data required time
                                             -4.532978   data arrival time
---------------------------------------------------------------------------------------------
                                              6.017911   slack (MET)


Startpoint: addr[5] (input port clocked by clk)
Endpoint: _1387_ (rising edge-triggered flip-flop clocked by clk)
Path Group: clk
Path Type: max

Fanout         Cap        Slew       Delay        Time   Description
---------------------------------------------------------------------------------------------
                                  0.000000    0.000000   clock clk (rise edge)
                                  0.000000    0.000000   clock network delay (propagated)
                                  2.000000    2.000000 v input external delay
     1    0.002509    0.007960    0.003926    2.003926 v addr[5] (in)
                                                         addr[5] (net)
                      0.007960    0.000000    2.003926 v _0697_/A (sky130_fd_sc_hd__or4_2)
     2    0.003443    0.102798    0.649782    2.653707 v _0697_/X (sky130_fd_sc_hd__or4_2)
                                                         _0086_ (net)
                      0.102798    0.000015    2.653722 v _0700_/B (sky130_fd_sc_hd__or2_2)
     2    0.009057    0.071726    0.317921    2.971643 v _0700_/X (sky130_fd_sc_hd__or2_2)
                                                         _0088_ (net)
                      0.071726    0.000047    2.971690 v _0701_/D (sky130_fd_sc_hd__nor4_2)
     9    0.034226    0.823237    0.625448    3.597138 ^ _0701_/Y (sky130_fd_sc_hd__nor4_2)
                                                         _0089_ (net)
                      0.823237    0.000562    3.597700 ^ _0702_/C (sky130_fd_sc_hd__and3_2)
     8    0.036347    0.195871    0.427000    4.024700 ^ _0702_/X (sky130_fd_sc_hd__and3_2)
                                                         _0090_ (net)
                      0.195871    0.000138    4.024838 ^ _0707_/S (sky130_fd_sc_hd__mux2_1)
     1    0.001690    0.050344    0.329862    4.354700 v _0707_/X (sky130_fd_sc_hd__mux2_1)
                                                         _0093_ (net)
                      0.050344    0.000002    4.354702 v _0708_/B (sky130_fd_sc_hd__and2_2)
     1    0.001857    0.040098    0.180209    4.534912 v _0708_/X (sky130_fd_sc_hd__and2_2)
                                                         _0003_ (net)
                      0.040098    0.000001    4.534913 v _1387_/D (sky130_fd_sc_hd__dfxtp_2)
                                              4.534913   data arrival time

                                 10.000000   10.000000   clock clk (rise edge)
                                  0.000000   10.000000   clock source latency
    81    0.246353    1.101485    0.767754   10.767755 ^ clk (in)
                                                         clk (net)
                      1.101917    0.000000   10.767755 ^ _1387_/CLK (sky130_fd_sc_hd__dfxtp_2)
                                 -0.250000   10.517754   clock uncertainty
                                  0.000000   10.517754   clock reconvergence pessimism
                                  0.048747   10.566502   library setup time
                                             10.566502   data required time
---------------------------------------------------------------------------------------------
                                             10.566502   data required time
                                             -4.534913   data arrival time
---------------------------------------------------------------------------------------------
                                              6.031589   slack (MET)


Startpoint: addr[5] (input port clocked by clk)
Endpoint: _1389_ (rising edge-triggered flip-flop clocked by clk)
Path Group: clk
Path Type: max

Fanout         Cap        Slew       Delay        Time   Description
---------------------------------------------------------------------------------------------
                                  0.000000    0.000000   clock clk (rise edge)
                                  0.000000    0.000000   clock network delay (propagated)
                                  2.000000    2.000000 v input external delay
     1    0.002509    0.007960    0.003926    2.003926 v addr[5] (in)
                                                         addr[5] (net)
                      0.007960    0.000000    2.003926 v _0697_/A (sky130_fd_sc_hd__or4_2)
     2    0.003443    0.102798    0.649782    2.653707 v _0697_/X (sky130_fd_sc_hd__or4_2)
                                                         _0086_ (net)
                      0.102798    0.000015    2.653722 v _0700_/B (sky130_fd_sc_hd__or2_2)
     2    0.009057    0.071726    0.317921    2.971643 v _0700_/X (sky130_fd_sc_hd__or2_2)
                                                         _0088_ (net)
                      0.071726    0.000047    2.971690 v _0701_/D (sky130_fd_sc_hd__nor4_2)
     9    0.034226    0.823237    0.625448    3.597138 ^ _0701_/Y (sky130_fd_sc_hd__nor4_2)
                                                         _0089_ (net)
                      0.823237    0.000562    3.597700 ^ _0702_/C (sky130_fd_sc_hd__and3_2)
     8    0.036347    0.195871    0.427000    4.024700 ^ _0702_/X (sky130_fd_sc_hd__and3_2)
                                                         _0090_ (net)
                      0.195871    0.000387    4.025087 ^ _0711_/S (sky130_fd_sc_hd__mux2_1)
     1    0.001637    0.050038    0.329360    4.354447 v _0711_/X (sky130_fd_sc_hd__mux2_1)
                                                         _0095_ (net)
                      0.050038    0.000002    4.354449 v _0712_/B (sky130_fd_sc_hd__and2_2)
     1    0.001839    0.040045    0.179995    4.534443 v _0712_/X (sky130_fd_sc_hd__and2_2)
                                                         _0005_ (net)
                      0.040045    0.000001    4.534445 v _1389_/D (sky130_fd_sc_hd__dfxtp_2)
                                              4.534445   data arrival time

                                 10.000000   10.000000   clock clk (rise edge)
                                  0.000000   10.000000   clock source latency
    81    0.246353    1.101485    0.768013   10.768013 ^ clk (in)
                                                         clk (net)
                      1.101930    0.000000   10.768013 ^ _1389_/CLK (sky130_fd_sc_hd__dfxtp_2)
                                 -0.250000   10.518013   clock uncertainty
                                  0.000000   10.518013   clock reconvergence pessimism
                                  0.048771   10.566784   library setup time
                                             10.566784   data required time
---------------------------------------------------------------------------------------------
                                             10.566784   data required time
                                             -4.534445   data arrival time
---------------------------------------------------------------------------------------------
                                              6.032339   slack (MET)


Startpoint: addr[5] (input port clocked by clk)
Endpoint: _1386_ (rising edge-triggered flip-flop clocked by clk)
Path Group: clk
Path Type: max

Fanout         Cap        Slew       Delay        Time   Description
---------------------------------------------------------------------------------------------
                                  0.000000    0.000000   clock clk (rise edge)
                                  0.000000    0.000000   clock network delay (propagated)
                                  2.000000    2.000000 v input external delay
     1    0.002509    0.007960    0.003926    2.003926 v addr[5] (in)
                                                         addr[5] (net)
                      0.007960    0.000000    2.003926 v _0697_/A (sky130_fd_sc_hd__or4_2)
     2    0.003443    0.102798    0.649782    2.653707 v _0697_/X (sky130_fd_sc_hd__or4_2)
                                                         _0086_ (net)
                      0.102798    0.000015    2.653722 v _0700_/B (sky130_fd_sc_hd__or2_2)
     2    0.009057    0.071726    0.317921    2.971643 v _0700_/X (sky130_fd_sc_hd__or2_2)
                                                         _0088_ (net)
                      0.071726    0.000047    2.971690 v _0701_/D (sky130_fd_sc_hd__nor4_2)
     9    0.034226    0.823237    0.625448    3.597138 ^ _0701_/Y (sky130_fd_sc_hd__nor4_2)
                                                         _0089_ (net)
                      0.823237    0.000562    3.597700 ^ _0702_/C (sky130_fd_sc_hd__and3_2)
     8    0.036347    0.195871    0.427000    4.024700 ^ _0702_/X (sky130_fd_sc_hd__and3_2)
                                                         _0090_ (net)
                      0.195871    0.000045    4.024745 ^ _0705_/S (sky130_fd_sc_hd__mux2_1)
     1    0.001547    0.049521    0.328512    4.353258 v _0705_/X (sky130_fd_sc_hd__mux2_1)
                                                         _0092_ (net)
                      0.049521    0.000001    4.353259 v _0706_/B (sky130_fd_sc_hd__and2_2)
     1    0.001766    0.039822    0.179429    4.532689 v _0706_/X (sky130_fd_sc_hd__and2_2)
                                                         _0002_ (net)
                      0.039822    0.000000    4.532690 v _1386_/D (sky130_fd_sc_hd__dfxtp_2)
                                              4.532690   data arrival time

                                 10.000000   10.000000   clock clk (rise edge)
                                  0.000000   10.000000   clock source latency
    81    0.246353    1.101485    0.767872   10.767872 ^ clk (in)
                                                         clk (net)
                      1.101923    0.000000   10.767872 ^ _1386_/CLK (sky130_fd_sc_hd__dfxtp_2)
                                 -0.250000   10.517872   clock uncertainty
                                  0.000000   10.517872   clock reconvergence pessimism
                                  0.048865   10.566737   library setup time
                                             10.566737   data required time
---------------------------------------------------------------------------------------------
                                             10.566737   data required time
                                             -4.532690   data arrival time
---------------------------------------------------------------------------------------------
                                              6.034048   slack (MET)


Startpoint: addr[5] (input port clocked by clk)
Endpoint: _1388_ (rising edge-triggered flip-flop clocked by clk)
Path Group: clk
Path Type: max

Fanout         Cap        Slew       Delay        Time   Description
---------------------------------------------------------------------------------------------
                                  0.000000    0.000000   clock clk (rise edge)
                                  0.000000    0.000000   clock network delay (propagated)
                                  2.000000    2.000000 v input external delay
     1    0.002509    0.007960    0.003926    2.003926 v addr[5] (in)
                                                         addr[5] (net)
                      0.007960    0.000000    2.003926 v _0697_/A (sky130_fd_sc_hd__or4_2)
     2    0.003443    0.102798    0.649782    2.653707 v _0697_/X (sky130_fd_sc_hd__or4_2)
                                                         _0086_ (net)
                      0.102798    0.000015    2.653722 v _0700_/B (sky130_fd_sc_hd__or2_2)
     2    0.009057    0.071726    0.317921    2.971643 v _0700_/X (sky130_fd_sc_hd__or2_2)
                                                         _0088_ (net)
                      0.071726    0.000047    2.971690 v _0701_/D (sky130_fd_sc_hd__nor4_2)
     9    0.034226    0.823237    0.625448    3.597138 ^ _0701_/Y (sky130_fd_sc_hd__nor4_2)
                                                         _0089_ (net)
                      0.823237    0.000562    3.597700 ^ _0702_/C (sky130_fd_sc_hd__and3_2)
     8    0.036347    0.195871    0.427000    4.024700 ^ _0702_/X (sky130_fd_sc_hd__and3_2)
                                                         _0090_ (net)
                      0.195871    0.000346    4.025046 ^ _0709_/S (sky130_fd_sc_hd__mux2_1)
     1    0.001522    0.049379    0.328280    4.353325 v _0709_/X (sky130_fd_sc_hd__mux2_1)
                                                         _0094_ (net)
                      0.049379    0.000000    4.353326 v _0710_/B (sky130_fd_sc_hd__and2_2)
     1    0.001767    0.039825    0.179372    4.532698 v _0710_/X (sky130_fd_sc_hd__and2_2)
                                                         _0004_ (net)
                      0.039825    0.000000    4.532699 v _1388_/D (sky130_fd_sc_hd__dfxtp_2)
                                              4.532699   data arrival time

                                 10.000000   10.000000   clock clk (rise edge)
                                  0.000000   10.000000   clock source latency
    81    0.246353    1.101485    0.768042   10.768042 ^ clk (in)
                                                         clk (net)
                      1.101931    0.000000   10.768042 ^ _1388_/CLK (sky130_fd_sc_hd__dfxtp_2)
                                 -0.250000   10.518042   clock uncertainty
                                  0.000000   10.518042   clock reconvergence pessimism
                                  0.048864   10.566906   library setup time
                                             10.566906   data required time
---------------------------------------------------------------------------------------------
                                             10.566906   data required time
                                             -4.532699   data arrival time
---------------------------------------------------------------------------------------------
                                              6.034207   slack (MET)


Startpoint: addr[5] (input port clocked by clk)
Endpoint: _1385_ (rising edge-triggered flip-flop clocked by clk)
Path Group: clk
Path Type: max

Fanout         Cap        Slew       Delay        Time   Description
---------------------------------------------------------------------------------------------
                                  0.000000    0.000000   clock clk (rise edge)
                                  0.000000    0.000000   clock network delay (propagated)
                                  2.000000    2.000000 v input external delay
     1    0.002509    0.007960    0.003926    2.003926 v addr[5] (in)
                                                         addr[5] (net)
                      0.007960    0.000000    2.003926 v _0697_/A (sky130_fd_sc_hd__or4_2)
     2    0.003443    0.102798    0.649782    2.653707 v _0697_/X (sky130_fd_sc_hd__or4_2)
                                                         _0086_ (net)
                      0.102798    0.000015    2.653722 v _0700_/B (sky130_fd_sc_hd__or2_2)
     2    0.009057    0.071726    0.317921    2.971643 v _0700_/X (sky130_fd_sc_hd__or2_2)
                                                         _0088_ (net)
                      0.071726    0.000047    2.971690 v _0701_/D (sky130_fd_sc_hd__nor4_2)
     9    0.034226    0.823237    0.625448    3.597138 ^ _0701_/Y (sky130_fd_sc_hd__nor4_2)
                                                         _0089_ (net)
                      0.823237    0.000562    3.597700 ^ _0702_/C (sky130_fd_sc_hd__and3_2)
     8    0.036347    0.195871    0.427000    4.024700 ^ _0702_/X (sky130_fd_sc_hd__and3_2)
                                                         _0090_ (net)
                      0.195871    0.000032    4.024732 ^ _0703_/S (sky130_fd_sc_hd__mux2_1)
     1    0.001469    0.049071    0.327776    4.352508 v _0703_/X (sky130_fd_sc_hd__mux2_1)
                                                         _0091_ (net)
                      0.049071    0.000000    4.352508 v _0704_/B (sky130_fd_sc_hd__and2_2)
     1    0.001730    0.039714    0.179070    4.531578 v _0704_/X (sky130_fd_sc_hd__and2_2)
                                                         _0001_ (net)
                      0.039714    0.000000    4.531579 v _1385_/D (sky130_fd_sc_hd__dfxtp_2)
                                              4.531579   data arrival time

                                 10.000000   10.000000   clock clk (rise edge)
                                  0.000000   10.000000   clock source latency
    81    0.246353    1.101485    0.767848   10.767848 ^ clk (in)
                                                         clk (net)
                      1.101922    0.000000   10.767848 ^ _1385_/CLK (sky130_fd_sc_hd__dfxtp_2)
                                 -0.250000   10.517848   clock uncertainty
                                  0.000000   10.517848   clock reconvergence pessimism
                                  0.048910   10.566758   library setup time
                                             10.566758   data required time
---------------------------------------------------------------------------------------------
                                             10.566758   data required time
                                             -4.531579   data arrival time
---------------------------------------------------------------------------------------------
                                              6.035180   slack (MET)


Startpoint: addr[5] (input port clocked by clk)
Endpoint: _1405_ (rising edge-triggered flip-flop clocked by clk)
Path Group: clk
Path Type: max

Fanout         Cap        Slew       Delay        Time   Description
---------------------------------------------------------------------------------------------
                                  0.000000    0.000000   clock clk (rise edge)
                                  0.000000    0.000000   clock network delay (propagated)
                                  2.000000    2.000000 v input external delay
     1    0.002509    0.007960    0.003926    2.003926 v addr[5] (in)
                                                         addr[5] (net)
                      0.007960    0.000000    2.003926 v _0697_/A (sky130_fd_sc_hd__or4_2)
     2    0.003443    0.102798    0.649782    2.653707 v _0697_/X (sky130_fd_sc_hd__or4_2)
                                                         _0086_ (net)
                      0.102798    0.000015    2.653722 v _0700_/B (sky130_fd_sc_hd__or2_2)
     2    0.009057    0.071726    0.317921    2.971643 v _0700_/X (sky130_fd_sc_hd__or2_2)
                                                         _0088_ (net)
                      0.071726    0.000047    2.971690 v _0701_/D (sky130_fd_sc_hd__nor4_2)
     9    0.034226    0.823237    0.625448    3.597138 ^ _0701_/Y (sky130_fd_sc_hd__nor4_2)
                                                         _0089_ (net)
                      0.823237    0.000596    3.597734 ^ _0746_/A2 (sky130_fd_sc_hd__a221o_2)
    25    0.092654    0.470587    0.605089    4.202823 ^ _0746_/X (sky130_fd_sc_hd__a221o_2)
                                                         _0119_ (net)
                      0.470856    0.009354    4.212177 ^ _0757_/B1 (sky130_fd_sc_hd__o221a_2)
     1    0.001804    0.049936    0.271185    4.483362 ^ _0757_/X (sky130_fd_sc_hd__o221a_2)
                                                         _0021_ (net)
                      0.049936    0.000001    4.483364 ^ _1405_/D (sky130_fd_sc_hd__dfxtp_2)
                                              4.483364   data arrival time

                                 10.000000   10.000000   clock clk (rise edge)
                                  0.000000   10.000000   clock source latency
    81    0.246353    1.101485    0.756331   10.756331 ^ clk (in)
                                                         clk (net)
                      1.101543    0.000000   10.756331 ^ _1405_/CLK (sky130_fd_sc_hd__dfxtp_2)
                                 -0.250000   10.506331   clock uncertainty
                                  0.000000   10.506331   clock reconvergence pessimism
                                  0.025493   10.531824   library setup time
                                             10.531824   data required time
---------------------------------------------------------------------------------------------
                                             10.531824   data required time
                                             -4.483364   data arrival time
---------------------------------------------------------------------------------------------
                                              6.048460   slack (MET)


Startpoint: addr[5] (input port clocked by clk)
Endpoint: _1406_ (rising edge-triggered flip-flop clocked by clk)
Path Group: clk
Path Type: max

Fanout         Cap        Slew       Delay        Time   Description
---------------------------------------------------------------------------------------------
                                  0.000000    0.000000   clock clk (rise edge)
                                  0.000000    0.000000   clock network delay (propagated)
                                  2.000000    2.000000 v input external delay
     1    0.002509    0.007960    0.003926    2.003926 v addr[5] (in)
                                                         addr[5] (net)
                      0.007960    0.000000    2.003926 v _0697_/A (sky130_fd_sc_hd__or4_2)
     2    0.003443    0.102798    0.649782    2.653707 v _0697_/X (sky130_fd_sc_hd__or4_2)
                                                         _0086_ (net)
                      0.102798    0.000015    2.653722 v _0700_/B (sky130_fd_sc_hd__or2_2)
     2    0.009057    0.071726    0.317921    2.971643 v _0700_/X (sky130_fd_sc_hd__or2_2)
                                                         _0088_ (net)
                      0.071726    0.000047    2.971690 v _0701_/D (sky130_fd_sc_hd__nor4_2)
     9    0.034226    0.823237    0.625448    3.597138 ^ _0701_/Y (sky130_fd_sc_hd__nor4_2)
                                                         _0089_ (net)
                      0.823237    0.000596    3.597734 ^ _0746_/A2 (sky130_fd_sc_hd__a221o_2)
    25    0.092654    0.470587    0.605089    4.202823 ^ _0746_/X (sky130_fd_sc_hd__a221o_2)
                                                         _0119_ (net)
                      0.470855    0.009344    4.212167 ^ _0759_/B1 (sky130_fd_sc_hd__o221a_2)
     1    0.001810    0.049969    0.271225    4.483392 ^ _0759_/X (sky130_fd_sc_hd__o221a_2)
                                                         _0022_ (net)
                      0.049969    0.000001    4.483394 ^ _1406_/D (sky130_fd_sc_hd__dfxtp_2)
                                              4.483394   data arrival time

                                 10.000000   10.000000   clock clk (rise edge)
                                  0.000000   10.000000   clock source latency
    81    0.246353    1.101485    0.756915   10.756915 ^ clk (in)
                                                         clk (net)
                      1.101553    0.000000   10.756915 ^ _1406_/CLK (sky130_fd_sc_hd__dfxtp_2)
                                 -0.250000   10.506915   clock uncertainty
                                  0.000000   10.506915   clock reconvergence pessimism
                                  0.025486   10.532401   library setup time
                                             10.532401   data required time
---------------------------------------------------------------------------------------------
                                             10.532401   data required time
                                             -4.483394   data arrival time
---------------------------------------------------------------------------------------------
                                              6.049007   slack (MET)


Startpoint: addr[5] (input port clocked by clk)
Endpoint: _1407_ (rising edge-triggered flip-flop clocked by clk)
Path Group: clk
Path Type: max

Fanout         Cap        Slew       Delay        Time   Description
---------------------------------------------------------------------------------------------
                                  0.000000    0.000000   clock clk (rise edge)
                                  0.000000    0.000000   clock network delay (propagated)
                                  2.000000    2.000000 v input external delay
     1    0.002509    0.007960    0.003926    2.003926 v addr[5] (in)
                                                         addr[5] (net)
                      0.007960    0.000000    2.003926 v _0697_/A (sky130_fd_sc_hd__or4_2)
     2    0.003443    0.102798    0.649782    2.653707 v _0697_/X (sky130_fd_sc_hd__or4_2)
                                                         _0086_ (net)
                      0.102798    0.000015    2.653722 v _0700_/B (sky130_fd_sc_hd__or2_2)
     2    0.009057    0.071726    0.317921    2.971643 v _0700_/X (sky130_fd_sc_hd__or2_2)
                                                         _0088_ (net)
                      0.071726    0.000047    2.971690 v _0701_/D (sky130_fd_sc_hd__nor4_2)
     9    0.034226    0.823237    0.625448    3.597138 ^ _0701_/Y (sky130_fd_sc_hd__nor4_2)
                                                         _0089_ (net)
                      0.823237    0.000596    3.597734 ^ _0746_/A2 (sky130_fd_sc_hd__a221o_2)
    25    0.092654    0.470587    0.605089    4.202823 ^ _0746_/X (sky130_fd_sc_hd__a221o_2)
                                                         _0119_ (net)
                      0.470853    0.009308    4.212131 ^ _0761_/B1 (sky130_fd_sc_hd__o221a_2)
     1    0.001835    0.050104    0.271388    4.483520 ^ _0761_/X (sky130_fd_sc_hd__o221a_2)
                                                         _0023_ (net)
                      0.050104    0.000002    4.483521 ^ _1407_/D (sky130_fd_sc_hd__dfxtp_2)
                                              4.483521   data arrival time

                                 10.000000   10.000000   clock clk (rise edge)
                                  0.000000   10.000000   clock source latency
    81    0.246353    1.101485    0.757775   10.757775 ^ clk (in)
                                                         clk (net)
                      1.101570    0.000000   10.757775 ^ _1407_/CLK (sky130_fd_sc_hd__dfxtp_2)
                                 -0.250000   10.507775   clock uncertainty
                                  0.000000   10.507775   clock reconvergence pessimism
                                  0.025460   10.533235   library setup time
                                             10.533235   data required time
---------------------------------------------------------------------------------------------
                                             10.533235   data required time
                                             -4.483521   data arrival time
---------------------------------------------------------------------------------------------
                                              6.049714   slack (MET)


Startpoint: addr[5] (input port clocked by clk)
Endpoint: _1403_ (rising edge-triggered flip-flop clocked by clk)
Path Group: clk
Path Type: max

Fanout         Cap        Slew       Delay        Time   Description
---------------------------------------------------------------------------------------------
                                  0.000000    0.000000   clock clk (rise edge)
                                  0.000000    0.000000   clock network delay (propagated)
                                  2.000000    2.000000 v input external delay
     1    0.002509    0.007960    0.003926    2.003926 v addr[5] (in)
                                                         addr[5] (net)
                      0.007960    0.000000    2.003926 v _0697_/A (sky130_fd_sc_hd__or4_2)
     2    0.003443    0.102798    0.649782    2.653707 v _0697_/X (sky130_fd_sc_hd__or4_2)
                                                         _0086_ (net)
                      0.102798    0.000015    2.653722 v _0700_/B (sky130_fd_sc_hd__or2_2)
     2    0.009057    0.071726    0.317921    2.971643 v _0700_/X (sky130_fd_sc_hd__or2_2)
                                                         _0088_ (net)
                      0.071726    0.000047    2.971690 v _0701_/D (sky130_fd_sc_hd__nor4_2)
     9    0.034226    0.823237    0.625448    3.597138 ^ _0701_/Y (sky130_fd_sc_hd__nor4_2)
                                                         _0089_ (net)
                      0.823237    0.000596    3.597734 ^ _0746_/A2 (sky130_fd_sc_hd__a221o_2)
    25    0.092654    0.470587    0.605089    4.202823 ^ _0746_/X (sky130_fd_sc_hd__a221o_2)
                                                         _0119_ (net)
                      0.470851    0.009269    4.212092 ^ _0753_/B1 (sky130_fd_sc_hd__o221a_2)
     1    0.001835    0.050104    0.271387    4.483479 ^ _0753_/X (sky130_fd_sc_hd__o221a_2)
                                                         _0019_ (net)
                      0.050104    0.000001    4.483480 ^ _1403_/D (sky130_fd_sc_hd__dfxtp_2)
                                              4.483480   data arrival time

                                 10.000000   10.000000   clock clk (rise edge)
                                  0.000000   10.000000   clock source latency
    81    0.246353    1.101485    0.758064   10.758064 ^ clk (in)
                                                         clk (net)
                      1.101577    0.000000   10.758064 ^ _1403_/CLK (sky130_fd_sc_hd__dfxtp_2)
                                 -0.250000   10.508064   clock uncertainty
                                  0.000000   10.508064   clock reconvergence pessimism
                                  0.025460   10.533524   library setup time
                                             10.533524   data required time
---------------------------------------------------------------------------------------------
                                             10.533524   data required time
                                             -4.483480   data arrival time
---------------------------------------------------------------------------------------------
                                              6.050043   slack (MET)


Startpoint: addr[5] (input port clocked by clk)
Endpoint: _1404_ (rising edge-triggered flip-flop clocked by clk)
Path Group: clk
Path Type: max

Fanout         Cap        Slew       Delay        Time   Description
---------------------------------------------------------------------------------------------
                                  0.000000    0.000000   clock clk (rise edge)
                                  0.000000    0.000000   clock network delay (propagated)
                                  2.000000    2.000000 v input external delay
     1    0.002509    0.007960    0.003926    2.003926 v addr[5] (in)
                                                         addr[5] (net)
                      0.007960    0.000000    2.003926 v _0697_/A (sky130_fd_sc_hd__or4_2)
     2    0.003443    0.102798    0.649782    2.653707 v _0697_/X (sky130_fd_sc_hd__or4_2)
                                                         _0086_ (net)
                      0.102798    0.000015    2.653722 v _0700_/B (sky130_fd_sc_hd__or2_2)
     2    0.009057    0.071726    0.317921    2.971643 v _0700_/X (sky130_fd_sc_hd__or2_2)
                                                         _0088_ (net)
                      0.071726    0.000047    2.971690 v _0701_/D (sky130_fd_sc_hd__nor4_2)
     9    0.034226    0.823237    0.625448    3.597138 ^ _0701_/Y (sky130_fd_sc_hd__nor4_2)
                                                         _0089_ (net)
                      0.823237    0.000596    3.597734 ^ _0746_/A2 (sky130_fd_sc_hd__a221o_2)
    25    0.092654    0.470587    0.605089    4.202823 ^ _0746_/X (sky130_fd_sc_hd__a221o_2)
                                                         _0119_ (net)
                      0.470854    0.009337    4.212160 ^ _0755_/B1 (sky130_fd_sc_hd__o221a_2)
     1    0.001780    0.049803    0.271025    4.483184 ^ _0755_/X (sky130_fd_sc_hd__o221a_2)
                                                         _0020_ (net)
                      0.049803    0.000000    4.483185 ^ _1404_/D (sky130_fd_sc_hd__dfxtp_2)
                                              4.483185   data arrival time

                                 10.000000   10.000000   clock clk (rise edge)
                                  0.000000   10.000000   clock source latency
    81    0.246353    1.101485    0.758154   10.758154 ^ clk (in)
                                                         clk (net)
                      1.101579    0.000000   10.758154 ^ _1404_/CLK (sky130_fd_sc_hd__dfxtp_2)
                                 -0.250000   10.508154   clock uncertainty
                                  0.000000   10.508154   clock reconvergence pessimism
                                  0.025521   10.533674   library setup time
                                             10.533674   data required time
---------------------------------------------------------------------------------------------
                                             10.533674   data required time
                                             -4.483185   data arrival time
---------------------------------------------------------------------------------------------
                                              6.050489   slack (MET)


Startpoint: addr[5] (input port clocked by clk)
Endpoint: _1408_ (rising edge-triggered flip-flop clocked by clk)
Path Group: clk
Path Type: max

Fanout         Cap        Slew       Delay        Time   Description
---------------------------------------------------------------------------------------------
                                  0.000000    0.000000   clock clk (rise edge)
                                  0.000000    0.000000   clock network delay (propagated)
                                  2.000000    2.000000 v input external delay
     1    0.002509    0.007960    0.003926    2.003926 v addr[5] (in)
                                                         addr[5] (net)
                      0.007960    0.000000    2.003926 v _0697_/A (sky130_fd_sc_hd__or4_2)
     2    0.003443    0.102798    0.649782    2.653707 v _0697_/X (sky130_fd_sc_hd__or4_2)
                                                         _0086_ (net)
                      0.102798    0.000015    2.653722 v _0700_/B (sky130_fd_sc_hd__or2_2)
     2    0.009057    0.071726    0.317921    2.971643 v _0700_/X (sky130_fd_sc_hd__or2_2)
                                                         _0088_ (net)
                      0.071726    0.000047    2.971690 v _0701_/D (sky130_fd_sc_hd__nor4_2)
     9    0.034226    0.823237    0.625448    3.597138 ^ _0701_/Y (sky130_fd_sc_hd__nor4_2)
                                                         _0089_ (net)
                      0.823237    0.000596    3.597734 ^ _0746_/A2 (sky130_fd_sc_hd__a221o_2)
    25    0.092654    0.470587    0.605089    4.202823 ^ _0746_/X (sky130_fd_sc_hd__a221o_2)
                                                         _0119_ (net)
                      0.470847    0.009214    4.212038 ^ _0763_/B1 (sky130_fd_sc_hd__o221a_2)
     1    0.001777    0.049788    0.271004    4.483042 ^ _0763_/X (sky130_fd_sc_hd__o221a_2)
                                                         _0024_ (net)
                      0.049788    0.000000    4.483043 ^ _1408_/D (sky130_fd_sc_hd__dfxtp_2)
                                              4.483043   data arrival time

                                 10.000000   10.000000   clock clk (rise edge)
                                  0.000000   10.000000   clock source latency
    81    0.246353    1.101485    0.758352   10.758352 ^ clk (in)
                                                         clk (net)
                      1.101583    0.000000   10.758352 ^ _1408_/CLK (sky130_fd_sc_hd__dfxtp_2)
                                 -0.250000   10.508352   clock uncertainty
                                  0.000000   10.508352   clock reconvergence pessimism
                                  0.025524   10.533875   library setup time
                                             10.533875   data required time
---------------------------------------------------------------------------------------------
                                             10.533875   data required time
                                             -4.483043   data arrival time
---------------------------------------------------------------------------------------------
                                              6.050833   slack (MET)


Startpoint: addr[5] (input port clocked by clk)
Endpoint: _1409_ (rising edge-triggered flip-flop clocked by clk)
Path Group: clk
Path Type: max

Fanout         Cap        Slew       Delay        Time   Description
---------------------------------------------------------------------------------------------
                                  0.000000    0.000000   clock clk (rise edge)
                                  0.000000    0.000000   clock network delay (propagated)
                                  2.000000    2.000000 v input external delay
     1    0.002509    0.007960    0.003926    2.003926 v addr[5] (in)
                                                         addr[5] (net)
                      0.007960    0.000000    2.003926 v _0697_/A (sky130_fd_sc_hd__or4_2)
     2    0.003443    0.102798    0.649782    2.653707 v _0697_/X (sky130_fd_sc_hd__or4_2)
                                                         _0086_ (net)
                      0.102798    0.000015    2.653722 v _0700_/B (sky130_fd_sc_hd__or2_2)
     2    0.009057    0.071726    0.317921    2.971643 v _0700_/X (sky130_fd_sc_hd__or2_2)
                                                         _0088_ (net)
                      0.071726    0.000047    2.971690 v _0701_/D (sky130_fd_sc_hd__nor4_2)
     9    0.034226    0.823237    0.625448    3.597138 ^ _0701_/Y (sky130_fd_sc_hd__nor4_2)
                                                         _0089_ (net)
                      0.823237    0.000596    3.597734 ^ _0746_/A2 (sky130_fd_sc_hd__a221o_2)
    25    0.092654    0.470587    0.605089    4.202823 ^ _0746_/X (sky130_fd_sc_hd__a221o_2)
                                                         _0119_ (net)
                      0.470843    0.009145    4.211968 ^ _0765_/B1 (sky130_fd_sc_hd__o221a_2)
     1    0.001797    0.049899    0.271138    4.483106 ^ _0765_/X (sky130_fd_sc_hd__o221a_2)
                                                         _0025_ (net)
                      0.049899    0.000000    4.483107 ^ _1409_/D (sky130_fd_sc_hd__dfxtp_2)
                                              4.483107   data arrival time

                                 10.000000   10.000000   clock clk (rise edge)
                                  0.000000   10.000000   clock source latency
    81    0.246353    1.101485    0.758655   10.758656 ^ clk (in)
                                                         clk (net)
                      1.101590    0.000000   10.758656 ^ _1409_/CLK (sky130_fd_sc_hd__dfxtp_2)
                                 -0.250000   10.508656   clock uncertainty
                                  0.000000   10.508656   clock reconvergence pessimism
                                  0.025502   10.534157   library setup time
                                             10.534157   data required time
---------------------------------------------------------------------------------------------
                                             10.534157   data required time
                                             -4.483107   data arrival time
---------------------------------------------------------------------------------------------
                                              6.051050   slack (MET)


Startpoint: addr[5] (input port clocked by clk)
Endpoint: _1411_ (rising edge-triggered flip-flop clocked by clk)
Path Group: clk
Path Type: max

Fanout         Cap        Slew       Delay        Time   Description
---------------------------------------------------------------------------------------------
                                  0.000000    0.000000   clock clk (rise edge)
                                  0.000000    0.000000   clock network delay (propagated)
                                  2.000000    2.000000 v input external delay
     1    0.002509    0.007960    0.003926    2.003926 v addr[5] (in)
                                                         addr[5] (net)
                      0.007960    0.000000    2.003926 v _0697_/A (sky130_fd_sc_hd__or4_2)
     2    0.003443    0.102798    0.649782    2.653707 v _0697_/X (sky130_fd_sc_hd__or4_2)
                                                         _0086_ (net)
                      0.102798    0.000015    2.653722 v _0700_/B (sky130_fd_sc_hd__or2_2)
     2    0.009057    0.071726    0.317921    2.971643 v _0700_/X (sky130_fd_sc_hd__or2_2)
                                                         _0088_ (net)
                      0.071726    0.000047    2.971690 v _0701_/D (sky130_fd_sc_hd__nor4_2)
     9    0.034226    0.823237    0.625448    3.597138 ^ _0701_/Y (sky130_fd_sc_hd__nor4_2)
                                                         _0089_ (net)
                      0.823237    0.000596    3.597734 ^ _0746_/A2 (sky130_fd_sc_hd__a221o_2)
    25    0.092654    0.470587    0.605089    4.202823 ^ _0746_/X (sky130_fd_sc_hd__a221o_2)
                                                         _0119_ (net)
                      0.470836    0.009019    4.211843 ^ _0769_/B1 (sky130_fd_sc_hd__o221a_2)
     1    0.001815    0.049992    0.271249    4.483092 ^ _0769_/X (sky130_fd_sc_hd__o221a_2)
                                                         _0027_ (net)
                      0.049992    0.000001    4.483093 ^ _1411_/D (sky130_fd_sc_hd__dfxtp_2)
                                              4.483093   data arrival time

                                 10.000000   10.000000   clock clk (rise edge)
                                  0.000000   10.000000   clock source latency
    81    0.246353    1.101485    0.758968   10.758968 ^ clk (in)
                                                         clk (net)
                      1.101598    0.000000   10.758968 ^ _1411_/CLK (sky130_fd_sc_hd__dfxtp_2)
                                 -0.250000   10.508968   clock uncertainty
                                  0.000000   10.508968   clock reconvergence pessimism
                                  0.025483   10.534451   library setup time
                                             10.534451   data required time
---------------------------------------------------------------------------------------------
                                             10.534451   data required time
                                             -4.483093   data arrival time
---------------------------------------------------------------------------------------------
                                              6.051358   slack (MET)


Startpoint: addr[5] (input port clocked by clk)
Endpoint: _1402_ (rising edge-triggered flip-flop clocked by clk)
Path Group: clk
Path Type: max

Fanout         Cap        Slew       Delay        Time   Description
---------------------------------------------------------------------------------------------
                                  0.000000    0.000000   clock clk (rise edge)
                                  0.000000    0.000000   clock network delay (propagated)
                                  2.000000    2.000000 v input external delay
     1    0.002509    0.007960    0.003926    2.003926 v addr[5] (in)
                                                         addr[5] (net)
                      0.007960    0.000000    2.003926 v _0697_/A (sky130_fd_sc_hd__or4_2)
     2    0.003443    0.102798    0.649782    2.653707 v _0697_/X (sky130_fd_sc_hd__or4_2)
                                                         _0086_ (net)
                      0.102798    0.000015    2.653722 v _0700_/B (sky130_fd_sc_hd__or2_2)
     2    0.009057    0.071726    0.317921    2.971643 v _0700_/X (sky130_fd_sc_hd__or2_2)
                                                         _0088_ (net)
                      0.071726    0.000047    2.971690 v _0701_/D (sky130_fd_sc_hd__nor4_2)
     9    0.034226    0.823237    0.625448    3.597138 ^ _0701_/Y (sky130_fd_sc_hd__nor4_2)
                                                         _0089_ (net)
                      0.823237    0.000596    3.597734 ^ _0746_/A2 (sky130_fd_sc_hd__a221o_2)
    25    0.092654    0.470587    0.605089    4.202823 ^ _0746_/X (sky130_fd_sc_hd__a221o_2)
                                                         _0119_ (net)
                      0.470842    0.009127    4.211950 ^ _0751_/B1 (sky130_fd_sc_hd__o221a_2)
     1    0.001731    0.049544    0.270708    4.482658 ^ _0751_/X (sky130_fd_sc_hd__o221a_2)
                                                         _0018_ (net)
                      0.049544    0.000000    4.482659 ^ _1402_/D (sky130_fd_sc_hd__dfxtp_2)
                                              4.482659   data arrival time

                                 10.000000   10.000000   clock clk (rise edge)
                                  0.000000   10.000000   clock source latency
    81    0.246353    1.101485    0.758745   10.758745 ^ clk (in)
                                                         clk (net)
                      1.101592    0.000000   10.758745 ^ _1402_/CLK (sky130_fd_sc_hd__dfxtp_2)
                                 -0.250000   10.508745   clock uncertainty
                                  0.000000   10.508745   clock reconvergence pessimism
                                  0.025574   10.534319   library setup time
                                             10.534319   data required time
---------------------------------------------------------------------------------------------
                                             10.534319   data required time
                                             -4.482659   data arrival time
---------------------------------------------------------------------------------------------
                                              6.051660   slack (MET)


Startpoint: addr[5] (input port clocked by clk)
Endpoint: _1412_ (rising edge-triggered flip-flop clocked by clk)
Path Group: clk
Path Type: max

Fanout         Cap        Slew       Delay        Time   Description
---------------------------------------------------------------------------------------------
                                  0.000000    0.000000   clock clk (rise edge)
                                  0.000000    0.000000   clock network delay (propagated)
                                  2.000000    2.000000 v input external delay
     1    0.002509    0.007960    0.003926    2.003926 v addr[5] (in)
                                                         addr[5] (net)
                      0.007960    0.000000    2.003926 v _0697_/A (sky130_fd_sc_hd__or4_2)
     2    0.003443    0.102798    0.649782    2.653707 v _0697_/X (sky130_fd_sc_hd__or4_2)
                                                         _0086_ (net)
                      0.102798    0.000015    2.653722 v _0700_/B (sky130_fd_sc_hd__or2_2)
     2    0.009057    0.071726    0.317921    2.971643 v _0700_/X (sky130_fd_sc_hd__or2_2)
                                                         _0088_ (net)
                      0.071726    0.000047    2.971690 v _0701_/D (sky130_fd_sc_hd__nor4_2)
     9    0.034226    0.823237    0.625448    3.597138 ^ _0701_/Y (sky130_fd_sc_hd__nor4_2)
                                                         _0089_ (net)
                      0.823237    0.000596    3.597734 ^ _0746_/A2 (sky130_fd_sc_hd__a221o_2)
    25    0.092654    0.470587    0.605089    4.202823 ^ _0746_/X (sky130_fd_sc_hd__a221o_2)
                                                         _0119_ (net)
                      0.470830    0.008904    4.211728 ^ _0771_/B1 (sky130_fd_sc_hd__o221a_2)
     1    0.001811    0.049972    0.271224    4.482952 ^ _0771_/X (sky130_fd_sc_hd__o221a_2)
                                                         _0028_ (net)
                      0.049972    0.000001    4.482953 ^ _1412_/D (sky130_fd_sc_hd__dfxtp_2)
                                              4.482953   data arrival time

                                 10.000000   10.000000   clock clk (rise edge)
                                  0.000000   10.000000   clock source latency
    81    0.246353    1.101485    0.759250   10.759251 ^ clk (in)
                                                         clk (net)
                      1.101605    0.000000   10.759251 ^ _1412_/CLK (sky130_fd_sc_hd__dfxtp_2)
                                 -0.250000   10.509251   clock uncertainty
                                  0.000000   10.509251   clock reconvergence pessimism
                                  0.025487   10.534738   library setup time
                                             10.534738   data required time
---------------------------------------------------------------------------------------------
                                             10.534738   data required time
                                             -4.482953   data arrival time
---------------------------------------------------------------------------------------------
                                              6.051785   slack (MET)


Startpoint: addr[5] (input port clocked by clk)
Endpoint: _1413_ (rising edge-triggered flip-flop clocked by clk)
Path Group: clk
Path Type: max

Fanout         Cap        Slew       Delay        Time   Description
---------------------------------------------------------------------------------------------
                                  0.000000    0.000000   clock clk (rise edge)
                                  0.000000    0.000000   clock network delay (propagated)
                                  2.000000    2.000000 v input external delay
     1    0.002509    0.007960    0.003926    2.003926 v addr[5] (in)
                                                         addr[5] (net)
                      0.007960    0.000000    2.003926 v _0697_/A (sky130_fd_sc_hd__or4_2)
     2    0.003443    0.102798    0.649782    2.653707 v _0697_/X (sky130_fd_sc_hd__or4_2)
                                                         _0086_ (net)
                      0.102798    0.000015    2.653722 v _0700_/B (sky130_fd_sc_hd__or2_2)
     2    0.009057    0.071726    0.317921    2.971643 v _0700_/X (sky130_fd_sc_hd__or2_2)
                                                         _0088_ (net)
                      0.071726    0.000047    2.971690 v _0701_/D (sky130_fd_sc_hd__nor4_2)
     9    0.034226    0.823237    0.625448    3.597138 ^ _0701_/Y (sky130_fd_sc_hd__nor4_2)
                                                         _0089_ (net)
                      0.823237    0.000596    3.597734 ^ _0746_/A2 (sky130_fd_sc_hd__a221o_2)
    25    0.092654    0.470587    0.605089    4.202823 ^ _0746_/X (sky130_fd_sc_hd__a221o_2)
                                                         _0119_ (net)
                      0.470821    0.008741    4.211564 ^ _0773_/B1 (sky130_fd_sc_hd__o221a_2)
     1    0.001788    0.049848    0.271072    4.482635 ^ _0773_/X (sky130_fd_sc_hd__o221a_2)
                                                         _0029_ (net)
                      0.049848    0.000001    4.482637 ^ _1413_/D (sky130_fd_sc_hd__dfxtp_2)
                                              4.482637   data arrival time

                                 10.000000   10.000000   clock clk (rise edge)
                                  0.000000   10.000000   clock source latency
    81    0.246353    1.101485    0.759401   10.759400 ^ clk (in)
                                                         clk (net)
                      1.101609    0.000000   10.759400 ^ _1413_/CLK (sky130_fd_sc_hd__dfxtp_2)
                                 -0.250000   10.509400   clock uncertainty
                                  0.000000   10.509400   clock reconvergence pessimism
                                  0.025513   10.534914   library setup time
                                             10.534914   data required time
---------------------------------------------------------------------------------------------
                                             10.534914   data required time
                                             -4.482637   data arrival time
---------------------------------------------------------------------------------------------
                                              6.052277   slack (MET)


Startpoint: addr[5] (input port clocked by clk)
Endpoint: _1414_ (rising edge-triggered flip-flop clocked by clk)
Path Group: clk
Path Type: max

Fanout         Cap        Slew       Delay        Time   Description
---------------------------------------------------------------------------------------------
                                  0.000000    0.000000   clock clk (rise edge)
                                  0.000000    0.000000   clock network delay (propagated)
                                  2.000000    2.000000 v input external delay
     1    0.002509    0.007960    0.003926    2.003926 v addr[5] (in)
                                                         addr[5] (net)
                      0.007960    0.000000    2.003926 v _0697_/A (sky130_fd_sc_hd__or4_2)
     2    0.003443    0.102798    0.649782    2.653707 v _0697_/X (sky130_fd_sc_hd__or4_2)
                                                         _0086_ (net)
                      0.102798    0.000015    2.653722 v _0700_/B (sky130_fd_sc_hd__or2_2)
     2    0.009057    0.071726    0.317921    2.971643 v _0700_/X (sky130_fd_sc_hd__or2_2)
                                                         _0088_ (net)
                      0.071726    0.000047    2.971690 v _0701_/D (sky130_fd_sc_hd__nor4_2)
     9    0.034226    0.823237    0.625448    3.597138 ^ _0701_/Y (sky130_fd_sc_hd__nor4_2)
                                                         _0089_ (net)
                      0.823237    0.000596    3.597734 ^ _0746_/A2 (sky130_fd_sc_hd__a221o_2)
    25    0.092654    0.470587    0.605089    4.202823 ^ _0746_/X (sky130_fd_sc_hd__a221o_2)
                                                         _0119_ (net)
                      0.470812    0.008571    4.211394 ^ _0775_/B1 (sky130_fd_sc_hd__o221a_2)
     1    0.001791    0.049865    0.271090    4.482485 ^ _0775_/X (sky130_fd_sc_hd__o221a_2)
                                                         _0030_ (net)
                      0.049865    0.000001    4.482486 ^ _1414_/D (sky130_fd_sc_hd__dfxtp_2)
                                              4.482486   data arrival time

                                 10.000000   10.000000   clock clk (rise edge)
                                  0.000000   10.000000   clock source latency
    81    0.246353    1.101485    0.759423   10.759423 ^ clk (in)
                                                         clk (net)
                      1.101609    0.000000   10.759423 ^ _1414_/CLK (sky130_fd_sc_hd__dfxtp_2)
                                 -0.250000   10.509423   clock uncertainty
                                  0.000000   10.509423   clock reconvergence pessimism
                                  0.025509   10.534932   library setup time
                                             10.534932   data required time
---------------------------------------------------------------------------------------------
                                             10.534932   data required time
                                             -4.482486   data arrival time
---------------------------------------------------------------------------------------------
                                              6.052446   slack (MET)


Startpoint: addr[5] (input port clocked by clk)
Endpoint: _1410_ (rising edge-triggered flip-flop clocked by clk)
Path Group: clk
Path Type: max

Fanout         Cap        Slew       Delay        Time   Description
---------------------------------------------------------------------------------------------
                                  0.000000    0.000000   clock clk (rise edge)
                                  0.000000    0.000000   clock network delay (propagated)
                                  2.000000    2.000000 v input external delay
     1    0.002509    0.007960    0.003926    2.003926 v addr[5] (in)
                                                         addr[5] (net)
                      0.007960    0.000000    2.003926 v _0697_/A (sky130_fd_sc_hd__or4_2)
     2    0.003443    0.102798    0.649782    2.653707 v _0697_/X (sky130_fd_sc_hd__or4_2)
                                                         _0086_ (net)
                      0.102798    0.000015    2.653722 v _0700_/B (sky130_fd_sc_hd__or2_2)
     2    0.009057    0.071726    0.317921    2.971643 v _0700_/X (sky130_fd_sc_hd__or2_2)
                                                         _0088_ (net)
                      0.071726    0.000047    2.971690 v _0701_/D (sky130_fd_sc_hd__nor4_2)
     9    0.034226    0.823237    0.625448    3.597138 ^ _0701_/Y (sky130_fd_sc_hd__nor4_2)
                                                         _0089_ (net)
                      0.823237    0.000596    3.597734 ^ _0746_/A2 (sky130_fd_sc_hd__a221o_2)
    25    0.092654    0.470587    0.605089    4.202823 ^ _0746_/X (sky130_fd_sc_hd__a221o_2)
                                                         _0119_ (net)
                      0.470819    0.008713    4.211536 ^ _0767_/B1 (sky130_fd_sc_hd__o221a_2)
     1    0.001743    0.049605    0.270778    4.482314 ^ _0767_/X (sky130_fd_sc_hd__o221a_2)
                                                         _0026_ (net)
                      0.049605    0.000000    4.482314 ^ _1410_/D (sky130_fd_sc_hd__dfxtp_2)
                                              4.482314   data arrival time

                                 10.000000   10.000000   clock clk (rise edge)
                                  0.000000   10.000000   clock source latency
    81    0.246353    1.101485    0.759552   10.759552 ^ clk (in)
                                                         clk (net)
                      1.101612    0.000000   10.759552 ^ _1410_/CLK (sky130_fd_sc_hd__dfxtp_2)
                                 -0.250000   10.509552   clock uncertainty
                                  0.000000   10.509552   clock reconvergence pessimism
                                  0.025562   10.535113   library setup time
                                             10.535113   data required time
---------------------------------------------------------------------------------------------
                                             10.535113   data required time
                                             -4.482314   data arrival time
---------------------------------------------------------------------------------------------
                                              6.052799   slack (MET)


Startpoint: addr[5] (input port clocked by clk)
Endpoint: _1415_ (rising edge-triggered flip-flop clocked by clk)
Path Group: clk
Path Type: max

Fanout         Cap        Slew       Delay        Time   Description
---------------------------------------------------------------------------------------------
                                  0.000000    0.000000   clock clk (rise edge)
                                  0.000000    0.000000   clock network delay (propagated)
                                  2.000000    2.000000 v input external delay
     1    0.002509    0.007960    0.003926    2.003926 v addr[5] (in)
                                                         addr[5] (net)
                      0.007960    0.000000    2.003926 v _0697_/A (sky130_fd_sc_hd__or4_2)
     2    0.003443    0.102798    0.649782    2.653707 v _0697_/X (sky130_fd_sc_hd__or4_2)
                                                         _0086_ (net)
                      0.102798    0.000015    2.653722 v _0700_/B (sky130_fd_sc_hd__or2_2)
     2    0.009057    0.071726    0.317921    2.971643 v _0700_/X (sky130_fd_sc_hd__or2_2)
                                                         _0088_ (net)
                      0.071726    0.000047    2.971690 v _0701_/D (sky130_fd_sc_hd__nor4_2)
     9    0.034226    0.823237    0.625448    3.597138 ^ _0701_/Y (sky130_fd_sc_hd__nor4_2)
                                                         _0089_ (net)
                      0.823237    0.000596    3.597734 ^ _0746_/A2 (sky130_fd_sc_hd__a221o_2)
    25    0.092654    0.470587    0.605089    4.202823 ^ _0746_/X (sky130_fd_sc_hd__a221o_2)
                                                         _0119_ (net)
                      0.470801    0.008373    4.211196 ^ _0777_/B1 (sky130_fd_sc_hd__o221a_2)
     1    0.001772    0.049765    0.270968    4.482164 ^ _0777_/X (sky130_fd_sc_hd__o221a_2)
                                                         _0031_ (net)
                      0.049765    0.000000    4.482165 ^ _1415_/D (sky130_fd_sc_hd__dfxtp_2)
                                              4.482165   data arrival time

                                 10.000000   10.000000   clock clk (rise edge)
                                  0.000000   10.000000   clock source latency
    81    0.246353    1.101485    0.759433   10.759434 ^ clk (in)
                                                         clk (net)
                      1.101609    0.000000   10.759434 ^ _1415_/CLK (sky130_fd_sc_hd__dfxtp_2)
                                 -0.250000   10.509434   clock uncertainty
                                  0.000000   10.509434   clock reconvergence pessimism
                                  0.025529   10.534963   library setup time
                                             10.534963   data required time
---------------------------------------------------------------------------------------------
                                             10.534963   data required time
                                             -4.482165   data arrival time
---------------------------------------------------------------------------------------------
                                              6.052797   slack (MET)


Startpoint: addr[5] (input port clocked by clk)
Endpoint: _1418_ (rising edge-triggered flip-flop clocked by clk)
Path Group: clk
Path Type: max

Fanout         Cap        Slew       Delay        Time   Description
---------------------------------------------------------------------------------------------
                                  0.000000    0.000000   clock clk (rise edge)
                                  0.000000    0.000000   clock network delay (propagated)
                                  2.000000    2.000000 v input external delay
     1    0.002509    0.007960    0.003926    2.003926 v addr[5] (in)
                                                         addr[5] (net)
                      0.007960    0.000000    2.003926 v _0697_/A (sky130_fd_sc_hd__or4_2)
     2    0.003443    0.102798    0.649782    2.653707 v _0697_/X (sky130_fd_sc_hd__or4_2)
                                                         _0086_ (net)
                      0.102798    0.000015    2.653722 v _0700_/B (sky130_fd_sc_hd__or2_2)
     2    0.009057    0.071726    0.317921    2.971643 v _0700_/X (sky130_fd_sc_hd__or2_2)
                                                         _0088_ (net)
                      0.071726    0.000047    2.971690 v _0701_/D (sky130_fd_sc_hd__nor4_2)
     9    0.034226    0.823237    0.625448    3.597138 ^ _0701_/Y (sky130_fd_sc_hd__nor4_2)
                                                         _0089_ (net)
                      0.823237    0.000596    3.597734 ^ _0746_/A2 (sky130_fd_sc_hd__a221o_2)
    25    0.092654    0.470587    0.605089    4.202823 ^ _0746_/X (sky130_fd_sc_hd__a221o_2)
                                                         _0119_ (net)
                      0.470721    0.006649    4.209472 ^ _0783_/B1 (sky130_fd_sc_hd__o221a_2)
     1    0.002200    0.052070    0.273741    4.483212 ^ _0783_/X (sky130_fd_sc_hd__o221a_2)
                                                         _0034_ (net)
                      0.052070    0.000005    4.483218 ^ _1418_/D (sky130_fd_sc_hd__dfxtp_2)
                                              4.483218   data arrival time

                                 10.000000   10.000000   clock clk (rise edge)
                                  0.000000   10.000000   clock source latency
    81    0.246353    1.101485    0.761188   10.761188 ^ clk (in)
                                                         clk (net)
                      1.101659    0.000000   10.761188 ^ _1418_/CLK (sky130_fd_sc_hd__dfxtp_2)
                                 -0.250000   10.511188   clock uncertainty
                                  0.000000   10.511188   clock reconvergence pessimism
                                  0.025065   10.536253   library setup time
                                             10.536253   data required time
---------------------------------------------------------------------------------------------
                                             10.536253   data required time
                                             -4.483218   data arrival time
---------------------------------------------------------------------------------------------
                                              6.053036   slack (MET)


Startpoint: addr[5] (input port clocked by clk)
Endpoint: _1417_ (rising edge-triggered flip-flop clocked by clk)
Path Group: clk
Path Type: max

Fanout         Cap        Slew       Delay        Time   Description
---------------------------------------------------------------------------------------------
                                  0.000000    0.000000   clock clk (rise edge)
                                  0.000000    0.000000   clock network delay (propagated)
                                  2.000000    2.000000 v input external delay
     1    0.002509    0.007960    0.003926    2.003926 v addr[5] (in)
                                                         addr[5] (net)
                      0.007960    0.000000    2.003926 v _0697_/A (sky130_fd_sc_hd__or4_2)
     2    0.003443    0.102798    0.649782    2.653707 v _0697_/X (sky130_fd_sc_hd__or4_2)
                                                         _0086_ (net)
                      0.102798    0.000015    2.653722 v _0700_/B (sky130_fd_sc_hd__or2_2)
     2    0.009057    0.071726    0.317921    2.971643 v _0700_/X (sky130_fd_sc_hd__or2_2)
                                                         _0088_ (net)
                      0.071726    0.000047    2.971690 v _0701_/D (sky130_fd_sc_hd__nor4_2)
     9    0.034226    0.823237    0.625448    3.597138 ^ _0701_/Y (sky130_fd_sc_hd__nor4_2)
                                                         _0089_ (net)
                      0.823237    0.000596    3.597734 ^ _0746_/A2 (sky130_fd_sc_hd__a221o_2)
    25    0.092654    0.470587    0.605089    4.202823 ^ _0746_/X (sky130_fd_sc_hd__a221o_2)
                                                         _0119_ (net)
                      0.470819    0.008700    4.211523 ^ _0781_/B1 (sky130_fd_sc_hd__o221a_2)
     1    0.001703    0.049392    0.270521    4.482044 ^ _0781_/X (sky130_fd_sc_hd__o221a_2)
                                                         _0033_ (net)
                      0.049392    0.000000    4.482044 ^ _1417_/D (sky130_fd_sc_hd__dfxtp_2)
                                              4.482044   data arrival time

                                 10.000000   10.000000   clock clk (rise edge)
                                  0.000000   10.000000   clock source latency
    81    0.246353    1.101485    0.759848   10.759849 ^ clk (in)
                                                         clk (net)
                      1.101620    0.000000   10.759849 ^ _1417_/CLK (sky130_fd_sc_hd__dfxtp_2)
                                 -0.250000   10.509849   clock uncertainty
                                  0.000000   10.509849   clock reconvergence pessimism
                                  0.025605   10.535454   library setup time
                                             10.535454   data required time
---------------------------------------------------------------------------------------------
                                             10.535454   data required time
                                             -4.482044   data arrival time
---------------------------------------------------------------------------------------------
                                              6.053410   slack (MET)


Startpoint: addr[5] (input port clocked by clk)
Endpoint: _1416_ (rising edge-triggered flip-flop clocked by clk)
Path Group: clk
Path Type: max

Fanout         Cap        Slew       Delay        Time   Description
---------------------------------------------------------------------------------------------
                                  0.000000    0.000000   clock clk (rise edge)
                                  0.000000    0.000000   clock network delay (propagated)
                                  2.000000    2.000000 v input external delay
     1    0.002509    0.007960    0.003926    2.003926 v addr[5] (in)
                                                         addr[5] (net)
                      0.007960    0.000000    2.003926 v _0697_/A (sky130_fd_sc_hd__or4_2)
     2    0.003443    0.102798    0.649782    2.653707 v _0697_/X (sky130_fd_sc_hd__or4_2)
                                                         _0086_ (net)
                      0.102798    0.000015    2.653722 v _0700_/B (sky130_fd_sc_hd__or2_2)
     2    0.009057    0.071726    0.317921    2.971643 v _0700_/X (sky130_fd_sc_hd__or2_2)
                                                         _0088_ (net)
                      0.071726    0.000047    2.971690 v _0701_/D (sky130_fd_sc_hd__nor4_2)
     9    0.034226    0.823237    0.625448    3.597138 ^ _0701_/Y (sky130_fd_sc_hd__nor4_2)
                                                         _0089_ (net)
                      0.823237    0.000596    3.597734 ^ _0746_/A2 (sky130_fd_sc_hd__a221o_2)
    25    0.092654    0.470587    0.605089    4.202823 ^ _0746_/X (sky130_fd_sc_hd__a221o_2)
                                                         _0119_ (net)
                      0.470745    0.007216    4.210039 ^ _0779_/B1 (sky130_fd_sc_hd__o221a_2)
     1    0.001886    0.050378    0.271699    4.481738 ^ _0779_/X (sky130_fd_sc_hd__o221a_2)
                                                         _0032_ (net)
                      0.050378    0.000002    4.481740 ^ _1416_/D (sky130_fd_sc_hd__dfxtp_2)
                                              4.481740   data arrival time

                                 10.000000   10.000000   clock clk (rise edge)
                                  0.000000   10.000000   clock source latency
    81    0.246353    1.101485    0.760757   10.760757 ^ clk (in)
                                                         clk (net)
                      1.101646    0.000000   10.760757 ^ _1416_/CLK (sky130_fd_sc_hd__dfxtp_2)
                                 -0.250000   10.510757   clock uncertainty
                                  0.000000   10.510757   clock reconvergence pessimism
                                  0.025407   10.536163   library setup time
                                             10.536163   data required time
---------------------------------------------------------------------------------------------
                                             10.536163   data required time
                                             -4.481740   data arrival time
---------------------------------------------------------------------------------------------
                                              6.054423   slack (MET)


Startpoint: addr[5] (input port clocked by clk)
Endpoint: _1420_ (rising edge-triggered flip-flop clocked by clk)
Path Group: clk
Path Type: max

Fanout         Cap        Slew       Delay        Time   Description
---------------------------------------------------------------------------------------------
                                  0.000000    0.000000   clock clk (rise edge)
                                  0.000000    0.000000   clock network delay (propagated)
                                  2.000000    2.000000 v input external delay
     1    0.002509    0.007960    0.003926    2.003926 v addr[5] (in)
                                                         addr[5] (net)
                      0.007960    0.000000    2.003926 v _0697_/A (sky130_fd_sc_hd__or4_2)
     2    0.003443    0.102798    0.649782    2.653707 v _0697_/X (sky130_fd_sc_hd__or4_2)
                                                         _0086_ (net)
                      0.102798    0.000015    2.653722 v _0700_/B (sky130_fd_sc_hd__or2_2)
     2    0.009057    0.071726    0.317921    2.971643 v _0700_/X (sky130_fd_sc_hd__or2_2)
                                                         _0088_ (net)
                      0.071726    0.000047    2.971690 v _0701_/D (sky130_fd_sc_hd__nor4_2)
     9    0.034226    0.823237    0.625448    3.597138 ^ _0701_/Y (sky130_fd_sc_hd__nor4_2)
                                                         _0089_ (net)
                      0.823237    0.000596    3.597734 ^ _0746_/A2 (sky130_fd_sc_hd__a221o_2)
    25    0.092654    0.470587    0.605089    4.202823 ^ _0746_/X (sky130_fd_sc_hd__a221o_2)
                                                         _0119_ (net)
                      0.470712    0.006439    4.209262 ^ _0787_/B1 (sky130_fd_sc_hd__o221a_2)
     1    0.002043    0.051224    0.272716    4.481978 ^ _0787_/X (sky130_fd_sc_hd__o221a_2)
                                                         _0036_ (net)
                      0.051224    0.000003    4.481981 ^ _1420_/D (sky130_fd_sc_hd__dfxtp_2)
                                              4.481981   data arrival time

                                 10.000000   10.000000   clock clk (rise edge)
                                  0.000000   10.000000   clock source latency
    81    0.246353    1.101485    0.761252   10.761251 ^ clk (in)
                                                         clk (net)
                      1.101661    0.000000   10.761251 ^ _1420_/CLK (sky130_fd_sc_hd__dfxtp_2)
                                 -0.250000   10.511251   clock uncertainty
                                  0.000000   10.511251   clock reconvergence pessimism
                                  0.025236   10.536488   library setup time
                                             10.536488   data required time
---------------------------------------------------------------------------------------------
                                             10.536488   data required time
                                             -4.481981   data arrival time
---------------------------------------------------------------------------------------------
                                              6.054506   slack (MET)


Startpoint: addr[5] (input port clocked by clk)
Endpoint: _1401_ (rising edge-triggered flip-flop clocked by clk)
Path Group: clk
Path Type: max

Fanout         Cap        Slew       Delay        Time   Description
---------------------------------------------------------------------------------------------
                                  0.000000    0.000000   clock clk (rise edge)
                                  0.000000    0.000000   clock network delay (propagated)
                                  2.000000    2.000000 v input external delay
     1    0.002509    0.007960    0.003926    2.003926 v addr[5] (in)
                                                         addr[5] (net)
                      0.007960    0.000000    2.003926 v _0697_/A (sky130_fd_sc_hd__or4_2)
     2    0.003443    0.102798    0.649782    2.653707 v _0697_/X (sky130_fd_sc_hd__or4_2)
                                                         _0086_ (net)
                      0.102798    0.000015    2.653722 v _0700_/B (sky130_fd_sc_hd__or2_2)
     2    0.009057    0.071726    0.317921    2.971643 v _0700_/X (sky130_fd_sc_hd__or2_2)
                                                         _0088_ (net)
                      0.071726    0.000047    2.971690 v _0701_/D (sky130_fd_sc_hd__nor4_2)
     9    0.034226    0.823237    0.625448    3.597138 ^ _0701_/Y (sky130_fd_sc_hd__nor4_2)
                                                         _0089_ (net)
                      0.823237    0.000596    3.597734 ^ _0746_/A2 (sky130_fd_sc_hd__a221o_2)
    25    0.092654    0.470587    0.605089    4.202823 ^ _0746_/X (sky130_fd_sc_hd__a221o_2)
                                                         _0119_ (net)
                      0.470726    0.006783    4.209606 ^ _0749_/B1 (sky130_fd_sc_hd__o221a_2)
     1    0.001944    0.050689    0.272072    4.481678 ^ _0749_/X (sky130_fd_sc_hd__o221a_2)
                                                         _0017_ (net)
                      0.050689    0.000003    4.481680 ^ _1401_/D (sky130_fd_sc_hd__dfxtp_2)
                                              4.481680   data arrival time

                                 10.000000   10.000000   clock clk (rise edge)
                                  0.000000   10.000000   clock source latency
    81    0.246353    1.101485    0.761137   10.761137 ^ clk (in)
                                                         clk (net)
                      1.101657    0.000000   10.761137 ^ _1401_/CLK (sky130_fd_sc_hd__dfxtp_2)
                                 -0.250000   10.511137   clock uncertainty
                                  0.000000   10.511137   clock reconvergence pessimism
                                  0.025344   10.536481   library setup time
                                             10.536481   data required time
---------------------------------------------------------------------------------------------
                                             10.536481   data required time
                                             -4.481680   data arrival time
---------------------------------------------------------------------------------------------
                                              6.054801   slack (MET)


Startpoint: addr[5] (input port clocked by clk)
Endpoint: _1422_ (rising edge-triggered flip-flop clocked by clk)
Path Group: clk
Path Type: max

Fanout         Cap        Slew       Delay        Time   Description
---------------------------------------------------------------------------------------------
                                  0.000000    0.000000   clock clk (rise edge)
                                  0.000000    0.000000   clock network delay (propagated)
                                  2.000000    2.000000 v input external delay
     1    0.002509    0.007960    0.003926    2.003926 v addr[5] (in)
                                                         addr[5] (net)
                      0.007960    0.000000    2.003926 v _0697_/A (sky130_fd_sc_hd__or4_2)
     2    0.003443    0.102798    0.649782    2.653707 v _0697_/X (sky130_fd_sc_hd__or4_2)
                                                         _0086_ (net)
                      0.102798    0.000015    2.653722 v _0700_/B (sky130_fd_sc_hd__or2_2)
     2    0.009057    0.071726    0.317921    2.971643 v _0700_/X (sky130_fd_sc_hd__or2_2)
                                                         _0088_ (net)
                      0.071726    0.000047    2.971690 v _0701_/D (sky130_fd_sc_hd__nor4_2)
     9    0.034226    0.823237    0.625448    3.597138 ^ _0701_/Y (sky130_fd_sc_hd__nor4_2)
                                                         _0089_ (net)
                      0.823237    0.000596    3.597734 ^ _0746_/A2 (sky130_fd_sc_hd__a221o_2)
    25    0.092654    0.470587    0.605089    4.202823 ^ _0746_/X (sky130_fd_sc_hd__a221o_2)
                                                         _0119_ (net)
                      0.470689    0.005817    4.208640 ^ _0791_/B1 (sky130_fd_sc_hd__o221a_2)
     1    0.002070    0.051370    0.272887    4.481528 ^ _0791_/X (sky130_fd_sc_hd__o221a_2)
                                                         _0038_ (net)
                      0.051370    0.000004    4.481531 ^ _1422_/D (sky130_fd_sc_hd__dfxtp_2)
                                              4.481531   data arrival time

                                 10.000000   10.000000   clock clk (rise edge)
                                  0.000000   10.000000   clock source latency
    81    0.246353    1.101485    0.761293   10.761293 ^ clk (in)
                                                         clk (net)
                      1.101662    0.000000   10.761293 ^ _1422_/CLK (sky130_fd_sc_hd__dfxtp_2)
                                 -0.250000   10.511293   clock uncertainty
                                  0.000000   10.511293   clock reconvergence pessimism
                                  0.025207   10.536500   library setup time
                                             10.536500   data required time
---------------------------------------------------------------------------------------------
                                             10.536500   data required time
                                             -4.481531   data arrival time
---------------------------------------------------------------------------------------------
                                              6.054969   slack (MET)


Startpoint: addr[5] (input port clocked by clk)
Endpoint: _1419_ (rising edge-triggered flip-flop clocked by clk)
Path Group: clk
Path Type: max

Fanout         Cap        Slew       Delay        Time   Description
---------------------------------------------------------------------------------------------
                                  0.000000    0.000000   clock clk (rise edge)
                                  0.000000    0.000000   clock network delay (propagated)
                                  2.000000    2.000000 v input external delay
     1    0.002509    0.007960    0.003926    2.003926 v addr[5] (in)
                                                         addr[5] (net)
                      0.007960    0.000000    2.003926 v _0697_/A (sky130_fd_sc_hd__or4_2)
     2    0.003443    0.102798    0.649782    2.653707 v _0697_/X (sky130_fd_sc_hd__or4_2)
                                                         _0086_ (net)
                      0.102798    0.000015    2.653722 v _0700_/B (sky130_fd_sc_hd__or2_2)
     2    0.009057    0.071726    0.317921    2.971643 v _0700_/X (sky130_fd_sc_hd__or2_2)
                                                         _0088_ (net)
                      0.071726    0.000047    2.971690 v _0701_/D (sky130_fd_sc_hd__nor4_2)
     9    0.034226    0.823237    0.625448    3.597138 ^ _0701_/Y (sky130_fd_sc_hd__nor4_2)
                                                         _0089_ (net)
                      0.823237    0.000596    3.597734 ^ _0746_/A2 (sky130_fd_sc_hd__a221o_2)
    25    0.092654    0.470587    0.605089    4.202823 ^ _0746_/X (sky130_fd_sc_hd__a221o_2)
                                                         _0119_ (net)
                      0.470731    0.006896    4.209719 ^ _0785_/B1 (sky130_fd_sc_hd__o221a_2)
     1    0.001827    0.050060    0.271312    4.481031 ^ _0785_/X (sky130_fd_sc_hd__o221a_2)
                                                         _0035_ (net)
                      0.050060    0.000001    4.481032 ^ _1419_/D (sky130_fd_sc_hd__dfxtp_2)
                                              4.481032   data arrival time

                                 10.000000   10.000000   clock clk (rise edge)
                                  0.000000   10.000000   clock source latency
    81    0.246353    1.101485    0.761047   10.761047 ^ clk (in)
                                                         clk (net)
                      1.101654    0.000000   10.761047 ^ _1419_/CLK (sky130_fd_sc_hd__dfxtp_2)
                                 -0.250000   10.511047   clock uncertainty
                                  0.000000   10.511047   clock reconvergence pessimism
                                  0.025471   10.536519   library setup time
                                             10.536519   data required time
---------------------------------------------------------------------------------------------
                                             10.536519   data required time
                                             -4.481032   data arrival time
---------------------------------------------------------------------------------------------
                                              6.055486   slack (MET)


Startpoint: addr[5] (input port clocked by clk)
Endpoint: _1421_ (rising edge-triggered flip-flop clocked by clk)
Path Group: clk
Path Type: max

Fanout         Cap        Slew       Delay        Time   Description
---------------------------------------------------------------------------------------------
                                  0.000000    0.000000   clock clk (rise edge)
                                  0.000000    0.000000   clock network delay (propagated)
                                  2.000000    2.000000 v input external delay
     1    0.002509    0.007960    0.003926    2.003926 v addr[5] (in)
                                                         addr[5] (net)
                      0.007960    0.000000    2.003926 v _0697_/A (sky130_fd_sc_hd__or4_2)
     2    0.003443    0.102798    0.649782    2.653707 v _0697_/X (sky130_fd_sc_hd__or4_2)
                                                         _0086_ (net)
                      0.102798    0.000015    2.653722 v _0700_/B (sky130_fd_sc_hd__or2_2)
     2    0.009057    0.071726    0.317921    2.971643 v _0700_/X (sky130_fd_sc_hd__or2_2)
                                                         _0088_ (net)
                      0.071726    0.000047    2.971690 v _0701_/D (sky130_fd_sc_hd__nor4_2)
     9    0.034226    0.823237    0.625448    3.597138 ^ _0701_/Y (sky130_fd_sc_hd__nor4_2)
                                                         _0089_ (net)
                      0.823237    0.000596    3.597734 ^ _0746_/A2 (sky130_fd_sc_hd__a221o_2)
    25    0.092654    0.470587    0.605089    4.202823 ^ _0746_/X (sky130_fd_sc_hd__a221o_2)
                                                         _0119_ (net)
                      0.470706    0.006263    4.209086 ^ _0789_/B1 (sky130_fd_sc_hd__o221a_2)
     1    0.001810    0.049966    0.271194    4.480280 ^ _0789_/X (sky130_fd_sc_hd__o221a_2)
                                                         _0037_ (net)
                      0.049966    0.000001    4.480282 ^ _1421_/D (sky130_fd_sc_hd__dfxtp_2)
                                              4.480282   data arrival time

                                 10.000000   10.000000   clock clk (rise edge)
                                  0.000000   10.000000   clock source latency
    81    0.246353    1.101485    0.761230   10.761230 ^ clk (in)
                                                         clk (net)
                      1.101660    0.000000   10.761230 ^ _1421_/CLK (sky130_fd_sc_hd__dfxtp_2)
                                 -0.250000   10.511230   clock uncertainty
                                  0.000000   10.511230   clock reconvergence pessimism
                                  0.025490   10.536720   library setup time
                                             10.536720   data required time
---------------------------------------------------------------------------------------------
                                             10.536720   data required time
                                             -4.480282   data arrival time
---------------------------------------------------------------------------------------------
                                              6.056438   slack (MET)


Startpoint: _1425_ (rising edge-triggered flip-flop clocked by clk)
Endpoint: _1438_ (rising edge-triggered flip-flop clocked by clk)
Path Group: clk
Path Type: max

Fanout         Cap        Slew       Delay        Time   Description
---------------------------------------------------------------------------------------------
                                  0.000000    0.000000   clock clk (rise edge)
                                  0.000000    0.000000   clock source latency
    81    0.246353    1.101485    0.767959    0.767959 ^ clk (in)
                                                         clk (net)
                      1.101927    0.000000    0.767959 ^ _1425_/CLK (sky130_fd_sc_hd__dfxtp_2)
    22    0.074255    0.371494    0.750502    1.518460 ^ _1425_/Q (sky130_fd_sc_hd__dfxtp_2)
                                                         core_b[0] (net)
                      0.371494    0.000689    1.519149 ^ _0866_/A1 (sky130_fd_sc_hd__a22oi_2)
     3    0.010500    0.118443    0.167274    1.686423 v _0866_/Y (sky130_fd_sc_hd__a22oi_2)
                                                         _0202_ (net)
                      0.118443    0.000040    1.686464 v _0867_/C (sky130_fd_sc_hd__or3_2)
     2    0.007040    0.093230    0.451321    2.137785 v _0867_/X (sky130_fd_sc_hd__or3_2)
                                                         _0203_ (net)
                      0.093230    0.000017    2.137802 v _0871_/A1 (sky130_fd_sc_hd__a21o_2)
     3    0.009950    0.051478    0.224775    2.362577 v _0871_/X (sky130_fd_sc_hd__a21o_2)
                                                         _0207_ (net)
                      0.051478    0.000045    2.362622 v _0873_/A2 (sky130_fd_sc_hd__a21o_2)
     2    0.006598    0.042875    0.219800    2.582422 v _0873_/X (sky130_fd_sc_hd__a21o_2)
                                                         _0209_ (net)
                      0.042875    0.000016    2.582438 v _0875_/B (sky130_fd_sc_hd__and3_2)
     4    0.013481    0.062119    0.223305    2.805743 v _0875_/X (sky130_fd_sc_hd__and3_2)
                                                         _0211_ (net)
                      0.062119    0.000021    2.805763 v _0877_/A (sky130_fd_sc_hd__or3b_2)
     5    0.016450    0.119000    0.532459    3.338222 v _0877_/X (sky130_fd_sc_hd__or3b_2)
                                                         _0213_ (net)
                      0.119000    0.000072    3.338294 v _0911_/A (sky130_fd_sc_hd__or2_2)
     2    0.003997    0.059595    0.321159    3.659453 v _0911_/X (sky130_fd_sc_hd__or2_2)
                                                         _0246_ (net)
                      0.059595    0.000003    3.659456 v _0912_/D (sky130_fd_sc_hd__and4_2)
     2    0.004370    0.044765    0.237582    3.897038 v _0912_/X (sky130_fd_sc_hd__and4_2)
                                                         _0247_ (net)
                      0.044765    0.000014    3.897053 v _0914_/A_N (sky130_fd_sc_hd__nand2b_2)
     1    0.009230    0.062192    0.190270    4.087322 v _0914_/Y (sky130_fd_sc_hd__nand2b_2)
                                                         _0249_ (net)
                      0.062192    0.000029    4.087351 v _0916_/A (sky130_fd_sc_hd__xor2_2)
     1    0.004593    0.046437    0.174024    4.261375 v _0916_/X (sky130_fd_sc_hd__xor2_2)
                                                         _0251_ (net)
                      0.046437    0.000010    4.261385 v _0917_/B (sky130_fd_sc_hd__nand2_2)
     1    0.002595    0.102926    0.056463    4.317848 ^ _0917_/Y (sky130_fd_sc_hd__nand2_2)
                                                         _0252_ (net)
                      0.102926    0.000003    4.317851 ^ _0918_/C1 (sky130_fd_sc_hd__o211a_2)
     1    0.001757    0.051203    0.164360    4.482211 ^ _0918_/X (sky130_fd_sc_hd__o211a_2)
                                                         _0054_ (net)
                      0.051203    0.000000    4.482212 ^ _1438_/D (sky130_fd_sc_hd__dfxtp_2)
                                              4.482212   data arrival time

                                 10.000000   10.000000   clock clk (rise edge)
                                  0.000000   10.000000   clock source latency
    81    0.246353    1.101485    0.764830   10.764831 ^ clk (in)
                                                         clk (net)
                      1.101787    0.000000   10.764831 ^ _1438_/CLK (sky130_fd_sc_hd__dfxtp_2)
                                 -0.250000   10.514831   clock uncertainty
                                  0.000000   10.514831   clock reconvergence pessimism
                                  0.025244   10.540074   library setup time
                                             10.540074   data required time
---------------------------------------------------------------------------------------------
                                             10.540074   data required time
                                             -4.482212   data arrival time
---------------------------------------------------------------------------------------------
                                              6.057862   slack (MET)


Startpoint: addr[5] (input port clocked by clk)
Endpoint: _1423_ (rising edge-triggered flip-flop clocked by clk)
Path Group: clk
Path Type: max

Fanout         Cap        Slew       Delay        Time   Description
---------------------------------------------------------------------------------------------
                                  0.000000    0.000000   clock clk (rise edge)
                                  0.000000    0.000000   clock network delay (propagated)
                                  2.000000    2.000000 v input external delay
     1    0.002509    0.007960    0.003926    2.003926 v addr[5] (in)
                                                         addr[5] (net)
                      0.007960    0.000000    2.003926 v _0697_/A (sky130_fd_sc_hd__or4_2)
     2    0.003443    0.102798    0.649782    2.653707 v _0697_/X (sky130_fd_sc_hd__or4_2)
                                                         _0086_ (net)
                      0.102798    0.000015    2.653722 v _0700_/B (sky130_fd_sc_hd__or2_2)
     2    0.009057    0.071726    0.317921    2.971643 v _0700_/X (sky130_fd_sc_hd__or2_2)
                                                         _0088_ (net)
                      0.071726    0.000047    2.971690 v _0701_/D (sky130_fd_sc_hd__nor4_2)
     9    0.034226    0.823237    0.625448    3.597138 ^ _0701_/Y (sky130_fd_sc_hd__nor4_2)
                                                         _0089_ (net)
                      0.823237    0.000596    3.597734 ^ _0746_/A2 (sky130_fd_sc_hd__a221o_2)
    25    0.092654    0.470587    0.605089    4.202823 ^ _0746_/X (sky130_fd_sc_hd__a221o_2)
                                                         _0119_ (net)
                      0.470665    0.005089    4.207912 ^ _0793_/B1 (sky130_fd_sc_hd__o221a_2)
     1    0.002010    0.051043    0.272488    4.480401 ^ _0793_/X (sky130_fd_sc_hd__o221a_2)
                                                         _0039_ (net)
                      0.051043    0.000003    4.480403 ^ _1423_/D (sky130_fd_sc_hd__dfxtp_2)
                                              4.480403   data arrival time

                                 10.000000   10.000000   clock clk (rise edge)
                                  0.000000   10.000000   clock source latency
    81    0.246353    1.101485    0.764667   10.764667 ^ clk (in)
                                                         clk (net)
                      1.101781    0.000000   10.764667 ^ _1423_/CLK (sky130_fd_sc_hd__dfxtp_2)
                                 -0.250000   10.514667   clock uncertainty
                                  0.000000   10.514667   clock reconvergence pessimism
                                  0.025276   10.539944   library setup time
                                             10.539944   data required time
---------------------------------------------------------------------------------------------
                                             10.539944   data required time
                                             -4.480403   data arrival time
---------------------------------------------------------------------------------------------
                                              6.059540   slack (MET)


Startpoint: addr[5] (input port clocked by clk)
Endpoint: _1424_ (rising edge-triggered flip-flop clocked by clk)
Path Group: clk
Path Type: max

Fanout         Cap        Slew       Delay        Time   Description
---------------------------------------------------------------------------------------------
                                  0.000000    0.000000   clock clk (rise edge)
                                  0.000000    0.000000   clock network delay (propagated)
                                  2.000000    2.000000 v input external delay
     1    0.002509    0.007960    0.003926    2.003926 v addr[5] (in)
                                                         addr[5] (net)
                      0.007960    0.000000    2.003926 v _0697_/A (sky130_fd_sc_hd__or4_2)
     2    0.003443    0.102798    0.649782    2.653707 v _0697_/X (sky130_fd_sc_hd__or4_2)
                                                         _0086_ (net)
                      0.102798    0.000015    2.653722 v _0700_/B (sky130_fd_sc_hd__or2_2)
     2    0.009057    0.071726    0.317921    2.971643 v _0700_/X (sky130_fd_sc_hd__or2_2)
                                                         _0088_ (net)
                      0.071726    0.000047    2.971690 v _0701_/D (sky130_fd_sc_hd__nor4_2)
     9    0.034226    0.823237    0.625448    3.597138 ^ _0701_/Y (sky130_fd_sc_hd__nor4_2)
                                                         _0089_ (net)
                      0.823237    0.000596    3.597734 ^ _0746_/A2 (sky130_fd_sc_hd__a221o_2)
    25    0.092654    0.470587    0.605089    4.202823 ^ _0746_/X (sky130_fd_sc_hd__a221o_2)
                                                         _0119_ (net)
                      0.470645    0.004405    4.207228 ^ _0795_/B1 (sky130_fd_sc_hd__o221a_2)
     1    0.001995    0.050966    0.272391    4.479620 ^ _0795_/X (sky130_fd_sc_hd__o221a_2)
                                                         _0040_ (net)
                      0.050966    0.000003    4.479622 ^ _1424_/D (sky130_fd_sc_hd__dfxtp_2)
                                              4.479622   data arrival time

                                 10.000000   10.000000   clock clk (rise edge)
                                  0.000000   10.000000   clock source latency
    81    0.246353    1.101485    0.765253   10.765253 ^ clk (in)
                                                         clk (net)
                      1.101805    0.000000   10.765253 ^ _1424_/CLK (sky130_fd_sc_hd__dfxtp_2)
                                 -0.250000   10.515253   clock uncertainty
                                  0.000000   10.515253   clock reconvergence pessimism
                                  0.025293   10.540545   library setup time
                                             10.540545   data required time
---------------------------------------------------------------------------------------------
                                             10.540545   data required time
                                             -4.479622   data arrival time
---------------------------------------------------------------------------------------------
                                              6.060924   slack (MET)


Startpoint: addr[5] (input port clocked by clk)
Endpoint: _1400_ (rising edge-triggered flip-flop clocked by clk)
Path Group: clk
Path Type: max

Fanout         Cap        Slew       Delay        Time   Description
---------------------------------------------------------------------------------------------
                                  0.000000    0.000000   clock clk (rise edge)
                                  0.000000    0.000000   clock network delay (propagated)
                                  2.000000    2.000000 v input external delay
     1    0.002509    0.007960    0.003926    2.003926 v addr[5] (in)
                                                         addr[5] (net)
                      0.007960    0.000000    2.003926 v _0697_/A (sky130_fd_sc_hd__or4_2)
     2    0.003443    0.102798    0.649782    2.653707 v _0697_/X (sky130_fd_sc_hd__or4_2)
                                                         _0086_ (net)
                      0.102798    0.000015    2.653722 v _0700_/B (sky130_fd_sc_hd__or2_2)
     2    0.009057    0.071726    0.317921    2.971643 v _0700_/X (sky130_fd_sc_hd__or2_2)
                                                         _0088_ (net)
                      0.071726    0.000047    2.971690 v _0701_/D (sky130_fd_sc_hd__nor4_2)
     9    0.034226    0.823237    0.625448    3.597138 ^ _0701_/Y (sky130_fd_sc_hd__nor4_2)
                                                         _0089_ (net)
                      0.823237    0.000596    3.597734 ^ _0746_/A2 (sky130_fd_sc_hd__a221o_2)
    25    0.092654    0.470587    0.605089    4.202823 ^ _0746_/X (sky130_fd_sc_hd__a221o_2)
                                                         _0119_ (net)
                      0.470699    0.006095    4.208918 ^ _0747_/B2 (sky130_fd_sc_hd__o221a_2)
     1    0.002088    0.051464    0.263768    4.472685 ^ _0747_/X (sky130_fd_sc_hd__o221a_2)
                                                         _0016_ (net)
                      0.051464    0.000004    4.472689 ^ _1400_/D (sky130_fd_sc_hd__dfxtp_2)
                                              4.472689   data arrival time

                                 10.000000   10.000000   clock clk (rise edge)
                                  0.000000   10.000000   clock source latency
    81    0.246353    1.101485    0.761284   10.761285 ^ clk (in)
                                                         clk (net)
                      1.101662    0.000000   10.761285 ^ _1400_/CLK (sky130_fd_sc_hd__dfxtp_2)
                                 -0.250000   10.511285   clock uncertainty
                                  0.000000   10.511285   clock reconvergence pessimism
                                  0.025188   10.536472   library setup time
                                             10.536472   data required time
---------------------------------------------------------------------------------------------
                                             10.536472   data required time
                                             -4.472689   data arrival time
---------------------------------------------------------------------------------------------
                                              6.063784   slack (MET)


Startpoint: _1425_ (rising edge-triggered flip-flop clocked by clk)
Endpoint: _1437_ (rising edge-triggered flip-flop clocked by clk)
Path Group: clk
Path Type: max

Fanout         Cap        Slew       Delay        Time   Description
---------------------------------------------------------------------------------------------
                                  0.000000    0.000000   clock clk (rise edge)
                                  0.000000    0.000000   clock source latency
    81    0.246353    1.101485    0.767959    0.767959 ^ clk (in)
                                                         clk (net)
                      1.101927    0.000000    0.767959 ^ _1425_/CLK (sky130_fd_sc_hd__dfxtp_2)
    22    0.074255    0.371494    0.750502    1.518460 ^ _1425_/Q (sky130_fd_sc_hd__dfxtp_2)
                                                         core_b[0] (net)
                      0.371494    0.000689    1.519149 ^ _0866_/A1 (sky130_fd_sc_hd__a22oi_2)
     3    0.010500    0.118443    0.167274    1.686423 v _0866_/Y (sky130_fd_sc_hd__a22oi_2)
                                                         _0202_ (net)
                      0.118443    0.000040    1.686464 v _0867_/C (sky130_fd_sc_hd__or3_2)
     2    0.007040    0.093230    0.451321    2.137785 v _0867_/X (sky130_fd_sc_hd__or3_2)
                                                         _0203_ (net)
                      0.093230    0.000017    2.137802 v _0871_/A1 (sky130_fd_sc_hd__a21o_2)
     3    0.009950    0.051478    0.224775    2.362577 v _0871_/X (sky130_fd_sc_hd__a21o_2)
                                                         _0207_ (net)
                      0.051478    0.000045    2.362622 v _0873_/A2 (sky130_fd_sc_hd__a21o_2)
     2    0.006598    0.042875    0.219800    2.582422 v _0873_/X (sky130_fd_sc_hd__a21o_2)
                                                         _0209_ (net)
                      0.042875    0.000016    2.582438 v _0875_/B (sky130_fd_sc_hd__and3_2)
     4    0.013481    0.062119    0.223305    2.805743 v _0875_/X (sky130_fd_sc_hd__and3_2)
                                                         _0211_ (net)
                      0.062119    0.000021    2.805763 v _0877_/A (sky130_fd_sc_hd__or3b_2)
     5    0.016450    0.119000    0.532459    3.338222 v _0877_/X (sky130_fd_sc_hd__or3b_2)
                                                         _0213_ (net)
                      0.119000    0.000027    3.338249 v _0879_/B (sky130_fd_sc_hd__and3_2)
     2    0.003990    0.042061    0.225924    3.564173 v _0879_/X (sky130_fd_sc_hd__and3_2)
                                                         _0215_ (net)
                      0.042061    0.000007    3.564180 v _0881_/A_N (sky130_fd_sc_hd__nand2b_2)
     1    0.009081    0.061646    0.188523    3.752703 v _0881_/Y (sky130_fd_sc_hd__nand2b_2)
                                                         _0217_ (net)
                      0.061646    0.000028    3.752730 v _0883_/A (sky130_fd_sc_hd__xnor2_2)
     1    0.002284    0.040759    0.128256    3.880986 v _0883_/Y (sky130_fd_sc_hd__xnor2_2)
                                                         _0219_ (net)
                      0.040759    0.000006    3.880992 v _0884_/A1 (sky130_fd_sc_hd__mux2_1)
     1    0.001631    0.051977    0.275328    4.156320 v _0884_/X (sky130_fd_sc_hd__mux2_1)
                                                         _0220_ (net)
                      0.051977    0.000002    4.156322 v _0885_/B (sky130_fd_sc_hd__and2_2)
     1    0.001784    0.039875    0.180592    4.336914 v _0885_/X (sky130_fd_sc_hd__and2_2)
                                                         _0053_ (net)
                      0.039875    0.000000    4.336915 v _1437_/D (sky130_fd_sc_hd__dfxtp_2)
                                              4.336915   data arrival time

                                 10.000000   10.000000   clock clk (rise edge)
                                  0.000000   10.000000   clock source latency
    81    0.246353    1.101485    0.765561   10.765561 ^ clk (in)
                                                         clk (net)
                      1.101818    0.000000   10.765561 ^ _1437_/CLK (sky130_fd_sc_hd__dfxtp_2)
                                 -0.250000   10.515561   clock uncertainty
                                  0.000000   10.515561   clock reconvergence pessimism
                                  0.048833   10.564394   library setup time
                                             10.564394   data required time
---------------------------------------------------------------------------------------------
                                             10.564394   data required time
                                             -4.336915   data arrival time
---------------------------------------------------------------------------------------------
                                              6.227479   slack (MET)


Startpoint: addr[5] (input port clocked by clk)
Endpoint: _1396_ (rising edge-triggered flip-flop clocked by clk)
Path Group: clk
Path Type: max

Fanout         Cap        Slew       Delay        Time   Description
---------------------------------------------------------------------------------------------
                                  0.000000    0.000000   clock clk (rise edge)
                                  0.000000    0.000000   clock network delay (propagated)
                                  2.000000    2.000000 v input external delay
     1    0.002509    0.007960    0.003926    2.003926 v addr[5] (in)
                                                         addr[5] (net)
                      0.007960    0.000000    2.003926 v _0697_/A (sky130_fd_sc_hd__or4_2)
     2    0.003443    0.102798    0.649782    2.653707 v _0697_/X (sky130_fd_sc_hd__or4_2)
                                                         _0086_ (net)
                      0.102798    0.000014    2.653721 v _0698_/B (sky130_fd_sc_hd__or2_2)
     2    0.008689    0.073200    0.316349    2.970070 v _0698_/X (sky130_fd_sc_hd__or2_2)
                                                         _0087_ (net)
                      0.073200    0.000017    2.970088 v _0723_/A (sky130_fd_sc_hd__nor2_2)
    32    0.096465    1.010570    0.793932    3.764019 ^ _0723_/Y (sky130_fd_sc_hd__nor2_2)
                                                         _0103_ (net)
                      1.010570    0.000413    3.764433 ^ _0733_/B1 (sky130_fd_sc_hd__a22o_2)
     1    0.002726    0.057581    0.262930    4.027362 ^ _0733_/X (sky130_fd_sc_hd__a22o_2)
                                                         _0110_ (net)
                      0.057581    0.000003    4.027365 ^ _0734_/C1 (sky130_fd_sc_hd__a211o_2)
     1    0.003338    0.043806    0.091367    4.118732 ^ _0734_/X (sky130_fd_sc_hd__a211o_2)
                                                         _0111_ (net)
                      0.043806    0.000011    4.118743 ^ _0735_/B1 (sky130_fd_sc_hd__o211a_2)
     1    0.002019    0.054233    0.155027    4.273770 ^ _0735_/X (sky130_fd_sc_hd__o211a_2)
                                                         _0012_ (net)
                      0.054233    0.000003    4.273773 ^ _1396_/D (sky130_fd_sc_hd__dfxtp_2)
                                              4.273773   data arrival time

                                 10.000000   10.000000   clock clk (rise edge)
                                  0.000000   10.000000   clock source latency
    81    0.246353    1.101485    0.766731   10.766731 ^ clk (in)
                                                         clk (net)
                      1.101869    0.000000   10.766731 ^ _1396_/CLK (sky130_fd_sc_hd__dfxtp_2)
                                 -0.250000   10.516731   clock uncertainty
                                  0.000000   10.516731   clock reconvergence pessimism
                                  0.024635   10.541366   library setup time
                                             10.541366   data required time
---------------------------------------------------------------------------------------------
                                             10.541366   data required time
                                             -4.273773   data arrival time
---------------------------------------------------------------------------------------------
                                              6.267592   slack (MET)


Startpoint: addr[5] (input port clocked by clk)
Endpoint: _1393_ (rising edge-triggered flip-flop clocked by clk)
Path Group: clk
Path Type: max

Fanout         Cap        Slew       Delay        Time   Description
---------------------------------------------------------------------------------------------
                                  0.000000    0.000000   clock clk (rise edge)
                                  0.000000    0.000000   clock network delay (propagated)
                                  2.000000    2.000000 v input external delay
     1    0.002509    0.007960    0.003926    2.003926 v addr[5] (in)
                                                         addr[5] (net)
                      0.007960    0.000000    2.003926 v _0697_/A (sky130_fd_sc_hd__or4_2)
     2    0.003443    0.102798    0.649782    2.653707 v _0697_/X (sky130_fd_sc_hd__or4_2)
                                                         _0086_ (net)
                      0.102798    0.000014    2.653721 v _0698_/B (sky130_fd_sc_hd__or2_2)
     2    0.008689    0.073200    0.316349    2.970070 v _0698_/X (sky130_fd_sc_hd__or2_2)
                                                         _0087_ (net)
                      0.073200    0.000017    2.970088 v _0723_/A (sky130_fd_sc_hd__nor2_2)
    32    0.096465    1.010570    0.793932    3.764019 ^ _0723_/Y (sky130_fd_sc_hd__nor2_2)
                                                         _0103_ (net)
                      1.010570    0.000608    3.764627 ^ _0724_/B1 (sky130_fd_sc_hd__a22o_2)
     1    0.002718    0.057541    0.262864    4.027491 ^ _0724_/X (sky130_fd_sc_hd__a22o_2)
                                                         _0104_ (net)
                      0.057541    0.000003    4.027493 ^ _0725_/C1 (sky130_fd_sc_hd__a211o_2)
     1    0.003336    0.036182    0.091341    4.118834 ^ _0725_/X (sky130_fd_sc_hd__a211o_2)
                                                         _0105_ (net)
                      0.036182    0.000012    4.118846 ^ _0726_/B1 (sky130_fd_sc_hd__o211a_2)
     1    0.002024    0.054263    0.152705    4.271550 ^ _0726_/X (sky130_fd_sc_hd__o211a_2)
                                                         _0009_ (net)
                      0.054263    0.000003    4.271553 ^ _1393_/D (sky130_fd_sc_hd__dfxtp_2)
                                              4.271553   data arrival time

                                 10.000000   10.000000   clock clk (rise edge)
                                  0.000000   10.000000   clock source latency
    81    0.246353    1.101485    0.767646   10.767647 ^ clk (in)
                                                         clk (net)
                      1.101912    0.000000   10.767647 ^ _1393_/CLK (sky130_fd_sc_hd__dfxtp_2)
                                 -0.250000   10.517647   clock uncertainty
                                  0.000000   10.517647   clock reconvergence pessimism
                                  0.024630   10.542276   library setup time
                                             10.542276   data required time
---------------------------------------------------------------------------------------------
                                             10.542276   data required time
                                             -4.271553   data arrival time
---------------------------------------------------------------------------------------------
                                              6.270724   slack (MET)


Startpoint: _1399_ (rising edge-triggered flip-flop clocked by clk)
Endpoint: rdata[6] (output port clocked by clk)
Path Group: clk
Path Type: max

Fanout         Cap        Slew       Delay        Time   Description
---------------------------------------------------------------------------------------------
                                  0.000000    0.000000   clock clk (rise edge)
                                  0.000000    0.000000   clock source latency
    81    0.246353    1.101485    0.765275    0.765275 ^ clk (in)
                                                         clk (net)
                      1.101806    0.000000    0.765275 ^ _1399_/CLK (sky130_fd_sc_hd__dfxtp_2)
     2    0.039787    0.203525    0.632331    1.397606 ^ _1399_/Q (sky130_fd_sc_hd__dfxtp_2)
                                                         rdata[6] (net)
                      0.203526    0.000793    1.398399 ^ rdata[6] (out)
                                              1.398399   data arrival time

                                 10.000000   10.000000   clock clk (rise edge)
                                  0.000000   10.000000   clock network delay (propagated)
                                 -0.250000    9.750000   clock uncertainty
                                  0.000000    9.750000   clock reconvergence pessimism
                                 -2.000000    7.750000   output external delay
                                              7.750000   data required time
---------------------------------------------------------------------------------------------
                                              7.750000   data required time
                                             -1.398399   data arrival time
---------------------------------------------------------------------------------------------
                                              6.351601   slack (MET)


Startpoint: _1397_ (rising edge-triggered flip-flop clocked by clk)
Endpoint: rdata[4] (output port clocked by clk)
Path Group: clk
Path Type: max

Fanout         Cap        Slew       Delay        Time   Description
---------------------------------------------------------------------------------------------
                                  0.000000    0.000000   clock clk (rise edge)
                                  0.000000    0.000000   clock source latency
    81    0.246353    1.101485    0.765830    0.765830 ^ clk (in)
                                                         clk (net)
                      1.101829    0.000000    0.765830 ^ _1397_/CLK (sky130_fd_sc_hd__dfxtp_2)
     2    0.038540    0.197380    0.628321    1.394151 ^ _1397_/Q (sky130_fd_sc_hd__dfxtp_2)
                                                         rdata[4] (net)
                      0.197380    0.000374    1.394525 ^ rdata[4] (out)
                                              1.394525   data arrival time

                                 10.000000   10.000000   clock clk (rise edge)
                                  0.000000   10.000000   clock network delay (propagated)
                                 -0.250000    9.750000   clock uncertainty
                                  0.000000    9.750000   clock reconvergence pessimism
                                 -2.000000    7.750000   output external delay
                                              7.750000   data required time
---------------------------------------------------------------------------------------------
                                              7.750000   data required time
                                             -1.394525   data arrival time
---------------------------------------------------------------------------------------------
                                              6.355475   slack (MET)


Startpoint: _1424_ (rising edge-triggered flip-flop clocked by clk)
Endpoint: rdata[31] (output port clocked by clk)
Path Group: clk
Path Type: max

Fanout         Cap        Slew       Delay        Time   Description
---------------------------------------------------------------------------------------------
                                  0.000000    0.000000   clock clk (rise edge)
                                  0.000000    0.000000   clock source latency
    81    0.246353    1.101485    0.765253    0.765253 ^ clk (in)
                                                         clk (net)
                      1.101805    0.000000    0.765253 ^ _1424_/CLK (sky130_fd_sc_hd__dfxtp_2)
     2    0.038461    0.197023    0.627945    1.393198 ^ _1424_/Q (sky130_fd_sc_hd__dfxtp_2)
                                                         rdata[31] (net)
                      0.197023    0.000535    1.393733 ^ rdata[31] (out)
                                              1.393733   data arrival time

                                 10.000000   10.000000   clock clk (rise edge)
                                  0.000000   10.000000   clock network delay (propagated)
                                 -0.250000    9.750000   clock uncertainty
                                  0.000000    9.750000   clock reconvergence pessimism
                                 -2.000000    7.750000   output external delay
                                              7.750000   data required time
---------------------------------------------------------------------------------------------
                                              7.750000   data required time
                                             -1.393733   data arrival time
---------------------------------------------------------------------------------------------
                                              6.356267   slack (MET)


Startpoint: _1398_ (rising edge-triggered flip-flop clocked by clk)
Endpoint: rdata[5] (output port clocked by clk)
Path Group: clk
Path Type: max

Fanout         Cap        Slew       Delay        Time   Description
---------------------------------------------------------------------------------------------
                                  0.000000    0.000000   clock clk (rise edge)
                                  0.000000    0.000000   clock source latency
    81    0.246353    1.101485    0.766430    0.766430 ^ clk (in)
                                                         clk (net)
                      1.101856    0.000000    0.766430 ^ _1398_/CLK (sky130_fd_sc_hd__dfxtp_2)
     2    0.038070    0.195079    0.626757    1.393187 ^ _1398_/Q (sky130_fd_sc_hd__dfxtp_2)
                                                         rdata[5] (net)
                      0.195079    0.000308    1.393495 ^ rdata[5] (out)
                                              1.393495   data arrival time

                                 10.000000   10.000000   clock clk (rise edge)
                                  0.000000   10.000000   clock network delay (propagated)
                                 -0.250000    9.750000   clock uncertainty
                                  0.000000    9.750000   clock reconvergence pessimism
                                 -2.000000    7.750000   output external delay
                                              7.750000   data required time
---------------------------------------------------------------------------------------------
                                              7.750000   data required time
                                             -1.393495   data arrival time
---------------------------------------------------------------------------------------------
                                              6.356505   slack (MET)


Startpoint: _1393_ (rising edge-triggered flip-flop clocked by clk)
Endpoint: rdata[0] (output port clocked by clk)
Path Group: clk
Path Type: max

Fanout         Cap        Slew       Delay        Time   Description
---------------------------------------------------------------------------------------------
                                  0.000000    0.000000   clock clk (rise edge)
                                  0.000000    0.000000   clock source latency
    81    0.246353    1.101485    0.767646    0.767646 ^ clk (in)
                                                         clk (net)
                      1.101912    0.000000    0.767646 ^ _1393_/CLK (sky130_fd_sc_hd__dfxtp_2)
     2    0.037492    0.192246    0.624832    1.392478 ^ _1393_/Q (sky130_fd_sc_hd__dfxtp_2)
                                                         rdata[0] (net)
                      0.192246    0.000231    1.392709 ^ rdata[0] (out)
                                              1.392709   data arrival time

                                 10.000000   10.000000   clock clk (rise edge)
                                  0.000000   10.000000   clock network delay (propagated)
                                 -0.250000    9.750000   clock uncertainty
                                  0.000000    9.750000   clock reconvergence pessimism
                                 -2.000000    7.750000   output external delay
                                              7.750000   data required time
---------------------------------------------------------------------------------------------
                                              7.750000   data required time
                                             -1.392709   data arrival time
---------------------------------------------------------------------------------------------
                                              6.357291   slack (MET)


Startpoint: _1423_ (rising edge-triggered flip-flop clocked by clk)
Endpoint: rdata[30] (output port clocked by clk)
Path Group: clk
Path Type: max

Fanout         Cap        Slew       Delay        Time   Description
---------------------------------------------------------------------------------------------
                                  0.000000    0.000000   clock clk (rise edge)
                                  0.000000    0.000000   clock source latency
    81    0.246353    1.101485    0.764666    0.764666 ^ clk (in)
                                                         clk (net)
                      1.101781    0.000000    0.764666 ^ _1423_/CLK (sky130_fd_sc_hd__dfxtp_2)
     2    0.038165    0.195577    0.626955    1.391621 ^ _1423_/Q (sky130_fd_sc_hd__dfxtp_2)
                                                         rdata[30] (net)
                      0.195577    0.000497    1.392118 ^ rdata[30] (out)
                                              1.392118   data arrival time

                                 10.000000   10.000000   clock clk (rise edge)
                                  0.000000   10.000000   clock network delay (propagated)
                                 -0.250000    9.750000   clock uncertainty
                                  0.000000    9.750000   clock reconvergence pessimism
                                 -2.000000    7.750000   output external delay
                                              7.750000   data required time
---------------------------------------------------------------------------------------------
                                              7.750000   data required time
                                             -1.392118   data arrival time
---------------------------------------------------------------------------------------------
                                              6.357882   slack (MET)


Startpoint: _1395_ (rising edge-triggered flip-flop clocked by clk)
Endpoint: rdata[2] (output port clocked by clk)
Path Group: clk
Path Type: max

Fanout         Cap        Slew       Delay        Time   Description
---------------------------------------------------------------------------------------------
                                  0.000000    0.000000   clock clk (rise edge)
                                  0.000000    0.000000   clock source latency
    81    0.246353    1.101485    0.767171    0.767171 ^ clk (in)
                                                         clk (net)
                      1.101890    0.000000    0.767171 ^ _1395_/CLK (sky130_fd_sc_hd__dfxtp_2)
     2    0.037332    0.191467    0.624286    1.391457 ^ _1395_/Q (sky130_fd_sc_hd__dfxtp_2)
                                                         rdata[2] (net)
                      0.191467    0.000225    1.391683 ^ rdata[2] (out)
                                              1.391683   data arrival time

                                 10.000000   10.000000   clock clk (rise edge)
                                  0.000000   10.000000   clock network delay (propagated)
                                 -0.250000    9.750000   clock uncertainty
                                  0.000000    9.750000   clock reconvergence pessimism
                                 -2.000000    7.750000   output external delay
                                              7.750000   data required time
---------------------------------------------------------------------------------------------
                                              7.750000   data required time
                                             -1.391683   data arrival time
---------------------------------------------------------------------------------------------
                                              6.358317   slack (MET)


Startpoint: addr[5] (input port clocked by clk)
Endpoint: _1398_ (rising edge-triggered flip-flop clocked by clk)
Path Group: clk
Path Type: max

Fanout         Cap        Slew       Delay        Time   Description
---------------------------------------------------------------------------------------------
                                  0.000000    0.000000   clock clk (rise edge)
                                  0.000000    0.000000   clock network delay (propagated)
                                  2.000000    2.000000 v input external delay
     1    0.002509    0.007960    0.003926    2.003926 v addr[5] (in)
                                                         addr[5] (net)
                      0.007960    0.000000    2.003926 v _0697_/A (sky130_fd_sc_hd__or4_2)
     2    0.003443    0.102798    0.649782    2.653707 v _0697_/X (sky130_fd_sc_hd__or4_2)
                                                         _0086_ (net)
                      0.102798    0.000014    2.653721 v _0698_/B (sky130_fd_sc_hd__or2_2)
     2    0.008689    0.073200    0.316349    2.970070 v _0698_/X (sky130_fd_sc_hd__or2_2)
                                                         _0087_ (net)
                      0.073200    0.000017    2.970088 v _0723_/A (sky130_fd_sc_hd__nor2_2)
    32    0.096465    1.010570    0.793932    3.764019 ^ _0723_/Y (sky130_fd_sc_hd__nor2_2)
                                                         _0103_ (net)
                      1.010570    0.000908    3.764928 ^ _0740_/A2 (sky130_fd_sc_hd__a211o_2)
     1    0.004301    0.049790    0.260440    4.025367 ^ _0740_/X (sky130_fd_sc_hd__a211o_2)
                                                         _0115_ (net)
                      0.049790    0.000027    4.025394 ^ _0741_/B1 (sky130_fd_sc_hd__o211a_2)
     1    0.002017    0.054222    0.156865    4.182259 ^ _0741_/X (sky130_fd_sc_hd__o211a_2)
                                                         _0014_ (net)
                      0.054222    0.000003    4.182262 ^ _1398_/D (sky130_fd_sc_hd__dfxtp_2)
                                              4.182262   data arrival time

                                 10.000000   10.000000   clock clk (rise edge)
                                  0.000000   10.000000   clock source latency
    81    0.246353    1.101485    0.766430   10.766431 ^ clk (in)
                                                         clk (net)
                      1.101856    0.000000   10.766431 ^ _1398_/CLK (sky130_fd_sc_hd__dfxtp_2)
                                 -0.250000   10.516431   clock uncertainty
                                  0.000000   10.516431   clock reconvergence pessimism
                                  0.024636   10.541067   library setup time
                                             10.541067   data required time
---------------------------------------------------------------------------------------------
                                             10.541067   data required time
                                             -4.182262   data arrival time
---------------------------------------------------------------------------------------------
                                              6.358805   slack (MET)


Startpoint: _1394_ (rising edge-triggered flip-flop clocked by clk)
Endpoint: rdata[1] (output port clocked by clk)
Path Group: clk
Path Type: max

Fanout         Cap        Slew       Delay        Time   Description
---------------------------------------------------------------------------------------------
                                  0.000000    0.000000   clock clk (rise edge)
                                  0.000000    0.000000   clock source latency
    81    0.246353    1.101485    0.767466    0.767466 ^ clk (in)
                                                         clk (net)
                      1.101903    0.000000    0.767466 ^ _1394_/CLK (sky130_fd_sc_hd__dfxtp_2)
     2    0.037015    0.189911    0.623253    1.390719 ^ _1394_/Q (sky130_fd_sc_hd__dfxtp_2)
                                                         rdata[1] (net)
                      0.189911    0.000151    1.390870 ^ rdata[1] (out)
                                              1.390870   data arrival time

                                 10.000000   10.000000   clock clk (rise edge)
                                  0.000000   10.000000   clock network delay (propagated)
                                 -0.250000    9.750000   clock uncertainty
                                  0.000000    9.750000   clock reconvergence pessimism
                                 -2.000000    7.750000   output external delay
                                              7.750000   data required time
---------------------------------------------------------------------------------------------
                                              7.750000   data required time
                                             -1.390870   data arrival time
---------------------------------------------------------------------------------------------
                                              6.359130   slack (MET)


Startpoint: _1396_ (rising edge-triggered flip-flop clocked by clk)
Endpoint: rdata[3] (output port clocked by clk)
Path Group: clk
Path Type: max

Fanout         Cap        Slew       Delay        Time   Description
---------------------------------------------------------------------------------------------
                                  0.000000    0.000000   clock clk (rise edge)
                                  0.000000    0.000000   clock source latency
    81    0.246353    1.101485    0.766731    0.766731 ^ clk (in)
                                                         clk (net)
                      1.101869    0.000000    0.766731 ^ _1396_/CLK (sky130_fd_sc_hd__dfxtp_2)
     2    0.037154    0.190591    0.623710    1.390441 ^ _1396_/Q (sky130_fd_sc_hd__dfxtp_2)
                                                         rdata[3] (net)
                      0.190591    0.000172    1.390613 ^ rdata[3] (out)
                                              1.390613   data arrival time

                                 10.000000   10.000000   clock clk (rise edge)
                                  0.000000   10.000000   clock network delay (propagated)
                                 -0.250000    9.750000   clock uncertainty
                                  0.000000    9.750000   clock reconvergence pessimism
                                 -2.000000    7.750000   output external delay
                                              7.750000   data required time
---------------------------------------------------------------------------------------------
                                              7.750000   data required time
                                             -1.390613   data arrival time
---------------------------------------------------------------------------------------------
                                              6.359386   slack (MET)


Startpoint: _1420_ (rising edge-triggered flip-flop clocked by clk)
Endpoint: rdata[27] (output port clocked by clk)
Path Group: clk
Path Type: max

Fanout         Cap        Slew       Delay        Time   Description
---------------------------------------------------------------------------------------------
                                  0.000000    0.000000   clock clk (rise edge)
                                  0.000000    0.000000   clock source latency
    81    0.246353    1.101485    0.761251    0.761251 ^ clk (in)
                                                         clk (net)
                      1.101661    0.000000    0.761251 ^ _1420_/CLK (sky130_fd_sc_hd__dfxtp_2)
     2    0.038150    0.195497    0.626909    1.388160 ^ _1420_/Q (sky130_fd_sc_hd__dfxtp_2)
                                                         rdata[27] (net)
                      0.195497    0.000466    1.388626 ^ rdata[27] (out)
                                              1.388626   data arrival time

                                 10.000000   10.000000   clock clk (rise edge)
                                  0.000000   10.000000   clock network delay (propagated)
                                 -0.250000    9.750000   clock uncertainty
                                  0.000000    9.750000   clock reconvergence pessimism
                                 -2.000000    7.750000   output external delay
                                              7.750000   data required time
---------------------------------------------------------------------------------------------
                                              7.750000   data required time
                                             -1.388626   data arrival time
---------------------------------------------------------------------------------------------
                                              6.361374   slack (MET)


Startpoint: addr[5] (input port clocked by clk)
Endpoint: _1432_ (rising edge-triggered flip-flop clocked by clk)
Path Group: clk
Path Type: max

Fanout         Cap        Slew       Delay        Time   Description
---------------------------------------------------------------------------------------------
                                  0.000000    0.000000   clock clk (rise edge)
                                  0.000000    0.000000   clock network delay (propagated)
                                  2.000000    2.000000 v input external delay
     1    0.002509    0.007960    0.003926    2.003926 v addr[5] (in)
                                                         addr[5] (net)
                      0.007960    0.000000    2.003926 v _0697_/A (sky130_fd_sc_hd__or4_2)
     2    0.003443    0.102798    0.649782    2.653707 v _0697_/X (sky130_fd_sc_hd__or4_2)
                                                         _0086_ (net)
                      0.102798    0.000015    2.653722 v _0700_/B (sky130_fd_sc_hd__or2_2)
     2    0.009057    0.071726    0.317921    2.971643 v _0700_/X (sky130_fd_sc_hd__or2_2)
                                                         _0088_ (net)
                      0.071726    0.000047    2.971690 v _0720_/A (sky130_fd_sc_hd__nor2_2)
     9    0.033977    0.374668    0.335024    3.306715 ^ _0720_/Y (sky130_fd_sc_hd__nor2_2)
                                                         _0100_ (net)
                      0.374668    0.000474    3.307189 ^ _0796_/C (sky130_fd_sc_hd__and3_2)
     8    0.038041    0.199655    0.372588    3.679776 ^ _0796_/X (sky130_fd_sc_hd__and3_2)
                                                         _0144_ (net)
                      0.199655    0.000507    3.680284 ^ _0811_/S (sky130_fd_sc_hd__mux2_1)
     1    0.001557    0.049578    0.329152    4.009436 v _0811_/X (sky130_fd_sc_hd__mux2_1)
                                                         _0152_ (net)
                      0.049578    0.000000    4.009437 v _0812_/B (sky130_fd_sc_hd__and2_2)
     1    0.001836    0.040035    0.179777    4.189213 v _0812_/X (sky130_fd_sc_hd__and2_2)
                                                         _0048_ (net)
                      0.040035    0.000001    4.189214 v _1432_/D (sky130_fd_sc_hd__dfxtp_2)
                                              4.189214   data arrival time

                                 10.000000   10.000000   clock clk (rise edge)
                                  0.000000   10.000000   clock source latency
    81    0.246353    1.101485    0.752005   10.752005 ^ clk (in)
                                                         clk (net)
                      1.101492    0.000000   10.752005 ^ _1432_/CLK (sky130_fd_sc_hd__dfxtp_2)
                                 -0.250000   10.502005   clock uncertainty
                                  0.000000   10.502005   clock reconvergence pessimism
                                  0.048736   10.550741   library setup time
                                             10.550741   data required time
---------------------------------------------------------------------------------------------
                                             10.550741   data required time
                                             -4.189214   data arrival time
---------------------------------------------------------------------------------------------
                                              6.361526   slack (MET)


Startpoint: addr[5] (input port clocked by clk)
Endpoint: _1431_ (rising edge-triggered flip-flop clocked by clk)
Path Group: clk
Path Type: max

Fanout         Cap        Slew       Delay        Time   Description
---------------------------------------------------------------------------------------------
                                  0.000000    0.000000   clock clk (rise edge)
                                  0.000000    0.000000   clock network delay (propagated)
                                  2.000000    2.000000 v input external delay
     1    0.002509    0.007960    0.003926    2.003926 v addr[5] (in)
                                                         addr[5] (net)
                      0.007960    0.000000    2.003926 v _0697_/A (sky130_fd_sc_hd__or4_2)
     2    0.003443    0.102798    0.649782    2.653707 v _0697_/X (sky130_fd_sc_hd__or4_2)
                                                         _0086_ (net)
                      0.102798    0.000015    2.653722 v _0700_/B (sky130_fd_sc_hd__or2_2)
     2    0.009057    0.071726    0.317921    2.971643 v _0700_/X (sky130_fd_sc_hd__or2_2)
                                                         _0088_ (net)
                      0.071726    0.000047    2.971690 v _0720_/A (sky130_fd_sc_hd__nor2_2)
     9    0.033977    0.374668    0.335024    3.306715 ^ _0720_/Y (sky130_fd_sc_hd__nor2_2)
                                                         _0100_ (net)
                      0.374668    0.000474    3.307189 ^ _0796_/C (sky130_fd_sc_hd__and3_2)
     8    0.038041    0.199655    0.372588    3.679776 ^ _0796_/X (sky130_fd_sc_hd__and3_2)
                                                         _0144_ (net)
                      0.199655    0.000518    3.680294 ^ _0809_/S (sky130_fd_sc_hd__mux2_1)
     1    0.001549    0.049534    0.329081    4.009374 v _0809_/X (sky130_fd_sc_hd__mux2_1)
                                                         _0151_ (net)
                      0.049534    0.000000    4.009375 v _0810_/B (sky130_fd_sc_hd__and2_2)
     1    0.001781    0.039870    0.179508    4.188883 v _0810_/X (sky130_fd_sc_hd__and2_2)
                                                         _0047_ (net)
                      0.039870    0.000000    4.188884 v _1431_/D (sky130_fd_sc_hd__dfxtp_2)
                                              4.188884   data arrival time

                                 10.000000   10.000000   clock clk (rise edge)
                                  0.000000   10.000000   clock source latency
    81    0.246353    1.101485    0.751968   10.751968 ^ clk (in)
                                                         clk (net)
                      1.101492    0.000000   10.751968 ^ _1431_/CLK (sky130_fd_sc_hd__dfxtp_2)
                                 -0.250000   10.501968   clock uncertainty
                                  0.000000   10.501968   clock reconvergence pessimism
                                  0.048806   10.550775   library setup time
                                             10.550775   data required time
---------------------------------------------------------------------------------------------
                                             10.550775   data required time
                                             -4.188884   data arrival time
---------------------------------------------------------------------------------------------
                                              6.361891   slack (MET)


Startpoint: _1419_ (rising edge-triggered flip-flop clocked by clk)
Endpoint: rdata[26] (output port clocked by clk)
Path Group: clk
Path Type: max

Fanout         Cap        Slew       Delay        Time   Description
---------------------------------------------------------------------------------------------
                                  0.000000    0.000000   clock clk (rise edge)
                                  0.000000    0.000000   clock source latency
    81    0.246353    1.101485    0.761047    0.761047 ^ clk (in)
                                                         clk (net)
                      1.101654    0.000000    0.761047 ^ _1419_/CLK (sky130_fd_sc_hd__dfxtp_2)
     2    0.037899    0.194257    0.626108    1.387155 ^ _1419_/Q (sky130_fd_sc_hd__dfxtp_2)
                                                         rdata[26] (net)
                      0.194257    0.000373    1.387528 ^ rdata[26] (out)
                                              1.387528   data arrival time

                                 10.000000   10.000000   clock clk (rise edge)
                                  0.000000   10.000000   clock network delay (propagated)
                                 -0.250000    9.750000   clock uncertainty
                                  0.000000    9.750000   clock reconvergence pessimism
                                 -2.000000    7.750000   output external delay
                                              7.750000   data required time
---------------------------------------------------------------------------------------------
                                              7.750000   data required time
                                             -1.387528   data arrival time
---------------------------------------------------------------------------------------------
                                              6.362472   slack (MET)


Startpoint: _1417_ (rising edge-triggered flip-flop clocked by clk)
Endpoint: rdata[24] (output port clocked by clk)
Path Group: clk
Path Type: max

Fanout         Cap        Slew       Delay        Time   Description
---------------------------------------------------------------------------------------------
                                  0.000000    0.000000   clock clk (rise edge)
                                  0.000000    0.000000   clock source latency
    81    0.246353    1.101485    0.759848    0.759848 ^ clk (in)
                                                         clk (net)
                      1.101620    0.000000    0.759848 ^ _1417_/CLK (sky130_fd_sc_hd__dfxtp_2)
     2    0.038183    0.195617    0.627150    1.386997 ^ _1417_/Q (sky130_fd_sc_hd__dfxtp_2)
                                                         rdata[24] (net)
                      0.195617    0.000263    1.387260 ^ rdata[24] (out)
                                              1.387260   data arrival time

                                 10.000000   10.000000   clock clk (rise edge)
                                  0.000000   10.000000   clock network delay (propagated)
                                 -0.250000    9.750000   clock uncertainty
                                  0.000000    9.750000   clock reconvergence pessimism
                                 -2.000000    7.750000   output external delay
                                              7.750000   data required time
---------------------------------------------------------------------------------------------
                                              7.750000   data required time
                                             -1.387260   data arrival time
---------------------------------------------------------------------------------------------
                                              6.362740   slack (MET)


Startpoint: _1421_ (rising edge-triggered flip-flop clocked by clk)
Endpoint: rdata[28] (output port clocked by clk)
Path Group: clk
Path Type: max

Fanout         Cap        Slew       Delay        Time   Description
---------------------------------------------------------------------------------------------
                                  0.000000    0.000000   clock clk (rise edge)
                                  0.000000    0.000000   clock source latency
    81    0.246353    1.101485    0.761230    0.761230 ^ clk (in)
                                                         clk (net)
                      1.101660    0.000000    0.761230 ^ _1421_/CLK (sky130_fd_sc_hd__dfxtp_2)
     2    0.037716    0.193345    0.625546    1.386776 ^ _1421_/Q (sky130_fd_sc_hd__dfxtp_2)
                                                         rdata[28] (net)
                      0.193345    0.000274    1.387050 ^ rdata[28] (out)
                                              1.387050   data arrival time

                                 10.000000   10.000000   clock clk (rise edge)
                                  0.000000   10.000000   clock network delay (propagated)
                                 -0.250000    9.750000   clock uncertainty
                                  0.000000    9.750000   clock reconvergence pessimism
                                 -2.000000    7.750000   output external delay
                                              7.750000   data required time
---------------------------------------------------------------------------------------------
                                              7.750000   data required time
                                             -1.387050   data arrival time
---------------------------------------------------------------------------------------------
                                              6.362950   slack (MET)


Startpoint: addr[5] (input port clocked by clk)
Endpoint: _1429_ (rising edge-triggered flip-flop clocked by clk)
Path Group: clk
Path Type: max

Fanout         Cap        Slew       Delay        Time   Description
---------------------------------------------------------------------------------------------
                                  0.000000    0.000000   clock clk (rise edge)
                                  0.000000    0.000000   clock network delay (propagated)
                                  2.000000    2.000000 v input external delay
     1    0.002509    0.007960    0.003926    2.003926 v addr[5] (in)
                                                         addr[5] (net)
                      0.007960    0.000000    2.003926 v _0697_/A (sky130_fd_sc_hd__or4_2)
     2    0.003443    0.102798    0.649782    2.653707 v _0697_/X (sky130_fd_sc_hd__or4_2)
                                                         _0086_ (net)
                      0.102798    0.000015    2.653722 v _0700_/B (sky130_fd_sc_hd__or2_2)
     2    0.009057    0.071726    0.317921    2.971643 v _0700_/X (sky130_fd_sc_hd__or2_2)
                                                         _0088_ (net)
                      0.071726    0.000047    2.971690 v _0720_/A (sky130_fd_sc_hd__nor2_2)
     9    0.033977    0.374668    0.335024    3.306715 ^ _0720_/Y (sky130_fd_sc_hd__nor2_2)
                                                         _0100_ (net)
                      0.374668    0.000474    3.307189 ^ _0796_/C (sky130_fd_sc_hd__and3_2)
     8    0.038041    0.199655    0.372588    3.679776 ^ _0796_/X (sky130_fd_sc_hd__and3_2)
                                                         _0144_ (net)
                      0.199655    0.000289    3.680065 ^ _0805_/S (sky130_fd_sc_hd__mux2_1)
     1    0.001489    0.049184    0.328507    4.008572 v _0805_/X (sky130_fd_sc_hd__mux2_1)
                                                         _0149_ (net)
                      0.049184    0.000000    4.008573 v _0806_/B (sky130_fd_sc_hd__and2_2)
     1    0.001757    0.039797    0.179244    4.187817 v _0806_/X (sky130_fd_sc_hd__and2_2)
                                                         _0045_ (net)
                      0.039797    0.000000    4.187818 v _1429_/D (sky130_fd_sc_hd__dfxtp_2)
                                              4.187818   data arrival time

                                 10.000000   10.000000   clock clk (rise edge)
                                  0.000000   10.000000   clock source latency
    81    0.246353    1.101485    0.752048   10.752048 ^ clk (in)
                                                         clk (net)
                      1.101492    0.000000   10.752048 ^ _1429_/CLK (sky130_fd_sc_hd__dfxtp_2)
                                 -0.250000   10.502048   clock uncertainty
                                  0.000000   10.502048   clock reconvergence pessimism
                                  0.048837   10.550886   library setup time
                                             10.550886   data required time
---------------------------------------------------------------------------------------------
                                             10.550886   data required time
                                             -4.187818   data arrival time
---------------------------------------------------------------------------------------------
                                              6.363068   slack (MET)


Startpoint: _1418_ (rising edge-triggered flip-flop clocked by clk)
Endpoint: rdata[25] (output port clocked by clk)
Path Group: clk
Path Type: max

Fanout         Cap        Slew       Delay        Time   Description
---------------------------------------------------------------------------------------------
                                  0.000000    0.000000   clock clk (rise edge)
                                  0.000000    0.000000   clock source latency
    81    0.246353    1.101485    0.761187    0.761187 ^ clk (in)
                                                         clk (net)
                      1.101659    0.000000    0.761187 ^ _1418_/CLK (sky130_fd_sc_hd__dfxtp_2)
     2    0.037676    0.193160    0.625374    1.386562 ^ _1418_/Q (sky130_fd_sc_hd__dfxtp_2)
                                                         rdata[25] (net)
                      0.193160    0.000328    1.386890 ^ rdata[25] (out)
                                              1.386890   data arrival time

                                 10.000000   10.000000   clock clk (rise edge)
                                  0.000000   10.000000   clock network delay (propagated)
                                 -0.250000    9.750000   clock uncertainty
                                  0.000000    9.750000   clock reconvergence pessimism
                                 -2.000000    7.750000   output external delay
                                              7.750000   data required time
---------------------------------------------------------------------------------------------
                                              7.750000   data required time
                                             -1.386890   data arrival time
---------------------------------------------------------------------------------------------
                                              6.363110   slack (MET)


Startpoint: _1416_ (rising edge-triggered flip-flop clocked by clk)
Endpoint: rdata[23] (output port clocked by clk)
Path Group: clk
Path Type: max

Fanout         Cap        Slew       Delay        Time   Description
---------------------------------------------------------------------------------------------
                                  0.000000    0.000000   clock clk (rise edge)
                                  0.000000    0.000000   clock source latency
    81    0.246353    1.101485    0.760757    0.760757 ^ clk (in)
                                                         clk (net)
                      1.101646    0.000000    0.760757 ^ _1416_/CLK (sky130_fd_sc_hd__dfxtp_2)
     2    0.037796    0.193752    0.625768    1.386525 ^ _1416_/Q (sky130_fd_sc_hd__dfxtp_2)
                                                         rdata[23] (net)
                      0.193752    0.000351    1.386876 ^ rdata[23] (out)
                                              1.386876   data arrival time

                                 10.000000   10.000000   clock clk (rise edge)
                                  0.000000   10.000000   clock network delay (propagated)
                                 -0.250000    9.750000   clock uncertainty
                                  0.000000    9.750000   clock reconvergence pessimism
                                 -2.000000    7.750000   output external delay
                                              7.750000   data required time
---------------------------------------------------------------------------------------------
                                              7.750000   data required time
                                             -1.386876   data arrival time
---------------------------------------------------------------------------------------------
                                              6.363124   slack (MET)


Startpoint: _1422_ (rising edge-triggered flip-flop clocked by clk)
Endpoint: rdata[29] (output port clocked by clk)
Path Group: clk
Path Type: max

Fanout         Cap        Slew       Delay        Time   Description
---------------------------------------------------------------------------------------------
                                  0.000000    0.000000   clock clk (rise edge)
                                  0.000000    0.000000   clock source latency
    81    0.246353    1.101485    0.761294    0.761294 ^ clk (in)
                                                         clk (net)
                      1.101662    0.000000    0.761294 ^ _1422_/CLK (sky130_fd_sc_hd__dfxtp_2)
     2    0.037536    0.192479    0.624895    1.386189 ^ _1422_/Q (sky130_fd_sc_hd__dfxtp_2)
                                                         rdata[29] (net)
                      0.192479    0.000326    1.386515 ^ rdata[29] (out)
                                              1.386515   data arrival time

                                 10.000000   10.000000   clock clk (rise edge)
                                  0.000000   10.000000   clock network delay (propagated)
                                 -0.250000    9.750000   clock uncertainty
                                  0.000000    9.750000   clock reconvergence pessimism
                                 -2.000000    7.750000   output external delay
                                              7.750000   data required time
---------------------------------------------------------------------------------------------
                                              7.750000   data required time
                                             -1.386515   data arrival time
---------------------------------------------------------------------------------------------
                                              6.363485   slack (MET)


Startpoint: _1401_ (rising edge-triggered flip-flop clocked by clk)
Endpoint: rdata[8] (output port clocked by clk)
Path Group: clk
Path Type: max

Fanout         Cap        Slew       Delay        Time   Description
---------------------------------------------------------------------------------------------
                                  0.000000    0.000000   clock clk (rise edge)
                                  0.000000    0.000000   clock source latency
    81    0.246353    1.101485    0.761137    0.761137 ^ clk (in)
                                                         clk (net)
                      1.101657    0.000000    0.761137 ^ _1401_/CLK (sky130_fd_sc_hd__dfxtp_2)
     2    0.037562    0.192605    0.624999    1.386136 ^ _1401_/Q (sky130_fd_sc_hd__dfxtp_2)
                                                         rdata[8] (net)
                      0.192605    0.000305    1.386441 ^ rdata[8] (out)
                                              1.386441   data arrival time

                                 10.000000   10.000000   clock clk (rise edge)
                                  0.000000   10.000000   clock network delay (propagated)
                                 -0.250000    9.750000   clock uncertainty
                                  0.000000    9.750000   clock reconvergence pessimism
                                 -2.000000    7.750000   output external delay
                                              7.750000   data required time
---------------------------------------------------------------------------------------------
                                              7.750000   data required time
                                             -1.386441   data arrival time
---------------------------------------------------------------------------------------------
                                              6.363559   slack (MET)


Startpoint: _1400_ (rising edge-triggered flip-flop clocked by clk)
Endpoint: rdata[7] (output port clocked by clk)
Path Group: clk
Path Type: max

Fanout         Cap        Slew       Delay        Time   Description
---------------------------------------------------------------------------------------------
                                  0.000000    0.000000   clock clk (rise edge)
                                  0.000000    0.000000   clock source latency
    81    0.246353    1.101485    0.761285    0.761285 ^ clk (in)
                                                         clk (net)
                      1.101662    0.000000    0.761285 ^ _1400_/CLK (sky130_fd_sc_hd__dfxtp_2)
     2    0.037508    0.192335    0.624822    1.386107 ^ _1400_/Q (sky130_fd_sc_hd__dfxtp_2)
                                                         rdata[7] (net)
                      0.192335    0.000292    1.386399 ^ rdata[7] (out)
                                              1.386399   data arrival time

                                 10.000000   10.000000   clock clk (rise edge)
                                  0.000000   10.000000   clock network delay (propagated)
                                 -0.250000    9.750000   clock uncertainty
                                  0.000000    9.750000   clock reconvergence pessimism
                                 -2.000000    7.750000   output external delay
                                              7.750000   data required time
---------------------------------------------------------------------------------------------
                                              7.750000   data required time
                                             -1.386399   data arrival time
---------------------------------------------------------------------------------------------
                                              6.363601   slack (MET)


Startpoint: _1402_ (rising edge-triggered flip-flop clocked by clk)
Endpoint: rdata[9] (output port clocked by clk)
Path Group: clk
Path Type: max

Fanout         Cap        Slew       Delay        Time   Description
---------------------------------------------------------------------------------------------
                                  0.000000    0.000000   clock clk (rise edge)
                                  0.000000    0.000000   clock source latency
    81    0.246353    1.101485    0.758745    0.758745 ^ clk (in)
                                                         clk (net)
                      1.101592    0.000000    0.758745 ^ _1402_/CLK (sky130_fd_sc_hd__dfxtp_2)
     2    0.038231    0.195855    0.627310    1.386055 ^ _1402_/Q (sky130_fd_sc_hd__dfxtp_2)
                                                         rdata[9] (net)
                      0.195855    0.000269    1.386324 ^ rdata[9] (out)
                                              1.386324   data arrival time

                                 10.000000   10.000000   clock clk (rise edge)
                                  0.000000   10.000000   clock network delay (propagated)
                                 -0.250000    9.750000   clock uncertainty
                                  0.000000    9.750000   clock reconvergence pessimism
                                 -2.000000    7.750000   output external delay
                                              7.750000   data required time
---------------------------------------------------------------------------------------------
                                              7.750000   data required time
                                             -1.386324   data arrival time
---------------------------------------------------------------------------------------------
                                              6.363676   slack (MET)


Startpoint: _1410_ (rising edge-triggered flip-flop clocked by clk)
Endpoint: rdata[17] (output port clocked by clk)
Path Group: clk
Path Type: max

Fanout         Cap        Slew       Delay        Time   Description
---------------------------------------------------------------------------------------------
                                  0.000000    0.000000   clock clk (rise edge)
                                  0.000000    0.000000   clock source latency
    81    0.246353    1.101485    0.759552    0.759552 ^ clk (in)
                                                         clk (net)
                      1.101612    0.000000    0.759552 ^ _1410_/CLK (sky130_fd_sc_hd__dfxtp_2)
     2    0.037833    0.193899    0.626005    1.385557 ^ _1410_/Q (sky130_fd_sc_hd__dfxtp_2)
                                                         rdata[17] (net)
                      0.193899    0.000180    1.385737 ^ rdata[17] (out)
                                              1.385737   data arrival time

                                 10.000000   10.000000   clock clk (rise edge)
                                  0.000000   10.000000   clock network delay (propagated)
                                 -0.250000    9.750000   clock uncertainty
                                  0.000000    9.750000   clock reconvergence pessimism
                                 -2.000000    7.750000   output external delay
                                              7.750000   data required time
---------------------------------------------------------------------------------------------
                                              7.750000   data required time
                                             -1.385737   data arrival time
---------------------------------------------------------------------------------------------
                                              6.364263   slack (MET)


Startpoint: _1404_ (rising edge-triggered flip-flop clocked by clk)
Endpoint: rdata[11] (output port clocked by clk)
Path Group: clk
Path Type: max

Fanout         Cap        Slew       Delay        Time   Description
---------------------------------------------------------------------------------------------
                                  0.000000    0.000000   clock clk (rise edge)
                                  0.000000    0.000000   clock source latency
    81    0.246353    1.101485    0.758154    0.758154 ^ clk (in)
                                                         clk (net)
                      1.101579    0.000000    0.758154 ^ _1404_/CLK (sky130_fd_sc_hd__dfxtp_2)
     2    0.038121    0.195309    0.626962    1.385116 ^ _1404_/Q (sky130_fd_sc_hd__dfxtp_2)
                                                         rdata[11] (net)
                      0.195309    0.000220    1.385336 ^ rdata[11] (out)
                                              1.385336   data arrival time

                                 10.000000   10.000000   clock clk (rise edge)
                                  0.000000   10.000000   clock network delay (propagated)
                                 -0.250000    9.750000   clock uncertainty
                                  0.000000    9.750000   clock reconvergence pessimism
                                 -2.000000    7.750000   output external delay
                                              7.750000   data required time
---------------------------------------------------------------------------------------------
                                              7.750000   data required time
                                             -1.385336   data arrival time
---------------------------------------------------------------------------------------------
                                              6.364665   slack (MET)


Startpoint: addr[5] (input port clocked by clk)
Endpoint: _1397_ (rising edge-triggered flip-flop clocked by clk)
Path Group: clk
Path Type: max

Fanout         Cap        Slew       Delay        Time   Description
---------------------------------------------------------------------------------------------
                                  0.000000    0.000000   clock clk (rise edge)
                                  0.000000    0.000000   clock network delay (propagated)
                                  2.000000    2.000000 v input external delay
     1    0.002509    0.007960    0.003926    2.003926 v addr[5] (in)
                                                         addr[5] (net)
                      0.007960    0.000000    2.003926 v _0697_/A (sky130_fd_sc_hd__or4_2)
     2    0.003443    0.102798    0.649782    2.653707 v _0697_/X (sky130_fd_sc_hd__or4_2)
                                                         _0086_ (net)
                      0.102798    0.000014    2.653721 v _0698_/B (sky130_fd_sc_hd__or2_2)
     2    0.008689    0.073200    0.316349    2.970070 v _0698_/X (sky130_fd_sc_hd__or2_2)
                                                         _0087_ (net)
                      0.073200    0.000017    2.970088 v _0723_/A (sky130_fd_sc_hd__nor2_2)
    32    0.096465    1.010570    0.793932    3.764019 ^ _0723_/Y (sky130_fd_sc_hd__nor2_2)
                                                         _0103_ (net)
                      1.010570    0.000625    3.764644 ^ _0737_/A2 (sky130_fd_sc_hd__a211o_2)
     1    0.003329    0.045018    0.254245    4.018889 ^ _0737_/X (sky130_fd_sc_hd__a211o_2)
                                                         _0113_ (net)
                      0.045018    0.000014    4.018904 ^ _0738_/B1 (sky130_fd_sc_hd__o211a_2)
     1    0.002039    0.054339    0.155523    4.174427 ^ _0738_/X (sky130_fd_sc_hd__o211a_2)
                                                         _0013_ (net)
                      0.054339    0.000003    4.174430 ^ _1397_/D (sky130_fd_sc_hd__dfxtp_2)
                                              4.174430   data arrival time

                                 10.000000   10.000000   clock clk (rise edge)
                                  0.000000   10.000000   clock source latency
    81    0.246353    1.101485    0.765830   10.765830 ^ clk (in)
                                                         clk (net)
                      1.101829    0.000000   10.765830 ^ _1397_/CLK (sky130_fd_sc_hd__dfxtp_2)
                                 -0.250000   10.515830   clock uncertainty
                                  0.000000   10.515830   clock reconvergence pessimism
                                  0.024612   10.540442   library setup time
                                             10.540442   data required time
---------------------------------------------------------------------------------------------
                                             10.540442   data required time
                                             -4.174430   data arrival time
---------------------------------------------------------------------------------------------
                                              6.366013   slack (MET)


Startpoint: _1414_ (rising edge-triggered flip-flop clocked by clk)
Endpoint: rdata[21] (output port clocked by clk)
Path Group: clk
Path Type: max

Fanout         Cap        Slew       Delay        Time   Description
---------------------------------------------------------------------------------------------
                                  0.000000    0.000000   clock clk (rise edge)
                                  0.000000    0.000000   clock source latency
    81    0.246353    1.101485    0.759422    0.759422 ^ clk (in)
                                                         clk (net)
                      1.101609    0.000000    0.759422 ^ _1414_/CLK (sky130_fd_sc_hd__dfxtp_2)
     2    0.037358    0.191574    0.624408    1.383830 ^ _1414_/Q (sky130_fd_sc_hd__dfxtp_2)
                                                         rdata[21] (net)
                      0.191574    0.000131    1.383962 ^ rdata[21] (out)
                                              1.383962   data arrival time

                                 10.000000   10.000000   clock clk (rise edge)
                                  0.000000   10.000000   clock network delay (propagated)
                                 -0.250000    9.750000   clock uncertainty
                                  0.000000    9.750000   clock reconvergence pessimism
                                 -2.000000    7.750000   output external delay
                                              7.750000   data required time
---------------------------------------------------------------------------------------------
                                              7.750000   data required time
                                             -1.383962   data arrival time
---------------------------------------------------------------------------------------------
                                              6.366038   slack (MET)


Startpoint: _1415_ (rising edge-triggered flip-flop clocked by clk)
Endpoint: rdata[22] (output port clocked by clk)
Path Group: clk
Path Type: max

Fanout         Cap        Slew       Delay        Time   Description
---------------------------------------------------------------------------------------------
                                  0.000000    0.000000   clock clk (rise edge)
                                  0.000000    0.000000   clock source latency
    81    0.246353    1.101485    0.759433    0.759433 ^ clk (in)
                                                         clk (net)
                      1.101609    0.000000    0.759433 ^ _1415_/CLK (sky130_fd_sc_hd__dfxtp_2)
     2    0.037295    0.191266    0.624206    1.383639 ^ _1415_/Q (sky130_fd_sc_hd__dfxtp_2)
                                                         rdata[22] (net)
                      0.191266    0.000112    1.383751 ^ rdata[22] (out)
                                              1.383751   data arrival time

                                 10.000000   10.000000   clock clk (rise edge)
                                  0.000000   10.000000   clock network delay (propagated)
                                 -0.250000    9.750000   clock uncertainty
                                  0.000000    9.750000   clock reconvergence pessimism
                                 -2.000000    7.750000   output external delay
                                              7.750000   data required time
---------------------------------------------------------------------------------------------
                                              7.750000   data required time
                                             -1.383751   data arrival time
---------------------------------------------------------------------------------------------
                                              6.366249   slack (MET)


Startpoint: _1413_ (rising edge-triggered flip-flop clocked by clk)
Endpoint: rdata[20] (output port clocked by clk)
Path Group: clk
Path Type: max

Fanout         Cap        Slew       Delay        Time   Description
---------------------------------------------------------------------------------------------
                                  0.000000    0.000000   clock clk (rise edge)
                                  0.000000    0.000000   clock source latency
    81    0.246353    1.101485    0.759401    0.759401 ^ clk (in)
                                                         clk (net)
                      1.101609    0.000000    0.759401 ^ _1413_/CLK (sky130_fd_sc_hd__dfxtp_2)
     2    0.037207    0.190834    0.623912    1.383313 ^ _1413_/Q (sky130_fd_sc_hd__dfxtp_2)
                                                         rdata[20] (net)
                      0.190834    0.000100    1.383412 ^ rdata[20] (out)
                                              1.383412   data arrival time

                                 10.000000   10.000000   clock clk (rise edge)
                                  0.000000   10.000000   clock network delay (propagated)
                                 -0.250000    9.750000   clock uncertainty
                                  0.000000    9.750000   clock reconvergence pessimism
                                 -2.000000    7.750000   output external delay
                                              7.750000   data required time
---------------------------------------------------------------------------------------------
                                              7.750000   data required time
                                             -1.383412   data arrival time
---------------------------------------------------------------------------------------------
                                              6.366588   slack (MET)


Startpoint: _1411_ (rising edge-triggered flip-flop clocked by clk)
Endpoint: rdata[18] (output port clocked by clk)
Path Group: clk
Path Type: max

Fanout         Cap        Slew       Delay        Time   Description
---------------------------------------------------------------------------------------------
                                  0.000000    0.000000   clock clk (rise edge)
                                  0.000000    0.000000   clock source latency
    81    0.246353    1.101485    0.758968    0.758968 ^ clk (in)
                                                         clk (net)
                      1.101598    0.000000    0.758968 ^ _1411_/CLK (sky130_fd_sc_hd__dfxtp_2)
     2    0.037268    0.191135    0.624114    1.383082 ^ _1411_/Q (sky130_fd_sc_hd__dfxtp_2)
                                                         rdata[18] (net)
                      0.191135    0.000109    1.383192 ^ rdata[18] (out)
                                              1.383192   data arrival time

                                 10.000000   10.000000   clock clk (rise edge)
                                  0.000000   10.000000   clock network delay (propagated)
                                 -0.250000    9.750000   clock uncertainty
                                  0.000000    9.750000   clock reconvergence pessimism
                                 -2.000000    7.750000   output external delay
                                              7.750000   data required time
---------------------------------------------------------------------------------------------
                                              7.750000   data required time
                                             -1.383192   data arrival time
---------------------------------------------------------------------------------------------
                                              6.366808   slack (MET)


Startpoint: _1409_ (rising edge-triggered flip-flop clocked by clk)
Endpoint: rdata[16] (output port clocked by clk)
Path Group: clk
Path Type: max

Fanout         Cap        Slew       Delay        Time   Description
---------------------------------------------------------------------------------------------
                                  0.000000    0.000000   clock clk (rise edge)
                                  0.000000    0.000000   clock source latency
    81    0.246353    1.101485    0.758656    0.758656 ^ clk (in)
                                                         clk (net)
                      1.101590    0.000000    0.758656 ^ _1409_/CLK (sky130_fd_sc_hd__dfxtp_2)
     2    0.037287    0.191227    0.624169    1.382825 ^ _1409_/Q (sky130_fd_sc_hd__dfxtp_2)
                                                         rdata[16] (net)
                      0.191227    0.000121    1.382946 ^ rdata[16] (out)
                                              1.382946   data arrival time

                                 10.000000   10.000000   clock clk (rise edge)
                                  0.000000   10.000000   clock network delay (propagated)
                                 -0.250000    9.750000   clock uncertainty
                                  0.000000    9.750000   clock reconvergence pessimism
                                 -2.000000    7.750000   output external delay
                                              7.750000   data required time
---------------------------------------------------------------------------------------------
                                              7.750000   data required time
                                             -1.382946   data arrival time
---------------------------------------------------------------------------------------------
                                              6.367054   slack (MET)


Startpoint: _1412_ (rising edge-triggered flip-flop clocked by clk)
Endpoint: rdata[19] (output port clocked by clk)
Path Group: clk
Path Type: max

Fanout         Cap        Slew       Delay        Time   Description
---------------------------------------------------------------------------------------------
                                  0.000000    0.000000   clock clk (rise edge)
                                  0.000000    0.000000   clock source latency
    81    0.246353    1.101485    0.759250    0.759250 ^ clk (in)
                                                         clk (net)
                      1.101605    0.000000    0.759250 ^ _1412_/CLK (sky130_fd_sc_hd__dfxtp_2)
     2    0.037085    0.193111    0.623557    1.382808 ^ _1412_/Q (sky130_fd_sc_hd__dfxtp_2)
                                                         rdata[19] (net)
                      0.193111    0.000074    1.382882 ^ rdata[19] (out)
                                              1.382882   data arrival time

                                 10.000000   10.000000   clock clk (rise edge)
                                  0.000000   10.000000   clock network delay (propagated)
                                 -0.250000    9.750000   clock uncertainty
                                  0.000000    9.750000   clock reconvergence pessimism
                                 -2.000000    7.750000   output external delay
                                              7.750000   data required time
---------------------------------------------------------------------------------------------
                                              7.750000   data required time
                                             -1.382882   data arrival time
---------------------------------------------------------------------------------------------
                                              6.367118   slack (MET)


Startpoint: _1405_ (rising edge-triggered flip-flop clocked by clk)
Endpoint: rdata[12] (output port clocked by clk)
Path Group: clk
Path Type: max

Fanout         Cap        Slew       Delay        Time   Description
---------------------------------------------------------------------------------------------
                                  0.000000    0.000000   clock clk (rise edge)
                                  0.000000    0.000000   clock source latency
    81    0.246353    1.101485    0.756331    0.756331 ^ clk (in)
                                                         clk (net)
                      1.101543    0.000000    0.756331 ^ _1405_/CLK (sky130_fd_sc_hd__dfxtp_2)
     2    0.037892    0.194195    0.626171    1.382502 ^ _1405_/Q (sky130_fd_sc_hd__dfxtp_2)
                                                         rdata[12] (net)
                      0.194195    0.000223    1.382725 ^ rdata[12] (out)
                                              1.382725   data arrival time

                                 10.000000   10.000000   clock clk (rise edge)
                                  0.000000   10.000000   clock network delay (propagated)
                                 -0.250000    9.750000   clock uncertainty
                                  0.000000    9.750000   clock reconvergence pessimism
                                 -2.000000    7.750000   output external delay
                                              7.750000   data required time
---------------------------------------------------------------------------------------------
                                              7.750000   data required time
                                             -1.382725   data arrival time
---------------------------------------------------------------------------------------------
                                              6.367275   slack (MET)


Startpoint: _1408_ (rising edge-triggered flip-flop clocked by clk)
Endpoint: rdata[15] (output port clocked by clk)
Path Group: clk
Path Type: max

Fanout         Cap        Slew       Delay        Time   Description
---------------------------------------------------------------------------------------------
                                  0.000000    0.000000   clock clk (rise edge)
                                  0.000000    0.000000   clock source latency
    81    0.246353    1.101485    0.758351    0.758351 ^ clk (in)
                                                         clk (net)
                      1.101583    0.000000    0.758351 ^ _1408_/CLK (sky130_fd_sc_hd__dfxtp_2)
     2    0.037276    0.191172    0.624146    1.382497 ^ _1408_/Q (sky130_fd_sc_hd__dfxtp_2)
                                                         rdata[15] (net)
                      0.191172    0.000101    1.382598 ^ rdata[15] (out)
                                              1.382598   data arrival time

                                 10.000000   10.000000   clock clk (rise edge)
                                  0.000000   10.000000   clock network delay (propagated)
                                 -0.250000    9.750000   clock uncertainty
                                  0.000000    9.750000   clock reconvergence pessimism
                                 -2.000000    7.750000   output external delay
                                              7.750000   data required time
---------------------------------------------------------------------------------------------
                                              7.750000   data required time
                                             -1.382598   data arrival time
---------------------------------------------------------------------------------------------
                                              6.367402   slack (MET)


Startpoint: _1403_ (rising edge-triggered flip-flop clocked by clk)
Endpoint: rdata[10] (output port clocked by clk)
Path Group: clk
Path Type: max

Fanout         Cap        Slew       Delay        Time   Description
---------------------------------------------------------------------------------------------
                                  0.000000    0.000000   clock clk (rise edge)
                                  0.000000    0.000000   clock source latency
    81    0.246353    1.101485    0.758064    0.758064 ^ clk (in)
                                                         clk (net)
                      1.101577    0.000000    0.758064 ^ _1403_/CLK (sky130_fd_sc_hd__dfxtp_2)
     2    0.037346    0.191513    0.624372    1.382436 ^ _1403_/Q (sky130_fd_sc_hd__dfxtp_2)
                                                         rdata[10] (net)
                      0.191513    0.000117    1.382554 ^ rdata[10] (out)
                                              1.382554   data arrival time

                                 10.000000   10.000000   clock clk (rise edge)
                                  0.000000   10.000000   clock network delay (propagated)
                                 -0.250000    9.750000   clock uncertainty
                                  0.000000    9.750000   clock reconvergence pessimism
                                 -2.000000    7.750000   output external delay
                                              7.750000   data required time
---------------------------------------------------------------------------------------------
                                              7.750000   data required time
                                             -1.382554   data arrival time
---------------------------------------------------------------------------------------------
                                              6.367446   slack (MET)


Startpoint: _1407_ (rising edge-triggered flip-flop clocked by clk)
Endpoint: rdata[14] (output port clocked by clk)
Path Group: clk
Path Type: max

Fanout         Cap        Slew       Delay        Time   Description
---------------------------------------------------------------------------------------------
                                  0.000000    0.000000   clock clk (rise edge)
                                  0.000000    0.000000   clock source latency
    81    0.246353    1.101485    0.757775    0.757775 ^ clk (in)
                                                         clk (net)
                      1.101570    0.000000    0.757775 ^ _1407_/CLK (sky130_fd_sc_hd__dfxtp_2)
     2    0.037212    0.190858    0.623927    1.381702 ^ _1407_/Q (sky130_fd_sc_hd__dfxtp_2)
                                                         rdata[14] (net)
                      0.190858    0.000095    1.381797 ^ rdata[14] (out)
                                              1.381797   data arrival time

                                 10.000000   10.000000   clock clk (rise edge)
                                  0.000000   10.000000   clock network delay (propagated)
                                 -0.250000    9.750000   clock uncertainty
                                  0.000000    9.750000   clock reconvergence pessimism
                                 -2.000000    7.750000   output external delay
                                              7.750000   data required time
---------------------------------------------------------------------------------------------
                                              7.750000   data required time
                                             -1.381797   data arrival time
---------------------------------------------------------------------------------------------
                                              6.368203   slack (MET)


Startpoint: addr[5] (input port clocked by clk)
Endpoint: _1399_ (rising edge-triggered flip-flop clocked by clk)
Path Group: clk
Path Type: max

Fanout         Cap        Slew       Delay        Time   Description
---------------------------------------------------------------------------------------------
                                  0.000000    0.000000   clock clk (rise edge)
                                  0.000000    0.000000   clock network delay (propagated)
                                  2.000000    2.000000 v input external delay
     1    0.002509    0.007960    0.003926    2.003926 v addr[5] (in)
                                                         addr[5] (net)
                      0.007960    0.000000    2.003926 v _0697_/A (sky130_fd_sc_hd__or4_2)
     2    0.003443    0.102798    0.649782    2.653707 v _0697_/X (sky130_fd_sc_hd__or4_2)
                                                         _0086_ (net)
                      0.102798    0.000014    2.653721 v _0698_/B (sky130_fd_sc_hd__or2_2)
     2    0.008689    0.073200    0.316349    2.970070 v _0698_/X (sky130_fd_sc_hd__or2_2)
                                                         _0087_ (net)
                      0.073200    0.000017    2.970088 v _0723_/A (sky130_fd_sc_hd__nor2_2)
    32    0.096465    1.010570    0.793932    3.764019 ^ _0723_/Y (sky130_fd_sc_hd__nor2_2)
                                                         _0103_ (net)
                      1.010571    0.001080    3.765100 ^ _0743_/A2 (sky130_fd_sc_hd__a211o_2)
     1    0.003007    0.045128    0.252196    4.017296 ^ _0743_/X (sky130_fd_sc_hd__a211o_2)
                                                         _0117_ (net)
                      0.045128    0.000010    4.017306 ^ _0744_/B1 (sky130_fd_sc_hd__o211a_2)
     1    0.001864    0.053408    0.154492    4.171798 ^ _0744_/X (sky130_fd_sc_hd__o211a_2)
                                                         _0015_ (net)
                      0.053408    0.000002    4.171800 ^ _1399_/D (sky130_fd_sc_hd__dfxtp_2)
                                              4.171800   data arrival time

                                 10.000000   10.000000   clock clk (rise edge)
                                  0.000000   10.000000   clock source latency
    81    0.246353    1.101485    0.765275   10.765275 ^ clk (in)
                                                         clk (net)
                      1.101806    0.000000   10.765275 ^ _1399_/CLK (sky130_fd_sc_hd__dfxtp_2)
                                 -0.250000   10.515275   clock uncertainty
                                  0.000000   10.515275   clock reconvergence pessimism
                                  0.024799   10.540074   library setup time
                                             10.540074   data required time
---------------------------------------------------------------------------------------------
                                             10.540074   data required time
                                             -4.171800   data arrival time
---------------------------------------------------------------------------------------------
                                              6.368275   slack (MET)


Startpoint: addr[5] (input port clocked by clk)
Endpoint: _1395_ (rising edge-triggered flip-flop clocked by clk)
Path Group: clk
Path Type: max

Fanout         Cap        Slew       Delay        Time   Description
---------------------------------------------------------------------------------------------
                                  0.000000    0.000000   clock clk (rise edge)
                                  0.000000    0.000000   clock network delay (propagated)
                                  2.000000    2.000000 v input external delay
     1    0.002509    0.007960    0.003926    2.003926 v addr[5] (in)
                                                         addr[5] (net)
                      0.007960    0.000000    2.003926 v _0697_/A (sky130_fd_sc_hd__or4_2)
     2    0.003443    0.102798    0.649782    2.653707 v _0697_/X (sky130_fd_sc_hd__or4_2)
                                                         _0086_ (net)
                      0.102798    0.000014    2.653721 v _0698_/B (sky130_fd_sc_hd__or2_2)
     2    0.008689    0.073200    0.316349    2.970070 v _0698_/X (sky130_fd_sc_hd__or2_2)
                                                         _0087_ (net)
                      0.073200    0.000017    2.970088 v _0723_/A (sky130_fd_sc_hd__nor2_2)
    32    0.096465    1.010570    0.793932    3.764019 ^ _0723_/Y (sky130_fd_sc_hd__nor2_2)
                                                         _0103_ (net)
                      1.010570    0.000533    3.764552 ^ _0731_/A2 (sky130_fd_sc_hd__a211o_2)
     1    0.002899    0.044642    0.251509    4.016062 ^ _0731_/X (sky130_fd_sc_hd__a211o_2)
                                                         _0109_ (net)
                      0.044642    0.000006    4.016068 ^ _0732_/B1 (sky130_fd_sc_hd__o211a_2)
     1    0.002226    0.055339    0.156552    4.172620 ^ _0732_/X (sky130_fd_sc_hd__o211a_2)
                                                         _0011_ (net)
                      0.055339    0.000005    4.172625 ^ _1395_/D (sky130_fd_sc_hd__dfxtp_2)
                                              4.172625   data arrival time

                                 10.000000   10.000000   clock clk (rise edge)
                                  0.000000   10.000000   clock source latency
    81    0.246353    1.101485    0.767171   10.767172 ^ clk (in)
                                                         clk (net)
                      1.101890    0.000000   10.767172 ^ _1395_/CLK (sky130_fd_sc_hd__dfxtp_2)
                                 -0.250000   10.517172   clock uncertainty
                                  0.000000   10.517172   clock reconvergence pessimism
                                  0.024412   10.541583   library setup time
                                             10.541583   data required time
---------------------------------------------------------------------------------------------
                                             10.541583   data required time
                                             -4.172625   data arrival time
---------------------------------------------------------------------------------------------
                                              6.368958   slack (MET)


Startpoint: _1406_ (rising edge-triggered flip-flop clocked by clk)
Endpoint: rdata[13] (output port clocked by clk)
Path Group: clk
Path Type: max

Fanout         Cap        Slew       Delay        Time   Description
---------------------------------------------------------------------------------------------
                                  0.000000    0.000000   clock clk (rise edge)
                                  0.000000    0.000000   clock source latency
    81    0.246353    1.101485    0.756915    0.756915 ^ clk (in)
                                                         clk (net)
                      1.101553    0.000000    0.756915 ^ _1406_/CLK (sky130_fd_sc_hd__dfxtp_2)
     2    0.037210    0.190851    0.623916    1.380831 ^ _1406_/Q (sky130_fd_sc_hd__dfxtp_2)
                                                         rdata[13] (net)
                      0.190851    0.000102    1.380933 ^ rdata[13] (out)
                                              1.380933   data arrival time

                                 10.000000   10.000000   clock clk (rise edge)
                                  0.000000   10.000000   clock network delay (propagated)
                                 -0.250000    9.750000   clock uncertainty
                                  0.000000    9.750000   clock reconvergence pessimism
                                 -2.000000    7.750000   output external delay
                                              7.750000   data required time
---------------------------------------------------------------------------------------------
                                              7.750000   data required time
                                             -1.380933   data arrival time
---------------------------------------------------------------------------------------------
                                              6.369067   slack (MET)


Startpoint: addr[5] (input port clocked by clk)
Endpoint: _1394_ (rising edge-triggered flip-flop clocked by clk)
Path Group: clk
Path Type: max

Fanout         Cap        Slew       Delay        Time   Description
---------------------------------------------------------------------------------------------
                                  0.000000    0.000000   clock clk (rise edge)
                                  0.000000    0.000000   clock network delay (propagated)
                                  2.000000    2.000000 v input external delay
     1    0.002509    0.007960    0.003926    2.003926 v addr[5] (in)
                                                         addr[5] (net)
                      0.007960    0.000000    2.003926 v _0697_/A (sky130_fd_sc_hd__or4_2)
     2    0.003443    0.102798    0.649782    2.653707 v _0697_/X (sky130_fd_sc_hd__or4_2)
                                                         _0086_ (net)
                      0.102798    0.000014    2.653721 v _0698_/B (sky130_fd_sc_hd__or2_2)
     2    0.008689    0.073200    0.316349    2.970070 v _0698_/X (sky130_fd_sc_hd__or2_2)
                                                         _0087_ (net)
                      0.073200    0.000017    2.970088 v _0723_/A (sky130_fd_sc_hd__nor2_2)
    32    0.096465    1.010570    0.793932    3.764019 ^ _0723_/Y (sky130_fd_sc_hd__nor2_2)
                                                         _0103_ (net)
                      1.010570    0.000592    3.764612 ^ _0728_/A2 (sky130_fd_sc_hd__a211o_2)
     1    0.002963    0.044930    0.251917    4.016529 ^ _0728_/X (sky130_fd_sc_hd__a211o_2)
                                                         _0107_ (net)
                      0.044930    0.000006    4.016535 ^ _0729_/B1 (sky130_fd_sc_hd__o211a_2)
     1    0.002127    0.054813    0.156038    4.172574 ^ _0729_/X (sky130_fd_sc_hd__o211a_2)
                                                         _0010_ (net)
                      0.054813    0.000004    4.172577 ^ _1394_/D (sky130_fd_sc_hd__dfxtp_2)
                                              4.172577   data arrival time

                                 10.000000   10.000000   clock clk (rise edge)
                                  0.000000   10.000000   clock source latency
    81    0.246353    1.101485    0.767465   10.767466 ^ clk (in)
                                                         clk (net)
                      1.101903    0.000000   10.767466 ^ _1394_/CLK (sky130_fd_sc_hd__dfxtp_2)
                                 -0.250000   10.517466   clock uncertainty
                                  0.000000   10.517466   clock reconvergence pessimism
                                  0.024519   10.541984   library setup time
                                             10.541984   data required time
---------------------------------------------------------------------------------------------
                                             10.541984   data required time
                                             -4.172577   data arrival time
---------------------------------------------------------------------------------------------
                                              6.369407   slack (MET)


Startpoint: addr[5] (input port clocked by clk)
Endpoint: _1430_ (rising edge-triggered flip-flop clocked by clk)
Path Group: clk
Path Type: max

Fanout         Cap        Slew       Delay        Time   Description
---------------------------------------------------------------------------------------------
                                  0.000000    0.000000   clock clk (rise edge)
                                  0.000000    0.000000   clock network delay (propagated)
                                  2.000000    2.000000 v input external delay
     1    0.002509    0.007960    0.003926    2.003926 v addr[5] (in)
                                                         addr[5] (net)
                      0.007960    0.000000    2.003926 v _0697_/A (sky130_fd_sc_hd__or4_2)
     2    0.003443    0.102798    0.649782    2.653707 v _0697_/X (sky130_fd_sc_hd__or4_2)
                                                         _0086_ (net)
                      0.102798    0.000015    2.653722 v _0700_/B (sky130_fd_sc_hd__or2_2)
     2    0.009057    0.071726    0.317921    2.971643 v _0700_/X (sky130_fd_sc_hd__or2_2)
                                                         _0088_ (net)
                      0.071726    0.000047    2.971690 v _0720_/A (sky130_fd_sc_hd__nor2_2)
     9    0.033977    0.374668    0.335024    3.306715 ^ _0720_/Y (sky130_fd_sc_hd__nor2_2)
                                                         _0100_ (net)
                      0.374668    0.000474    3.307189 ^ _0796_/C (sky130_fd_sc_hd__and3_2)
     8    0.038041    0.199655    0.372588    3.679776 ^ _0796_/X (sky130_fd_sc_hd__and3_2)
                                                         _0144_ (net)
                      0.199655    0.000383    3.680159 ^ _0807_/S (sky130_fd_sc_hd__mux2_1)
     1    0.001649    0.050105    0.330016    4.010176 v _0807_/X (sky130_fd_sc_hd__mux2_1)
                                                         _0150_ (net)
                      0.050105    0.000002    4.010178 v _0808_/B (sky130_fd_sc_hd__and2_2)
     1    0.001888    0.040192    0.180247    4.190425 v _0808_/X (sky130_fd_sc_hd__and2_2)
                                                         _0046_ (net)
                      0.040192    0.000002    4.190427 v _1430_/D (sky130_fd_sc_hd__dfxtp_2)
                                              4.190427   data arrival time

                                 10.000000   10.000000   clock clk (rise edge)
                                  0.000000   10.000000   clock source latency
    81    0.246353    1.101485    0.767992   10.767992 ^ clk (in)
                                                         clk (net)
                      1.101929    0.000000   10.767992 ^ _1430_/CLK (sky130_fd_sc_hd__dfxtp_2)
                                 -0.250000   10.517992   clock uncertainty
                                  0.000000   10.517992   clock reconvergence pessimism
                                  0.048708   10.566700   library setup time
                                             10.566700   data required time
---------------------------------------------------------------------------------------------
                                             10.566700   data required time
                                             -4.190427   data arrival time
---------------------------------------------------------------------------------------------
                                              6.376273   slack (MET)


Startpoint: addr[5] (input port clocked by clk)
Endpoint: _1427_ (rising edge-triggered flip-flop clocked by clk)
Path Group: clk
Path Type: max

Fanout         Cap        Slew       Delay        Time   Description
---------------------------------------------------------------------------------------------
                                  0.000000    0.000000   clock clk (rise edge)
                                  0.000000    0.000000   clock network delay (propagated)
                                  2.000000    2.000000 v input external delay
     1    0.002509    0.007960    0.003926    2.003926 v addr[5] (in)
                                                         addr[5] (net)
                      0.007960    0.000000    2.003926 v _0697_/A (sky130_fd_sc_hd__or4_2)
     2    0.003443    0.102798    0.649782    2.653707 v _0697_/X (sky130_fd_sc_hd__or4_2)
                                                         _0086_ (net)
                      0.102798    0.000015    2.653722 v _0700_/B (sky130_fd_sc_hd__or2_2)
     2    0.009057    0.071726    0.317921    2.971643 v _0700_/X (sky130_fd_sc_hd__or2_2)
                                                         _0088_ (net)
                      0.071726    0.000047    2.971690 v _0720_/A (sky130_fd_sc_hd__nor2_2)
     9    0.033977    0.374668    0.335024    3.306715 ^ _0720_/Y (sky130_fd_sc_hd__nor2_2)
                                                         _0100_ (net)
                      0.374668    0.000474    3.307189 ^ _0796_/C (sky130_fd_sc_hd__and3_2)
     8    0.038041    0.199655    0.372588    3.679776 ^ _0796_/X (sky130_fd_sc_hd__and3_2)
                                                         _0144_ (net)
                      0.199655    0.000200    3.679976 ^ _0801_/S (sky130_fd_sc_hd__mux2_1)
     1    0.001513    0.049323    0.328734    4.008709 v _0801_/X (sky130_fd_sc_hd__mux2_1)
                                                         _0147_ (net)
                      0.049323    0.000000    4.008710 v _0802_/B (sky130_fd_sc_hd__and2_2)
     1    0.001795    0.039911    0.179477    4.188187 v _0802_/X (sky130_fd_sc_hd__and2_2)
                                                         _0043_ (net)
                      0.039911    0.000000    4.188188 v _1427_/D (sky130_fd_sc_hd__dfxtp_2)
                                              4.188188   data arrival time

                                 10.000000   10.000000   clock clk (rise edge)
                                  0.000000   10.000000   clock source latency
    81    0.246353    1.101485    0.768018   10.768018 ^ clk (in)
                                                         clk (net)
                      1.101930    0.000000   10.768018 ^ _1427_/CLK (sky130_fd_sc_hd__dfxtp_2)
                                 -0.250000   10.518018   clock uncertainty
                                  0.000000   10.518018   clock reconvergence pessimism
                                  0.048828   10.566846   library setup time
                                             10.566846   data required time
---------------------------------------------------------------------------------------------
                                             10.566846   data required time
                                             -4.188188   data arrival time
---------------------------------------------------------------------------------------------
                                              6.378657   slack (MET)


Startpoint: addr[5] (input port clocked by clk)
Endpoint: _1428_ (rising edge-triggered flip-flop clocked by clk)
Path Group: clk
Path Type: max

Fanout         Cap        Slew       Delay        Time   Description
---------------------------------------------------------------------------------------------
                                  0.000000    0.000000   clock clk (rise edge)
                                  0.000000    0.000000   clock network delay (propagated)
                                  2.000000    2.000000 v input external delay
     1    0.002509    0.007960    0.003926    2.003926 v addr[5] (in)
                                                         addr[5] (net)
                      0.007960    0.000000    2.003926 v _0697_/A (sky130_fd_sc_hd__or4_2)
     2    0.003443    0.102798    0.649782    2.653707 v _0697_/X (sky130_fd_sc_hd__or4_2)
                                                         _0086_ (net)
                      0.102798    0.000015    2.653722 v _0700_/B (sky130_fd_sc_hd__or2_2)
     2    0.009057    0.071726    0.317921    2.971643 v _0700_/X (sky130_fd_sc_hd__or2_2)
                                                         _0088_ (net)
                      0.071726    0.000047    2.971690 v _0720_/A (sky130_fd_sc_hd__nor2_2)
     9    0.033977    0.374668    0.335024    3.306715 ^ _0720_/Y (sky130_fd_sc_hd__nor2_2)
                                                         _0100_ (net)
                      0.374668    0.000474    3.307189 ^ _0796_/C (sky130_fd_sc_hd__and3_2)
     8    0.038041    0.199655    0.372588    3.679776 ^ _0796_/X (sky130_fd_sc_hd__and3_2)
                                                         _0144_ (net)
                      0.199655    0.000290    3.680067 ^ _0803_/S (sky130_fd_sc_hd__mux2_1)
     1    0.001525    0.049395    0.328853    4.008919 v _0803_/X (sky130_fd_sc_hd__mux2_1)
                                                         _0148_ (net)
                      0.049395    0.000000    4.008920 v _0804_/B (sky130_fd_sc_hd__and2_2)
     1    0.001721    0.039688    0.179172    4.188092 v _0804_/X (sky130_fd_sc_hd__and2_2)
                                                         _0044_ (net)
                      0.039688    0.000000    4.188092 v _1428_/D (sky130_fd_sc_hd__dfxtp_2)
                                              4.188092   data arrival time

                                 10.000000   10.000000   clock clk (rise edge)
                                  0.000000   10.000000   clock source latency
    81    0.246353    1.101485    0.768054   10.768054 ^ clk (in)
                                                         clk (net)
                      1.101932    0.000000   10.768054 ^ _1428_/CLK (sky130_fd_sc_hd__dfxtp_2)
                                 -0.250000   10.518054   clock uncertainty
                                  0.000000   10.518054   clock reconvergence pessimism
                                  0.048922   10.566977   library setup time
                                             10.566977   data required time
---------------------------------------------------------------------------------------------
                                             10.566977   data required time
                                             -4.188092   data arrival time
---------------------------------------------------------------------------------------------
                                              6.378885   slack (MET)


Startpoint: addr[5] (input port clocked by clk)
Endpoint: _1426_ (rising edge-triggered flip-flop clocked by clk)
Path Group: clk
Path Type: max

Fanout         Cap        Slew       Delay        Time   Description
---------------------------------------------------------------------------------------------
                                  0.000000    0.000000   clock clk (rise edge)
                                  0.000000    0.000000   clock network delay (propagated)
                                  2.000000    2.000000 v input external delay
     1    0.002509    0.007960    0.003926    2.003926 v addr[5] (in)
                                                         addr[5] (net)
                      0.007960    0.000000    2.003926 v _0697_/A (sky130_fd_sc_hd__or4_2)
     2    0.003443    0.102798    0.649782    2.653707 v _0697_/X (sky130_fd_sc_hd__or4_2)
                                                         _0086_ (net)
                      0.102798    0.000015    2.653722 v _0700_/B (sky130_fd_sc_hd__or2_2)
     2    0.009057    0.071726    0.317921    2.971643 v _0700_/X (sky130_fd_sc_hd__or2_2)
                                                         _0088_ (net)
                      0.071726    0.000047    2.971690 v _0720_/A (sky130_fd_sc_hd__nor2_2)
     9    0.033977    0.374668    0.335024    3.306715 ^ _0720_/Y (sky130_fd_sc_hd__nor2_2)
                                                         _0100_ (net)
                      0.374668    0.000474    3.307189 ^ _0796_/C (sky130_fd_sc_hd__and3_2)
     8    0.038041    0.199655    0.372588    3.679776 ^ _0796_/X (sky130_fd_sc_hd__and3_2)
                                                         _0144_ (net)
                      0.199655    0.000255    3.680031 ^ _0799_/S (sky130_fd_sc_hd__mux2_1)
     1    0.001524    0.049387    0.328839    4.008869 v _0799_/X (sky130_fd_sc_hd__mux2_1)
                                                         _0146_ (net)
                      0.049387    0.000000    4.008870 v _0800_/B (sky130_fd_sc_hd__and2_2)
     1    0.001716    0.039672    0.179145    4.188015 v _0800_/X (sky130_fd_sc_hd__and2_2)
                                                         _0042_ (net)
                      0.039672    0.000000    4.188015 v _1426_/D (sky130_fd_sc_hd__dfxtp_2)
                                              4.188015   data arrival time

                                 10.000000   10.000000   clock clk (rise edge)
                                  0.000000   10.000000   clock source latency
    81    0.246353    1.101485    0.767980   10.767980 ^ clk (in)
                                                         clk (net)
                      1.101928    0.000000   10.767980 ^ _1426_/CLK (sky130_fd_sc_hd__dfxtp_2)
                                 -0.250000   10.517980   clock uncertainty
                                  0.000000   10.517980   clock reconvergence pessimism
                                  0.048929   10.566909   library setup time
                                             10.566909   data required time
---------------------------------------------------------------------------------------------
                                             10.566909   data required time
                                             -4.188015   data arrival time
---------------------------------------------------------------------------------------------
                                              6.378893   slack (MET)


Startpoint: addr[5] (input port clocked by clk)
Endpoint: _1425_ (rising edge-triggered flip-flop clocked by clk)
Path Group: clk
Path Type: max

Fanout         Cap        Slew       Delay        Time   Description
---------------------------------------------------------------------------------------------
                                  0.000000    0.000000   clock clk (rise edge)
                                  0.000000    0.000000   clock network delay (propagated)
                                  2.000000    2.000000 v input external delay
     1    0.002509    0.007960    0.003926    2.003926 v addr[5] (in)
                                                         addr[5] (net)
                      0.007960    0.000000    2.003926 v _0697_/A (sky130_fd_sc_hd__or4_2)
     2    0.003443    0.102798    0.649782    2.653707 v _0697_/X (sky130_fd_sc_hd__or4_2)
                                                         _0086_ (net)
                      0.102798    0.000015    2.653722 v _0700_/B (sky130_fd_sc_hd__or2_2)
     2    0.009057    0.071726    0.317921    2.971643 v _0700_/X (sky130_fd_sc_hd__or2_2)
                                                         _0088_ (net)
                      0.071726    0.000047    2.971690 v _0720_/A (sky130_fd_sc_hd__nor2_2)
     9    0.033977    0.374668    0.335024    3.306715 ^ _0720_/Y (sky130_fd_sc_hd__nor2_2)
                                                         _0100_ (net)
                      0.374668    0.000474    3.307189 ^ _0796_/C (sky130_fd_sc_hd__and3_2)
     8    0.038041    0.199655    0.372588    3.679776 ^ _0796_/X (sky130_fd_sc_hd__and3_2)
                                                         _0144_ (net)
                      0.199655    0.000182    3.679958 ^ _0797_/S (sky130_fd_sc_hd__mux2_1)
     1    0.001489    0.049187    0.328512    4.008470 v _0797_/X (sky130_fd_sc_hd__mux2_1)
                                                         _0145_ (net)
                      0.049187    0.000000    4.008471 v _0798_/B (sky130_fd_sc_hd__and2_2)
     1    0.001713    0.039663    0.179043    4.187513 v _0798_/X (sky130_fd_sc_hd__and2_2)
                                                         _0041_ (net)
                      0.039663    0.000000    4.187514 v _1425_/D (sky130_fd_sc_hd__dfxtp_2)
                                              4.187514   data arrival time

                                 10.000000   10.000000   clock clk (rise edge)
                                  0.000000   10.000000   clock source latency
    81    0.246353    1.101485    0.767959   10.767960 ^ clk (in)
                                                         clk (net)
                      1.101927    0.000000   10.767960 ^ _1425_/CLK (sky130_fd_sc_hd__dfxtp_2)
                                 -0.250000   10.517960   clock uncertainty
                                  0.000000   10.517960   clock reconvergence pessimism
                                  0.048933   10.566892   library setup time
                                             10.566892   data required time
---------------------------------------------------------------------------------------------
                                             10.566892   data required time
                                             -4.187514   data arrival time
---------------------------------------------------------------------------------------------
                                              6.379378   slack (MET)


Startpoint: _1425_ (rising edge-triggered flip-flop clocked by clk)
Endpoint: _1436_ (rising edge-triggered flip-flop clocked by clk)
Path Group: clk
Path Type: max

Fanout         Cap        Slew       Delay        Time   Description
---------------------------------------------------------------------------------------------
                                  0.000000    0.000000   clock clk (rise edge)
                                  0.000000    0.000000   clock source latency
    81    0.246353    1.101485    0.767959    0.767959 ^ clk (in)
                                                         clk (net)
                      1.101927    0.000000    0.767959 ^ _1425_/CLK (sky130_fd_sc_hd__dfxtp_2)
    22    0.074255    0.371494    0.750502    1.518460 ^ _1425_/Q (sky130_fd_sc_hd__dfxtp_2)
                                                         core_b[0] (net)
                      0.371494    0.000642    1.519102 ^ _0843_/A1 (sky130_fd_sc_hd__a22oi_2)
     3    0.010532    0.118538    0.167402    1.686504 v _0843_/Y (sky130_fd_sc_hd__a22oi_2)
                                                         _0180_ (net)
                      0.118538    0.000050    1.686554 v _0844_/C (sky130_fd_sc_hd__or3_2)
     2    0.006981    0.093029    0.451024    2.137578 v _0844_/X (sky130_fd_sc_hd__or3_2)
                                                         _0181_ (net)
                      0.093029    0.000015    2.137593 v _0848_/A1 (sky130_fd_sc_hd__a21o_2)
     2    0.006947    0.043696    0.215054    2.352647 v _0848_/X (sky130_fd_sc_hd__a21o_2)
                                                         _0185_ (net)
                      0.043696    0.000022    2.352669 v _0850_/B2 (sky130_fd_sc_hd__a22o_2)
     2    0.006502    0.050473    0.233245    2.585914 v _0850_/X (sky130_fd_sc_hd__a22o_2)
                                                         _0187_ (net)
                      0.050473    0.000012    2.585926 v _0851_/C (sky130_fd_sc_hd__and3_2)
     3    0.008227    0.050488    0.224116    2.810042 v _0851_/X (sky130_fd_sc_hd__and3_2)
                                                         _0188_ (net)
                      0.050488    0.000014    2.810055 v _0853_/A (sky130_fd_sc_hd__nor2_2)
     2    0.007127    0.106138    0.126824    2.936879 ^ _0853_/Y (sky130_fd_sc_hd__nor2_2)
                                                         _0190_ (net)
                      0.106138    0.000028    2.936908 ^ _0855_/B (sky130_fd_sc_hd__or2_2)
     2    0.007393    0.051616    0.134504    3.071412 ^ _0855_/X (sky130_fd_sc_hd__or2_2)
                                                         _0192_ (net)
                      0.051616    0.000008    3.071420 ^ _0856_/B (sky130_fd_sc_hd__nand2_2)
     1    0.008925    0.046341    0.062734    3.134154 v _0856_/Y (sky130_fd_sc_hd__nand2_2)
                                                         _0193_ (net)
                      0.046341    0.000017    3.134171 v _0858_/A (sky130_fd_sc_hd__xor2_2)
     1    0.005498    0.065684    0.170820    3.304991 v _0858_/X (sky130_fd_sc_hd__xor2_2)
                                                         _0195_ (net)
                      0.065684    0.000029    3.305021 v _0859_/B (sky130_fd_sc_hd__nand2_2)
     1    0.002692    0.103746    0.065198    3.370219 ^ _0859_/Y (sky130_fd_sc_hd__nand2_2)
                                                         _0196_ (net)
                      0.103746    0.000004    3.370222 ^ _0860_/C1 (sky130_fd_sc_hd__o211a_2)
     1    0.001830    0.051648    0.165080    3.535302 ^ _0860_/X (sky130_fd_sc_hd__o211a_2)
                                                         _0052_ (net)
                      0.051648    0.000001    3.535304 ^ _1436_/D (sky130_fd_sc_hd__dfxtp_2)
                                              3.535304   data arrival time

                                 10.000000   10.000000   clock clk (rise edge)
                                  0.000000   10.000000   clock source latency
    81    0.246353    1.101485    0.766111   10.766111 ^ clk (in)
                                                         clk (net)
                      1.101841    0.000000   10.766111 ^ _1436_/CLK (sky130_fd_sc_hd__dfxtp_2)
                                 -0.250000   10.516111   clock uncertainty
                                  0.000000   10.516111   clock reconvergence pessimism
                                  0.025156   10.541266   library setup time
                                             10.541266   data required time
---------------------------------------------------------------------------------------------
                                             10.541266   data required time
                                             -3.535304   data arrival time
---------------------------------------------------------------------------------------------
                                              7.005963   slack (MET)


Startpoint: rst (input port clocked by clk)
Endpoint: _1434_ (rising edge-triggered flip-flop clocked by clk)
Path Group: clk
Path Type: max

Fanout         Cap        Slew       Delay        Time   Description
---------------------------------------------------------------------------------------------
                                  0.000000    0.000000   clock clk (rise edge)
                                  0.000000    0.000000   clock network delay (propagated)
                                  2.000000    2.000000 v input external delay
     8    0.051197    0.114171    0.082961    2.082961 v rst (in)
                                                         rst (net)
                      0.114241    0.000000    2.082961 v _0694_/A (sky130_fd_sc_hd__inv_2)
    74    0.235880    1.055216    0.789715    2.872676 ^ _0694_/Y (sky130_fd_sc_hd__inv_2)
                                                         _0083_ (net)
                      1.055251    0.005195    2.877871 ^ _0825_/B1 (sky130_fd_sc_hd__o211a_2)
     1    0.002257    0.054237    0.333844    3.211716 ^ _0825_/X (sky130_fd_sc_hd__o211a_2)
                                                         _0050_ (net)
                      0.054237    0.000005    3.211720 ^ _1434_/D (sky130_fd_sc_hd__dfxtp_2)
                                              3.211720   data arrival time

                                 10.000000   10.000000   clock clk (rise edge)
                                  0.000000   10.000000   clock source latency
    81    0.246353    1.101485    0.767330   10.767330 ^ clk (in)
                                                         clk (net)
                      1.101897    0.000000   10.767330 ^ _1434_/CLK (sky130_fd_sc_hd__dfxtp_2)
                                 -0.250000   10.517330   clock uncertainty
                                  0.000000   10.517330   clock reconvergence pessimism
                                  0.024635   10.541965   library setup time
                                             10.541965   data required time
---------------------------------------------------------------------------------------------
                                             10.541965   data required time
                                             -3.211720   data arrival time
---------------------------------------------------------------------------------------------
                                              7.330244   slack (MET)


Startpoint: rst (input port clocked by clk)
Endpoint: _1433_ (rising edge-triggered flip-flop clocked by clk)
Path Group: clk
Path Type: max

Fanout         Cap        Slew       Delay        Time   Description
---------------------------------------------------------------------------------------------
                                  0.000000    0.000000   clock clk (rise edge)
                                  0.000000    0.000000   clock network delay (propagated)
                                  2.000000    2.000000 v input external delay
     8    0.051197    0.114171    0.082961    2.082961 v rst (in)
                                                         rst (net)
                      0.114241    0.000000    2.082961 v _0694_/A (sky130_fd_sc_hd__inv_2)
    74    0.235880    1.055216    0.789715    2.872676 ^ _0694_/Y (sky130_fd_sc_hd__inv_2)
                                                         _0083_ (net)
                      1.055259    0.005773    2.878449 ^ _0816_/A (sky130_fd_sc_hd__and3_2)
     1    0.001748    0.058986    0.332022    3.210472 ^ _0816_/X (sky130_fd_sc_hd__and3_2)
                                                         _0049_ (net)
                      0.058986    0.000000    3.210472 ^ _1433_/D (sky130_fd_sc_hd__dfxtp_2)
                                              3.210472   data arrival time

                                 10.000000   10.000000   clock clk (rise edge)
                                  0.000000   10.000000   clock source latency
    81    0.246353    1.101485    0.767884   10.767884 ^ clk (in)
                                                         clk (net)
                      1.101924    0.000000   10.767884 ^ _1433_/CLK (sky130_fd_sc_hd__dfxtp_2)
                                 -0.250000   10.517884   clock uncertainty
                                  0.000000   10.517884   clock reconvergence pessimism
                                  0.023676   10.541561   library setup time
                                             10.541561   data required time
---------------------------------------------------------------------------------------------
                                             10.541561   data required time
                                             -3.210472   data arrival time
---------------------------------------------------------------------------------------------
                                              7.331089   slack (MET)


Startpoint: rst (input port clocked by clk)
Endpoint: _1435_ (rising edge-triggered flip-flop clocked by clk)
Path Group: clk
Path Type: max

Fanout         Cap        Slew       Delay        Time   Description
---------------------------------------------------------------------------------------------
                                  0.000000    0.000000   clock clk (rise edge)
                                  0.000000    0.000000   clock network delay (propagated)
                                  2.000000    2.000000 v input external delay
     8    0.051197    0.114171    0.082961    2.082961 v rst (in)
                                                         rst (net)
                      0.114241    0.000000    2.082961 v _0694_/A (sky130_fd_sc_hd__inv_2)
    74    0.235880    1.055216    0.789715    2.872676 ^ _0694_/Y (sky130_fd_sc_hd__inv_2)
                                                         _0083_ (net)
                      1.055244    0.004660    2.877336 ^ _0840_/B1 (sky130_fd_sc_hd__o211a_2)
     1    0.002134    0.053490    0.332884    3.210220 ^ _0840_/X (sky130_fd_sc_hd__o211a_2)
                                                         _0051_ (net)
                      0.053490    0.000004    3.210224 ^ _1435_/D (sky130_fd_sc_hd__dfxtp_2)
                                              3.210224   data arrival time

                                 10.000000   10.000000   clock clk (rise edge)
                                  0.000000   10.000000   clock source latency
    81    0.246353    1.101485    0.766938   10.766938 ^ clk (in)
                                                         clk (net)
                      1.101879    0.000000   10.766938 ^ _1435_/CLK (sky130_fd_sc_hd__dfxtp_2)
                                 -0.250000   10.516938   clock uncertainty
                                  0.000000   10.516938   clock reconvergence pessimism
                                  0.024785   10.541723   library setup time
                                             10.541723   data required time
---------------------------------------------------------------------------------------------
                                             10.541723   data required time
                                             -3.210224   data arrival time
---------------------------------------------------------------------------------------------
                                              7.331499   slack (MET)


Startpoint: addr[5] (input port clocked by clk)
Endpoint: _1384_ (rising edge-triggered flip-flop clocked by clk)
Path Group: clk
Path Type: max

Fanout         Cap        Slew       Delay        Time   Description
---------------------------------------------------------------------------------------------
                                  0.000000    0.000000   clock clk (rise edge)
                                  0.000000    0.000000   clock network delay (propagated)
                                  2.000000    2.000000 v input external delay
     1    0.002509    0.007960    0.003926    2.003926 v addr[5] (in)
                                                         addr[5] (net)
                      0.007960    0.000000    2.003926 v _0697_/A (sky130_fd_sc_hd__or4_2)
     2    0.003443    0.102798    0.649782    2.653707 v _0697_/X (sky130_fd_sc_hd__or4_2)
                                                         _0086_ (net)
                      0.102798    0.000014    2.653721 v _0698_/B (sky130_fd_sc_hd__or2_2)
     2    0.008689    0.073200    0.316349    2.970070 v _0698_/X (sky130_fd_sc_hd__or2_2)
                                                         _0087_ (net)
                      0.073200    0.000013    2.970083 v _0699_/C (sky130_fd_sc_hd__nor3_2)
     1    0.001867    0.102120    0.092664    3.062748 ^ _0699_/Y (sky130_fd_sc_hd__nor3_2)
                                                         _0000_ (net)
                      0.102120    0.000002    3.062750 ^ _1384_/D (sky130_fd_sc_hd__dfxtp_2)
                                              3.062750   data arrival time

                                 10.000000   10.000000   clock clk (rise edge)
                                  0.000000   10.000000   clock source latency
    81    0.246353    1.101485    0.765975   10.765975 ^ clk (in)
                                                         clk (net)
                      1.101835    0.000000   10.765975 ^ _1384_/CLK (sky130_fd_sc_hd__dfxtp_2)
                                 -0.250000   10.515975   clock uncertainty
                                  0.000000   10.515975   clock reconvergence pessimism
                                  0.014960   10.530935   library setup time
                                             10.530935   data required time
---------------------------------------------------------------------------------------------
                                             10.530935   data required time
                                             -3.062750   data arrival time
---------------------------------------------------------------------------------------------
                                              7.468185   slack (MET)



%OL_END_REPORT
%OL_CREATE_REPORT checks.rpt

===========================================================================
report_checks -unconstrained
===========================================================================
======================= nom_tt_025C_1v80 Corner ===================================

Startpoint: _1425_ (rising edge-triggered flip-flop clocked by clk)
Endpoint: _1456_ (rising edge-triggered flip-flop clocked by clk)
Path Group: clk
Path Type: max

Fanout         Cap        Slew       Delay        Time   Description
---------------------------------------------------------------------------------------------
                                  0.000000    0.000000   clock clk (rise edge)
                                  0.000000    0.000000   clock source latency
    81    0.246353    1.101485    0.767959    0.767959 ^ clk (in)
                                                         clk (net)
                      1.101927    0.000000    0.767959 ^ _1425_/CLK (sky130_fd_sc_hd__dfxtp_2)
    22    0.070188    0.163517    0.615386    1.383344 v _1425_/Q (sky130_fd_sc_hd__dfxtp_2)
                                                         core_b[0] (net)
                      0.163517    0.000268    1.383612 v _1019_/B (sky130_fd_sc_hd__and3_2)
     7    0.015859    0.067182    0.283510    1.667122 v _1019_/X (sky130_fd_sc_hd__and3_2)
                                                         _0351_ (net)
                      0.067182    0.000020    1.667142 v _1023_/A (sky130_fd_sc_hd__or4bb_2)
     2    0.006922    0.112485    0.655741    2.322882 v _1023_/X (sky130_fd_sc_hd__or4bb_2)
                                                         _0355_ (net)
                      0.112485    0.000013    2.322896 v _1026_/A2 (sky130_fd_sc_hd__a21o_2)
     3    0.010419    0.052716    0.256198    2.579093 v _1026_/X (sky130_fd_sc_hd__a21o_2)
                                                         _0358_ (net)
                      0.052716    0.000068    2.579162 v _1028_/A2 (sky130_fd_sc_hd__a21o_2)
     2    0.007263    0.044444    0.222496    2.801658 v _1028_/X (sky130_fd_sc_hd__a21o_2)
                                                         _0360_ (net)
                      0.044444    0.000024    2.801682 v _1031_/A2 (sky130_fd_sc_hd__a21o_2)
     3    0.013591    0.059196    0.238652    3.040334 v _1031_/X (sky130_fd_sc_hd__a21o_2)
                                                         _0363_ (net)
                      0.059196    0.000158    3.040492 v _1032_/C (sky130_fd_sc_hd__and3_2)
     3    0.009314    0.053221    0.231663    3.272155 v _1032_/X (sky130_fd_sc_hd__and3_2)
                                                         _0364_ (net)
                      0.053221    0.000043    3.272197 v _1037_/A1 (sky130_fd_sc_hd__o211a_2)
     2    0.005818    0.049812    0.267121    3.539319 v _1037_/X (sky130_fd_sc_hd__o211a_2)
                                                         _0369_ (net)
                      0.049812    0.000000    3.539319 v _1038_/C (sky130_fd_sc_hd__or3_2)
     4    0.012460    0.109253    0.460021    3.999341 v _1038_/X (sky130_fd_sc_hd__or3_2)
                                                         _0370_ (net)
                      0.109253    0.000025    3.999365 v _1082_/A2 (sky130_fd_sc_hd__a211o_2)
     3    0.007787    0.060519    0.367757    4.367123 v _1082_/X (sky130_fd_sc_hd__a211o_2)
                                                         _0413_ (net)
                      0.060519    0.000026    4.367148 v _1125_/D (sky130_fd_sc_hd__and4b_2)
     2    0.005139    0.048029    0.246873    4.614021 v _1125_/X (sky130_fd_sc_hd__and4b_2)
                                                         _0455_ (net)
                      0.048029    0.000015    4.614037 v _1196_/A2 (sky130_fd_sc_hd__a211o_2)
     3    0.011840    0.072591    0.361666    4.975703 v _1196_/X (sky130_fd_sc_hd__a211o_2)
                                                         _0524_ (net)
                      0.072591    0.000173    4.975875 v _1234_/A2 (sky130_fd_sc_hd__a31o_2)
     2    0.013560    0.064169    0.272137    5.248013 v _1234_/X (sky130_fd_sc_hd__a31o_2)
                                                         _0560_ (net)
                      0.064169    0.000020    5.248033 v _1247_/A (sky130_fd_sc_hd__nand2_2)
     1    0.002949    0.042909    0.055424    5.303456 ^ _1247_/Y (sky130_fd_sc_hd__nand2_2)
                                                         _0573_ (net)
                      0.042909    0.000007    5.303463 ^ _1266_/B1 (sky130_fd_sc_hd__o211a_2)
    36    0.203805    1.132577    0.922978    6.226440 ^ _1266_/X (sky130_fd_sc_hd__o211a_2)
                                                         _0591_ (net)
                      1.132643    0.007271    6.233712 ^ _1281_/B (sky130_fd_sc_hd__xnor2_2)
     3    0.011606    0.182233    0.173119    6.406831 v _1281_/Y (sky130_fd_sc_hd__xnor2_2)
                                                         _0604_ (net)
                      0.182233    0.000015    6.406846 v _1299_/B (sky130_fd_sc_hd__or4_2)
     1    0.002806    0.098951    0.675107    7.081953 v _1299_/X (sky130_fd_sc_hd__or4_2)
                                                         _0619_ (net)
                      0.098951    0.000012    7.081964 v _1300_/C1 (sky130_fd_sc_hd__a311o_2)
     2    0.006116    0.062470    0.334616    7.416581 v _1300_/X (sky130_fd_sc_hd__a311o_2)
                                                         _0620_ (net)
                      0.062470    0.000076    7.416657 v _1303_/A (sky130_fd_sc_hd__and2_2)
     2    0.006136    0.044588    0.182020    7.598677 v _1303_/X (sky130_fd_sc_hd__and2_2)
                                                         _0623_ (net)
                      0.044588    0.000014    7.598691 v _1304_/B (sky130_fd_sc_hd__or2_2)
     3    0.006167    0.064125    0.283804    7.882495 v _1304_/X (sky130_fd_sc_hd__or2_2)
                                                         _0624_ (net)
                      0.064125    0.000017    7.882512 v _1317_/B1 (sky130_fd_sc_hd__a2bb2o_2)
     2    0.011187    0.066206    0.292740    8.175252 v _1317_/X (sky130_fd_sc_hd__a2bb2o_2)
                                                         _0635_ (net)
                      0.066206    0.000049    8.175301 v _1322_/A2 (sky130_fd_sc_hd__o21a_2)
     1    0.008572    0.047499    0.215041    8.390342 v _1322_/X (sky130_fd_sc_hd__o21a_2)
                                                         _0639_ (net)
                      0.047499    0.000023    8.390365 v _1323_/B (sky130_fd_sc_hd__xnor2_2)
     1    0.004923    0.063326    0.128301    8.518666 v _1323_/Y (sky130_fd_sc_hd__xnor2_2)
                                                         _0640_ (net)
                      0.063326    0.000015    8.518682 v _1325_/A2 (sky130_fd_sc_hd__a211oi_2)
     1    0.001898    0.131359    0.196547    8.715228 ^ _1325_/Y (sky130_fd_sc_hd__a211oi_2)
                                                         _0072_ (net)
                      0.131359    0.000002    8.715230 ^ _1456_/D (sky130_fd_sc_hd__dfxtp_2)
                                              8.715230   data arrival time

                                 10.000000   10.000000   clock clk (rise edge)
                                  0.000000   10.000000   clock source latency
    81    0.246353    1.101485    0.760827   10.760827 ^ clk (in)
                                                         clk (net)
                      1.101648    0.000000   10.760827 ^ _1456_/CLK (sky130_fd_sc_hd__dfxtp_2)
                                 -0.250000   10.510827   clock uncertainty
                                  0.000000   10.510827   clock reconvergence pessimism
                                  0.009048   10.519875   library setup time
                                             10.519875   data required time
---------------------------------------------------------------------------------------------
                                             10.519875   data required time
                                             -8.715230   data arrival time
---------------------------------------------------------------------------------------------
                                              1.804645   slack (MET)




===========================================================================
report_checks --slack_max -0.01
============================================================================
======================= nom_tt_025C_1v80 Corner ===================================

No paths found.


===========================================================================
 report_check_types -max_slew -max_cap -max_fanout -violators
============================================================================
======================= nom_tt_025C_1v80 Corner ===================================

max slew

Pin                                        Limit        Slew       Slack
------------------------------------------------------------------------
_1202_/A                                0.750000    1.269410   -0.519410 (VIOLATED)
_1203_/A1                               0.750000    1.269410   -0.519410 (VIOLATED)
_1231_/A                                0.750000    1.269409   -0.519409 (VIOLATED)
_1232_/A1                               0.750000    1.269409   -0.519409 (VIOLATED)
_1259_/B1                               0.750000    1.269407   -0.519407 (VIOLATED)
_1260_/A1                               0.750000    1.269407   -0.519407 (VIOLATED)
_1271_/B1                               0.750000    1.269404   -0.519404 (VIOLATED)
_1272_/A1                               0.750000    1.269404   -0.519404 (VIOLATED)
_1279_/B1_N                             0.750000    1.269400   -0.519400 (VIOLATED)
_1280_/A1                               0.750000    1.269400   -0.519400 (VIOLATED)
_1291_/A                                0.750000    1.269396   -0.519396 (VIOLATED)
_1292_/A1                               0.750000    1.269396   -0.519396 (VIOLATED)
_1319_/A                                0.750000    1.269391   -0.519391 (VIOLATED)
_1320_/A1                               0.750000    1.269391   -0.519391 (VIOLATED)
_1310_/B1_N                             0.750000    1.269390   -0.519390 (VIOLATED)
_1312_/A1                               0.750000    1.269390   -0.519391 (VIOLATED)
_1297_/A1                               0.750000    1.269389   -0.519389 (VIOLATED)
_1306_/B1_N                             0.750000    1.269389   -0.519389 (VIOLATED)
_1307_/A1                               0.750000    1.269389   -0.519389 (VIOLATED)
_1296_/A                                0.750000    1.269388   -0.519388 (VIOLATED)
_1333_/A1                               0.750000    1.269374   -0.519374 (VIOLATED)
_1167_/B1                               0.750000    1.269374   -0.519374 (VIOLATED)
_1168_/A1                               0.750000    1.269374   -0.519374 (VIOLATED)
_1332_/B1_N                             0.750000    1.269373   -0.519373 (VIOLATED)
_1134_/A                                0.750000    1.269372   -0.519372 (VIOLATED)
_1135_/A1                               0.750000    1.269373   -0.519373 (VIOLATED)
_1091_/B1                               0.750000    1.269370   -0.519370 (VIOLATED)
_1092_/A1                               0.750000    1.269370   -0.519370 (VIOLATED)
_1283_/B1_N                             0.750000    1.269368   -0.519368 (VIOLATED)
_1285_/A1                               0.750000    1.269367   -0.519367 (VIOLATED)
_1049_/S                                0.750000    1.269358   -0.519358 (VIOLATED)
_1002_/B1_N                             0.750000    1.269346   -0.519346 (VIOLATED)
_1350_/A                                0.750000    1.269340   -0.519340 (VIOLATED)
_1351_/A1                               0.750000    1.269340   -0.519340 (VIOLATED)
_1003_/A1                               0.750000    1.269335   -0.519335 (VIOLATED)
_1324_/A                                0.750000    1.269327   -0.519327 (VIOLATED)
_1325_/A1                               0.750000    1.269327   -0.519327 (VIOLATED)
_1337_/A                                0.750000    1.269326   -0.519327 (VIOLATED)
_1338_/A1                               0.750000    1.269327   -0.519327 (VIOLATED)
_1345_/A                                0.750000    1.269325   -0.519325 (VIOLATED)
_1346_/A1                               0.750000    1.269325   -0.519325 (VIOLATED)
_1361_/A                                0.750000    1.269324   -0.519324 (VIOLATED)
_1362_/A1                               0.750000    1.269321   -0.519322 (VIOLATED)
_1377_/A                                0.750000    1.269319   -0.519319 (VIOLATED)
_1378_/A1                               0.750000    1.269319   -0.519319 (VIOLATED)
_1367_/A1                               0.750000    1.269318   -0.519318 (VIOLATED)
_1366_/A                                0.750000    1.269316   -0.519316 (VIOLATED)
_1382_/B                                0.750000    1.269316   -0.519316 (VIOLATED)
_1381_/B1                               0.750000    1.269315   -0.519315 (VIOLATED)
_0958_/A1                               0.750000    1.269306   -0.519306 (VIOLATED)
_0957_/A                                0.750000    1.269304   -0.519304 (VIOLATED)
_0917_/A                                0.750000    1.269293   -0.519293 (VIOLATED)
_0918_/A1                               0.750000    1.269292   -0.519292 (VIOLATED)
_0884_/S                                0.750000    1.269284   -0.519284 (VIOLATED)
_0813_/A1                               0.750000    1.269282   -0.519282 (VIOLATED)
_0815_/A                                0.750000    1.269282   -0.519282 (VIOLATED)
_0824_/A                                0.750000    1.269282   -0.519282 (VIOLATED)
_0825_/A1                               0.750000    1.269282   -0.519282 (VIOLATED)
_0839_/A                                0.750000    1.269282   -0.519282 (VIOLATED)
_0840_/A1                               0.750000    1.269282   -0.519282 (VIOLATED)
_0859_/A                                0.750000    1.269282   -0.519282 (VIOLATED)
_0860_/A1                               0.750000    1.269282   -0.519282 (VIOLATED)
_1384_/Q                                0.750000    1.269282   -0.519282 (VIOLATED)
_1379_/B                                0.750000    1.132678   -0.382678 (VIOLATED)
_1368_/B                                0.750000    1.132677   -0.382677 (VIOLATED)
_1369_/B                                0.750000    1.132677   -0.382677 (VIOLATED)
_1356_/B                                0.750000    1.132676   -0.382676 (VIOLATED)
_1357_/B                                0.750000    1.132676   -0.382676 (VIOLATED)
_1373_/B1                               0.750000    1.132676   -0.382676 (VIOLATED)
_1363_/B                                0.750000    1.132674   -0.382674 (VIOLATED)
_1354_/B1                               0.750000    1.132669   -0.382669 (VIOLATED)
_1339_/B                                0.750000    1.132668   -0.382668 (VIOLATED)
_1340_/B                                0.750000    1.132667   -0.382667 (VIOLATED)
_1334_/B                                0.750000    1.132664   -0.382664 (VIOLATED)
_1342_/B1                               0.750000    1.132663   -0.382663 (VIOLATED)
_1343_/A2_N                             0.750000    1.132663   -0.382663 (VIOLATED)
_1321_/B                                0.750000    1.132662   -0.382662 (VIOLATED)
_1335_/A2                               0.750000    1.132662   -0.382662 (VIOLATED)
_1309_/A2                               0.750000    1.132661   -0.382661 (VIOLATED)
_1313_/B                                0.750000    1.132661   -0.382661 (VIOLATED)
_1314_/B                                0.750000    1.132661   -0.382661 (VIOLATED)
_1316_/B1                               0.750000    1.132661   -0.382661 (VIOLATED)
_1317_/A2_N                             0.750000    1.132661   -0.382661 (VIOLATED)
_1327_/B1                               0.750000    1.132661   -0.382661 (VIOLATED)
_1347_/B                                0.750000    1.132661   -0.382661 (VIOLATED)
_1308_/B                                0.750000    1.132659   -0.382659 (VIOLATED)
_1326_/B                                0.750000    1.132655   -0.382655 (VIOLATED)
_1298_/B                                0.750000    1.132655   -0.382655 (VIOLATED)
_1293_/B                                0.750000    1.132646   -0.382646 (VIOLATED)
_1281_/B                                0.750000    1.132643   -0.382643 (VIOLATED)
_1301_/B1                               0.750000    1.132643   -0.382643 (VIOLATED)
_1286_/B                                0.750000    1.132638   -0.382638 (VIOLATED)
_1288_/B1                               0.750000    1.132638   -0.382638 (VIOLATED)
_1289_/A2_N                             0.750000    1.132638   -0.382638 (VIOLATED)
_1287_/B                                0.750000    1.132638   -0.382638 (VIOLATED)
_1282_/A2                               0.750000    1.132637   -0.382637 (VIOLATED)
_1273_/B                                0.750000    1.132622   -0.382622 (VIOLATED)
_1267_/B                                0.750000    1.132608   -0.382608 (VIOLATED)
_1268_/B                                0.750000    1.132608   -0.382608 (VIOLATED)
_1266_/X                                0.750000    1.132577   -0.382577 (VIOLATED)
_1428_/CLK                              0.750000    1.101932   -0.351932 (VIOLATED)
_1388_/CLK                              0.750000    1.101931   -0.351931 (VIOLATED)
_1389_/CLK                              0.750000    1.101930   -0.351930 (VIOLATED)
_1427_/CLK                              0.750000    1.101930   -0.351930 (VIOLATED)
_1430_/CLK                              0.750000    1.101929   -0.351929 (VIOLATED)
_1426_/CLK                              0.750000    1.101928   -0.351928 (VIOLATED)
_1425_/CLK                              0.750000    1.101927   -0.351927 (VIOLATED)
_1433_/CLK                              0.750000    1.101924   -0.351924 (VIOLATED)
_1386_/CLK                              0.750000    1.101923   -0.351923 (VIOLATED)
_1385_/CLK                              0.750000    1.101922   -0.351922 (VIOLATED)
_1387_/CLK                              0.750000    1.101917   -0.351917 (VIOLATED)
_1393_/CLK                              0.750000    1.101912   -0.351912 (VIOLATED)
_1394_/CLK                              0.750000    1.101903   -0.351904 (VIOLATED)
_1434_/CLK                              0.750000    1.101897   -0.351897 (VIOLATED)
_1395_/CLK                              0.750000    1.101890   -0.351890 (VIOLATED)
_1435_/CLK                              0.750000    1.101879   -0.351879 (VIOLATED)
_1396_/CLK                              0.750000    1.101869   -0.351869 (VIOLATED)
_1398_/CLK                              0.750000    1.101856   -0.351856 (VIOLATED)
_1436_/CLK                              0.750000    1.101841   -0.351841 (VIOLATED)
_1384_/CLK                              0.750000    1.101835   -0.351836 (VIOLATED)
_1397_/CLK                              0.750000    1.101829   -0.351829 (VIOLATED)
_1437_/CLK                              0.750000    1.101818   -0.351818 (VIOLATED)
_1399_/CLK                              0.750000    1.101806   -0.351806 (VIOLATED)
_1424_/CLK                              0.750000    1.101805   -0.351805 (VIOLATED)
_1438_/CLK                              0.750000    1.101787   -0.351788 (VIOLATED)
_1423_/CLK                              0.750000    1.101781   -0.351781 (VIOLATED)
_1464_/CLK                              0.750000    1.101780   -0.351780 (VIOLATED)
_1439_/CLK                              0.750000    1.101769   -0.351769 (VIOLATED)
_1462_/CLK                              0.750000    1.101756   -0.351756 (VIOLATED)
_1440_/CLK                              0.750000    1.101732   -0.351732 (VIOLATED)
_1460_/CLK                              0.750000    1.101721   -0.351721 (VIOLATED)
_1441_/CLK                              0.750000    1.101698   -0.351698 (VIOLATED)
_1450_/CLK                              0.750000    1.101681   -0.351681 (VIOLATED)
_1457_/CLK                              0.750000    1.101675   -0.351675 (VIOLATED)
_1461_/CLK                              0.750000    1.101663   -0.351662 (VIOLATED)
_1463_/CLK                              0.750000    1.101663   -0.351663 (VIOLATED)
_1400_/CLK                              0.750000    1.101662   -0.351662 (VIOLATED)
_1422_/CLK                              0.750000    1.101662   -0.351662 (VIOLATED)
_1420_/CLK                              0.750000    1.101661   -0.351661 (VIOLATED)
_1421_/CLK                              0.750000    1.101660   -0.351660 (VIOLATED)
_1418_/CLK                              0.750000    1.101659   -0.351659 (VIOLATED)
_1401_/CLK                              0.750000    1.101657   -0.351657 (VIOLATED)
_1442_/CLK                              0.750000    1.101655   -0.351655 (VIOLATED)
_1419_/CLK                              0.750000    1.101654   -0.351654 (VIOLATED)
_1459_/CLK                              0.750000    1.101651   -0.351651 (VIOLATED)
_1458_/CLK                              0.750000    1.101651   -0.351651 (VIOLATED)
_1456_/CLK                              0.750000    1.101648   -0.351648 (VIOLATED)
_1416_/CLK                              0.750000    1.101646   -0.351646 (VIOLATED)
_1443_/CLK                              0.750000    1.101634   -0.351634 (VIOLATED)
_1455_/CLK                              0.750000    1.101634   -0.351634 (VIOLATED)
_1454_/CLK                              0.750000    1.101627   -0.351628 (VIOLATED)
_1417_/CLK                              0.750000    1.101620   -0.351620 (VIOLATED)
_1444_/CLK                              0.750000    1.101615   -0.351615 (VIOLATED)
_1452_/CLK                              0.750000    1.101615   -0.351615 (VIOLATED)
_1453_/CLK                              0.750000    1.101616   -0.351616 (VIOLATED)
_1410_/CLK                              0.750000    1.101612   -0.351613 (VIOLATED)
_1414_/CLK                              0.750000    1.101609   -0.351609 (VIOLATED)
_1415_/CLK                              0.750000    1.101609   -0.351609 (VIOLATED)
_1413_/CLK                              0.750000    1.101609   -0.351609 (VIOLATED)
_1412_/CLK                              0.750000    1.101605   -0.351605 (VIOLATED)
_1411_/CLK                              0.750000    1.101598   -0.351598 (VIOLATED)
_1402_/CLK                              0.750000    1.101592   -0.351592 (VIOLATED)
_1448_/CLK                              0.750000    1.101592   -0.351592 (VIOLATED)
_1449_/CLK                              0.750000    1.101593   -0.351593 (VIOLATED)
_1451_/CLK                              0.750000    1.101593   -0.351593 (VIOLATED)
_1447_/CLK                              0.750000    1.101592   -0.351592 (VIOLATED)
_1409_/CLK                              0.750000    1.101590   -0.351590 (VIOLATED)
_1445_/CLK                              0.750000    1.101584   -0.351584 (VIOLATED)
_1446_/CLK                              0.750000    1.101584   -0.351584 (VIOLATED)
_1408_/CLK                              0.750000    1.101583   -0.351583 (VIOLATED)
_1404_/CLK                              0.750000    1.101579   -0.351579 (VIOLATED)
_1403_/CLK                              0.750000    1.101577   -0.351577 (VIOLATED)
_1407_/CLK                              0.750000    1.101570   -0.351571 (VIOLATED)
_1406_/CLK                              0.750000    1.101553   -0.351553 (VIOLATED)
_1405_/CLK                              0.750000    1.101543   -0.351543 (VIOLATED)
_1390_/CLK                              0.750000    1.101492   -0.351492 (VIOLATED)
_1391_/CLK                              0.750000    1.101492   -0.351492 (VIOLATED)
_1392_/CLK                              0.750000    1.101492   -0.351492 (VIOLATED)
_1429_/CLK                              0.750000    1.101492   -0.351492 (VIOLATED)
_1431_/CLK                              0.750000    1.101492   -0.351492 (VIOLATED)
_1432_/CLK                              0.750000    1.101492   -0.351492 (VIOLATED)
clk                                     0.750000    1.101485   -0.351485 (VIOLATED)
_0757_/C1                               0.750000    1.055363   -0.305363 (VIOLATED)
_0759_/C1                               0.750000    1.055362   -0.305362 (VIOLATED)
_0761_/C1                               0.750000    1.055362   -0.305362 (VIOLATED)
_0753_/C1                               0.750000    1.055361   -0.305361 (VIOLATED)
_1203_/B1                               0.750000    1.055361   -0.305361 (VIOLATED)
_1232_/B1                               0.750000    1.055361   -0.305361 (VIOLATED)
_0755_/C1                               0.750000    1.055360   -0.305360 (VIOLATED)
_0763_/C1                               0.750000    1.055359   -0.305360 (VIOLATED)
_1260_/B1                               0.750000    1.055359   -0.305359 (VIOLATED)
_0777_/C1                               0.750000    1.055358   -0.305358 (VIOLATED)
_0775_/C1                               0.750000    1.055357   -0.305357 (VIOLATED)
_0765_/C1                               0.750000    1.055357   -0.305357 (VIOLATED)
_0751_/C1                               0.750000    1.055357   -0.305357 (VIOLATED)
_1272_/C1                               0.750000    1.055357   -0.305357 (VIOLATED)
_0769_/C1                               0.750000    1.055357   -0.305357 (VIOLATED)
_0773_/C1                               0.750000    1.055357   -0.305357 (VIOLATED)
_1280_/B1                               0.750000    1.055357   -0.305357 (VIOLATED)
_0771_/C1                               0.750000    1.055356   -0.305356 (VIOLATED)
_1292_/B1                               0.750000    1.055355   -0.305355 (VIOLATED)
_0767_/C1                               0.750000    1.055354   -0.305355 (VIOLATED)
_0781_/C1                               0.750000    1.055355   -0.305355 (VIOLATED)
_1168_/B1                               0.750000    1.055351   -0.305351 (VIOLATED)
_1312_/B1                               0.750000    1.055351   -0.305351 (VIOLATED)
_1320_/B1                               0.750000    1.055351   -0.305351 (VIOLATED)
_1297_/B1                               0.750000    1.055350   -0.305350 (VIOLATED)
_1307_/B1                               0.750000    1.055350   -0.305350 (VIOLATED)
_1135_/B1                               0.750000    1.055349   -0.305349 (VIOLATED)
_1092_/B1                               0.750000    1.055340   -0.305340 (VIOLATED)
_1333_/B1                               0.750000    1.055338   -0.305338 (VIOLATED)
_1285_/B1                               0.750000    1.055335   -0.305335 (VIOLATED)
_1050_/A                                0.750000    1.055320   -0.305320 (VIOLATED)
_1003_/B1                               0.750000    1.055297   -0.305297 (VIOLATED)
_0779_/C1                               0.750000    1.055270   -0.305270 (VIOLATED)
_0749_/C1                               0.750000    1.055269   -0.305269 (VIOLATED)
_0785_/C1                               0.750000    1.055269   -0.305269 (VIOLATED)
_0958_/B1                               0.750000    1.055269   -0.305269 (VIOLATED)
_0783_/C1                               0.750000    1.055269   -0.305269 (VIOLATED)
_1346_/B1                               0.750000    1.055269   -0.305269 (VIOLATED)
_0716_/A                                0.750000    1.055267   -0.305267 (VIOLATED)
_0787_/C1                               0.750000    1.055267   -0.305267 (VIOLATED)
_0810_/A                                0.750000    1.055268   -0.305268 (VIOLATED)
_0812_/A                                0.750000    1.055267   -0.305267 (VIOLATED)
_0718_/A                                0.750000    1.055267   -0.305267 (VIOLATED)
_0789_/C1                               0.750000    1.055266   -0.305266 (VIOLATED)
_0806_/A                                0.750000    1.055266   -0.305266 (VIOLATED)
_0714_/A                                0.750000    1.055265   -0.305265 (VIOLATED)
_0808_/A                                0.750000    1.055265   -0.305265 (VIOLATED)
_1362_/B1                               0.750000    1.055265   -0.305265 (VIOLATED)
_0712_/A                                0.750000    1.055265   -0.305265 (VIOLATED)
_0747_/C1                               0.750000    1.055265   -0.305265 (VIOLATED)
_0710_/A                                0.750000    1.055264   -0.305264 (VIOLATED)
_0804_/A                                0.750000    1.055264   -0.305264 (VIOLATED)
_0791_/C1                               0.750000    1.055264   -0.305263 (VIOLATED)
_0802_/A                                0.750000    1.055263   -0.305263 (VIOLATED)
_0708_/A                                0.750000    1.055261   -0.305261 (VIOLATED)
_0706_/A                                0.750000    1.055259   -0.305259 (VIOLATED)
_0800_/A                                0.750000    1.055259   -0.305259 (VIOLATED)
_0816_/A                                0.750000    1.055259   -0.305259 (VIOLATED)
_0704_/A                                0.750000    1.055259   -0.305259 (VIOLATED)
_0798_/A                                0.750000    1.055259   -0.305259 (VIOLATED)
_0793_/C1                               0.750000    1.055259   -0.305259 (VIOLATED)
_0918_/B1                               0.750000    1.055257   -0.305257 (VIOLATED)
_0726_/C1                               0.750000    1.055256   -0.305256 (VIOLATED)
_0795_/C1                               0.750000    1.055254   -0.305254 (VIOLATED)
_0729_/C1                               0.750000    1.055253   -0.305253 (VIOLATED)
_0825_/B1                               0.750000    1.055251   -0.305251 (VIOLATED)
_0732_/C1                               0.750000    1.055248   -0.305248 (VIOLATED)
_0744_/C1                               0.750000    1.055247   -0.305247 (VIOLATED)
_0840_/B1                               0.750000    1.055244   -0.305244 (VIOLATED)
_0735_/C1                               0.750000    1.055241   -0.305241 (VIOLATED)
_0885_/A                                0.750000    1.055237   -0.305237 (VIOLATED)
_0741_/C1                               0.750000    1.055237   -0.305237 (VIOLATED)
_0860_/B1                               0.750000    1.055233   -0.305233 (VIOLATED)
_0738_/C1                               0.750000    1.055231   -0.305231 (VIOLATED)
_0694_/Y                                0.750000    1.055216   -0.305216 (VIOLATED)
_0774_/B                                0.750000    1.010611   -0.260611 (VIOLATED)
_0776_/B                                0.750000    1.010611   -0.260611 (VIOLATED)
_0754_/B                                0.750000    1.010610   -0.260611 (VIOLATED)
_0756_/B                                0.750000    1.010611   -0.260611 (VIOLATED)
_0758_/B                                0.750000    1.010611   -0.260611 (VIOLATED)
_0772_/B                                0.750000    1.010611   -0.260611 (VIOLATED)
_0780_/B                                0.750000    1.010610   -0.260610 (VIOLATED)
_0760_/B                                0.750000    1.010610   -0.260610 (VIOLATED)
_0766_/B                                0.750000    1.010610   -0.260610 (VIOLATED)
_0752_/B                                0.750000    1.010610   -0.260610 (VIOLATED)
_0770_/B                                0.750000    1.010610   -0.260610 (VIOLATED)
_0762_/B                                0.750000    1.010609   -0.260609 (VIOLATED)
_0768_/B                                0.750000    1.010609   -0.260609 (VIOLATED)
_0764_/B                                0.750000    1.010608   -0.260608 (VIOLATED)
_0750_/B                                0.750000    1.010603   -0.260603 (VIOLATED)
_0748_/B                                0.750000    1.010594   -0.260594 (VIOLATED)
_0745_/B                                0.750000    1.010589   -0.260590 (VIOLATED)
_0778_/B                                0.750000    1.010584   -0.260584 (VIOLATED)
_0782_/B                                0.750000    1.010583   -0.260583 (VIOLATED)
_0784_/B                                0.750000    1.010584   -0.260584 (VIOLATED)
_0786_/B                                0.750000    1.010583   -0.260583 (VIOLATED)
_0788_/B                                0.750000    1.010583   -0.260583 (VIOLATED)
_0790_/B                                0.750000    1.010581   -0.260581 (VIOLATED)
_0792_/B                                0.750000    1.010578   -0.260578 (VIOLATED)
_0794_/B                                0.750000    1.010575   -0.260575 (VIOLATED)
_0743_/A2                               0.750000    1.010571   -0.260571 (VIOLATED)
_0723_/Y                                0.750000    1.010570   -0.260570 (VIOLATED)
_0724_/B1                               0.750000    1.010570   -0.260570 (VIOLATED)
_0728_/A2                               0.750000    1.010570   -0.260570 (VIOLATED)
_0731_/A2                               0.750000    1.010570   -0.260570 (VIOLATED)
_0733_/B1                               0.750000    1.010570   -0.260570 (VIOLATED)
_0737_/A2                               0.750000    1.010570   -0.260570 (VIOLATED)
_0740_/A2                               0.750000    1.010570   -0.260570 (VIOLATED)
_0701_/Y                                0.750000    0.823237   -0.073237 (VIOLATED)
_0702_/C                                0.750000    0.823237   -0.073237 (VIOLATED)
_0724_/A2                               0.750000    0.823237   -0.073237 (VIOLATED)
_0727_/A2                               0.750000    0.823237   -0.073237 (VIOLATED)
_0730_/A2                               0.750000    0.823237   -0.073237 (VIOLATED)
_0734_/A2                               0.750000    0.823237   -0.073237 (VIOLATED)
_0736_/A2                               0.750000    0.823237   -0.073237 (VIOLATED)
_0739_/A2                               0.750000    0.823237   -0.073237 (VIOLATED)
_0742_/A2                               0.750000    0.823237   -0.073237 (VIOLATED)
_0746_/A2                               0.750000    0.823237   -0.073237 (VIOLATED)

max fanout

Pin                                   Limit Fanout  Slack
---------------------------------------------------------
clk                                      10     81    -71 (VIOLATED)
_0694_/Y                                 10     74    -64 (VIOLATED)
_1384_/Q                                 10     62    -52 (VIOLATED)
_1266_/X                                 10     36    -26 (VIOLATED)
_0721_/X                                 10     32    -22 (VIOLATED)
_0723_/Y                                 10     32    -22 (VIOLATED)
_0746_/X                                 10     25    -15 (VIOLATED)
_1425_/Q                                 10     22    -12 (VIOLATED)
_1428_/Q                                 10     21    -11 (VIOLATED)
_1426_/Q                                 10     19     -9 (VIOLATED)
_1431_/Q                                 10     19     -9 (VIOLATED)
_1386_/Q                                 10     18     -8 (VIOLATED)
_1390_/Q                                 10     18     -8 (VIOLATED)
_1391_/Q                                 10     18     -8 (VIOLATED)
_1392_/Q                                 10     18     -8 (VIOLATED)
_1429_/Q                                 10     18     -8 (VIOLATED)
_1430_/Q                                 10     18     -8 (VIOLATED)
_1385_/Q                                 10     17     -7 (VIOLATED)
_1387_/Q                                 10     17     -7 (VIOLATED)
_1389_/Q                                 10     17     -7 (VIOLATED)
_1427_/Q                                 10     17     -7 (VIOLATED)
_1388_/Q                                 10     16     -6 (VIOLATED)
_1432_/Q                                 10     13     -3 (VIOLATED)

max capacitance

Pin                                        Limit         Cap       Slack
------------------------------------------------------------------------
_1384_/Q                                0.200000    0.257112   -0.057112 (VIOLATED)
clk                                     0.200000    0.246353   -0.046353 (VIOLATED)
_0694_/Y                                0.200000    0.235880   -0.035880 (VIOLATED)
_1266_/X                                0.200000    0.203805   -0.003805 (VIOLATED)



===========================================================================
report_parasitic_annotation -report_unannotated
============================================================================
Found 25 unannotated drivers.
 wdata[10]
 wdata[11]
 wdata[12]
 wdata[13]
 wdata[14]
 wdata[15]
 wdata[16]
 wdata[17]
 wdata[18]
 wdata[19]
 wdata[20]
 wdata[21]
 wdata[22]
 wdata[23]
 wdata[24]
 wdata[25]
 wdata[26]
 wdata[27]
 wdata[28]
 wdata[29]
 wdata[30]
 wdata[31]
 wdata[8]
 wdata[9]
 _1465_/LO
Found 0 partially unannotated drivers.

===========================================================================
max slew violation count 300
Writing metric design__max_slew_violation__count__corner:nom_tt_025C_1v80: 300
max fanout violation count 23
Writing metric design__max_fanout_violation__count__corner:nom_tt_025C_1v80: 23
max cap violation count 4
Writing metric design__max_cap_violation__count__corner:nom_tt_025C_1v80: 4
============================================================================

===========================================================================
check_setup -verbose -unconstrained_endpoints -multiple_clock -no_clock -no_input_delay -loops -generated_clocks
===========================================================================
Warning: There is 1 unconstrained endpoint.
  ready
%OL_END_REPORT
%OL_CREATE_REPORT power.rpt

===========================================================================
 report_power
============================================================================
======================= nom_tt_025C_1v80 Corner ===================================

Group                    Internal    Switching      Leakage        Total
                            Power        Power        Power        Power (Watts)
------------------------------------------------------------------------
Sequential           3.367685e-04 2.061495e-05 6.952633e-10 3.573841e-04  94.8%
Combinational        9.797228e-06 9.939511e-06 2.625238e-09 1.973936e-05   5.2%
Clock                0.000000e+00 0.000000e+00 4.212053e-10 4.212053e-10   0.0%
Macro                0.000000e+00 0.000000e+00 0.000000e+00 0.000000e+00   0.0%
Pad                  0.000000e+00 0.000000e+00 0.000000e+00 0.000000e+00   0.0%
------------------------------------------------------------------------
Total                3.465657e-04 3.055447e-05 3.741714e-09 3.771239e-04 100.0%
                            91.9%         8.1%         0.0%
Writing metric power__internal__total: 0.00034656570642255247
Writing metric power__switching__total: 3.055447086808272e-5
Writing metric power__leakage__total: 3.741714049709799e-9
Writing metric power__total: 0.0003771239425987005

%OL_END_REPORT
%OL_CREATE_REPORT skew.min.rpt

===========================================================================
Clock Skew (Hold)
============================================================================
Writing metric clock__skew__worst_hold__corner:nom_tt_025C_1v80: -0.26440897442146
======================= nom_tt_025C_1v80 Corner ===================================

Clock clk
0.752021 source latency _1390_/CLK ^
-0.766430 target latency _1398_/CLK ^
-0.250000 clock uncertainty
0.000000 CRPR
--------------
-0.264409 hold skew

%OL_END_REPORT
%OL_CREATE_REPORT skew.max.rpt

===========================================================================
Clock Skew (Setup)
============================================================================
Writing metric clock__skew__worst_setup__corner:nom_tt_025C_1v80: 0.2596660460149709
======================= nom_tt_025C_1v80 Corner ===================================

Clock clk
0.768054 source latency _1428_/CLK ^
-0.758388 target latency _1446_/CLK ^
0.250000 clock uncertainty
0.000000 CRPR
--------------
0.259666 setup skew

%OL_END_REPORT
%OL_CREATE_REPORT ws.min.rpt

===========================================================================
Worst Slack (Hold)
============================================================================
Writing metric timing__hold__ws__corner:nom_tt_025C_1v80: 0.2886926335256943
nom_tt_025C_1v80: 0.2886926335256943
%OL_END_REPORT
%OL_CREATE_REPORT ws.max.rpt

===========================================================================
Worst Slack (Setup)
============================================================================
Writing metric timing__setup__ws__corner:nom_tt_025C_1v80: 1.8046453731065561
nom_tt_025C_1v80: 1.8046453731065561
%OL_END_REPORT
%OL_CREATE_REPORT tns.min.rpt

===========================================================================
Total Negative Slack (Hold)
============================================================================
Writing metric timing__hold__tns__corner:nom_tt_025C_1v80: 0.0
nom_tt_025C_1v80: 0.0
%OL_END_REPORT
%OL_CREATE_REPORT tns.max.rpt

===========================================================================
Total Negative Slack (Setup)
============================================================================
Writing metric timing__setup__tns__corner:nom_tt_025C_1v80: 0.0
nom_tt_025C_1v80: 0.0
%OL_END_REPORT
%OL_CREATE_REPORT wns.min.rpt

===========================================================================
Worst Negative Slack (Hold)
============================================================================
Writing metric timing__hold__wns__corner:nom_tt_025C_1v80: 0
nom_tt_025C_1v80: 0
%OL_END_REPORT
%OL_CREATE_REPORT wns.max.rpt

===========================================================================
Worst Negative Slack (Setup)
============================================================================
Writing metric timing__setup__wns__corner:nom_tt_025C_1v80: 0.0
nom_tt_025C_1v80: 0.0
%OL_END_REPORT
%OL_CREATE_REPORT violator_list.rpt

===========================================================================
Violator List
============================================================================
Writing metric timing__hold_vio__count__corner:nom_tt_025C_1v80: 0
Writing metric timing__hold_r2r__ws__corner:nom_tt_025C_1v80: 0.288693
Writing metric timing__hold_r2r_vio__count__corner:nom_tt_025C_1v80: 0
Writing metric timing__setup_vio__count__corner:nom_tt_025C_1v80: 0
Writing metric timing__setup_r2r__ws__corner:nom_tt_025C_1v80: 1.804645
Writing metric timing__setup_r2r_vio__count__corner:nom_tt_025C_1v80: 0
%OL_END_REPORT
%OL_CREATE_REPORT unpropagated.rpt
%OL_END_REPORT
%OL_CREATE_REPORT clock.rpt
Clock: clk
Sources: clk 
Generated: no
Virtual: yes
Propagated: no
Period: 10.000000

===========================================================================
report_clock_properties
============================================================================
Clock                   Period          Waveform
----------------------------------------------------
clk                  10.000000    0.000000  5.000000

===========================================================================
report_clock_latency
============================================================================
Clock clk
rise -> rise
    min     max
0.000000 0.000000 source latency
0.751969         network latency _1431_/CLK
        0.768054 network latency _1428_/CLK
---------------
0.751969 0.768054 latency
        0.016086 skew

fall -> fall
    min     max
0.000000 0.000000 source latency
0.368022         network latency _1431_/CLK
        0.383031 network latency _1428_/CLK
---------------
0.368022 0.383031 latency
        0.015009 skew



===========================================================================
report_clock_min_period
============================================================================
clk period_min = 8.20 fmax = 122.02
%OL_END_REPORT
