
===========================================================================
report_checks -path_delay min (Hold)
============================================================================
======================= max_ss_100C_1v60 Corner ===================================

Startpoint: _1456_ (rising edge-triggered flip-flop clocked by clk)
Endpoint: _1456_ (rising edge-triggered flip-flop clocked by clk)
Path Group: clk
Path Type: min

Fanout         Cap        Slew       Delay        Time   Description
---------------------------------------------------------------------------------------------
                                  0.000000    0.000000   clock clk (rise edge)
                                  0.000000    0.000000   clock source latency
     1    0.026922    0.198405    0.137267    0.137267 ^ clk (in)
                                                         clk (net)
                      0.198433    0.000000    0.137267 ^ clkbuf_0_clk/A (sky130_fd_sc_hd__clkbuf_16)
     8    0.109934    0.191115    0.379256    0.516523 ^ clkbuf_0_clk/X (sky130_fd_sc_hd__clkbuf_16)
                                                         clknet_0_clk (net)
                      0.191932    0.010083    0.526606 ^ clkbuf_3_7__f_clk/A (sky130_fd_sc_hd__clkbuf_16)
    10    0.046182    0.101921    0.311885    0.838491 ^ clkbuf_3_7__f_clk/X (sky130_fd_sc_hd__clkbuf_16)
                                                         clknet_3_7__leaf_clk (net)
                      0.102056    0.002914    0.841405 ^ _1456_/CLK (sky130_fd_sc_hd__dfxtp_1)
     4    0.017139    0.162562    0.687643    1.529047 v _1456_/Q (sky130_fd_sc_hd__dfxtp_1)
                                                         core_out[23] (net)
                      0.162562    0.000502    1.529550 v _1324_/B (sky130_fd_sc_hd__nor2_1)
     1    0.003423    0.147149    0.190797    1.720347 ^ _1324_/Y (sky130_fd_sc_hd__nor2_1)
                                                         _0641_ (net)
                      0.147149    0.000258    1.720604 ^ _1325_/B1 (sky130_fd_sc_hd__a211oi_1)
     1    0.002088    0.062930    0.108669    1.829273 v _1325_/Y (sky130_fd_sc_hd__a211oi_1)
                                                         _0072_ (net)
                      0.062930    0.000146    1.829419 v _1456_/D (sky130_fd_sc_hd__dfxtp_1)
                                              1.829419   data arrival time

                                  0.000000    0.000000   clock clk (rise edge)
                                  0.000000    0.000000   clock source latency
     1    0.026922    0.198405    0.137267    0.137267 ^ clk (in)
                                                         clk (net)
                      0.198433    0.000000    0.137267 ^ clkbuf_0_clk/A (sky130_fd_sc_hd__clkbuf_16)
     8    0.109934    0.191115    0.379256    0.516523 ^ clkbuf_0_clk/X (sky130_fd_sc_hd__clkbuf_16)
                                                         clknet_0_clk (net)
                      0.191932    0.010083    0.526606 ^ clkbuf_3_7__f_clk/A (sky130_fd_sc_hd__clkbuf_16)
    10    0.046182    0.101921    0.311885    0.838491 ^ clkbuf_3_7__f_clk/X (sky130_fd_sc_hd__clkbuf_16)
                                                         clknet_3_7__leaf_clk (net)
                      0.102056    0.002914    0.841405 ^ _1456_/CLK (sky130_fd_sc_hd__dfxtp_1)
                                  0.250000    1.091405   clock uncertainty
                                  0.000000    1.091405   clock reconvergence pessimism
                                 -0.094764    0.996641   library hold time
                                              0.996641   data required time
---------------------------------------------------------------------------------------------
                                              0.996641   data required time
                                             -1.829419   data arrival time
---------------------------------------------------------------------------------------------
                                              0.832778   slack (MET)


Startpoint: _1458_ (rising edge-triggered flip-flop clocked by clk)
Endpoint: _1458_ (rising edge-triggered flip-flop clocked by clk)
Path Group: clk
Path Type: min

Fanout         Cap        Slew       Delay        Time   Description
---------------------------------------------------------------------------------------------
                                  0.000000    0.000000   clock clk (rise edge)
                                  0.000000    0.000000   clock source latency
     1    0.026922    0.198405    0.137267    0.137267 ^ clk (in)
                                                         clk (net)
                      0.198433    0.000000    0.137267 ^ clkbuf_0_clk/A (sky130_fd_sc_hd__clkbuf_16)
     8    0.109934    0.191115    0.379256    0.516523 ^ clkbuf_0_clk/X (sky130_fd_sc_hd__clkbuf_16)
                                                         clknet_0_clk (net)
                      0.191932    0.010083    0.526606 ^ clkbuf_3_7__f_clk/A (sky130_fd_sc_hd__clkbuf_16)
    10    0.046182    0.101921    0.311885    0.838491 ^ clkbuf_3_7__f_clk/X (sky130_fd_sc_hd__clkbuf_16)
                                                         clknet_3_7__leaf_clk (net)
                      0.102058    0.002938    0.841428 ^ _1458_/CLK (sky130_fd_sc_hd__dfxtp_1)
     6    0.025817    0.235710    0.741873    1.583302 v _1458_/Q (sky130_fd_sc_hd__dfxtp_1)
                                                         core_out[25] (net)
                      0.235712    0.001144    1.584445 v _1337_/B (sky130_fd_sc_hd__nor2_1)
     1    0.003241    0.150329    0.215566    1.800011 ^ _1337_/Y (sky130_fd_sc_hd__nor2_1)
                                                         _0652_ (net)
                      0.150329    0.000233    1.800244 ^ _1338_/B1 (sky130_fd_sc_hd__a211oi_1)
     1    0.002121    0.063675    0.110237    1.910480 v _1338_/Y (sky130_fd_sc_hd__a211oi_1)
                                                         _0074_ (net)
                      0.063675    0.000150    1.910630 v _1458_/D (sky130_fd_sc_hd__dfxtp_1)
                                              1.910630   data arrival time

                                  0.000000    0.000000   clock clk (rise edge)
                                  0.000000    0.000000   clock source latency
     1    0.026922    0.198405    0.137267    0.137267 ^ clk (in)
                                                         clk (net)
                      0.198433    0.000000    0.137267 ^ clkbuf_0_clk/A (sky130_fd_sc_hd__clkbuf_16)
     8    0.109934    0.191115    0.379256    0.516523 ^ clkbuf_0_clk/X (sky130_fd_sc_hd__clkbuf_16)
                                                         clknet_0_clk (net)
                      0.191932    0.010083    0.526606 ^ clkbuf_3_7__f_clk/A (sky130_fd_sc_hd__clkbuf_16)
    10    0.046182    0.101921    0.311885    0.838491 ^ clkbuf_3_7__f_clk/X (sky130_fd_sc_hd__clkbuf_16)
                                                         clknet_3_7__leaf_clk (net)
                      0.102058    0.002938    0.841428 ^ _1458_/CLK (sky130_fd_sc_hd__dfxtp_1)
                                  0.250000    1.091428   clock uncertainty
                                  0.000000    1.091428   clock reconvergence pessimism
                                 -0.095045    0.996383   library hold time
                                              0.996383   data required time
---------------------------------------------------------------------------------------------
                                              0.996383   data required time
                                             -1.910630   data arrival time
---------------------------------------------------------------------------------------------
                                              0.914247   slack (MET)


Startpoint: _1445_ (rising edge-triggered flip-flop clocked by clk)
Endpoint: _1445_ (rising edge-triggered flip-flop clocked by clk)
Path Group: clk
Path Type: min

Fanout         Cap        Slew       Delay        Time   Description
---------------------------------------------------------------------------------------------
                                  0.000000    0.000000   clock clk (rise edge)
                                  0.000000    0.000000   clock source latency
     1    0.026922    0.198405    0.137267    0.137267 ^ clk (in)
                                                         clk (net)
                      0.198433    0.000000    0.137267 ^ clkbuf_0_clk/A (sky130_fd_sc_hd__clkbuf_16)
     8    0.109934    0.191115    0.379256    0.516523 ^ clkbuf_0_clk/X (sky130_fd_sc_hd__clkbuf_16)
                                                         clknet_0_clk (net)
                      0.191326    0.005258    0.521781 ^ clkbuf_3_5__f_clk/A (sky130_fd_sc_hd__clkbuf_16)
    14    0.046389    0.102156    0.311297    0.833078 ^ clkbuf_3_5__f_clk/X (sky130_fd_sc_hd__clkbuf_16)
                                                         clknet_3_5__leaf_clk (net)
                      0.102425    0.004350    0.837428 ^ _1445_/CLK (sky130_fd_sc_hd__dfxtp_1)
     4    0.017657    0.166912    0.691085    1.528513 v _1445_/Q (sky130_fd_sc_hd__dfxtp_1)
                                                         core_out[12] (net)
                      0.166912    0.000635    1.529148 v _1203_/A2 (sky130_fd_sc_hd__o211a_1)
     1    0.001942    0.050080    0.402182    1.931330 v _1203_/X (sky130_fd_sc_hd__o211a_1)
                                                         _0061_ (net)
                      0.050080    0.000089    1.931419 v _1445_/D (sky130_fd_sc_hd__dfxtp_1)
                                              1.931419   data arrival time

                                  0.000000    0.000000   clock clk (rise edge)
                                  0.000000    0.000000   clock source latency
     1    0.026922    0.198405    0.137267    0.137267 ^ clk (in)
                                                         clk (net)
                      0.198433    0.000000    0.137267 ^ clkbuf_0_clk/A (sky130_fd_sc_hd__clkbuf_16)
     8    0.109934    0.191115    0.379256    0.516523 ^ clkbuf_0_clk/X (sky130_fd_sc_hd__clkbuf_16)
                                                         clknet_0_clk (net)
                      0.191326    0.005258    0.521781 ^ clkbuf_3_5__f_clk/A (sky130_fd_sc_hd__clkbuf_16)
    14    0.046389    0.102156    0.311297    0.833078 ^ clkbuf_3_5__f_clk/X (sky130_fd_sc_hd__clkbuf_16)
                                                         clknet_3_5__leaf_clk (net)
                      0.102425    0.004350    0.837428 ^ _1445_/CLK (sky130_fd_sc_hd__dfxtp_1)
                                  0.250000    1.087428   clock uncertainty
                                  0.000000    1.087428   clock reconvergence pessimism
                                 -0.089818    0.997610   library hold time
                                              0.997610   data required time
---------------------------------------------------------------------------------------------
                                              0.997610   data required time
                                             -1.931419   data arrival time
---------------------------------------------------------------------------------------------
                                              0.933809   slack (MET)


Startpoint: _1443_ (rising edge-triggered flip-flop clocked by clk)
Endpoint: _1443_ (rising edge-triggered flip-flop clocked by clk)
Path Group: clk
Path Type: min

Fanout         Cap        Slew       Delay        Time   Description
---------------------------------------------------------------------------------------------
                                  0.000000    0.000000   clock clk (rise edge)
                                  0.000000    0.000000   clock source latency
     1    0.026922    0.198405    0.137267    0.137267 ^ clk (in)
                                                         clk (net)
                      0.198433    0.000000    0.137267 ^ clkbuf_0_clk/A (sky130_fd_sc_hd__clkbuf_16)
     8    0.109934    0.191115    0.379256    0.516523 ^ clkbuf_0_clk/X (sky130_fd_sc_hd__clkbuf_16)
                                                         clknet_0_clk (net)
                      0.191326    0.005258    0.521781 ^ clkbuf_3_5__f_clk/A (sky130_fd_sc_hd__clkbuf_16)
    14    0.046389    0.102156    0.311297    0.833078 ^ clkbuf_3_5__f_clk/X (sky130_fd_sc_hd__clkbuf_16)
                                                         clknet_3_5__leaf_clk (net)
                      0.102398    0.004139    0.837216 ^ _1443_/CLK (sky130_fd_sc_hd__dfxtp_1)
     4    0.020398    0.189964    0.708275    1.545491 v _1443_/Q (sky130_fd_sc_hd__dfxtp_1)
                                                         core_out[10] (net)
                      0.189964    0.000648    1.546139 v _1135_/A2 (sky130_fd_sc_hd__o211a_1)
     1    0.001931    0.049990    0.411853    1.957992 v _1135_/X (sky130_fd_sc_hd__o211a_1)
                                                         _0059_ (net)
                      0.049990    0.000090    1.958082 v _1443_/D (sky130_fd_sc_hd__dfxtp_1)
                                              1.958082   data arrival time

                                  0.000000    0.000000   clock clk (rise edge)
                                  0.000000    0.000000   clock source latency
     1    0.026922    0.198405    0.137267    0.137267 ^ clk (in)
                                                         clk (net)
                      0.198433    0.000000    0.137267 ^ clkbuf_0_clk/A (sky130_fd_sc_hd__clkbuf_16)
     8    0.109934    0.191115    0.379256    0.516523 ^ clkbuf_0_clk/X (sky130_fd_sc_hd__clkbuf_16)
                                                         clknet_0_clk (net)
                      0.191326    0.005258    0.521781 ^ clkbuf_3_5__f_clk/A (sky130_fd_sc_hd__clkbuf_16)
    14    0.046389    0.102156    0.311297    0.833078 ^ clkbuf_3_5__f_clk/X (sky130_fd_sc_hd__clkbuf_16)
                                                         clknet_3_5__leaf_clk (net)
                      0.102398    0.004139    0.837216 ^ _1443_/CLK (sky130_fd_sc_hd__dfxtp_1)
                                  0.250000    1.087216   clock uncertainty
                                  0.000000    1.087216   clock reconvergence pessimism
                                 -0.089790    0.997426   library hold time
                                              0.997426   data required time
---------------------------------------------------------------------------------------------
                                              0.997426   data required time
                                             -1.958082   data arrival time
---------------------------------------------------------------------------------------------
                                              0.960656   slack (MET)


Startpoint: _1455_ (rising edge-triggered flip-flop clocked by clk)
Endpoint: _1455_ (rising edge-triggered flip-flop clocked by clk)
Path Group: clk
Path Type: min

Fanout         Cap        Slew       Delay        Time   Description
---------------------------------------------------------------------------------------------
                                  0.000000    0.000000   clock clk (rise edge)
                                  0.000000    0.000000   clock source latency
     1    0.026922    0.198405    0.137267    0.137267 ^ clk (in)
                                                         clk (net)
                      0.198433    0.000000    0.137267 ^ clkbuf_0_clk/A (sky130_fd_sc_hd__clkbuf_16)
     8    0.109934    0.191115    0.379256    0.516523 ^ clkbuf_0_clk/X (sky130_fd_sc_hd__clkbuf_16)
                                                         clknet_0_clk (net)
                      0.191932    0.010083    0.526606 ^ clkbuf_3_7__f_clk/A (sky130_fd_sc_hd__clkbuf_16)
    10    0.046182    0.101921    0.311885    0.838491 ^ clkbuf_3_7__f_clk/X (sky130_fd_sc_hd__clkbuf_16)
                                                         clknet_3_7__leaf_clk (net)
                      0.102220    0.004400    0.842891 ^ _1455_/CLK (sky130_fd_sc_hd__dfxtp_1)
     5    0.020403    0.190028    0.708153    1.551044 v _1455_/Q (sky130_fd_sc_hd__dfxtp_1)
                                                         core_out[22] (net)
                      0.190028    0.000682    1.551726 v _1320_/A2 (sky130_fd_sc_hd__o211a_1)
     1    0.001936    0.050036    0.411949    1.963675 v _1320_/X (sky130_fd_sc_hd__o211a_1)
                                                         _0071_ (net)
                      0.050036    0.000091    1.963766 v _1455_/D (sky130_fd_sc_hd__dfxtp_1)
                                              1.963766   data arrival time

                                  0.000000    0.000000   clock clk (rise edge)
                                  0.000000    0.000000   clock source latency
     1    0.026922    0.198405    0.137267    0.137267 ^ clk (in)
                                                         clk (net)
                      0.198433    0.000000    0.137267 ^ clkbuf_0_clk/A (sky130_fd_sc_hd__clkbuf_16)
     8    0.109934    0.191115    0.379256    0.516523 ^ clkbuf_0_clk/X (sky130_fd_sc_hd__clkbuf_16)
                                                         clknet_0_clk (net)
                      0.191932    0.010083    0.526606 ^ clkbuf_3_7__f_clk/A (sky130_fd_sc_hd__clkbuf_16)
    10    0.046182    0.101921    0.311885    0.838491 ^ clkbuf_3_7__f_clk/X (sky130_fd_sc_hd__clkbuf_16)
                                                         clknet_3_7__leaf_clk (net)
                      0.102220    0.004400    0.842891 ^ _1455_/CLK (sky130_fd_sc_hd__dfxtp_1)
                                  0.250000    1.092891   clock uncertainty
                                  0.000000    1.092891   clock reconvergence pessimism
                                 -0.089851    1.003040   library hold time
                                              1.003040   data required time
---------------------------------------------------------------------------------------------
                                              1.003040   data required time
                                             -1.963766   data arrival time
---------------------------------------------------------------------------------------------
                                              0.960726   slack (MET)


Startpoint: _1446_ (rising edge-triggered flip-flop clocked by clk)
Endpoint: _1446_ (rising edge-triggered flip-flop clocked by clk)
Path Group: clk
Path Type: min

Fanout         Cap        Slew       Delay        Time   Description
---------------------------------------------------------------------------------------------
                                  0.000000    0.000000   clock clk (rise edge)
                                  0.000000    0.000000   clock source latency
     1    0.026922    0.198405    0.137267    0.137267 ^ clk (in)
                                                         clk (net)
                      0.198433    0.000000    0.137267 ^ clkbuf_0_clk/A (sky130_fd_sc_hd__clkbuf_16)
     8    0.109934    0.191115    0.379256    0.516523 ^ clkbuf_0_clk/X (sky130_fd_sc_hd__clkbuf_16)
                                                         clknet_0_clk (net)
                      0.191326    0.005258    0.521781 ^ clkbuf_3_5__f_clk/A (sky130_fd_sc_hd__clkbuf_16)
    14    0.046389    0.102156    0.311297    0.833078 ^ clkbuf_3_5__f_clk/X (sky130_fd_sc_hd__clkbuf_16)
                                                         clknet_3_5__leaf_clk (net)
                      0.102407    0.004215    0.837292 ^ _1446_/CLK (sky130_fd_sc_hd__dfxtp_1)
     5    0.020448    0.190382    0.708586    1.545878 v _1446_/Q (sky130_fd_sc_hd__dfxtp_1)
                                                         core_out[13] (net)
                      0.190383    0.000710    1.546588 v _1232_/A2 (sky130_fd_sc_hd__o211a_1)
     1    0.002026    0.050802    0.413209    1.959797 v _1232_/X (sky130_fd_sc_hd__o211a_1)
                                                         _0062_ (net)
                      0.050816    0.000095    1.959892 v _1446_/D (sky130_fd_sc_hd__dfxtp_1)
                                              1.959892   data arrival time

                                  0.000000    0.000000   clock clk (rise edge)
                                  0.000000    0.000000   clock source latency
     1    0.026922    0.198405    0.137267    0.137267 ^ clk (in)
                                                         clk (net)
                      0.198433    0.000000    0.137267 ^ clkbuf_0_clk/A (sky130_fd_sc_hd__clkbuf_16)
     8    0.109934    0.191115    0.379256    0.516523 ^ clkbuf_0_clk/X (sky130_fd_sc_hd__clkbuf_16)
                                                         clknet_0_clk (net)
                      0.191326    0.005258    0.521781 ^ clkbuf_3_5__f_clk/A (sky130_fd_sc_hd__clkbuf_16)
    14    0.046389    0.102156    0.311297    0.833078 ^ clkbuf_3_5__f_clk/X (sky130_fd_sc_hd__clkbuf_16)
                                                         clknet_3_5__leaf_clk (net)
                      0.102407    0.004215    0.837292 ^ _1446_/CLK (sky130_fd_sc_hd__dfxtp_1)
                                  0.250000    1.087292   clock uncertainty
                                  0.000000    1.087292   clock reconvergence pessimism
                                 -0.090100    0.997192   library hold time
                                              0.997192   data required time
---------------------------------------------------------------------------------------------
                                              0.997192   data required time
                                             -1.959892   data arrival time
---------------------------------------------------------------------------------------------
                                              0.962700   slack (MET)


Startpoint: _1441_ (rising edge-triggered flip-flop clocked by clk)
Endpoint: _1441_ (rising edge-triggered flip-flop clocked by clk)
Path Group: clk
Path Type: min

Fanout         Cap        Slew       Delay        Time   Description
---------------------------------------------------------------------------------------------
                                  0.000000    0.000000   clock clk (rise edge)
                                  0.000000    0.000000   clock source latency
     1    0.026922    0.198405    0.137267    0.137267 ^ clk (in)
                                                         clk (net)
                      0.198433    0.000000    0.137267 ^ clkbuf_0_clk/A (sky130_fd_sc_hd__clkbuf_16)
     8    0.109934    0.191115    0.379256    0.516523 ^ clkbuf_0_clk/X (sky130_fd_sc_hd__clkbuf_16)
                                                         clknet_0_clk (net)
                      0.191919    0.010008    0.526531 ^ clkbuf_3_6__f_clk/A (sky130_fd_sc_hd__clkbuf_16)
    14    0.047574    0.103853    0.313418    0.839949 ^ clkbuf_3_6__f_clk/X (sky130_fd_sc_hd__clkbuf_16)
                                                         clknet_3_6__leaf_clk (net)
                      0.103914    0.002349    0.842299 ^ _1441_/CLK (sky130_fd_sc_hd__dfxtp_1)
     4    0.010595    0.174561    0.722890    1.565189 ^ _1441_/Q (sky130_fd_sc_hd__dfxtp_1)
                                                         core_out[8] (net)
                      0.174561    0.000626    1.565815 ^ _1049_/A0 (sky130_fd_sc_hd__mux2_1)
     1    0.001911    0.062228    0.256028    1.821843 ^ _1049_/X (sky130_fd_sc_hd__mux2_1)
                                                         _0381_ (net)
                      0.062228    0.000085    1.821928 ^ _1050_/B (sky130_fd_sc_hd__and2_1)
     1    0.001971    0.068993    0.212382    2.034310 ^ _1050_/X (sky130_fd_sc_hd__and2_1)
                                                         _0057_ (net)
                      0.068993    0.000137    2.034446 ^ _1441_/D (sky130_fd_sc_hd__dfxtp_1)
                                              2.034446   data arrival time

                                  0.000000    0.000000   clock clk (rise edge)
                                  0.000000    0.000000   clock source latency
     1    0.026922    0.198405    0.137267    0.137267 ^ clk (in)
                                                         clk (net)
                      0.198433    0.000000    0.137267 ^ clkbuf_0_clk/A (sky130_fd_sc_hd__clkbuf_16)
     8    0.109934    0.191115    0.379256    0.516523 ^ clkbuf_0_clk/X (sky130_fd_sc_hd__clkbuf_16)
                                                         clknet_0_clk (net)
                      0.191919    0.010008    0.526531 ^ clkbuf_3_6__f_clk/A (sky130_fd_sc_hd__clkbuf_16)
    14    0.047574    0.103853    0.313418    0.839949 ^ clkbuf_3_6__f_clk/X (sky130_fd_sc_hd__clkbuf_16)
                                                         clknet_3_6__leaf_clk (net)
                      0.103914    0.002349    0.842299 ^ _1441_/CLK (sky130_fd_sc_hd__dfxtp_1)
                                  0.250000    1.092299   clock uncertainty
                                  0.000000    1.092299   clock reconvergence pessimism
                                 -0.066396    1.025903   library hold time
                                              1.025903   data required time
---------------------------------------------------------------------------------------------
                                              1.025903   data required time
                                             -2.034446   data arrival time
---------------------------------------------------------------------------------------------
                                              1.008543   slack (MET)


Startpoint: _1433_ (rising edge-triggered flip-flop clocked by clk)
Endpoint: _1433_ (rising edge-triggered flip-flop clocked by clk)
Path Group: clk
Path Type: min

Fanout         Cap        Slew       Delay        Time   Description
---------------------------------------------------------------------------------------------
                                  0.000000    0.000000   clock clk (rise edge)
                                  0.000000    0.000000   clock source latency
     1    0.026922    0.198405    0.137267    0.137267 ^ clk (in)
                                                         clk (net)
                      0.198433    0.000000    0.137267 ^ clkbuf_0_clk/A (sky130_fd_sc_hd__clkbuf_16)
     8    0.109934    0.191115    0.379256    0.516523 ^ clkbuf_0_clk/X (sky130_fd_sc_hd__clkbuf_16)
                                                         clknet_0_clk (net)
                      0.192962    0.014980    0.531502 ^ clkbuf_3_0__f_clk/A (sky130_fd_sc_hd__clkbuf_16)
     9    0.039415    0.093738    0.304840    0.836342 ^ clkbuf_3_0__f_clk/X (sky130_fd_sc_hd__clkbuf_16)
                                                         clknet_3_0__leaf_clk (net)
                      0.093750    0.001108    0.837450 ^ _1433_/CLK (sky130_fd_sc_hd__dfxtp_1)
     3    0.010355    0.171269    0.715511    1.552961 ^ _1433_/Q (sky130_fd_sc_hd__dfxtp_1)
                                                         core_out[0] (net)
                      0.171269    0.000660    1.553621 ^ _0813_/B1 (sky130_fd_sc_hd__a31o_1)
     1    0.002468    0.067351    0.199380    1.753001 ^ _0813_/X (sky130_fd_sc_hd__a31o_1)
                                                         _0153_ (net)
                      0.067351    0.000151    1.753151 ^ _0816_/B (sky130_fd_sc_hd__and3_1)
     1    0.001911    0.075679    0.274222    2.027374 ^ _0816_/X (sky130_fd_sc_hd__and3_1)
                                                         _0049_ (net)
                      0.075679    0.000137    2.027511 ^ _1433_/D (sky130_fd_sc_hd__dfxtp_1)
                                              2.027511   data arrival time

                                  0.000000    0.000000   clock clk (rise edge)
                                  0.000000    0.000000   clock source latency
     1    0.026922    0.198405    0.137267    0.137267 ^ clk (in)
                                                         clk (net)
                      0.198433    0.000000    0.137267 ^ clkbuf_0_clk/A (sky130_fd_sc_hd__clkbuf_16)
     8    0.109934    0.191115    0.379256    0.516523 ^ clkbuf_0_clk/X (sky130_fd_sc_hd__clkbuf_16)
                                                         clknet_0_clk (net)
                      0.192962    0.014980    0.531502 ^ clkbuf_3_0__f_clk/A (sky130_fd_sc_hd__clkbuf_16)
     9    0.039415    0.093738    0.304840    0.836342 ^ clkbuf_3_0__f_clk/X (sky130_fd_sc_hd__clkbuf_16)
                                                         clknet_3_0__leaf_clk (net)
                      0.093750    0.001108    0.837450 ^ _1433_/CLK (sky130_fd_sc_hd__dfxtp_1)
                                  0.250000    1.087450   clock uncertainty
                                  0.000000    1.087450   clock reconvergence pessimism
                                 -0.069566    1.017883   library hold time
                                              1.017883   data required time
---------------------------------------------------------------------------------------------
                                              1.017883   data required time
                                             -2.027511   data arrival time
---------------------------------------------------------------------------------------------
                                              1.009628   slack (MET)


Startpoint: _1451_ (rising edge-triggered flip-flop clocked by clk)
Endpoint: _1451_ (rising edge-triggered flip-flop clocked by clk)
Path Group: clk
Path Type: min

Fanout         Cap        Slew       Delay        Time   Description
---------------------------------------------------------------------------------------------
                                  0.000000    0.000000   clock clk (rise edge)
                                  0.000000    0.000000   clock source latency
     1    0.026922    0.198405    0.137267    0.137267 ^ clk (in)
                                                         clk (net)
                      0.198433    0.000000    0.137267 ^ clkbuf_0_clk/A (sky130_fd_sc_hd__clkbuf_16)
     8    0.109934    0.191115    0.379256    0.516523 ^ clkbuf_0_clk/X (sky130_fd_sc_hd__clkbuf_16)
                                                         clknet_0_clk (net)
                      0.191340    0.005418    0.521941 ^ clkbuf_3_4__f_clk/A (sky130_fd_sc_hd__clkbuf_16)
    11    0.042382    0.096594    0.306758    0.828699 ^ clkbuf_3_4__f_clk/X (sky130_fd_sc_hd__clkbuf_16)
                                                         clknet_3_4__leaf_clk (net)
                      0.096816    0.002496    0.831195 ^ _1451_/CLK (sky130_fd_sc_hd__dfxtp_1)
     5    0.025295    0.231511    0.735512    1.566707 v _1451_/Q (sky130_fd_sc_hd__dfxtp_1)
                                                         core_out[18] (net)
                      0.231519    0.001599    1.568306 v _1292_/A2 (sky130_fd_sc_hd__o211a_1)
     1    0.002592    0.055799    0.437825    2.006131 v _1292_/X (sky130_fd_sc_hd__o211a_1)
                                                         _0067_ (net)
                      0.055799    0.000184    2.006315 v _1451_/D (sky130_fd_sc_hd__dfxtp_1)
                                              2.006315   data arrival time

                                  0.000000    0.000000   clock clk (rise edge)
                                  0.000000    0.000000   clock source latency
     1    0.026922    0.198405    0.137267    0.137267 ^ clk (in)
                                                         clk (net)
                      0.198433    0.000000    0.137267 ^ clkbuf_0_clk/A (sky130_fd_sc_hd__clkbuf_16)
     8    0.109934    0.191115    0.379256    0.516523 ^ clkbuf_0_clk/X (sky130_fd_sc_hd__clkbuf_16)
                                                         clknet_0_clk (net)
                      0.191340    0.005418    0.521941 ^ clkbuf_3_4__f_clk/A (sky130_fd_sc_hd__clkbuf_16)
    11    0.042382    0.096594    0.306758    0.828699 ^ clkbuf_3_4__f_clk/X (sky130_fd_sc_hd__clkbuf_16)
                                                         clknet_3_4__leaf_clk (net)
                      0.096816    0.002496    0.831195 ^ _1451_/CLK (sky130_fd_sc_hd__dfxtp_1)
                                  0.250000    1.081195   clock uncertainty
                                  0.000000    1.081195   clock reconvergence pessimism
                                 -0.093327    0.987869   library hold time
                                              0.987869   data required time
---------------------------------------------------------------------------------------------
                                              0.987869   data required time
                                             -2.006315   data arrival time
---------------------------------------------------------------------------------------------
                                              1.018446   slack (MET)


Startpoint: _1454_ (rising edge-triggered flip-flop clocked by clk)
Endpoint: _1454_ (rising edge-triggered flip-flop clocked by clk)
Path Group: clk
Path Type: min

Fanout         Cap        Slew       Delay        Time   Description
---------------------------------------------------------------------------------------------
                                  0.000000    0.000000   clock clk (rise edge)
                                  0.000000    0.000000   clock source latency
     1    0.026922    0.198405    0.137267    0.137267 ^ clk (in)
                                                         clk (net)
                      0.198433    0.000000    0.137267 ^ clkbuf_0_clk/A (sky130_fd_sc_hd__clkbuf_16)
     8    0.109934    0.191115    0.379256    0.516523 ^ clkbuf_0_clk/X (sky130_fd_sc_hd__clkbuf_16)
                                                         clknet_0_clk (net)
                      0.191932    0.010083    0.526606 ^ clkbuf_3_7__f_clk/A (sky130_fd_sc_hd__clkbuf_16)
    10    0.046182    0.101921    0.311885    0.838491 ^ clkbuf_3_7__f_clk/X (sky130_fd_sc_hd__clkbuf_16)
                                                         clknet_3_7__leaf_clk (net)
                      0.102280    0.004874    0.843364 ^ _1454_/CLK (sky130_fd_sc_hd__dfxtp_1)
     6    0.027835    0.252679    0.754770    1.598134 v _1454_/Q (sky130_fd_sc_hd__dfxtp_1)
                                                         core_out[21] (net)
                      0.252680    0.000938    1.599072 v _1312_/A2 (sky130_fd_sc_hd__o211a_1)
     1    0.001979    0.050398    0.439624    2.038696 v _1312_/X (sky130_fd_sc_hd__o211a_1)
                                                         _0070_ (net)
                      0.050398    0.000092    2.038788 v _1454_/D (sky130_fd_sc_hd__dfxtp_1)
                                              2.038788   data arrival time

                                  0.000000    0.000000   clock clk (rise edge)
                                  0.000000    0.000000   clock source latency
     1    0.026922    0.198405    0.137267    0.137267 ^ clk (in)
                                                         clk (net)
                      0.198433    0.000000    0.137267 ^ clkbuf_0_clk/A (sky130_fd_sc_hd__clkbuf_16)
     8    0.109934    0.191115    0.379256    0.516523 ^ clkbuf_0_clk/X (sky130_fd_sc_hd__clkbuf_16)
                                                         clknet_0_clk (net)
                      0.191932    0.010083    0.526606 ^ clkbuf_3_7__f_clk/A (sky130_fd_sc_hd__clkbuf_16)
    10    0.046182    0.101921    0.311885    0.838491 ^ clkbuf_3_7__f_clk/X (sky130_fd_sc_hd__clkbuf_16)
                                                         clknet_3_7__leaf_clk (net)
                      0.102280    0.004874    0.843364 ^ _1454_/CLK (sky130_fd_sc_hd__dfxtp_1)
                                  0.250000    1.093364   clock uncertainty
                                  0.000000    1.093364   clock reconvergence pessimism
                                 -0.089973    1.003392   library hold time
                                              1.003392   data required time
---------------------------------------------------------------------------------------------
                                              1.003392   data required time
                                             -2.038788   data arrival time
---------------------------------------------------------------------------------------------
                                              1.035396   slack (MET)


Startpoint: _1437_ (rising edge-triggered flip-flop clocked by clk)
Endpoint: _1437_ (rising edge-triggered flip-flop clocked by clk)
Path Group: clk
Path Type: min

Fanout         Cap        Slew       Delay        Time   Description
---------------------------------------------------------------------------------------------
                                  0.000000    0.000000   clock clk (rise edge)
                                  0.000000    0.000000   clock source latency
     1    0.026922    0.198405    0.137267    0.137267 ^ clk (in)
                                                         clk (net)
                      0.198433    0.000000    0.137267 ^ clkbuf_0_clk/A (sky130_fd_sc_hd__clkbuf_16)
     8    0.109934    0.191115    0.379256    0.516523 ^ clkbuf_0_clk/X (sky130_fd_sc_hd__clkbuf_16)
                                                         clknet_0_clk (net)
                      0.192673    0.013782    0.530305 ^ clkbuf_3_2__f_clk/A (sky130_fd_sc_hd__clkbuf_16)
     9    0.040430    0.095363    0.305616    0.835920 ^ clkbuf_3_2__f_clk/X (sky130_fd_sc_hd__clkbuf_16)
                                                         clknet_3_2__leaf_clk (net)
                      0.095503    0.003205    0.839125 ^ _1437_/CLK (sky130_fd_sc_hd__dfxtp_1)
     4    0.014052    0.222172    0.755141    1.594267 ^ _1437_/Q (sky130_fd_sc_hd__dfxtp_1)
                                                         core_out[4] (net)
                      0.222172    0.000621    1.594888 ^ _0884_/A0 (sky130_fd_sc_hd__mux2_1)
     1    0.001981    0.062944    0.277150    1.872038 ^ _0884_/X (sky130_fd_sc_hd__mux2_1)
                                                         _0220_ (net)
                      0.062944    0.000129    1.872167 ^ _0885_/B (sky130_fd_sc_hd__and2_1)
     1    0.001858    0.067571    0.211235    2.083402 ^ _0885_/X (sky130_fd_sc_hd__and2_1)
                                                         _0053_ (net)
                      0.067571    0.000085    2.083487 ^ _1437_/D (sky130_fd_sc_hd__dfxtp_1)
                                              2.083487   data arrival time

                                  0.000000    0.000000   clock clk (rise edge)
                                  0.000000    0.000000   clock source latency
     1    0.026922    0.198405    0.137267    0.137267 ^ clk (in)
                                                         clk (net)
                      0.198433    0.000000    0.137267 ^ clkbuf_0_clk/A (sky130_fd_sc_hd__clkbuf_16)
     8    0.109934    0.191115    0.379256    0.516523 ^ clkbuf_0_clk/X (sky130_fd_sc_hd__clkbuf_16)
                                                         clknet_0_clk (net)
                      0.192673    0.013782    0.530305 ^ clkbuf_3_2__f_clk/A (sky130_fd_sc_hd__clkbuf_16)
     9    0.040430    0.095363    0.305616    0.835920 ^ clkbuf_3_2__f_clk/X (sky130_fd_sc_hd__clkbuf_16)
                                                         clknet_3_2__leaf_clk (net)
                      0.095503    0.003205    0.839125 ^ _1437_/CLK (sky130_fd_sc_hd__dfxtp_1)
                                  0.250000    1.089125   clock uncertainty
                                  0.000000    1.089125   clock reconvergence pessimism
                                 -0.067402    1.021723   library hold time
                                              1.021723   data required time
---------------------------------------------------------------------------------------------
                                              1.021723   data required time
                                             -2.083487   data arrival time
---------------------------------------------------------------------------------------------
                                              1.061764   slack (MET)


Startpoint: _1464_ (rising edge-triggered flip-flop clocked by clk)
Endpoint: _1464_ (rising edge-triggered flip-flop clocked by clk)
Path Group: clk
Path Type: min

Fanout         Cap        Slew       Delay        Time   Description
---------------------------------------------------------------------------------------------
                                  0.000000    0.000000   clock clk (rise edge)
                                  0.000000    0.000000   clock source latency
     1    0.026922    0.198405    0.137267    0.137267 ^ clk (in)
                                                         clk (net)
                      0.198433    0.000000    0.137267 ^ clkbuf_0_clk/A (sky130_fd_sc_hd__clkbuf_16)
     8    0.109934    0.191115    0.379256    0.516523 ^ clkbuf_0_clk/X (sky130_fd_sc_hd__clkbuf_16)
                                                         clknet_0_clk (net)
                      0.192403    0.012564    0.529087 ^ clkbuf_3_3__f_clk/A (sky130_fd_sc_hd__clkbuf_16)
     7    0.040847    0.095342    0.306110    0.835196 ^ clkbuf_3_3__f_clk/X (sky130_fd_sc_hd__clkbuf_16)
                                                         clknet_3_3__leaf_clk (net)
                      0.095433    0.002610    0.837806 ^ _1464_/CLK (sky130_fd_sc_hd__dfxtp_1)
     3    0.012338    0.124246    0.653965    1.491771 v _1464_/Q (sky130_fd_sc_hd__dfxtp_1)
                                                         core_out[31] (net)
                      0.124246    0.000479    1.492250 v _1379_/A (sky130_fd_sc_hd__xnor2_1)
     2    0.005153    0.108096    0.266283    1.758533 v _1379_/Y (sky130_fd_sc_hd__xnor2_1)
                                                         _0688_ (net)
                      0.108096    0.000244    1.758777 v _1380_/B1 (sky130_fd_sc_hd__o21ai_1)
     1    0.003309    0.140310    0.146364    1.905141 ^ _1380_/Y (sky130_fd_sc_hd__o21ai_1)
                                                         _0689_ (net)
                      0.140310    0.000224    1.905365 ^ _1383_/A1 (sky130_fd_sc_hd__a211oi_1)
     1    0.001942    0.060158    0.149114    2.054479 v _1383_/Y (sky130_fd_sc_hd__a211oi_1)
                                                         _0080_ (net)
                      0.060158    0.000089    2.054568 v _1464_/D (sky130_fd_sc_hd__dfxtp_1)
                                              2.054568   data arrival time

                                  0.000000    0.000000   clock clk (rise edge)
                                  0.000000    0.000000   clock source latency
     1    0.026922    0.198405    0.137267    0.137267 ^ clk (in)
                                                         clk (net)
                      0.198433    0.000000    0.137267 ^ clkbuf_0_clk/A (sky130_fd_sc_hd__clkbuf_16)
     8    0.109934    0.191115    0.379256    0.516523 ^ clkbuf_0_clk/X (sky130_fd_sc_hd__clkbuf_16)
                                                         clknet_0_clk (net)
                      0.192403    0.012564    0.529087 ^ clkbuf_3_3__f_clk/A (sky130_fd_sc_hd__clkbuf_16)
     7    0.040847    0.095342    0.306110    0.835196 ^ clkbuf_3_3__f_clk/X (sky130_fd_sc_hd__clkbuf_16)
                                                         clknet_3_3__leaf_clk (net)
                      0.095433    0.002610    0.837806 ^ _1464_/CLK (sky130_fd_sc_hd__dfxtp_1)
                                  0.250000    1.087806   clock uncertainty
                                  0.000000    1.087806   clock reconvergence pessimism
                                 -0.095307    0.992499   library hold time
                                              0.992499   data required time
---------------------------------------------------------------------------------------------
                                              0.992499   data required time
                                             -2.054568   data arrival time
---------------------------------------------------------------------------------------------
                                              1.062069   slack (MET)


Startpoint: _1435_ (rising edge-triggered flip-flop clocked by clk)
Endpoint: _1395_ (rising edge-triggered flip-flop clocked by clk)
Path Group: clk
Path Type: min

Fanout         Cap        Slew       Delay        Time   Description
---------------------------------------------------------------------------------------------
                                  0.000000    0.000000   clock clk (rise edge)
                                  0.000000    0.000000   clock source latency
     1    0.026922    0.198405    0.137267    0.137267 ^ clk (in)
                                                         clk (net)
                      0.198433    0.000000    0.137267 ^ clkbuf_0_clk/A (sky130_fd_sc_hd__clkbuf_16)
     8    0.109934    0.191115    0.379256    0.516523 ^ clkbuf_0_clk/X (sky130_fd_sc_hd__clkbuf_16)
                                                         clknet_0_clk (net)
                      0.192673    0.013782    0.530305 ^ clkbuf_3_2__f_clk/A (sky130_fd_sc_hd__clkbuf_16)
     9    0.040430    0.095363    0.305616    0.835920 ^ clkbuf_3_2__f_clk/X (sky130_fd_sc_hd__clkbuf_16)
                                                         clknet_3_2__leaf_clk (net)
                      0.095469    0.002835    0.838755 ^ _1435_/CLK (sky130_fd_sc_hd__dfxtp_1)
     4    0.012011    0.194334    0.733848    1.572603 ^ _1435_/Q (sky130_fd_sc_hd__dfxtp_1)
                                                         core_out[2] (net)
                      0.194334    0.000612    1.573216 ^ _0731_/A1 (sky130_fd_sc_hd__a211o_1)
     1    0.002721    0.059891    0.272574    1.845790 ^ _0731_/X (sky130_fd_sc_hd__a211o_1)
                                                         _0109_ (net)
                      0.059891    0.000126    1.845915 ^ _0732_/B1 (sky130_fd_sc_hd__o211a_1)
     1    0.002192    0.067262    0.283386    2.129302 ^ _0732_/X (sky130_fd_sc_hd__o211a_1)
                                                         _0011_ (net)
                      0.067262    0.000153    2.129455 ^ _1395_/D (sky130_fd_sc_hd__dfxtp_1)
                                              2.129455   data arrival time

                                  0.000000    0.000000   clock clk (rise edge)
                                  0.000000    0.000000   clock source latency
     1    0.026922    0.198405    0.137267    0.137267 ^ clk (in)
                                                         clk (net)
                      0.198433    0.000000    0.137267 ^ clkbuf_0_clk/A (sky130_fd_sc_hd__clkbuf_16)
     8    0.109934    0.191115    0.379256    0.516523 ^ clkbuf_0_clk/X (sky130_fd_sc_hd__clkbuf_16)
                                                         clknet_0_clk (net)
                      0.192673    0.013782    0.530305 ^ clkbuf_3_2__f_clk/A (sky130_fd_sc_hd__clkbuf_16)
     9    0.040430    0.095363    0.305616    0.835920 ^ clkbuf_3_2__f_clk/X (sky130_fd_sc_hd__clkbuf_16)
                                                         clknet_3_2__leaf_clk (net)
                      0.095472    0.002867    0.838788 ^ _1395_/CLK (sky130_fd_sc_hd__dfxtp_1)
                                  0.250000    1.088788   clock uncertainty
                                  0.000000    1.088788   clock reconvergence pessimism
                                 -0.067335    1.021452   library hold time
                                              1.021452   data required time
---------------------------------------------------------------------------------------------
                                              1.021452   data required time
                                             -2.129455   data arrival time
---------------------------------------------------------------------------------------------
                                              1.108003   slack (MET)


Startpoint: _1434_ (rising edge-triggered flip-flop clocked by clk)
Endpoint: _1394_ (rising edge-triggered flip-flop clocked by clk)
Path Group: clk
Path Type: min

Fanout         Cap        Slew       Delay        Time   Description
---------------------------------------------------------------------------------------------
                                  0.000000    0.000000   clock clk (rise edge)
                                  0.000000    0.000000   clock source latency
     1    0.026922    0.198405    0.137267    0.137267 ^ clk (in)
                                                         clk (net)
                      0.198433    0.000000    0.137267 ^ clkbuf_0_clk/A (sky130_fd_sc_hd__clkbuf_16)
     8    0.109934    0.191115    0.379256    0.516523 ^ clkbuf_0_clk/X (sky130_fd_sc_hd__clkbuf_16)
                                                         clknet_0_clk (net)
                      0.192962    0.014980    0.531502 ^ clkbuf_3_0__f_clk/A (sky130_fd_sc_hd__clkbuf_16)
     9    0.039415    0.093738    0.304840    0.836342 ^ clkbuf_3_0__f_clk/X (sky130_fd_sc_hd__clkbuf_16)
                                                         clknet_3_0__leaf_clk (net)
                      0.093792    0.002045    0.838387 ^ _1434_/CLK (sky130_fd_sc_hd__dfxtp_1)
     4    0.013513    0.214471    0.748891    1.587278 ^ _1434_/Q (sky130_fd_sc_hd__dfxtp_1)
                                                         core_out[1] (net)
                      0.214471    0.000548    1.587826 ^ _0728_/A1 (sky130_fd_sc_hd__a211o_1)
     1    0.002699    0.059671    0.280905    1.868731 ^ _0728_/X (sky130_fd_sc_hd__a211o_1)
                                                         _0107_ (net)
                      0.059671    0.000125    1.868855 ^ _0729_/B1 (sky130_fd_sc_hd__o211a_1)
     1    0.001853    0.063619    0.278825    2.147680 ^ _0729_/X (sky130_fd_sc_hd__o211a_1)
                                                         _0010_ (net)
                      0.063619    0.000085    2.147766 ^ _1394_/D (sky130_fd_sc_hd__dfxtp_1)
                                              2.147766   data arrival time

                                  0.000000    0.000000   clock clk (rise edge)
                                  0.000000    0.000000   clock source latency
     1    0.026922    0.198405    0.137267    0.137267 ^ clk (in)
                                                         clk (net)
                      0.198433    0.000000    0.137267 ^ clkbuf_0_clk/A (sky130_fd_sc_hd__clkbuf_16)
     8    0.109934    0.191115    0.379256    0.516523 ^ clkbuf_0_clk/X (sky130_fd_sc_hd__clkbuf_16)
                                                         clknet_0_clk (net)
                      0.192962    0.014980    0.531502 ^ clkbuf_3_0__f_clk/A (sky130_fd_sc_hd__clkbuf_16)
     9    0.039415    0.093738    0.304840    0.836342 ^ clkbuf_3_0__f_clk/X (sky130_fd_sc_hd__clkbuf_16)
                                                         clknet_3_0__leaf_clk (net)
                      0.093787    0.001976    0.838319 ^ _1394_/CLK (sky130_fd_sc_hd__dfxtp_1)
                                  0.250000    1.088319   clock uncertainty
                                  0.000000    1.088319   clock reconvergence pessimism
                                 -0.066756    1.021563   library hold time
                                              1.021563   data required time
---------------------------------------------------------------------------------------------
                                              1.021563   data required time
                                             -2.147766   data arrival time
---------------------------------------------------------------------------------------------
                                              1.126203   slack (MET)


Startpoint: _1449_ (rising edge-triggered flip-flop clocked by clk)
Endpoint: _1449_ (rising edge-triggered flip-flop clocked by clk)
Path Group: clk
Path Type: min

Fanout         Cap        Slew       Delay        Time   Description
---------------------------------------------------------------------------------------------
                                  0.000000    0.000000   clock clk (rise edge)
                                  0.000000    0.000000   clock source latency
     1    0.026922    0.198405    0.137267    0.137267 ^ clk (in)
                                                         clk (net)
                      0.198433    0.000000    0.137267 ^ clkbuf_0_clk/A (sky130_fd_sc_hd__clkbuf_16)
     8    0.109934    0.191115    0.379256    0.516523 ^ clkbuf_0_clk/X (sky130_fd_sc_hd__clkbuf_16)
                                                         clknet_0_clk (net)
                      0.191340    0.005418    0.521941 ^ clkbuf_3_4__f_clk/A (sky130_fd_sc_hd__clkbuf_16)
    11    0.042382    0.096594    0.306758    0.828699 ^ clkbuf_3_4__f_clk/X (sky130_fd_sc_hd__clkbuf_16)
                                                         clknet_3_4__leaf_clk (net)
                      0.097156    0.005093    0.833792 ^ _1449_/CLK (sky130_fd_sc_hd__dfxtp_1)
     6    0.036974    0.330063    0.809097    1.642889 v _1449_/Q (sky130_fd_sc_hd__dfxtp_1)
                                                         core_out[16] (net)
                      0.330064    0.001267    1.644156 v _1280_/A2 (sky130_fd_sc_hd__o211a_1)
     1    0.002498    0.054926    0.480307    2.124463 v _1280_/X (sky130_fd_sc_hd__o211a_1)
                                                         _0065_ (net)
                      0.054926    0.000099    2.124563 v _1449_/D (sky130_fd_sc_hd__dfxtp_1)
                                              2.124563   data arrival time

                                  0.000000    0.000000   clock clk (rise edge)
                                  0.000000    0.000000   clock source latency
     1    0.026922    0.198405    0.137267    0.137267 ^ clk (in)
                                                         clk (net)
                      0.198433    0.000000    0.137267 ^ clkbuf_0_clk/A (sky130_fd_sc_hd__clkbuf_16)
     8    0.109934    0.191115    0.379256    0.516523 ^ clkbuf_0_clk/X (sky130_fd_sc_hd__clkbuf_16)
                                                         clknet_0_clk (net)
                      0.191340    0.005418    0.521941 ^ clkbuf_3_4__f_clk/A (sky130_fd_sc_hd__clkbuf_16)
    11    0.042382    0.096594    0.306758    0.828699 ^ clkbuf_3_4__f_clk/X (sky130_fd_sc_hd__clkbuf_16)
                                                         clknet_3_4__leaf_clk (net)
                      0.097156    0.005093    0.833792 ^ _1449_/CLK (sky130_fd_sc_hd__dfxtp_1)
                                  0.250000    1.083792   clock uncertainty
                                  0.000000    1.083792   clock reconvergence pessimism
                                 -0.092915    0.990877   library hold time
                                              0.990877   data required time
---------------------------------------------------------------------------------------------
                                              0.990877   data required time
                                             -2.124563   data arrival time
---------------------------------------------------------------------------------------------
                                              1.133686   slack (MET)


Startpoint: _1450_ (rising edge-triggered flip-flop clocked by clk)
Endpoint: _1450_ (rising edge-triggered flip-flop clocked by clk)
Path Group: clk
Path Type: min

Fanout         Cap        Slew       Delay        Time   Description
---------------------------------------------------------------------------------------------
                                  0.000000    0.000000   clock clk (rise edge)
                                  0.000000    0.000000   clock source latency
     1    0.026922    0.198405    0.137267    0.137267 ^ clk (in)
                                                         clk (net)
                      0.198433    0.000000    0.137267 ^ clkbuf_0_clk/A (sky130_fd_sc_hd__clkbuf_16)
     8    0.109934    0.191115    0.379256    0.516523 ^ clkbuf_0_clk/X (sky130_fd_sc_hd__clkbuf_16)
                                                         clknet_0_clk (net)
                      0.191932    0.010083    0.526606 ^ clkbuf_3_7__f_clk/A (sky130_fd_sc_hd__clkbuf_16)
    10    0.046182    0.101921    0.311885    0.838491 ^ clkbuf_3_7__f_clk/X (sky130_fd_sc_hd__clkbuf_16)
                                                         clknet_3_7__leaf_clk (net)
                      0.102001    0.002311    0.840801 ^ _1450_/CLK (sky130_fd_sc_hd__dfxtp_1)
     6    0.038165    0.340093    0.818854    1.659655 v _1450_/Q (sky130_fd_sc_hd__dfxtp_1)
                                                         core_out[17] (net)
                      0.340098    0.001695    1.661350 v _1285_/A2 (sky130_fd_sc_hd__o211a_1)
     1    0.002673    0.056574    0.486874    2.148224 v _1285_/X (sky130_fd_sc_hd__o211a_1)
                                                         _0066_ (net)
                      0.056574    0.000200    2.148424 v _1450_/D (sky130_fd_sc_hd__dfxtp_1)
                                              2.148424   data arrival time

                                  0.000000    0.000000   clock clk (rise edge)
                                  0.000000    0.000000   clock source latency
     1    0.026922    0.198405    0.137267    0.137267 ^ clk (in)
                                                         clk (net)
                      0.198433    0.000000    0.137267 ^ clkbuf_0_clk/A (sky130_fd_sc_hd__clkbuf_16)
     8    0.109934    0.191115    0.379256    0.516523 ^ clkbuf_0_clk/X (sky130_fd_sc_hd__clkbuf_16)
                                                         clknet_0_clk (net)
                      0.191932    0.010083    0.526606 ^ clkbuf_3_7__f_clk/A (sky130_fd_sc_hd__clkbuf_16)
    10    0.046182    0.101921    0.311885    0.838491 ^ clkbuf_3_7__f_clk/X (sky130_fd_sc_hd__clkbuf_16)
                                                         clknet_3_7__leaf_clk (net)
                      0.102001    0.002311    0.840801 ^ _1450_/CLK (sky130_fd_sc_hd__dfxtp_1)
                                  0.250000    1.090801   clock uncertainty
                                  0.000000    1.090801   clock reconvergence pessimism
                                 -0.092374    0.998427   library hold time
                                              0.998427   data required time
---------------------------------------------------------------------------------------------
                                              0.998427   data required time
                                             -2.148424   data arrival time
---------------------------------------------------------------------------------------------
                                              1.149997   slack (MET)


Startpoint: _1437_ (rising edge-triggered flip-flop clocked by clk)
Endpoint: _1397_ (rising edge-triggered flip-flop clocked by clk)
Path Group: clk
Path Type: min

Fanout         Cap        Slew       Delay        Time   Description
---------------------------------------------------------------------------------------------
                                  0.000000    0.000000   clock clk (rise edge)
                                  0.000000    0.000000   clock source latency
     1    0.026922    0.198405    0.137267    0.137267 ^ clk (in)
                                                         clk (net)
                      0.198433    0.000000    0.137267 ^ clkbuf_0_clk/A (sky130_fd_sc_hd__clkbuf_16)
     8    0.109934    0.191115    0.379256    0.516523 ^ clkbuf_0_clk/X (sky130_fd_sc_hd__clkbuf_16)
                                                         clknet_0_clk (net)
                      0.192673    0.013782    0.530305 ^ clkbuf_3_2__f_clk/A (sky130_fd_sc_hd__clkbuf_16)
     9    0.040430    0.095363    0.305616    0.835920 ^ clkbuf_3_2__f_clk/X (sky130_fd_sc_hd__clkbuf_16)
                                                         clknet_3_2__leaf_clk (net)
                      0.095503    0.003205    0.839125 ^ _1437_/CLK (sky130_fd_sc_hd__dfxtp_1)
     4    0.014052    0.222172    0.755141    1.594267 ^ _1437_/Q (sky130_fd_sc_hd__dfxtp_1)
                                                         core_out[4] (net)
                      0.222172    0.000816    1.595083 ^ _0737_/A1 (sky130_fd_sc_hd__a211o_1)
     1    0.003791    0.072534    0.297051    1.892134 ^ _0737_/X (sky130_fd_sc_hd__a211o_1)
                                                         _0113_ (net)
                      0.072534    0.000242    1.892376 ^ _0738_/B1 (sky130_fd_sc_hd__o211a_1)
     1    0.001979    0.064979    0.285279    2.177655 ^ _0738_/X (sky130_fd_sc_hd__o211a_1)
                                                         _0013_ (net)
                      0.064979    0.000141    2.177795 ^ _1397_/D (sky130_fd_sc_hd__dfxtp_1)
                                              2.177795   data arrival time

                                  0.000000    0.000000   clock clk (rise edge)
                                  0.000000    0.000000   clock source latency
     1    0.026922    0.198405    0.137267    0.137267 ^ clk (in)
                                                         clk (net)
                      0.198433    0.000000    0.137267 ^ clkbuf_0_clk/A (sky130_fd_sc_hd__clkbuf_16)
     8    0.109934    0.191115    0.379256    0.516523 ^ clkbuf_0_clk/X (sky130_fd_sc_hd__clkbuf_16)
                                                         clknet_0_clk (net)
                      0.192673    0.013782    0.530305 ^ clkbuf_3_2__f_clk/A (sky130_fd_sc_hd__clkbuf_16)
     9    0.040430    0.095363    0.305616    0.835920 ^ clkbuf_3_2__f_clk/X (sky130_fd_sc_hd__clkbuf_16)
                                                         clknet_3_2__leaf_clk (net)
                      0.095500    0.003168    0.839089 ^ _1397_/CLK (sky130_fd_sc_hd__dfxtp_1)
                                  0.250000    1.089089   clock uncertainty
                                  0.000000    1.089089   clock reconvergence pessimism
                                 -0.066800    1.022289   library hold time
                                              1.022289   data required time
---------------------------------------------------------------------------------------------
                                              1.022289   data required time
                                             -2.177795   data arrival time
---------------------------------------------------------------------------------------------
                                              1.155506   slack (MET)


Startpoint: _1464_ (rising edge-triggered flip-flop clocked by clk)
Endpoint: _1424_ (rising edge-triggered flip-flop clocked by clk)
Path Group: clk
Path Type: min

Fanout         Cap        Slew       Delay        Time   Description
---------------------------------------------------------------------------------------------
                                  0.000000    0.000000   clock clk (rise edge)
                                  0.000000    0.000000   clock source latency
     1    0.026922    0.198405    0.137267    0.137267 ^ clk (in)
                                                         clk (net)
                      0.198433    0.000000    0.137267 ^ clkbuf_0_clk/A (sky130_fd_sc_hd__clkbuf_16)
     8    0.109934    0.191115    0.379256    0.516523 ^ clkbuf_0_clk/X (sky130_fd_sc_hd__clkbuf_16)
                                                         clknet_0_clk (net)
                      0.192403    0.012564    0.529087 ^ clkbuf_3_3__f_clk/A (sky130_fd_sc_hd__clkbuf_16)
     7    0.040847    0.095342    0.306110    0.835196 ^ clkbuf_3_3__f_clk/X (sky130_fd_sc_hd__clkbuf_16)
                                                         clknet_3_3__leaf_clk (net)
                      0.095433    0.002610    0.837806 ^ _1464_/CLK (sky130_fd_sc_hd__dfxtp_1)
     3    0.012338    0.124246    0.653965    1.491771 v _1464_/Q (sky130_fd_sc_hd__dfxtp_1)
                                                         core_out[31] (net)
                      0.124247    0.000521    1.492292 v _0794_/A (sky130_fd_sc_hd__and2_1)
     1    0.002776    0.065238    0.299556    1.791848 v _0794_/X (sky130_fd_sc_hd__and2_1)
                                                         _0143_ (net)
                      0.065238    0.000195    1.792043 v _0795_/B2 (sky130_fd_sc_hd__o221a_1)
     1    0.001918    0.057957    0.376261    2.168304 v _0795_/X (sky130_fd_sc_hd__o221a_1)
                                                         _0040_ (net)
                      0.057957    0.000136    2.168440 v _1424_/D (sky130_fd_sc_hd__dfxtp_1)
                                              2.168440   data arrival time

                                  0.000000    0.000000   clock clk (rise edge)
                                  0.000000    0.000000   clock source latency
     1    0.026922    0.198405    0.137267    0.137267 ^ clk (in)
                                                         clk (net)
                      0.198433    0.000000    0.137267 ^ clkbuf_0_clk/A (sky130_fd_sc_hd__clkbuf_16)
     8    0.109934    0.191115    0.379256    0.516523 ^ clkbuf_0_clk/X (sky130_fd_sc_hd__clkbuf_16)
                                                         clknet_0_clk (net)
                      0.192403    0.012564    0.529087 ^ clkbuf_3_3__f_clk/A (sky130_fd_sc_hd__clkbuf_16)
     7    0.040847    0.095342    0.306110    0.835196 ^ clkbuf_3_3__f_clk/X (sky130_fd_sc_hd__clkbuf_16)
                                                         clknet_3_3__leaf_clk (net)
                      0.095451    0.002828    0.838024 ^ _1424_/CLK (sky130_fd_sc_hd__dfxtp_1)
                                  0.250000    1.088024   clock uncertainty
                                  0.000000    1.088024   clock reconvergence pessimism
                                 -0.094471    0.993554   library hold time
                                              0.993554   data required time
---------------------------------------------------------------------------------------------
                                              0.993554   data required time
                                             -2.168440   data arrival time
---------------------------------------------------------------------------------------------
                                              1.174886   slack (MET)


Startpoint: _1447_ (rising edge-triggered flip-flop clocked by clk)
Endpoint: _1407_ (rising edge-triggered flip-flop clocked by clk)
Path Group: clk
Path Type: min

Fanout         Cap        Slew       Delay        Time   Description
---------------------------------------------------------------------------------------------
                                  0.000000    0.000000   clock clk (rise edge)
                                  0.000000    0.000000   clock source latency
     1    0.026922    0.198405    0.137267    0.137267 ^ clk (in)
                                                         clk (net)
                      0.198433    0.000000    0.137267 ^ clkbuf_0_clk/A (sky130_fd_sc_hd__clkbuf_16)
     8    0.109934    0.191115    0.379256    0.516523 ^ clkbuf_0_clk/X (sky130_fd_sc_hd__clkbuf_16)
                                                         clknet_0_clk (net)
                      0.191326    0.005258    0.521781 ^ clkbuf_3_5__f_clk/A (sky130_fd_sc_hd__clkbuf_16)
    14    0.046389    0.102156    0.311297    0.833078 ^ clkbuf_3_5__f_clk/X (sky130_fd_sc_hd__clkbuf_16)
                                                         clknet_3_5__leaf_clk (net)
                      0.102361    0.003842    0.836920 ^ _1447_/CLK (sky130_fd_sc_hd__dfxtp_1)
     4    0.012141    0.123069    0.655751    1.492671 v _1447_/Q (sky130_fd_sc_hd__dfxtp_1)
                                                         core_out[14] (net)
                      0.123069    0.000389    1.493060 v _0760_/A (sky130_fd_sc_hd__and2_1)
     1    0.002833    0.065674    0.299611    1.792671 v _0760_/X (sky130_fd_sc_hd__and2_1)
                                                         _0126_ (net)
                      0.065674    0.000126    1.792796 v _0761_/B2 (sky130_fd_sc_hd__o221a_1)
     1    0.002119    0.059858    0.379508    2.172304 v _0761_/X (sky130_fd_sc_hd__o221a_1)
                                                         _0023_ (net)
                      0.059858    0.000144    2.172448 v _1407_/D (sky130_fd_sc_hd__dfxtp_1)
                                              2.172448   data arrival time

                                  0.000000    0.000000   clock clk (rise edge)
                                  0.000000    0.000000   clock source latency
     1    0.026922    0.198405    0.137267    0.137267 ^ clk (in)
                                                         clk (net)
                      0.198433    0.000000    0.137267 ^ clkbuf_0_clk/A (sky130_fd_sc_hd__clkbuf_16)
     8    0.109934    0.191115    0.379256    0.516523 ^ clkbuf_0_clk/X (sky130_fd_sc_hd__clkbuf_16)
                                                         clknet_0_clk (net)
                      0.191326    0.005258    0.521781 ^ clkbuf_3_5__f_clk/A (sky130_fd_sc_hd__clkbuf_16)
    14    0.046389    0.102156    0.311297    0.833078 ^ clkbuf_3_5__f_clk/X (sky130_fd_sc_hd__clkbuf_16)
                                                         clknet_3_5__leaf_clk (net)
                      0.102613    0.005646    0.838724 ^ _1407_/CLK (sky130_fd_sc_hd__dfxtp_1)
                                  0.250000    1.088724   clock uncertainty
                                  0.000000    1.088724   clock reconvergence pessimism
                                 -0.093469    0.995255   library hold time
                                              0.995255   data required time
---------------------------------------------------------------------------------------------
                                              0.995255   data required time
                                             -2.172448   data arrival time
---------------------------------------------------------------------------------------------
                                              1.177193   slack (MET)


Startpoint: _1463_ (rising edge-triggered flip-flop clocked by clk)
Endpoint: _1423_ (rising edge-triggered flip-flop clocked by clk)
Path Group: clk
Path Type: min

Fanout         Cap        Slew       Delay        Time   Description
---------------------------------------------------------------------------------------------
                                  0.000000    0.000000   clock clk (rise edge)
                                  0.000000    0.000000   clock source latency
     1    0.026922    0.198405    0.137267    0.137267 ^ clk (in)
                                                         clk (net)
                      0.198433    0.000000    0.137267 ^ clkbuf_0_clk/A (sky130_fd_sc_hd__clkbuf_16)
     8    0.109934    0.191115    0.379256    0.516523 ^ clkbuf_0_clk/X (sky130_fd_sc_hd__clkbuf_16)
                                                         clknet_0_clk (net)
                      0.191919    0.010008    0.526531 ^ clkbuf_3_6__f_clk/A (sky130_fd_sc_hd__clkbuf_16)
    14    0.047574    0.103853    0.313418    0.839949 ^ clkbuf_3_6__f_clk/X (sky130_fd_sc_hd__clkbuf_16)
                                                         clknet_3_6__leaf_clk (net)
                      0.104147    0.004626    0.844575 ^ _1463_/CLK (sky130_fd_sc_hd__dfxtp_1)
     4    0.011045    0.180817    0.727808    1.572384 ^ _1463_/Q (sky130_fd_sc_hd__dfxtp_1)
                                                         core_out[30] (net)
                      0.180817    0.000648    1.573031 ^ _0792_/A (sky130_fd_sc_hd__and2_1)
     1    0.003567    0.089406    0.271322    1.844354 ^ _0792_/X (sky130_fd_sc_hd__and2_1)
                                                         _0142_ (net)
                      0.089406    0.000232    1.844586 ^ _0793_/B2 (sky130_fd_sc_hd__o221a_1)
     1    0.002290    0.087022    0.351624    2.196210 ^ _0793_/X (sky130_fd_sc_hd__o221a_1)
                                                         _0039_ (net)
                      0.087022    0.000164    2.196374 ^ _1423_/D (sky130_fd_sc_hd__dfxtp_1)
                                              2.196374   data arrival time

                                  0.000000    0.000000   clock clk (rise edge)
                                  0.000000    0.000000   clock source latency
     1    0.026922    0.198405    0.137267    0.137267 ^ clk (in)
                                                         clk (net)
                      0.198433    0.000000    0.137267 ^ clkbuf_0_clk/A (sky130_fd_sc_hd__clkbuf_16)
     8    0.109934    0.191115    0.379256    0.516523 ^ clkbuf_0_clk/X (sky130_fd_sc_hd__clkbuf_16)
                                                         clknet_0_clk (net)
                      0.192403    0.012564    0.529087 ^ clkbuf_3_3__f_clk/A (sky130_fd_sc_hd__clkbuf_16)
     7    0.040847    0.095342    0.306110    0.835196 ^ clkbuf_3_3__f_clk/X (sky130_fd_sc_hd__clkbuf_16)
                                                         clknet_3_3__leaf_clk (net)
                      0.095463    0.002958    0.838155 ^ _1423_/CLK (sky130_fd_sc_hd__dfxtp_1)
                                  0.250000    1.088155   clock uncertainty
                                  0.000000    1.088155   clock reconvergence pessimism
                                 -0.071932    1.016223   library hold time
                                              1.016223   data required time
---------------------------------------------------------------------------------------------
                                              1.016223   data required time
                                             -2.196374   data arrival time
---------------------------------------------------------------------------------------------
                                              1.180151   slack (MET)


Startpoint: _1448_ (rising edge-triggered flip-flop clocked by clk)
Endpoint: _1408_ (rising edge-triggered flip-flop clocked by clk)
Path Group: clk
Path Type: min

Fanout         Cap        Slew       Delay        Time   Description
---------------------------------------------------------------------------------------------
                                  0.000000    0.000000   clock clk (rise edge)
                                  0.000000    0.000000   clock source latency
     1    0.026922    0.198405    0.137267    0.137267 ^ clk (in)
                                                         clk (net)
                      0.198433    0.000000    0.137267 ^ clkbuf_0_clk/A (sky130_fd_sc_hd__clkbuf_16)
     8    0.109934    0.191115    0.379256    0.516523 ^ clkbuf_0_clk/X (sky130_fd_sc_hd__clkbuf_16)
                                                         clknet_0_clk (net)
                      0.191326    0.005258    0.521781 ^ clkbuf_3_5__f_clk/A (sky130_fd_sc_hd__clkbuf_16)
    14    0.046389    0.102156    0.311297    0.833078 ^ clkbuf_3_5__f_clk/X (sky130_fd_sc_hd__clkbuf_16)
                                                         clknet_3_5__leaf_clk (net)
                      0.102168    0.001938    0.835016 ^ _1448_/CLK (sky130_fd_sc_hd__dfxtp_1)
     4    0.013214    0.129643    0.663109    1.498124 v _1448_/Q (sky130_fd_sc_hd__dfxtp_1)
                                                         core_out[15] (net)
                      0.129643    0.000342    1.498466 v _0762_/A (sky130_fd_sc_hd__and2_1)
     1    0.002691    0.064594    0.301301    1.799768 v _0762_/X (sky130_fd_sc_hd__and2_1)
                                                         _0127_ (net)
                      0.064594    0.000126    1.799894 v _0763_/B2 (sky130_fd_sc_hd__o221a_1)
     1    0.002155    0.060053    0.379647    2.179540 v _0763_/X (sky130_fd_sc_hd__o221a_1)
                                                         _0024_ (net)
                      0.060053    0.000143    2.179684 v _1408_/D (sky130_fd_sc_hd__dfxtp_1)
                                              2.179684   data arrival time

                                  0.000000    0.000000   clock clk (rise edge)
                                  0.000000    0.000000   clock source latency
     1    0.026922    0.198405    0.137267    0.137267 ^ clk (in)
                                                         clk (net)
                      0.198433    0.000000    0.137267 ^ clkbuf_0_clk/A (sky130_fd_sc_hd__clkbuf_16)
     8    0.109934    0.191115    0.379256    0.516523 ^ clkbuf_0_clk/X (sky130_fd_sc_hd__clkbuf_16)
                                                         clknet_0_clk (net)
                      0.191326    0.005258    0.521781 ^ clkbuf_3_5__f_clk/A (sky130_fd_sc_hd__clkbuf_16)
    14    0.046389    0.102156    0.311297    0.833078 ^ clkbuf_3_5__f_clk/X (sky130_fd_sc_hd__clkbuf_16)
                                                         clknet_3_5__leaf_clk (net)
                      0.102626    0.005728    0.838806 ^ _1408_/CLK (sky130_fd_sc_hd__dfxtp_1)
                                  0.250000    1.088806   clock uncertainty
                                  0.000000    1.088806   clock reconvergence pessimism
                                 -0.093539    0.995267   library hold time
                                              0.995267   data required time
---------------------------------------------------------------------------------------------
                                              0.995267   data required time
                                             -2.179684   data arrival time
---------------------------------------------------------------------------------------------
                                              1.184417   slack (MET)


Startpoint: _1462_ (rising edge-triggered flip-flop clocked by clk)
Endpoint: _1422_ (rising edge-triggered flip-flop clocked by clk)
Path Group: clk
Path Type: min

Fanout         Cap        Slew       Delay        Time   Description
---------------------------------------------------------------------------------------------
                                  0.000000    0.000000   clock clk (rise edge)
                                  0.000000    0.000000   clock source latency
     1    0.026922    0.198405    0.137267    0.137267 ^ clk (in)
                                                         clk (net)
                      0.198433    0.000000    0.137267 ^ clkbuf_0_clk/A (sky130_fd_sc_hd__clkbuf_16)
     8    0.109934    0.191115    0.379256    0.516523 ^ clkbuf_0_clk/X (sky130_fd_sc_hd__clkbuf_16)
                                                         clknet_0_clk (net)
                      0.191919    0.010008    0.526531 ^ clkbuf_3_6__f_clk/A (sky130_fd_sc_hd__clkbuf_16)
    14    0.047574    0.103853    0.313418    0.839949 ^ clkbuf_3_6__f_clk/X (sky130_fd_sc_hd__clkbuf_16)
                                                         clknet_3_6__leaf_clk (net)
                      0.103943    0.002702    0.842652 ^ _1462_/CLK (sky130_fd_sc_hd__dfxtp_1)
     4    0.013345    0.130734    0.664786    1.507438 v _1462_/Q (sky130_fd_sc_hd__dfxtp_1)
                                                         core_out[29] (net)
                      0.130735    0.000635    1.508072 v _0790_/A (sky130_fd_sc_hd__and2_1)
     1    0.003647    0.072423    0.311834    1.819906 v _0790_/X (sky130_fd_sc_hd__and2_1)
                                                         _0141_ (net)
                      0.072423    0.000238    1.820144 v _0791_/B2 (sky130_fd_sc_hd__o221a_1)
     1    0.001945    0.058219    0.379463    2.199607 v _0791_/X (sky130_fd_sc_hd__o221a_1)
                                                         _0038_ (net)
                      0.058219    0.000139    2.199746 v _1422_/D (sky130_fd_sc_hd__dfxtp_1)
                                              2.199746   data arrival time

                                  0.000000    0.000000   clock clk (rise edge)
                                  0.000000    0.000000   clock source latency
     1    0.026922    0.198405    0.137267    0.137267 ^ clk (in)
                                                         clk (net)
                      0.198433    0.000000    0.137267 ^ clkbuf_0_clk/A (sky130_fd_sc_hd__clkbuf_16)
     8    0.109934    0.191115    0.379256    0.516523 ^ clkbuf_0_clk/X (sky130_fd_sc_hd__clkbuf_16)
                                                         clknet_0_clk (net)
                      0.191919    0.010008    0.526531 ^ clkbuf_3_6__f_clk/A (sky130_fd_sc_hd__clkbuf_16)
    14    0.047574    0.103853    0.313418    0.839949 ^ clkbuf_3_6__f_clk/X (sky130_fd_sc_hd__clkbuf_16)
                                                         clknet_3_6__leaf_clk (net)
                      0.104115    0.004362    0.844312 ^ _1422_/CLK (sky130_fd_sc_hd__dfxtp_1)
                                  0.250000    1.094312   clock uncertainty
                                  0.000000    1.094312   clock reconvergence pessimism
                                 -0.092489    1.001823   library hold time
                                              1.001823   data required time
---------------------------------------------------------------------------------------------
                                              1.001823   data required time
                                             -2.199746   data arrival time
---------------------------------------------------------------------------------------------
                                              1.197922   slack (MET)


Startpoint: _1444_ (rising edge-triggered flip-flop clocked by clk)
Endpoint: _1404_ (rising edge-triggered flip-flop clocked by clk)
Path Group: clk
Path Type: min

Fanout         Cap        Slew       Delay        Time   Description
---------------------------------------------------------------------------------------------
                                  0.000000    0.000000   clock clk (rise edge)
                                  0.000000    0.000000   clock source latency
     1    0.026922    0.198405    0.137267    0.137267 ^ clk (in)
                                                         clk (net)
                      0.198433    0.000000    0.137267 ^ clkbuf_0_clk/A (sky130_fd_sc_hd__clkbuf_16)
     8    0.109934    0.191115    0.379256    0.516523 ^ clkbuf_0_clk/X (sky130_fd_sc_hd__clkbuf_16)
                                                         clknet_0_clk (net)
                      0.191326    0.005258    0.521781 ^ clkbuf_3_5__f_clk/A (sky130_fd_sc_hd__clkbuf_16)
    14    0.046389    0.102156    0.311297    0.833078 ^ clkbuf_3_5__f_clk/X (sky130_fd_sc_hd__clkbuf_16)
                                                         clknet_3_5__leaf_clk (net)
                      0.102400    0.004156    0.837234 ^ _1444_/CLK (sky130_fd_sc_hd__dfxtp_1)
     4    0.013750    0.134162    0.666474    1.503708 v _1444_/Q (sky130_fd_sc_hd__dfxtp_1)
                                                         core_out[11] (net)
                      0.134163    0.000664    1.504372 v _0754_/A (sky130_fd_sc_hd__and2_1)
     1    0.003436    0.070597    0.311281    1.815652 v _0754_/X (sky130_fd_sc_hd__and2_1)
                                                         _0123_ (net)
                      0.070597    0.000219    1.815872 v _0755_/B2 (sky130_fd_sc_hd__o221a_1)
     1    0.001961    0.058401    0.379016    2.194887 v _0755_/X (sky130_fd_sc_hd__o221a_1)
                                                         _0020_ (net)
                      0.058401    0.000091    2.194978 v _1404_/D (sky130_fd_sc_hd__dfxtp_1)
                                              2.194978   data arrival time

                                  0.000000    0.000000   clock clk (rise edge)
                                  0.000000    0.000000   clock source latency
     1    0.026922    0.198405    0.137267    0.137267 ^ clk (in)
                                                         clk (net)
                      0.198433    0.000000    0.137267 ^ clkbuf_0_clk/A (sky130_fd_sc_hd__clkbuf_16)
     8    0.109934    0.191115    0.379256    0.516523 ^ clkbuf_0_clk/X (sky130_fd_sc_hd__clkbuf_16)
                                                         clknet_0_clk (net)
                      0.191326    0.005258    0.521781 ^ clkbuf_3_5__f_clk/A (sky130_fd_sc_hd__clkbuf_16)
    14    0.046389    0.102156    0.311297    0.833078 ^ clkbuf_3_5__f_clk/X (sky130_fd_sc_hd__clkbuf_16)
                                                         clknet_3_5__leaf_clk (net)
                      0.102410    0.004235    0.837312 ^ _1404_/CLK (sky130_fd_sc_hd__dfxtp_1)
                                  0.250000    1.087312   clock uncertainty
                                  0.000000    1.087312   clock reconvergence pessimism
                                 -0.092967    0.994346   library hold time
                                              0.994346   data required time
---------------------------------------------------------------------------------------------
                                              0.994346   data required time
                                             -2.194978   data arrival time
---------------------------------------------------------------------------------------------
                                              1.200632   slack (MET)


Startpoint: _1426_ (rising edge-triggered flip-flop clocked by clk)
Endpoint: _1426_ (rising edge-triggered flip-flop clocked by clk)
Path Group: clk
Path Type: min

Fanout         Cap        Slew       Delay        Time   Description
---------------------------------------------------------------------------------------------
                                  0.000000    0.000000   clock clk (rise edge)
                                  0.000000    0.000000   clock source latency
     1    0.026922    0.198405    0.137267    0.137267 ^ clk (in)
                                                         clk (net)
                      0.198433    0.000000    0.137267 ^ clkbuf_0_clk/A (sky130_fd_sc_hd__clkbuf_16)
     8    0.109934    0.191115    0.379256    0.516523 ^ clkbuf_0_clk/X (sky130_fd_sc_hd__clkbuf_16)
                                                         clknet_0_clk (net)
                      0.192982    0.015062    0.531585 ^ clkbuf_3_1__f_clk/A (sky130_fd_sc_hd__clkbuf_16)
    13    0.047517    0.103741    0.313729    0.845315 ^ clkbuf_3_1__f_clk/X (sky130_fd_sc_hd__clkbuf_16)
                                                         clknet_3_1__leaf_clk (net)
                      0.103834    0.002762    0.848077 ^ _1426_/CLK (sky130_fd_sc_hd__dfxtp_1)
     1    0.006003    0.110921    0.674706    1.522783 ^ _1426_/Q (sky130_fd_sc_hd__dfxtp_1)
                                                         core_b[1] (net)
                      0.110921    0.000478    1.523261 ^ fanout77/A (sky130_fd_sc_hd__buf_6)
    10    0.042500    0.146649    0.257533    1.780793 ^ fanout77/X (sky130_fd_sc_hd__buf_6)
                                                         net77 (net)
                      0.146653    0.001133    1.781926 ^ _0799_/A0 (sky130_fd_sc_hd__mux2_1)
     1    0.001858    0.061566    0.243470    2.025396 ^ _0799_/X (sky130_fd_sc_hd__mux2_1)
                                                         _0146_ (net)
                      0.061566    0.000130    2.025526 ^ _0800_/B (sky130_fd_sc_hd__and2_1)
     1    0.001860    0.067596    0.210713    2.236239 ^ _0800_/X (sky130_fd_sc_hd__and2_1)
                                                         _0042_ (net)
                      0.067596    0.000087    2.236326 ^ _1426_/D (sky130_fd_sc_hd__dfxtp_1)
                                              2.236326   data arrival time

                                  0.000000    0.000000   clock clk (rise edge)
                                  0.000000    0.000000   clock source latency
     1    0.026922    0.198405    0.137267    0.137267 ^ clk (in)
                                                         clk (net)
                      0.198433    0.000000    0.137267 ^ clkbuf_0_clk/A (sky130_fd_sc_hd__clkbuf_16)
     8    0.109934    0.191115    0.379256    0.516523 ^ clkbuf_0_clk/X (sky130_fd_sc_hd__clkbuf_16)
                                                         clknet_0_clk (net)
                      0.192982    0.015062    0.531585 ^ clkbuf_3_1__f_clk/A (sky130_fd_sc_hd__clkbuf_16)
    13    0.047517    0.103741    0.313729    0.845315 ^ clkbuf_3_1__f_clk/X (sky130_fd_sc_hd__clkbuf_16)
                                                         clknet_3_1__leaf_clk (net)
                      0.103834    0.002762    0.848077 ^ _1426_/CLK (sky130_fd_sc_hd__dfxtp_1)
                                  0.250000    1.098077   clock uncertainty
                                  0.000000    1.098077   clock reconvergence pessimism
                                 -0.066084    1.031993   library hold time
                                              1.031993   data required time
---------------------------------------------------------------------------------------------
                                              1.031993   data required time
                                             -2.236326   data arrival time
---------------------------------------------------------------------------------------------
                                              1.204333   slack (MET)


Startpoint: _1461_ (rising edge-triggered flip-flop clocked by clk)
Endpoint: _1421_ (rising edge-triggered flip-flop clocked by clk)
Path Group: clk
Path Type: min

Fanout         Cap        Slew       Delay        Time   Description
---------------------------------------------------------------------------------------------
                                  0.000000    0.000000   clock clk (rise edge)
                                  0.000000    0.000000   clock source latency
     1    0.026922    0.198405    0.137267    0.137267 ^ clk (in)
                                                         clk (net)
                      0.198433    0.000000    0.137267 ^ clkbuf_0_clk/A (sky130_fd_sc_hd__clkbuf_16)
     8    0.109934    0.191115    0.379256    0.516523 ^ clkbuf_0_clk/X (sky130_fd_sc_hd__clkbuf_16)
                                                         clknet_0_clk (net)
                      0.191919    0.010008    0.526531 ^ clkbuf_3_6__f_clk/A (sky130_fd_sc_hd__clkbuf_16)
    14    0.047574    0.103853    0.313418    0.839949 ^ clkbuf_3_6__f_clk/X (sky130_fd_sc_hd__clkbuf_16)
                                                         clknet_3_6__leaf_clk (net)
                      0.104142    0.004588    0.844537 ^ _1461_/CLK (sky130_fd_sc_hd__dfxtp_1)
     5    0.012552    0.125584    0.659386    1.503923 v _1461_/Q (sky130_fd_sc_hd__dfxtp_1)
                                                         core_out[28] (net)
                      0.125585    0.000536    1.504459 v _0788_/A (sky130_fd_sc_hd__and2_1)
     1    0.004280    0.078153    0.315977    1.820436 v _0788_/X (sky130_fd_sc_hd__and2_1)
                                                         _0140_ (net)
                      0.078153    0.000275    1.820710 v _0789_/B2 (sky130_fd_sc_hd__o221a_1)
     1    0.002168    0.060284    0.385112    2.205823 v _0789_/X (sky130_fd_sc_hd__o221a_1)
                                                         _0037_ (net)
                      0.060284    0.000147    2.205970 v _1421_/D (sky130_fd_sc_hd__dfxtp_1)
                                              2.205970   data arrival time

                                  0.000000    0.000000   clock clk (rise edge)
                                  0.000000    0.000000   clock source latency
     1    0.026922    0.198405    0.137267    0.137267 ^ clk (in)
                                                         clk (net)
                      0.198433    0.000000    0.137267 ^ clkbuf_0_clk/A (sky130_fd_sc_hd__clkbuf_16)
     8    0.109934    0.191115    0.379256    0.516523 ^ clkbuf_0_clk/X (sky130_fd_sc_hd__clkbuf_16)
                                                         clknet_0_clk (net)
                      0.191919    0.010008    0.526531 ^ clkbuf_3_6__f_clk/A (sky130_fd_sc_hd__clkbuf_16)
    14    0.047574    0.103853    0.313418    0.839949 ^ clkbuf_3_6__f_clk/X (sky130_fd_sc_hd__clkbuf_16)
                                                         clknet_3_6__leaf_clk (net)
                      0.104048    0.003786    0.843735 ^ _1421_/CLK (sky130_fd_sc_hd__dfxtp_1)
                                  0.250000    1.093735   clock uncertainty
                                  0.000000    1.093735   clock reconvergence pessimism
                                 -0.093285    1.000450   library hold time
                                              1.000450   data required time
---------------------------------------------------------------------------------------------
                                              1.000450   data required time
                                             -2.205970   data arrival time
---------------------------------------------------------------------------------------------
                                              1.205520   slack (MET)


Startpoint: _1438_ (rising edge-triggered flip-flop clocked by clk)
Endpoint: _1398_ (rising edge-triggered flip-flop clocked by clk)
Path Group: clk
Path Type: min

Fanout         Cap        Slew       Delay        Time   Description
---------------------------------------------------------------------------------------------
                                  0.000000    0.000000   clock clk (rise edge)
                                  0.000000    0.000000   clock source latency
     1    0.026922    0.198405    0.137267    0.137267 ^ clk (in)
                                                         clk (net)
                      0.198433    0.000000    0.137267 ^ clkbuf_0_clk/A (sky130_fd_sc_hd__clkbuf_16)
     8    0.109934    0.191115    0.379256    0.516523 ^ clkbuf_0_clk/X (sky130_fd_sc_hd__clkbuf_16)
                                                         clknet_0_clk (net)
                      0.192403    0.012564    0.529087 ^ clkbuf_3_3__f_clk/A (sky130_fd_sc_hd__clkbuf_16)
     7    0.040847    0.095342    0.306110    0.835196 ^ clkbuf_3_3__f_clk/X (sky130_fd_sc_hd__clkbuf_16)
                                                         clknet_3_3__leaf_clk (net)
                      0.095414    0.002361    0.837557 ^ _1438_/CLK (sky130_fd_sc_hd__dfxtp_1)
     4    0.016415    0.255887    0.779088    1.616645 ^ _1438_/Q (sky130_fd_sc_hd__dfxtp_1)
                                                         core_out[5] (net)
                      0.255889    0.001227    1.617873 ^ _0740_/A1 (sky130_fd_sc_hd__a211o_1)
     1    0.004945    0.086338    0.322625    1.940498 ^ _0740_/X (sky130_fd_sc_hd__a211o_1)
                                                         _0115_ (net)
                      0.086338    0.000209    1.940707 ^ _0741_/B1 (sky130_fd_sc_hd__o211a_1)
     1    0.001823    0.063310    0.288241    2.228948 ^ _0741_/X (sky130_fd_sc_hd__o211a_1)
                                                         _0014_ (net)
                      0.063310    0.000129    2.229077 ^ _1398_/D (sky130_fd_sc_hd__dfxtp_1)
                                              2.229077   data arrival time

                                  0.000000    0.000000   clock clk (rise edge)
                                  0.000000    0.000000   clock source latency
     1    0.026922    0.198405    0.137267    0.137267 ^ clk (in)
                                                         clk (net)
                      0.198433    0.000000    0.137267 ^ clkbuf_0_clk/A (sky130_fd_sc_hd__clkbuf_16)
     8    0.109934    0.191115    0.379256    0.516523 ^ clkbuf_0_clk/X (sky130_fd_sc_hd__clkbuf_16)
                                                         clknet_0_clk (net)
                      0.192673    0.013782    0.530305 ^ clkbuf_3_2__f_clk/A (sky130_fd_sc_hd__clkbuf_16)
     9    0.040430    0.095363    0.305616    0.835920 ^ clkbuf_3_2__f_clk/X (sky130_fd_sc_hd__clkbuf_16)
                                                         clknet_3_2__leaf_clk (net)
                      0.095432    0.002350    0.838271 ^ _1398_/CLK (sky130_fd_sc_hd__dfxtp_1)
                                  0.250000    1.088271   clock uncertainty
                                  0.000000    1.088271   clock reconvergence pessimism
                                 -0.066423    1.021848   library hold time
                                              1.021848   data required time
---------------------------------------------------------------------------------------------
                                              1.021848   data required time
                                             -2.229077   data arrival time
---------------------------------------------------------------------------------------------
                                              1.207229   slack (MET)


Startpoint: _1459_ (rising edge-triggered flip-flop clocked by clk)
Endpoint: _1419_ (rising edge-triggered flip-flop clocked by clk)
Path Group: clk
Path Type: min

Fanout         Cap        Slew       Delay        Time   Description
---------------------------------------------------------------------------------------------
                                  0.000000    0.000000   clock clk (rise edge)
                                  0.000000    0.000000   clock source latency
     1    0.026922    0.198405    0.137267    0.137267 ^ clk (in)
                                                         clk (net)
                      0.198433    0.000000    0.137267 ^ clkbuf_0_clk/A (sky130_fd_sc_hd__clkbuf_16)
     8    0.109934    0.191115    0.379256    0.516523 ^ clkbuf_0_clk/X (sky130_fd_sc_hd__clkbuf_16)
                                                         clknet_0_clk (net)
                      0.191919    0.010008    0.526531 ^ clkbuf_3_6__f_clk/A (sky130_fd_sc_hd__clkbuf_16)
    14    0.047574    0.103853    0.313418    0.839949 ^ clkbuf_3_6__f_clk/X (sky130_fd_sc_hd__clkbuf_16)
                                                         clknet_3_6__leaf_clk (net)
                      0.103921    0.002436    0.842385 ^ _1459_/CLK (sky130_fd_sc_hd__dfxtp_1)
     5    0.014172    0.137668    0.669929    1.512314 v _1459_/Q (sky130_fd_sc_hd__dfxtp_1)
                                                         core_out[26] (net)
                      0.137668    0.000427    1.512742 v _0784_/A (sky130_fd_sc_hd__and2_1)
     1    0.003644    0.072412    0.315133    1.827875 v _0784_/X (sky130_fd_sc_hd__and2_1)
                                                         _0138_ (net)
                      0.072412    0.000266    1.828140 v _0785_/B2 (sky130_fd_sc_hd__o221a_1)
     1    0.002029    0.058994    0.380738    2.208879 v _0785_/X (sky130_fd_sc_hd__o221a_1)
                                                         _0035_ (net)
                      0.058994    0.000146    2.209025 v _1419_/D (sky130_fd_sc_hd__dfxtp_1)
                                              2.209025   data arrival time

                                  0.000000    0.000000   clock clk (rise edge)
                                  0.000000    0.000000   clock source latency
     1    0.026922    0.198405    0.137267    0.137267 ^ clk (in)
                                                         clk (net)
                      0.198433    0.000000    0.137267 ^ clkbuf_0_clk/A (sky130_fd_sc_hd__clkbuf_16)
     8    0.109934    0.191115    0.379256    0.516523 ^ clkbuf_0_clk/X (sky130_fd_sc_hd__clkbuf_16)
                                                         clknet_0_clk (net)
                      0.191919    0.010008    0.526531 ^ clkbuf_3_6__f_clk/A (sky130_fd_sc_hd__clkbuf_16)
    14    0.047574    0.103853    0.313418    0.839949 ^ clkbuf_3_6__f_clk/X (sky130_fd_sc_hd__clkbuf_16)
                                                         clknet_3_6__leaf_clk (net)
                      0.103990    0.003220    0.843170 ^ _1419_/CLK (sky130_fd_sc_hd__dfxtp_1)
                                  0.250000    1.093170   clock uncertainty
                                  0.000000    1.093170   clock reconvergence pessimism
                                 -0.092811    1.000359   library hold time
                                              1.000359   data required time
---------------------------------------------------------------------------------------------
                                              1.000359   data required time
                                             -2.209025   data arrival time
---------------------------------------------------------------------------------------------
                                              1.208666   slack (MET)


Startpoint: _1453_ (rising edge-triggered flip-flop clocked by clk)
Endpoint: _1413_ (rising edge-triggered flip-flop clocked by clk)
Path Group: clk
Path Type: min

Fanout         Cap        Slew       Delay        Time   Description
---------------------------------------------------------------------------------------------
                                  0.000000    0.000000   clock clk (rise edge)
                                  0.000000    0.000000   clock source latency
     1    0.026922    0.198405    0.137267    0.137267 ^ clk (in)
                                                         clk (net)
                      0.198433    0.000000    0.137267 ^ clkbuf_0_clk/A (sky130_fd_sc_hd__clkbuf_16)
     8    0.109934    0.191115    0.379256    0.516523 ^ clkbuf_0_clk/X (sky130_fd_sc_hd__clkbuf_16)
                                                         clknet_0_clk (net)
                      0.191340    0.005418    0.521941 ^ clkbuf_3_4__f_clk/A (sky130_fd_sc_hd__clkbuf_16)
    11    0.042382    0.096594    0.306758    0.828699 ^ clkbuf_3_4__f_clk/X (sky130_fd_sc_hd__clkbuf_16)
                                                         clknet_3_4__leaf_clk (net)
                      0.097135    0.004950    0.833649 ^ _1453_/CLK (sky130_fd_sc_hd__dfxtp_2)
     6    0.025098    0.125550    0.694771    1.528421 v _1453_/Q (sky130_fd_sc_hd__dfxtp_2)
                                                         core_out[20] (net)
                      0.125551    0.000720    1.529140 v _0772_/A (sky130_fd_sc_hd__and2_1)
     1    0.003065    0.067485    0.303247    1.832387 v _0772_/X (sky130_fd_sc_hd__and2_1)
                                                         _0132_ (net)
                      0.067485    0.000131    1.832518 v _0773_/B2 (sky130_fd_sc_hd__o221a_1)
     1    0.001942    0.058086    0.377511    2.210029 v _0773_/X (sky130_fd_sc_hd__o221a_1)
                                                         _0029_ (net)
                      0.058086    0.000089    2.210118 v _1413_/D (sky130_fd_sc_hd__dfxtp_1)
                                              2.210118   data arrival time

                                  0.000000    0.000000   clock clk (rise edge)
                                  0.000000    0.000000   clock source latency
     1    0.026922    0.198405    0.137267    0.137267 ^ clk (in)
                                                         clk (net)
                      0.198433    0.000000    0.137267 ^ clkbuf_0_clk/A (sky130_fd_sc_hd__clkbuf_16)
     8    0.109934    0.191115    0.379256    0.516523 ^ clkbuf_0_clk/X (sky130_fd_sc_hd__clkbuf_16)
                                                         clknet_0_clk (net)
                      0.191340    0.005418    0.521941 ^ clkbuf_3_4__f_clk/A (sky130_fd_sc_hd__clkbuf_16)
    11    0.042382    0.096594    0.306758    0.828699 ^ clkbuf_3_4__f_clk/X (sky130_fd_sc_hd__clkbuf_16)
                                                         clknet_3_4__leaf_clk (net)
                      0.097183    0.005276    0.833975 ^ _1413_/CLK (sky130_fd_sc_hd__dfxtp_1)
                                  0.250000    1.083975   clock uncertainty
                                  0.000000    1.083975   clock reconvergence pessimism
                                 -0.094103    0.989872   library hold time
                                              0.989872   data required time
---------------------------------------------------------------------------------------------
                                              0.989872   data required time
                                             -2.210118   data arrival time
---------------------------------------------------------------------------------------------
                                              1.220247   slack (MET)


Startpoint: _1460_ (rising edge-triggered flip-flop clocked by clk)
Endpoint: _1420_ (rising edge-triggered flip-flop clocked by clk)
Path Group: clk
Path Type: min

Fanout         Cap        Slew       Delay        Time   Description
---------------------------------------------------------------------------------------------
                                  0.000000    0.000000   clock clk (rise edge)
                                  0.000000    0.000000   clock source latency
     1    0.026922    0.198405    0.137267    0.137267 ^ clk (in)
                                                         clk (net)
                      0.198433    0.000000    0.137267 ^ clkbuf_0_clk/A (sky130_fd_sc_hd__clkbuf_16)
     8    0.109934    0.191115    0.379256    0.516523 ^ clkbuf_0_clk/X (sky130_fd_sc_hd__clkbuf_16)
                                                         clknet_0_clk (net)
                      0.191919    0.010008    0.526531 ^ clkbuf_3_6__f_clk/A (sky130_fd_sc_hd__clkbuf_16)
    14    0.047574    0.103853    0.313418    0.839949 ^ clkbuf_3_6__f_clk/X (sky130_fd_sc_hd__clkbuf_16)
                                                         clknet_3_6__leaf_clk (net)
                      0.103925    0.002493    0.842443 ^ _1460_/CLK (sky130_fd_sc_hd__dfxtp_1)
     4    0.015926    0.152404    0.680837    1.523279 v _1460_/Q (sky130_fd_sc_hd__dfxtp_1)
                                                         core_out[27] (net)
                      0.152407    0.000932    1.524211 v _0786_/A (sky130_fd_sc_hd__and2_1)
     1    0.003253    0.069082    0.318202    1.842413 v _0786_/X (sky130_fd_sc_hd__and2_1)
                                                         _0139_ (net)
                      0.069082    0.000217    1.842630 v _0787_/B2 (sky130_fd_sc_hd__o221a_1)
     1    0.002035    0.059051    0.379540    2.222170 v _0787_/X (sky130_fd_sc_hd__o221a_1)
                                                         _0036_ (net)
                      0.059051    0.000148    2.222317 v _1420_/D (sky130_fd_sc_hd__dfxtp_1)
                                              2.222317   data arrival time

                                  0.000000    0.000000   clock clk (rise edge)
                                  0.000000    0.000000   clock source latency
     1    0.026922    0.198405    0.137267    0.137267 ^ clk (in)
                                                         clk (net)
                      0.198433    0.000000    0.137267 ^ clkbuf_0_clk/A (sky130_fd_sc_hd__clkbuf_16)
     8    0.109934    0.191115    0.379256    0.516523 ^ clkbuf_0_clk/X (sky130_fd_sc_hd__clkbuf_16)
                                                         clknet_0_clk (net)
                      0.191919    0.010008    0.526531 ^ clkbuf_3_6__f_clk/A (sky130_fd_sc_hd__clkbuf_16)
    14    0.047574    0.103853    0.313418    0.839949 ^ clkbuf_3_6__f_clk/X (sky130_fd_sc_hd__clkbuf_16)
                                                         clknet_3_6__leaf_clk (net)
                      0.103946    0.002739    0.842689 ^ _1420_/CLK (sky130_fd_sc_hd__dfxtp_1)
                                  0.250000    1.092689   clock uncertainty
                                  0.000000    1.092689   clock reconvergence pessimism
                                 -0.092843    0.999845   library hold time
                                              0.999845   data required time
---------------------------------------------------------------------------------------------
                                              0.999845   data required time
                                             -2.222317   data arrival time
---------------------------------------------------------------------------------------------
                                              1.222472   slack (MET)


Startpoint: _1452_ (rising edge-triggered flip-flop clocked by clk)
Endpoint: _1412_ (rising edge-triggered flip-flop clocked by clk)
Path Group: clk
Path Type: min

Fanout         Cap        Slew       Delay        Time   Description
---------------------------------------------------------------------------------------------
                                  0.000000    0.000000   clock clk (rise edge)
                                  0.000000    0.000000   clock source latency
     1    0.026922    0.198405    0.137267    0.137267 ^ clk (in)
                                                         clk (net)
                      0.198433    0.000000    0.137267 ^ clkbuf_0_clk/A (sky130_fd_sc_hd__clkbuf_16)
     8    0.109934    0.191115    0.379256    0.516523 ^ clkbuf_0_clk/X (sky130_fd_sc_hd__clkbuf_16)
                                                         clknet_0_clk (net)
                      0.191340    0.005418    0.521941 ^ clkbuf_3_4__f_clk/A (sky130_fd_sc_hd__clkbuf_16)
    11    0.042382    0.096594    0.306758    0.828699 ^ clkbuf_3_4__f_clk/X (sky130_fd_sc_hd__clkbuf_16)
                                                         clknet_3_4__leaf_clk (net)
                      0.097061    0.004433    0.833132 ^ _1452_/CLK (sky130_fd_sc_hd__dfxtp_1)
     4    0.015978    0.152879    0.677817    1.510949 v _1452_/Q (sky130_fd_sc_hd__dfxtp_1)
                                                         core_out[19] (net)
                      0.152880    0.000753    1.511702 v _0770_/A (sky130_fd_sc_hd__and2_1)
     1    0.003455    0.070807    0.320577    1.832280 v _0770_/X (sky130_fd_sc_hd__and2_1)
                                                         _0131_ (net)
                      0.070807    0.000147    1.832427 v _0771_/B2 (sky130_fd_sc_hd__o221a_1)
     1    0.001942    0.058086    0.378800    2.211227 v _0771_/X (sky130_fd_sc_hd__o221a_1)
                                                         _0028_ (net)
                      0.058086    0.000089    2.211316 v _1412_/D (sky130_fd_sc_hd__dfxtp_1)
                                              2.211316   data arrival time

                                  0.000000    0.000000   clock clk (rise edge)
                                  0.000000    0.000000   clock source latency
     1    0.026922    0.198405    0.137267    0.137267 ^ clk (in)
                                                         clk (net)
                      0.198433    0.000000    0.137267 ^ clkbuf_0_clk/A (sky130_fd_sc_hd__clkbuf_16)
     8    0.109934    0.191115    0.379256    0.516523 ^ clkbuf_0_clk/X (sky130_fd_sc_hd__clkbuf_16)
                                                         clknet_0_clk (net)
                      0.191340    0.005418    0.521941 ^ clkbuf_3_4__f_clk/A (sky130_fd_sc_hd__clkbuf_16)
    11    0.042382    0.096594    0.306758    0.828699 ^ clkbuf_3_4__f_clk/X (sky130_fd_sc_hd__clkbuf_16)
                                                         clknet_3_4__leaf_clk (net)
                      0.096940    0.003514    0.832213 ^ _1412_/CLK (sky130_fd_sc_hd__dfxtp_1)
                                  0.250000    1.082213   clock uncertainty
                                  0.000000    1.082213   clock reconvergence pessimism
                                 -0.094161    0.988052   library hold time
                                              0.988052   data required time
---------------------------------------------------------------------------------------------
                                              0.988052   data required time
                                             -2.211316   data arrival time
---------------------------------------------------------------------------------------------
                                              1.223264   slack (MET)


Startpoint: _1442_ (rising edge-triggered flip-flop clocked by clk)
Endpoint: _1402_ (rising edge-triggered flip-flop clocked by clk)
Path Group: clk
Path Type: min

Fanout         Cap        Slew       Delay        Time   Description
---------------------------------------------------------------------------------------------
                                  0.000000    0.000000   clock clk (rise edge)
                                  0.000000    0.000000   clock source latency
     1    0.026922    0.198405    0.137267    0.137267 ^ clk (in)
                                                         clk (net)
                      0.198433    0.000000    0.137267 ^ clkbuf_0_clk/A (sky130_fd_sc_hd__clkbuf_16)
     8    0.109934    0.191115    0.379256    0.516523 ^ clkbuf_0_clk/X (sky130_fd_sc_hd__clkbuf_16)
                                                         clknet_0_clk (net)
                      0.191326    0.005258    0.521781 ^ clkbuf_3_5__f_clk/A (sky130_fd_sc_hd__clkbuf_16)
    14    0.046389    0.102156    0.311297    0.833078 ^ clkbuf_3_5__f_clk/X (sky130_fd_sc_hd__clkbuf_16)
                                                         clknet_3_5__leaf_clk (net)
                      0.102404    0.004190    0.837268 ^ _1442_/CLK (sky130_fd_sc_hd__dfxtp_1)
     4    0.011227    0.115496    0.649510    1.486778 v _1442_/Q (sky130_fd_sc_hd__dfxtp_1)
                                                         core_out[9] (net)
                      0.115496    0.000330    1.487108 v _0750_/A (sky130_fd_sc_hd__and2_1)
     1    0.007129    0.099673    0.333501    1.820608 v _0750_/X (sky130_fd_sc_hd__and2_1)
                                                         _0121_ (net)
                      0.099673    0.000403    1.821011 v _0751_/B2 (sky130_fd_sc_hd__o221a_1)
     1    0.001913    0.057821    0.390166    2.211178 v _0751_/X (sky130_fd_sc_hd__o221a_1)
                                                         _0018_ (net)
                      0.057821    0.000087    2.211264 v _1402_/D (sky130_fd_sc_hd__dfxtp_1)
                                              2.211264   data arrival time

                                  0.000000    0.000000   clock clk (rise edge)
                                  0.000000    0.000000   clock source latency
     1    0.026922    0.198405    0.137267    0.137267 ^ clk (in)
                                                         clk (net)
                      0.198433    0.000000    0.137267 ^ clkbuf_0_clk/A (sky130_fd_sc_hd__clkbuf_16)
     8    0.109934    0.191115    0.379256    0.516523 ^ clkbuf_0_clk/X (sky130_fd_sc_hd__clkbuf_16)
                                                         clknet_0_clk (net)
                      0.191340    0.005418    0.521941 ^ clkbuf_3_4__f_clk/A (sky130_fd_sc_hd__clkbuf_16)
    11    0.042382    0.096594    0.306758    0.828699 ^ clkbuf_3_4__f_clk/X (sky130_fd_sc_hd__clkbuf_16)
                                                         clknet_3_4__leaf_clk (net)
                      0.096914    0.003303    0.832002 ^ _1402_/CLK (sky130_fd_sc_hd__dfxtp_1)
                                  0.250000    1.082002   clock uncertainty
                                  0.000000    1.082002   clock reconvergence pessimism
                                 -0.094067    0.987934   library hold time
                                              0.987934   data required time
---------------------------------------------------------------------------------------------
                                              0.987934   data required time
                                             -2.211264   data arrival time
---------------------------------------------------------------------------------------------
                                              1.223330   slack (MET)


Startpoint: _1439_ (rising edge-triggered flip-flop clocked by clk)
Endpoint: _1399_ (rising edge-triggered flip-flop clocked by clk)
Path Group: clk
Path Type: min

Fanout         Cap        Slew       Delay        Time   Description
---------------------------------------------------------------------------------------------
                                  0.000000    0.000000   clock clk (rise edge)
                                  0.000000    0.000000   clock source latency
     1    0.026922    0.198405    0.137267    0.137267 ^ clk (in)
                                                         clk (net)
                      0.198433    0.000000    0.137267 ^ clkbuf_0_clk/A (sky130_fd_sc_hd__clkbuf_16)
     8    0.109934    0.191115    0.379256    0.516523 ^ clkbuf_0_clk/X (sky130_fd_sc_hd__clkbuf_16)
                                                         clknet_0_clk (net)
                      0.192403    0.012564    0.529087 ^ clkbuf_3_3__f_clk/A (sky130_fd_sc_hd__clkbuf_16)
     7    0.040847    0.095342    0.306110    0.835196 ^ clkbuf_3_3__f_clk/X (sky130_fd_sc_hd__clkbuf_16)
                                                         clknet_3_3__leaf_clk (net)
                      0.095423    0.002487    0.837684 ^ _1439_/CLK (sky130_fd_sc_hd__dfxtp_1)
     4    0.018808    0.289978    0.803718    1.641402 ^ _1439_/Q (sky130_fd_sc_hd__dfxtp_1)
                                                         core_out[6] (net)
                      0.289978    0.000881    1.642283 ^ _0743_/A1 (sky130_fd_sc_hd__a211o_1)
     1    0.003404    0.068217    0.317708    1.959991 ^ _0743_/X (sky130_fd_sc_hd__a211o_1)
                                                         _0117_ (net)
                      0.068217    0.000228    1.960220 ^ _0744_/B1 (sky130_fd_sc_hd__o211a_1)
     1    0.002137    0.066678    0.285764    2.245984 ^ _0744_/X (sky130_fd_sc_hd__o211a_1)
                                                         _0015_ (net)
                      0.066678    0.000152    2.246135 ^ _1399_/D (sky130_fd_sc_hd__dfxtp_1)
                                              2.246135   data arrival time

                                  0.000000    0.000000   clock clk (rise edge)
                                  0.000000    0.000000   clock source latency
     1    0.026922    0.198405    0.137267    0.137267 ^ clk (in)
                                                         clk (net)
                      0.198433    0.000000    0.137267 ^ clkbuf_0_clk/A (sky130_fd_sc_hd__clkbuf_16)
     8    0.109934    0.191115    0.379256    0.516523 ^ clkbuf_0_clk/X (sky130_fd_sc_hd__clkbuf_16)
                                                         clknet_0_clk (net)
                      0.192403    0.012564    0.529087 ^ clkbuf_3_3__f_clk/A (sky130_fd_sc_hd__clkbuf_16)
     7    0.040847    0.095342    0.306110    0.835196 ^ clkbuf_3_3__f_clk/X (sky130_fd_sc_hd__clkbuf_16)
                                                         clknet_3_3__leaf_clk (net)
                      0.095418    0.002416    0.837613 ^ _1399_/CLK (sky130_fd_sc_hd__dfxtp_1)
                                  0.250000    1.087613   clock uncertainty
                                  0.000000    1.087613   clock reconvergence pessimism
                                 -0.067208    1.020405   library hold time
                                              1.020405   data required time
---------------------------------------------------------------------------------------------
                                              1.020405   data required time
                                             -2.246135   data arrival time
---------------------------------------------------------------------------------------------
                                              1.225731   slack (MET)


Startpoint: _1445_ (rising edge-triggered flip-flop clocked by clk)
Endpoint: _1405_ (rising edge-triggered flip-flop clocked by clk)
Path Group: clk
Path Type: min

Fanout         Cap        Slew       Delay        Time   Description
---------------------------------------------------------------------------------------------
                                  0.000000    0.000000   clock clk (rise edge)
                                  0.000000    0.000000   clock source latency
     1    0.026922    0.198405    0.137267    0.137267 ^ clk (in)
                                                         clk (net)
                      0.198433    0.000000    0.137267 ^ clkbuf_0_clk/A (sky130_fd_sc_hd__clkbuf_16)
     8    0.109934    0.191115    0.379256    0.516523 ^ clkbuf_0_clk/X (sky130_fd_sc_hd__clkbuf_16)
                                                         clknet_0_clk (net)
                      0.191326    0.005258    0.521781 ^ clkbuf_3_5__f_clk/A (sky130_fd_sc_hd__clkbuf_16)
    14    0.046389    0.102156    0.311297    0.833078 ^ clkbuf_3_5__f_clk/X (sky130_fd_sc_hd__clkbuf_16)
                                                         clknet_3_5__leaf_clk (net)
                      0.102425    0.004350    0.837428 ^ _1445_/CLK (sky130_fd_sc_hd__dfxtp_1)
     4    0.017657    0.166912    0.691085    1.528513 v _1445_/Q (sky130_fd_sc_hd__dfxtp_1)
                                                         core_out[12] (net)
                      0.166912    0.000508    1.529021 v _0756_/A (sky130_fd_sc_hd__and2_1)
     1    0.002674    0.064587    0.319196    1.848217 v _0756_/X (sky130_fd_sc_hd__and2_1)
                                                         _0124_ (net)
                      0.064587    0.000126    1.848344 v _0757_/B2 (sky130_fd_sc_hd__o221a_1)
     1    0.001926    0.058076    0.376128    2.224472 v _0757_/X (sky130_fd_sc_hd__o221a_1)
                                                         _0021_ (net)
                      0.058076    0.000135    2.224607 v _1405_/D (sky130_fd_sc_hd__dfxtp_1)
                                              2.224607   data arrival time

                                  0.000000    0.000000   clock clk (rise edge)
                                  0.000000    0.000000   clock source latency
     1    0.026922    0.198405    0.137267    0.137267 ^ clk (in)
                                                         clk (net)
                      0.198433    0.000000    0.137267 ^ clkbuf_0_clk/A (sky130_fd_sc_hd__clkbuf_16)
     8    0.109934    0.191115    0.379256    0.516523 ^ clkbuf_0_clk/X (sky130_fd_sc_hd__clkbuf_16)
                                                         clknet_0_clk (net)
                      0.191326    0.005258    0.521781 ^ clkbuf_3_5__f_clk/A (sky130_fd_sc_hd__clkbuf_16)
    14    0.046389    0.102156    0.311297    0.833078 ^ clkbuf_3_5__f_clk/X (sky130_fd_sc_hd__clkbuf_16)
                                                         clknet_3_5__leaf_clk (net)
                      0.102485    0.004785    0.837863 ^ _1405_/CLK (sky130_fd_sc_hd__dfxtp_1)
                                  0.250000    1.087863   clock uncertainty
                                  0.000000    1.087863   clock reconvergence pessimism
                                 -0.092826    0.995037   library hold time
                                              0.995037   data required time
---------------------------------------------------------------------------------------------
                                              0.995037   data required time
                                             -2.224607   data arrival time
---------------------------------------------------------------------------------------------
                                              1.229570   slack (MET)


Startpoint: _1441_ (rising edge-triggered flip-flop clocked by clk)
Endpoint: _1401_ (rising edge-triggered flip-flop clocked by clk)
Path Group: clk
Path Type: min

Fanout         Cap        Slew       Delay        Time   Description
---------------------------------------------------------------------------------------------
                                  0.000000    0.000000   clock clk (rise edge)
                                  0.000000    0.000000   clock source latency
     1    0.026922    0.198405    0.137267    0.137267 ^ clk (in)
                                                         clk (net)
                      0.198433    0.000000    0.137267 ^ clkbuf_0_clk/A (sky130_fd_sc_hd__clkbuf_16)
     8    0.109934    0.191115    0.379256    0.516523 ^ clkbuf_0_clk/X (sky130_fd_sc_hd__clkbuf_16)
                                                         clknet_0_clk (net)
                      0.191919    0.010008    0.526531 ^ clkbuf_3_6__f_clk/A (sky130_fd_sc_hd__clkbuf_16)
    14    0.047574    0.103853    0.313418    0.839949 ^ clkbuf_3_6__f_clk/X (sky130_fd_sc_hd__clkbuf_16)
                                                         clknet_3_6__leaf_clk (net)
                      0.103914    0.002349    0.842299 ^ _1441_/CLK (sky130_fd_sc_hd__dfxtp_1)
     4    0.010312    0.108058    0.643673    1.485972 v _1441_/Q (sky130_fd_sc_hd__dfxtp_1)
                                                         core_out[8] (net)
                      0.108058    0.000479    1.486450 v _0748_/A (sky130_fd_sc_hd__and2_1)
     1    0.008919    0.114120    0.343653    1.830103 v _0748_/X (sky130_fd_sc_hd__and2_1)
                                                         _0120_ (net)
                      0.114122    0.000754    1.830857 v _0749_/B2 (sky130_fd_sc_hd__o221a_1)
     1    0.002202    0.060701    0.400613    2.231469 v _0749_/X (sky130_fd_sc_hd__o221a_1)
                                                         _0017_ (net)
                      0.060701    0.000155    2.231624 v _1401_/D (sky130_fd_sc_hd__dfxtp_1)
                                              2.231624   data arrival time

                                  0.000000    0.000000   clock clk (rise edge)
                                  0.000000    0.000000   clock source latency
     1    0.026922    0.198405    0.137267    0.137267 ^ clk (in)
                                                         clk (net)
                      0.198433    0.000000    0.137267 ^ clkbuf_0_clk/A (sky130_fd_sc_hd__clkbuf_16)
     8    0.109934    0.191115    0.379256    0.516523 ^ clkbuf_0_clk/X (sky130_fd_sc_hd__clkbuf_16)
                                                         clknet_0_clk (net)
                      0.191919    0.010008    0.526531 ^ clkbuf_3_6__f_clk/A (sky130_fd_sc_hd__clkbuf_16)
    14    0.047574    0.103853    0.313418    0.839949 ^ clkbuf_3_6__f_clk/X (sky130_fd_sc_hd__clkbuf_16)
                                                         clknet_3_6__leaf_clk (net)
                      0.103993    0.003247    0.843196 ^ _1401_/CLK (sky130_fd_sc_hd__dfxtp_1)
                                  0.250000    1.093196   clock uncertainty
                                  0.000000    1.093196   clock reconvergence pessimism
                                 -0.093456    0.999740   library hold time
                                              0.999740   data required time
---------------------------------------------------------------------------------------------
                                              0.999740   data required time
                                             -2.231624   data arrival time
---------------------------------------------------------------------------------------------
                                              1.231884   slack (MET)


Startpoint: _1457_ (rising edge-triggered flip-flop clocked by clk)
Endpoint: _1417_ (rising edge-triggered flip-flop clocked by clk)
Path Group: clk
Path Type: min

Fanout         Cap        Slew       Delay        Time   Description
---------------------------------------------------------------------------------------------
                                  0.000000    0.000000   clock clk (rise edge)
                                  0.000000    0.000000   clock source latency
     1    0.026922    0.198405    0.137267    0.137267 ^ clk (in)
                                                         clk (net)
                      0.198433    0.000000    0.137267 ^ clkbuf_0_clk/A (sky130_fd_sc_hd__clkbuf_16)
     8    0.109934    0.191115    0.379256    0.516523 ^ clkbuf_0_clk/X (sky130_fd_sc_hd__clkbuf_16)
                                                         clknet_0_clk (net)
                      0.191932    0.010083    0.526606 ^ clkbuf_3_7__f_clk/A (sky130_fd_sc_hd__clkbuf_16)
    10    0.046182    0.101921    0.311885    0.838491 ^ clkbuf_3_7__f_clk/X (sky130_fd_sc_hd__clkbuf_16)
                                                         clknet_3_7__leaf_clk (net)
                      0.101996    0.002250    0.840741 ^ _1457_/CLK (sky130_fd_sc_hd__dfxtp_2)
     6    0.028010    0.137379    0.706304    1.547045 v _1457_/Q (sky130_fd_sc_hd__dfxtp_2)
                                                         core_out[24] (net)
                      0.137389    0.001281    1.548326 v _0780_/A (sky130_fd_sc_hd__and2_1)
     1    0.002687    0.064590    0.304993    1.853319 v _0780_/X (sky130_fd_sc_hd__and2_1)
                                                         _0136_ (net)
                      0.064590    0.000191    1.853510 v _0781_/B2 (sky130_fd_sc_hd__o221a_1)
     1    0.002034    0.058981    0.377795    2.231305 v _0781_/X (sky130_fd_sc_hd__o221a_1)
                                                         _0033_ (net)
                      0.058981    0.000093    2.231397 v _1417_/D (sky130_fd_sc_hd__dfxtp_1)
                                              2.231397   data arrival time

                                  0.000000    0.000000   clock clk (rise edge)
                                  0.000000    0.000000   clock source latency
     1    0.026922    0.198405    0.137267    0.137267 ^ clk (in)
                                                         clk (net)
                      0.198433    0.000000    0.137267 ^ clkbuf_0_clk/A (sky130_fd_sc_hd__clkbuf_16)
     8    0.109934    0.191115    0.379256    0.516523 ^ clkbuf_0_clk/X (sky130_fd_sc_hd__clkbuf_16)
                                                         clknet_0_clk (net)
                      0.191340    0.005418    0.521941 ^ clkbuf_3_4__f_clk/A (sky130_fd_sc_hd__clkbuf_16)
    11    0.042382    0.096594    0.306758    0.828699 ^ clkbuf_3_4__f_clk/X (sky130_fd_sc_hd__clkbuf_16)
                                                         clknet_3_4__leaf_clk (net)
                      0.097161    0.005131    0.833830 ^ _1417_/CLK (sky130_fd_sc_hd__dfxtp_1)
                                  0.250000    1.083830   clock uncertainty
                                  0.000000    1.083830   clock reconvergence pessimism
                                 -0.094447    0.989384   library hold time
                                              0.989384   data required time
---------------------------------------------------------------------------------------------
                                              0.989384   data required time
                                             -2.231397   data arrival time
---------------------------------------------------------------------------------------------
                                              1.242014   slack (MET)


Startpoint: _1459_ (rising edge-triggered flip-flop clocked by clk)
Endpoint: _1460_ (rising edge-triggered flip-flop clocked by clk)
Path Group: clk
Path Type: min

Fanout         Cap        Slew       Delay        Time   Description
---------------------------------------------------------------------------------------------
                                  0.000000    0.000000   clock clk (rise edge)
                                  0.000000    0.000000   clock source latency
     1    0.026922    0.198405    0.137267    0.137267 ^ clk (in)
                                                         clk (net)
                      0.198433    0.000000    0.137267 ^ clkbuf_0_clk/A (sky130_fd_sc_hd__clkbuf_16)
     8    0.109934    0.191115    0.379256    0.516523 ^ clkbuf_0_clk/X (sky130_fd_sc_hd__clkbuf_16)
                                                         clknet_0_clk (net)
                      0.191919    0.010008    0.526531 ^ clkbuf_3_6__f_clk/A (sky130_fd_sc_hd__clkbuf_16)
    14    0.047574    0.103853    0.313418    0.839949 ^ clkbuf_3_6__f_clk/X (sky130_fd_sc_hd__clkbuf_16)
                                                         clknet_3_6__leaf_clk (net)
                      0.103921    0.002436    0.842385 ^ _1459_/CLK (sky130_fd_sc_hd__dfxtp_1)
     5    0.014172    0.137668    0.669929    1.512314 v _1459_/Q (sky130_fd_sc_hd__dfxtp_1)
                                                         core_out[26] (net)
                      0.137670    0.000745    1.513060 v _1340_/A (sky130_fd_sc_hd__nand2_1)
     2    0.008823    0.145762    0.181324    1.694384 ^ _1340_/Y (sky130_fd_sc_hd__nand2_1)
                                                         _0654_ (net)
                      0.145762    0.000491    1.694875 ^ _1348_/B1 (sky130_fd_sc_hd__o21ai_2)
     1    0.005661    0.066913    0.140320    1.835194 v _1348_/Y (sky130_fd_sc_hd__o21ai_2)
                                                         _0661_ (net)
                      0.066915    0.000421    1.835616 v _1349_/B (sky130_fd_sc_hd__xor2_1)
     1    0.003917    0.190749    0.231788    2.067403 ^ _1349_/X (sky130_fd_sc_hd__xor2_1)
                                                         _0662_ (net)
                      0.190749    0.000172    2.067575 ^ _1351_/A1 (sky130_fd_sc_hd__a211oi_1)
     1    0.002167    0.061257    0.173916    2.241491 v _1351_/Y (sky130_fd_sc_hd__a211oi_1)
                                                         _0076_ (net)
                      0.061257    0.000150    2.241641 v _1460_/D (sky130_fd_sc_hd__dfxtp_1)
                                              2.241641   data arrival time

                                  0.000000    0.000000   clock clk (rise edge)
                                  0.000000    0.000000   clock source latency
     1    0.026922    0.198405    0.137267    0.137267 ^ clk (in)
                                                         clk (net)
                      0.198433    0.000000    0.137267 ^ clkbuf_0_clk/A (sky130_fd_sc_hd__clkbuf_16)
     8    0.109934    0.191115    0.379256    0.516523 ^ clkbuf_0_clk/X (sky130_fd_sc_hd__clkbuf_16)
                                                         clknet_0_clk (net)
                      0.191919    0.010008    0.526531 ^ clkbuf_3_6__f_clk/A (sky130_fd_sc_hd__clkbuf_16)
    14    0.047574    0.103853    0.313418    0.839949 ^ clkbuf_3_6__f_clk/X (sky130_fd_sc_hd__clkbuf_16)
                                                         clknet_3_6__leaf_clk (net)
                      0.103925    0.002493    0.842443 ^ _1460_/CLK (sky130_fd_sc_hd__dfxtp_1)
                                  0.250000    1.092443   clock uncertainty
                                  0.000000    1.092443   clock reconvergence pessimism
                                 -0.093682    0.998760   library hold time
                                              0.998760   data required time
---------------------------------------------------------------------------------------------
                                              0.998760   data required time
                                             -2.241641   data arrival time
---------------------------------------------------------------------------------------------
                                              1.242881   slack (MET)


Startpoint: _1440_ (rising edge-triggered flip-flop clocked by clk)
Endpoint: _1400_ (rising edge-triggered flip-flop clocked by clk)
Path Group: clk
Path Type: min

Fanout         Cap        Slew       Delay        Time   Description
---------------------------------------------------------------------------------------------
                                  0.000000    0.000000   clock clk (rise edge)
                                  0.000000    0.000000   clock source latency
     1    0.026922    0.198405    0.137267    0.137267 ^ clk (in)
                                                         clk (net)
                      0.198433    0.000000    0.137267 ^ clkbuf_0_clk/A (sky130_fd_sc_hd__clkbuf_16)
     8    0.109934    0.191115    0.379256    0.516523 ^ clkbuf_0_clk/X (sky130_fd_sc_hd__clkbuf_16)
                                                         clknet_0_clk (net)
                      0.191919    0.010008    0.526531 ^ clkbuf_3_6__f_clk/A (sky130_fd_sc_hd__clkbuf_16)
    14    0.047574    0.103853    0.313418    0.839949 ^ clkbuf_3_6__f_clk/X (sky130_fd_sc_hd__clkbuf_16)
                                                         clknet_3_6__leaf_clk (net)
                      0.103931    0.002563    0.842512 ^ _1440_/CLK (sky130_fd_sc_hd__dfxtp_1)
     4    0.011136    0.114857    0.649364    1.491876 v _1440_/Q (sky130_fd_sc_hd__dfxtp_1)
                                                         core_out[7] (net)
                      0.114858    0.000524    1.492400 v _0745_/A (sky130_fd_sc_hd__and2_1)
     1    0.007665    0.103971    0.337222    1.829622 v _0745_/X (sky130_fd_sc_hd__and2_1)
                                                         _0118_ (net)
                      0.103973    0.000662    1.830284 v _0747_/B1 (sky130_fd_sc_hd__o221a_1)
     1    0.001960    0.058456    0.423091    2.253375 v _0747_/X (sky130_fd_sc_hd__o221a_1)
                                                         _0016_ (net)
                      0.058456    0.000142    2.253517 v _1400_/D (sky130_fd_sc_hd__dfxtp_1)
                                              2.253517   data arrival time

                                  0.000000    0.000000   clock clk (rise edge)
                                  0.000000    0.000000   clock source latency
     1    0.026922    0.198405    0.137267    0.137267 ^ clk (in)
                                                         clk (net)
                      0.198433    0.000000    0.137267 ^ clkbuf_0_clk/A (sky130_fd_sc_hd__clkbuf_16)
     8    0.109934    0.191115    0.379256    0.516523 ^ clkbuf_0_clk/X (sky130_fd_sc_hd__clkbuf_16)
                                                         clknet_0_clk (net)
                      0.191919    0.010008    0.526531 ^ clkbuf_3_6__f_clk/A (sky130_fd_sc_hd__clkbuf_16)
    14    0.047574    0.103853    0.313418    0.839949 ^ clkbuf_3_6__f_clk/X (sky130_fd_sc_hd__clkbuf_16)
                                                         clknet_3_6__leaf_clk (net)
                      0.104111    0.004335    0.844285 ^ _1400_/CLK (sky130_fd_sc_hd__dfxtp_1)
                                  0.250000    1.094285   clock uncertainty
                                  0.000000    1.094285   clock reconvergence pessimism
                                 -0.092579    1.001706   library hold time
                                              1.001706   data required time
---------------------------------------------------------------------------------------------
                                              1.001706   data required time
                                             -2.253517   data arrival time
---------------------------------------------------------------------------------------------
                                              1.251811   slack (MET)


Startpoint: _1456_ (rising edge-triggered flip-flop clocked by clk)
Endpoint: _1416_ (rising edge-triggered flip-flop clocked by clk)
Path Group: clk
Path Type: min

Fanout         Cap        Slew       Delay        Time   Description
---------------------------------------------------------------------------------------------
                                  0.000000    0.000000   clock clk (rise edge)
                                  0.000000    0.000000   clock source latency
     1    0.026922    0.198405    0.137267    0.137267 ^ clk (in)
                                                         clk (net)
                      0.198433    0.000000    0.137267 ^ clkbuf_0_clk/A (sky130_fd_sc_hd__clkbuf_16)
     8    0.109934    0.191115    0.379256    0.516523 ^ clkbuf_0_clk/X (sky130_fd_sc_hd__clkbuf_16)
                                                         clknet_0_clk (net)
                      0.191932    0.010083    0.526606 ^ clkbuf_3_7__f_clk/A (sky130_fd_sc_hd__clkbuf_16)
    10    0.046182    0.101921    0.311885    0.838491 ^ clkbuf_3_7__f_clk/X (sky130_fd_sc_hd__clkbuf_16)
                                                         clknet_3_7__leaf_clk (net)
                      0.102056    0.002914    0.841405 ^ _1456_/CLK (sky130_fd_sc_hd__dfxtp_1)
     4    0.017139    0.162562    0.687643    1.529047 v _1456_/Q (sky130_fd_sc_hd__dfxtp_1)
                                                         core_out[23] (net)
                      0.162562    0.000700    1.529747 v _0778_/A (sky130_fd_sc_hd__and2_1)
     1    0.003202    0.068696    0.322583    1.852330 v _0778_/X (sky130_fd_sc_hd__and2_1)
                                                         _0135_ (net)
                      0.068696    0.000223    1.852552 v _0779_/B2 (sky130_fd_sc_hd__o221a_1)
     1    0.003080    0.069150    0.395415    2.247967 v _0779_/X (sky130_fd_sc_hd__o221a_1)
                                                         _0032_ (net)
                      0.069150    0.000127    2.248094 v _1416_/D (sky130_fd_sc_hd__dfxtp_1)
                                              2.248094   data arrival time

                                  0.000000    0.000000   clock clk (rise edge)
                                  0.000000    0.000000   clock source latency
     1    0.026922    0.198405    0.137267    0.137267 ^ clk (in)
                                                         clk (net)
                      0.198433    0.000000    0.137267 ^ clkbuf_0_clk/A (sky130_fd_sc_hd__clkbuf_16)
     8    0.109934    0.191115    0.379256    0.516523 ^ clkbuf_0_clk/X (sky130_fd_sc_hd__clkbuf_16)
                                                         clknet_0_clk (net)
                      0.191932    0.010083    0.526606 ^ clkbuf_3_7__f_clk/A (sky130_fd_sc_hd__clkbuf_16)
    10    0.046182    0.101921    0.311885    0.838491 ^ clkbuf_3_7__f_clk/X (sky130_fd_sc_hd__clkbuf_16)
                                                         clknet_3_7__leaf_clk (net)
                      0.102128    0.003611    0.842102 ^ _1416_/CLK (sky130_fd_sc_hd__dfxtp_1)
                                  0.250000    1.092102   clock uncertainty
                                  0.000000    1.092102   clock reconvergence pessimism
                                 -0.097098    0.995004   library hold time
                                              0.995004   data required time
---------------------------------------------------------------------------------------------
                                              0.995004   data required time
                                             -2.248094   data arrival time
---------------------------------------------------------------------------------------------
                                              1.253090   slack (MET)


Startpoint: _1433_ (rising edge-triggered flip-flop clocked by clk)
Endpoint: _1393_ (rising edge-triggered flip-flop clocked by clk)
Path Group: clk
Path Type: min

Fanout         Cap        Slew       Delay        Time   Description
---------------------------------------------------------------------------------------------
                                  0.000000    0.000000   clock clk (rise edge)
                                  0.000000    0.000000   clock source latency
     1    0.026922    0.198405    0.137267    0.137267 ^ clk (in)
                                                         clk (net)
                      0.198433    0.000000    0.137267 ^ clkbuf_0_clk/A (sky130_fd_sc_hd__clkbuf_16)
     8    0.109934    0.191115    0.379256    0.516523 ^ clkbuf_0_clk/X (sky130_fd_sc_hd__clkbuf_16)
                                                         clknet_0_clk (net)
                      0.192962    0.014980    0.531502 ^ clkbuf_3_0__f_clk/A (sky130_fd_sc_hd__clkbuf_16)
     9    0.039415    0.093738    0.304840    0.836342 ^ clkbuf_3_0__f_clk/X (sky130_fd_sc_hd__clkbuf_16)
                                                         clknet_3_0__leaf_clk (net)
                      0.093750    0.001108    0.837450 ^ _1433_/CLK (sky130_fd_sc_hd__dfxtp_1)
     3    0.010355    0.171269    0.715511    1.552961 ^ _1433_/Q (sky130_fd_sc_hd__dfxtp_1)
                                                         core_out[0] (net)
                      0.171273    0.001072    1.554033 ^ _0724_/B2 (sky130_fd_sc_hd__a22o_1)
     1    0.002716    0.074513    0.275344    1.829377 ^ _0724_/X (sky130_fd_sc_hd__a22o_1)
                                                         _0104_ (net)
                      0.074513    0.000124    1.829501 ^ _0725_/C1 (sky130_fd_sc_hd__a211o_1)
     1    0.003657    0.070913    0.166510    1.996012 ^ _0725_/X (sky130_fd_sc_hd__a211o_1)
                                                         _0105_ (net)
                      0.070913    0.000240    1.996252 ^ _0726_/B1 (sky130_fd_sc_hd__o211a_1)
     1    0.001778    0.062820    0.282019    2.278271 ^ _0726_/X (sky130_fd_sc_hd__o211a_1)
                                                         _0009_ (net)
                      0.062820    0.000127    2.278398 ^ _1393_/D (sky130_fd_sc_hd__dfxtp_1)
                                              2.278398   data arrival time

                                  0.000000    0.000000   clock clk (rise edge)
                                  0.000000    0.000000   clock source latency
     1    0.026922    0.198405    0.137267    0.137267 ^ clk (in)
                                                         clk (net)
                      0.198433    0.000000    0.137267 ^ clkbuf_0_clk/A (sky130_fd_sc_hd__clkbuf_16)
     8    0.109934    0.191115    0.379256    0.516523 ^ clkbuf_0_clk/X (sky130_fd_sc_hd__clkbuf_16)
                                                         clknet_0_clk (net)
                      0.192962    0.014980    0.531502 ^ clkbuf_3_0__f_clk/A (sky130_fd_sc_hd__clkbuf_16)
     9    0.039415    0.093738    0.304840    0.836342 ^ clkbuf_3_0__f_clk/X (sky130_fd_sc_hd__clkbuf_16)
                                                         clknet_3_0__leaf_clk (net)
                      0.093777    0.001796    0.838138 ^ _1393_/CLK (sky130_fd_sc_hd__dfxtp_1)
                                  0.250000    1.088138   clock uncertainty
                                  0.000000    1.088138   clock reconvergence pessimism
                                 -0.066571    1.021567   library hold time
                                              1.021567   data required time
---------------------------------------------------------------------------------------------
                                              1.021567   data required time
                                             -2.278398   data arrival time
---------------------------------------------------------------------------------------------
                                              1.256831   slack (MET)


Startpoint: _1443_ (rising edge-triggered flip-flop clocked by clk)
Endpoint: _1403_ (rising edge-triggered flip-flop clocked by clk)
Path Group: clk
Path Type: min

Fanout         Cap        Slew       Delay        Time   Description
---------------------------------------------------------------------------------------------
                                  0.000000    0.000000   clock clk (rise edge)
                                  0.000000    0.000000   clock source latency
     1    0.026922    0.198405    0.137267    0.137267 ^ clk (in)
                                                         clk (net)
                      0.198433    0.000000    0.137267 ^ clkbuf_0_clk/A (sky130_fd_sc_hd__clkbuf_16)
     8    0.109934    0.191115    0.379256    0.516523 ^ clkbuf_0_clk/X (sky130_fd_sc_hd__clkbuf_16)
                                                         clknet_0_clk (net)
                      0.191326    0.005258    0.521781 ^ clkbuf_3_5__f_clk/A (sky130_fd_sc_hd__clkbuf_16)
    14    0.046389    0.102156    0.311297    0.833078 ^ clkbuf_3_5__f_clk/X (sky130_fd_sc_hd__clkbuf_16)
                                                         clknet_3_5__leaf_clk (net)
                      0.102398    0.004139    0.837216 ^ _1443_/CLK (sky130_fd_sc_hd__dfxtp_1)
     4    0.020398    0.189964    0.708275    1.545491 v _1443_/Q (sky130_fd_sc_hd__dfxtp_1)
                                                         core_out[10] (net)
                      0.189965    0.000858    1.546349 v _0752_/A (sky130_fd_sc_hd__and2_1)
     1    0.002751    0.065255    0.331183    1.877532 v _0752_/X (sky130_fd_sc_hd__and2_1)
                                                         _0122_ (net)
                      0.065255    0.000125    1.877658 v _0753_/B2 (sky130_fd_sc_hd__o221a_1)
     1    0.002128    0.059943    0.379487    2.257145 v _0753_/X (sky130_fd_sc_hd__o221a_1)
                                                         _0019_ (net)
                      0.059943    0.000146    2.257291 v _1403_/D (sky130_fd_sc_hd__dfxtp_1)
                                              2.257291   data arrival time

                                  0.000000    0.000000   clock clk (rise edge)
                                  0.000000    0.000000   clock source latency
     1    0.026922    0.198405    0.137267    0.137267 ^ clk (in)
                                                         clk (net)
                      0.198433    0.000000    0.137267 ^ clkbuf_0_clk/A (sky130_fd_sc_hd__clkbuf_16)
     8    0.109934    0.191115    0.379256    0.516523 ^ clkbuf_0_clk/X (sky130_fd_sc_hd__clkbuf_16)
                                                         clknet_0_clk (net)
                      0.191326    0.005258    0.521781 ^ clkbuf_3_5__f_clk/A (sky130_fd_sc_hd__clkbuf_16)
    14    0.046389    0.102156    0.311297    0.833078 ^ clkbuf_3_5__f_clk/X (sky130_fd_sc_hd__clkbuf_16)
                                                         clknet_3_5__leaf_clk (net)
                      0.102621    0.005698    0.838776 ^ _1403_/CLK (sky130_fd_sc_hd__dfxtp_1)
                                  0.250000    1.088776   clock uncertainty
                                  0.000000    1.088776   clock reconvergence pessimism
                                 -0.093499    0.995276   library hold time
                                              0.995276   data required time
---------------------------------------------------------------------------------------------
                                              0.995276   data required time
                                             -2.257291   data arrival time
---------------------------------------------------------------------------------------------
                                              1.262015   slack (MET)


Startpoint: _1455_ (rising edge-triggered flip-flop clocked by clk)
Endpoint: _1415_ (rising edge-triggered flip-flop clocked by clk)
Path Group: clk
Path Type: min

Fanout         Cap        Slew       Delay        Time   Description
---------------------------------------------------------------------------------------------
                                  0.000000    0.000000   clock clk (rise edge)
                                  0.000000    0.000000   clock source latency
     1    0.026922    0.198405    0.137267    0.137267 ^ clk (in)
                                                         clk (net)
                      0.198433    0.000000    0.137267 ^ clkbuf_0_clk/A (sky130_fd_sc_hd__clkbuf_16)
     8    0.109934    0.191115    0.379256    0.516523 ^ clkbuf_0_clk/X (sky130_fd_sc_hd__clkbuf_16)
                                                         clknet_0_clk (net)
                      0.191932    0.010083    0.526606 ^ clkbuf_3_7__f_clk/A (sky130_fd_sc_hd__clkbuf_16)
    10    0.046182    0.101921    0.311885    0.838491 ^ clkbuf_3_7__f_clk/X (sky130_fd_sc_hd__clkbuf_16)
                                                         clknet_3_7__leaf_clk (net)
                      0.102220    0.004400    0.842891 ^ _1455_/CLK (sky130_fd_sc_hd__dfxtp_1)
     5    0.020403    0.190028    0.708153    1.551044 v _1455_/Q (sky130_fd_sc_hd__dfxtp_1)
                                                         core_out[22] (net)
                      0.190028    0.000625    1.551669 v _0776_/A (sky130_fd_sc_hd__and2_1)
     1    0.003094    0.067905    0.334778    1.886447 v _0776_/X (sky130_fd_sc_hd__and2_1)
                                                         _0134_ (net)
                      0.067905    0.000152    1.886599 v _0777_/B2 (sky130_fd_sc_hd__o221a_1)
     1    0.001977    0.058462    0.378216    2.264815 v _0777_/X (sky130_fd_sc_hd__o221a_1)
                                                         _0031_ (net)
                      0.058462    0.000093    2.264908 v _1415_/D (sky130_fd_sc_hd__dfxtp_1)
                                              2.264908   data arrival time

                                  0.000000    0.000000   clock clk (rise edge)
                                  0.000000    0.000000   clock source latency
     1    0.026922    0.198405    0.137267    0.137267 ^ clk (in)
                                                         clk (net)
                      0.198433    0.000000    0.137267 ^ clkbuf_0_clk/A (sky130_fd_sc_hd__clkbuf_16)
     8    0.109934    0.191115    0.379256    0.516523 ^ clkbuf_0_clk/X (sky130_fd_sc_hd__clkbuf_16)
                                                         clknet_0_clk (net)
                      0.191932    0.010083    0.526606 ^ clkbuf_3_7__f_clk/A (sky130_fd_sc_hd__clkbuf_16)
    10    0.046182    0.101921    0.311885    0.838491 ^ clkbuf_3_7__f_clk/X (sky130_fd_sc_hd__clkbuf_16)
                                                         clknet_3_7__leaf_clk (net)
                      0.102311    0.005103    0.843593 ^ _1415_/CLK (sky130_fd_sc_hd__dfxtp_1)
                                  0.250000    1.093593   clock uncertainty
                                  0.000000    1.093593   clock reconvergence pessimism
                                 -0.093014    1.000580   library hold time
                                              1.000580   data required time
---------------------------------------------------------------------------------------------
                                              1.000580   data required time
                                             -2.264908   data arrival time
---------------------------------------------------------------------------------------------
                                              1.264329   slack (MET)


Startpoint: _1384_ (rising edge-triggered flip-flop clocked by clk)
Endpoint: _1442_ (rising edge-triggered flip-flop clocked by clk)
Path Group: clk
Path Type: min

Fanout         Cap        Slew       Delay        Time   Description
---------------------------------------------------------------------------------------------
                                  0.000000    0.000000   clock clk (rise edge)
                                  0.000000    0.000000   clock source latency
     1    0.026922    0.198405    0.137267    0.137267 ^ clk (in)
                                                         clk (net)
                      0.198433    0.000000    0.137267 ^ clkbuf_0_clk/A (sky130_fd_sc_hd__clkbuf_16)
     8    0.109934    0.191115    0.379256    0.516523 ^ clkbuf_0_clk/X (sky130_fd_sc_hd__clkbuf_16)
                                                         clknet_0_clk (net)
                      0.192673    0.013782    0.530305 ^ clkbuf_3_2__f_clk/A (sky130_fd_sc_hd__clkbuf_16)
     9    0.040430    0.095363    0.305616    0.835920 ^ clkbuf_3_2__f_clk/X (sky130_fd_sc_hd__clkbuf_16)
                                                         clknet_3_2__leaf_clk (net)
                      0.095483    0.002996    0.838917 ^ _1384_/CLK (sky130_fd_sc_hd__dfxtp_1)
     1    0.003795    0.056154    0.593668    1.432585 v _1384_/Q (sky130_fd_sc_hd__dfxtp_1)
                                                         core_valid (net)
                      0.056154    0.000230    1.432815 v fanout104/A (sky130_fd_sc_hd__clkbuf_2)
     5    0.036796    0.257998    0.341283    1.774097 v fanout104/X (sky130_fd_sc_hd__clkbuf_2)
                                                         net104 (net)
                      0.258032    0.002949    1.777046 v _1091_/B1 (sky130_fd_sc_hd__o21ai_1)
     1    0.002810    0.148252    0.206451    1.983497 ^ _1091_/Y (sky130_fd_sc_hd__o21ai_1)
                                                         _0422_ (net)
                      0.148252    0.000202    1.983699 ^ _1092_/C1 (sky130_fd_sc_hd__o211a_1)
     1    0.003315    0.079522    0.311096    2.294794 ^ _1092_/X (sky130_fd_sc_hd__o211a_1)
                                                         _0058_ (net)
                      0.079522    0.000263    2.295057 ^ _1442_/D (sky130_fd_sc_hd__dfxtp_1)
                                              2.295057   data arrival time

                                  0.000000    0.000000   clock clk (rise edge)
                                  0.000000    0.000000   clock source latency
     1    0.026922    0.198405    0.137267    0.137267 ^ clk (in)
                                                         clk (net)
                      0.198433    0.000000    0.137267 ^ clkbuf_0_clk/A (sky130_fd_sc_hd__clkbuf_16)
     8    0.109934    0.191115    0.379256    0.516523 ^ clkbuf_0_clk/X (sky130_fd_sc_hd__clkbuf_16)
                                                         clknet_0_clk (net)
                      0.191326    0.005258    0.521781 ^ clkbuf_3_5__f_clk/A (sky130_fd_sc_hd__clkbuf_16)
    14    0.046389    0.102156    0.311297    0.833078 ^ clkbuf_3_5__f_clk/X (sky130_fd_sc_hd__clkbuf_16)
                                                         clknet_3_5__leaf_clk (net)
                      0.102404    0.004190    0.837268 ^ _1442_/CLK (sky130_fd_sc_hd__dfxtp_1)
                                  0.250000    1.087268   clock uncertainty
                                  0.000000    1.087268   clock reconvergence pessimism
                                 -0.069084    1.018183   library hold time
                                              1.018183   data required time
---------------------------------------------------------------------------------------------
                                              1.018183   data required time
                                             -2.295057   data arrival time
---------------------------------------------------------------------------------------------
                                              1.276874   slack (MET)


Startpoint: _1446_ (rising edge-triggered flip-flop clocked by clk)
Endpoint: _1406_ (rising edge-triggered flip-flop clocked by clk)
Path Group: clk
Path Type: min

Fanout         Cap        Slew       Delay        Time   Description
---------------------------------------------------------------------------------------------
                                  0.000000    0.000000   clock clk (rise edge)
                                  0.000000    0.000000   clock source latency
     1    0.026922    0.198405    0.137267    0.137267 ^ clk (in)
                                                         clk (net)
                      0.198433    0.000000    0.137267 ^ clkbuf_0_clk/A (sky130_fd_sc_hd__clkbuf_16)
     8    0.109934    0.191115    0.379256    0.516523 ^ clkbuf_0_clk/X (sky130_fd_sc_hd__clkbuf_16)
                                                         clknet_0_clk (net)
                      0.191326    0.005258    0.521781 ^ clkbuf_3_5__f_clk/A (sky130_fd_sc_hd__clkbuf_16)
    14    0.046389    0.102156    0.311297    0.833078 ^ clkbuf_3_5__f_clk/X (sky130_fd_sc_hd__clkbuf_16)
                                                         clknet_3_5__leaf_clk (net)
                      0.102407    0.004215    0.837292 ^ _1446_/CLK (sky130_fd_sc_hd__dfxtp_1)
     5    0.020448    0.190382    0.708586    1.545878 v _1446_/Q (sky130_fd_sc_hd__dfxtp_1)
                                                         core_out[13] (net)
                      0.190382    0.000520    1.546399 v _0758_/A (sky130_fd_sc_hd__and2_1)
     1    0.004059    0.076218    0.345040    1.891439 v _0758_/X (sky130_fd_sc_hd__and2_1)
                                                         _0125_ (net)
                      0.076218    0.000178    1.891616 v _0759_/B2 (sky130_fd_sc_hd__o221a_1)
     1    0.002528    0.063663    0.389872    2.281488 v _0759_/X (sky130_fd_sc_hd__o221a_1)
                                                         _0022_ (net)
                      0.063693    0.000157    2.281645 v _1406_/D (sky130_fd_sc_hd__dfxtp_1)
                                              2.281645   data arrival time

                                  0.000000    0.000000   clock clk (rise edge)
                                  0.000000    0.000000   clock source latency
     1    0.026922    0.198405    0.137267    0.137267 ^ clk (in)
                                                         clk (net)
                      0.198433    0.000000    0.137267 ^ clkbuf_0_clk/A (sky130_fd_sc_hd__clkbuf_16)
     8    0.109934    0.191115    0.379256    0.516523 ^ clkbuf_0_clk/X (sky130_fd_sc_hd__clkbuf_16)
                                                         clknet_0_clk (net)
                      0.191326    0.005258    0.521781 ^ clkbuf_3_5__f_clk/A (sky130_fd_sc_hd__clkbuf_16)
    14    0.046389    0.102156    0.311297    0.833078 ^ clkbuf_3_5__f_clk/X (sky130_fd_sc_hd__clkbuf_16)
                                                         clknet_3_5__leaf_clk (net)
                      0.102566    0.005342    0.838420 ^ _1406_/CLK (sky130_fd_sc_hd__dfxtp_1)
                                  0.250000    1.088420   clock uncertainty
                                  0.000000    1.088420   clock reconvergence pessimism
                                 -0.094930    0.993490   library hold time
                                              0.993490   data required time
---------------------------------------------------------------------------------------------
                                              0.993490   data required time
                                             -2.281645   data arrival time
---------------------------------------------------------------------------------------------
                                              1.288155   slack (MET)


Startpoint: _1436_ (rising edge-triggered flip-flop clocked by clk)
Endpoint: _1396_ (rising edge-triggered flip-flop clocked by clk)
Path Group: clk
Path Type: min

Fanout         Cap        Slew       Delay        Time   Description
---------------------------------------------------------------------------------------------
                                  0.000000    0.000000   clock clk (rise edge)
                                  0.000000    0.000000   clock source latency
     1    0.026922    0.198405    0.137267    0.137267 ^ clk (in)
                                                         clk (net)
                      0.198433    0.000000    0.137267 ^ clkbuf_0_clk/A (sky130_fd_sc_hd__clkbuf_16)
     8    0.109934    0.191115    0.379256    0.516523 ^ clkbuf_0_clk/X (sky130_fd_sc_hd__clkbuf_16)
                                                         clknet_0_clk (net)
                      0.192673    0.013782    0.530305 ^ clkbuf_3_2__f_clk/A (sky130_fd_sc_hd__clkbuf_16)
     9    0.040430    0.095363    0.305616    0.835920 ^ clkbuf_3_2__f_clk/X (sky130_fd_sc_hd__clkbuf_16)
                                                         clknet_3_2__leaf_clk (net)
                      0.095463    0.002765    0.838686 ^ _1436_/CLK (sky130_fd_sc_hd__dfxtp_1)
     4    0.012867    0.205659    0.742909    1.581594 ^ _1436_/Q (sky130_fd_sc_hd__dfxtp_1)
                                                         core_out[3] (net)
                      0.205659    0.000754    1.582348 ^ _0733_/B2 (sky130_fd_sc_hd__a22o_1)
     1    0.002680    0.074078    0.287893    1.870241 ^ _0733_/X (sky130_fd_sc_hd__a22o_1)
                                                         _0110_ (net)
                      0.074078    0.000125    1.870366 ^ _0734_/C1 (sky130_fd_sc_hd__a211o_1)
     1    0.004193    0.077164    0.172040    2.042406 ^ _0734_/X (sky130_fd_sc_hd__a211o_1)
                                                         _0111_ (net)
                      0.077164    0.000265    2.042671 ^ _0735_/B1 (sky130_fd_sc_hd__o211a_1)
     1    0.002359    0.069062    0.292049    2.334720 ^ _0735_/X (sky130_fd_sc_hd__o211a_1)
                                                         _0012_ (net)
                      0.069062    0.000164    2.334884 ^ _1396_/D (sky130_fd_sc_hd__dfxtp_1)
                                              2.334884   data arrival time

                                  0.000000    0.000000   clock clk (rise edge)
                                  0.000000    0.000000   clock source latency
     1    0.026922    0.198405    0.137267    0.137267 ^ clk (in)
                                                         clk (net)
                      0.198433    0.000000    0.137267 ^ clkbuf_0_clk/A (sky130_fd_sc_hd__clkbuf_16)
     8    0.109934    0.191115    0.379256    0.516523 ^ clkbuf_0_clk/X (sky130_fd_sc_hd__clkbuf_16)
                                                         clknet_0_clk (net)
                      0.192673    0.013782    0.530305 ^ clkbuf_3_2__f_clk/A (sky130_fd_sc_hd__clkbuf_16)
     9    0.040430    0.095363    0.305616    0.835920 ^ clkbuf_3_2__f_clk/X (sky130_fd_sc_hd__clkbuf_16)
                                                         clknet_3_2__leaf_clk (net)
                      0.095460    0.002731    0.838651 ^ _1396_/CLK (sky130_fd_sc_hd__dfxtp_1)
                                  0.250000    1.088651   clock uncertainty
                                  0.000000    1.088651   clock reconvergence pessimism
                                 -0.067756    1.020896   library hold time
                                              1.020896   data required time
---------------------------------------------------------------------------------------------
                                              1.020896   data required time
                                             -2.334884   data arrival time
---------------------------------------------------------------------------------------------
                                              1.313988   slack (MET)


Startpoint: _1451_ (rising edge-triggered flip-flop clocked by clk)
Endpoint: _1411_ (rising edge-triggered flip-flop clocked by clk)
Path Group: clk
Path Type: min

Fanout         Cap        Slew       Delay        Time   Description
---------------------------------------------------------------------------------------------
                                  0.000000    0.000000   clock clk (rise edge)
                                  0.000000    0.000000   clock source latency
     1    0.026922    0.198405    0.137267    0.137267 ^ clk (in)
                                                         clk (net)
                      0.198433    0.000000    0.137267 ^ clkbuf_0_clk/A (sky130_fd_sc_hd__clkbuf_16)
     8    0.109934    0.191115    0.379256    0.516523 ^ clkbuf_0_clk/X (sky130_fd_sc_hd__clkbuf_16)
                                                         clknet_0_clk (net)
                      0.191340    0.005418    0.521941 ^ clkbuf_3_4__f_clk/A (sky130_fd_sc_hd__clkbuf_16)
    11    0.042382    0.096594    0.306758    0.828699 ^ clkbuf_3_4__f_clk/X (sky130_fd_sc_hd__clkbuf_16)
                                                         clknet_3_4__leaf_clk (net)
                      0.096816    0.002496    0.831195 ^ _1451_/CLK (sky130_fd_sc_hd__dfxtp_1)
     5    0.025295    0.231511    0.735512    1.566707 v _1451_/Q (sky130_fd_sc_hd__dfxtp_1)
                                                         core_out[18] (net)
                      0.231511    0.000728    1.567435 v _0768_/A (sky130_fd_sc_hd__and2_1)
     1    0.003040    0.067668    0.354379    1.921814 v _0768_/X (sky130_fd_sc_hd__and2_1)
                                                         _0130_ (net)
                      0.067668    0.000204    1.922018 v _0769_/B2 (sky130_fd_sc_hd__o221a_1)
     1    0.002315    0.061529    0.383291    2.305309 v _0769_/X (sky130_fd_sc_hd__o221a_1)
                                                         _0027_ (net)
                      0.061529    0.000155    2.305465 v _1411_/D (sky130_fd_sc_hd__dfxtp_1)
                                              2.305465   data arrival time

                                  0.000000    0.000000   clock clk (rise edge)
                                  0.000000    0.000000   clock source latency
     1    0.026922    0.198405    0.137267    0.137267 ^ clk (in)
                                                         clk (net)
                      0.198433    0.000000    0.137267 ^ clkbuf_0_clk/A (sky130_fd_sc_hd__clkbuf_16)
     8    0.109934    0.191115    0.379256    0.516523 ^ clkbuf_0_clk/X (sky130_fd_sc_hd__clkbuf_16)
                                                         clknet_0_clk (net)
                      0.191340    0.005418    0.521941 ^ clkbuf_3_4__f_clk/A (sky130_fd_sc_hd__clkbuf_16)
    11    0.042382    0.096594    0.306758    0.828699 ^ clkbuf_3_4__f_clk/X (sky130_fd_sc_hd__clkbuf_16)
                                                         clknet_3_4__leaf_clk (net)
                      0.096917    0.003326    0.832025 ^ _1411_/CLK (sky130_fd_sc_hd__dfxtp_1)
                                  0.250000    1.082025   clock uncertainty
                                  0.000000    1.082025   clock reconvergence pessimism
                                 -0.095469    0.986556   library hold time
                                              0.986556   data required time
---------------------------------------------------------------------------------------------
                                              0.986556   data required time
                                             -2.305465   data arrival time
---------------------------------------------------------------------------------------------
                                              1.318908   slack (MET)


Startpoint: _1458_ (rising edge-triggered flip-flop clocked by clk)
Endpoint: _1418_ (rising edge-triggered flip-flop clocked by clk)
Path Group: clk
Path Type: min

Fanout         Cap        Slew       Delay        Time   Description
---------------------------------------------------------------------------------------------
                                  0.000000    0.000000   clock clk (rise edge)
                                  0.000000    0.000000   clock source latency
     1    0.026922    0.198405    0.137267    0.137267 ^ clk (in)
                                                         clk (net)
                      0.198433    0.000000    0.137267 ^ clkbuf_0_clk/A (sky130_fd_sc_hd__clkbuf_16)
     8    0.109934    0.191115    0.379256    0.516523 ^ clkbuf_0_clk/X (sky130_fd_sc_hd__clkbuf_16)
                                                         clknet_0_clk (net)
                      0.191932    0.010083    0.526606 ^ clkbuf_3_7__f_clk/A (sky130_fd_sc_hd__clkbuf_16)
    10    0.046182    0.101921    0.311885    0.838491 ^ clkbuf_3_7__f_clk/X (sky130_fd_sc_hd__clkbuf_16)
                                                         clknet_3_7__leaf_clk (net)
                      0.102058    0.002938    0.841428 ^ _1458_/CLK (sky130_fd_sc_hd__dfxtp_1)
     6    0.025817    0.235710    0.741873    1.583302 v _1458_/Q (sky130_fd_sc_hd__dfxtp_1)
                                                         core_out[25] (net)
                      0.235713    0.001160    1.584461 v _0782_/A (sky130_fd_sc_hd__and2_1)
     1    0.003050    0.067782    0.356544    1.941005 v _0782_/X (sky130_fd_sc_hd__and2_1)
                                                         _0137_ (net)
                      0.067782    0.000209    1.941213 v _0783_/B2 (sky130_fd_sc_hd__o221a_1)
     1    0.002307    0.061670    0.383204    2.324417 v _0783_/X (sky130_fd_sc_hd__o221a_1)
                                                         _0034_ (net)
                      0.061670    0.000169    2.324586 v _1418_/D (sky130_fd_sc_hd__dfxtp_1)
                                              2.324586   data arrival time

                                  0.000000    0.000000   clock clk (rise edge)
                                  0.000000    0.000000   clock source latency
     1    0.026922    0.198405    0.137267    0.137267 ^ clk (in)
                                                         clk (net)
                      0.198433    0.000000    0.137267 ^ clkbuf_0_clk/A (sky130_fd_sc_hd__clkbuf_16)
     8    0.109934    0.191115    0.379256    0.516523 ^ clkbuf_0_clk/X (sky130_fd_sc_hd__clkbuf_16)
                                                         clknet_0_clk (net)
                      0.191919    0.010008    0.526531 ^ clkbuf_3_6__f_clk/A (sky130_fd_sc_hd__clkbuf_16)
    14    0.047574    0.103853    0.313418    0.839949 ^ clkbuf_3_6__f_clk/X (sky130_fd_sc_hd__clkbuf_16)
                                                         clknet_3_6__leaf_clk (net)
                      0.103988    0.003199    0.843149 ^ _1418_/CLK (sky130_fd_sc_hd__dfxtp_1)
                                  0.250000    1.093149   clock uncertainty
                                  0.000000    1.093149   clock reconvergence pessimism
                                 -0.093823    0.999325   library hold time
                                              0.999325   data required time
---------------------------------------------------------------------------------------------
                                              0.999325   data required time
                                             -2.324586   data arrival time
---------------------------------------------------------------------------------------------
                                              1.325261   slack (MET)


Startpoint: _1432_ (rising edge-triggered flip-flop clocked by clk)
Endpoint: _1432_ (rising edge-triggered flip-flop clocked by clk)
Path Group: clk
Path Type: min

Fanout         Cap        Slew       Delay        Time   Description
---------------------------------------------------------------------------------------------
                                  0.000000    0.000000   clock clk (rise edge)
                                  0.000000    0.000000   clock source latency
     1    0.026922    0.198405    0.137267    0.137267 ^ clk (in)
                                                         clk (net)
                      0.198433    0.000000    0.137267 ^ clkbuf_0_clk/A (sky130_fd_sc_hd__clkbuf_16)
     8    0.109934    0.191115    0.379256    0.516523 ^ clkbuf_0_clk/X (sky130_fd_sc_hd__clkbuf_16)
                                                         clknet_0_clk (net)
                      0.192982    0.015062    0.531585 ^ clkbuf_3_1__f_clk/A (sky130_fd_sc_hd__clkbuf_16)
    13    0.047517    0.103741    0.313729    0.845315 ^ clkbuf_3_1__f_clk/X (sky130_fd_sc_hd__clkbuf_16)
                                                         clknet_3_1__leaf_clk (net)
                      0.104063    0.004810    0.850125 ^ _1432_/CLK (sky130_fd_sc_hd__dfxtp_2)
     4    0.023728    0.202669    0.775674    1.625799 ^ _1432_/Q (sky130_fd_sc_hd__dfxtp_2)
                                                         core_b[7] (net)
                      0.202674    0.001431    1.627230 ^ fanout65/A (sky130_fd_sc_hd__buf_6)
    10    0.040160    0.140107    0.294186    1.921416 ^ fanout65/X (sky130_fd_sc_hd__buf_6)
                                                         net65 (net)
                      0.140137    0.002107    1.923522 ^ _0811_/A0 (sky130_fd_sc_hd__mux2_1)
     1    0.001771    0.060595    0.239560    2.163083 ^ _0811_/X (sky130_fd_sc_hd__mux2_1)
                                                         _0152_ (net)
                      0.060595    0.000080    2.163163 ^ _0812_/B (sky130_fd_sc_hd__and2_1)
     1    0.001935    0.068533    0.211267    2.374430 ^ _0812_/X (sky130_fd_sc_hd__and2_1)
                                                         _0048_ (net)
                      0.068533    0.000139    2.374569 ^ _1432_/D (sky130_fd_sc_hd__dfxtp_2)
                                              2.374569   data arrival time

                                  0.000000    0.000000   clock clk (rise edge)
                                  0.000000    0.000000   clock source latency
     1    0.026922    0.198405    0.137267    0.137267 ^ clk (in)
                                                         clk (net)
                      0.198433    0.000000    0.137267 ^ clkbuf_0_clk/A (sky130_fd_sc_hd__clkbuf_16)
     8    0.109934    0.191115    0.379256    0.516523 ^ clkbuf_0_clk/X (sky130_fd_sc_hd__clkbuf_16)
                                                         clknet_0_clk (net)
                      0.192982    0.015062    0.531585 ^ clkbuf_3_1__f_clk/A (sky130_fd_sc_hd__clkbuf_16)
    13    0.047517    0.103741    0.313729    0.845315 ^ clkbuf_3_1__f_clk/X (sky130_fd_sc_hd__clkbuf_16)
                                                         clknet_3_1__leaf_clk (net)
                      0.104063    0.004810    0.850125 ^ _1432_/CLK (sky130_fd_sc_hd__dfxtp_2)
                                  0.250000    1.100125   clock uncertainty
                                  0.000000    1.100125   clock reconvergence pessimism
                                 -0.066181    1.033944   library hold time
                                              1.033944   data required time
---------------------------------------------------------------------------------------------
                                              1.033944   data required time
                                             -2.374569   data arrival time
---------------------------------------------------------------------------------------------
                                              1.340626   slack (MET)


Startpoint: _1434_ (rising edge-triggered flip-flop clocked by clk)
Endpoint: _1434_ (rising edge-triggered flip-flop clocked by clk)
Path Group: clk
Path Type: min

Fanout         Cap        Slew       Delay        Time   Description
---------------------------------------------------------------------------------------------
                                  0.000000    0.000000   clock clk (rise edge)
                                  0.000000    0.000000   clock source latency
     1    0.026922    0.198405    0.137267    0.137267 ^ clk (in)
                                                         clk (net)
                      0.198433    0.000000    0.137267 ^ clkbuf_0_clk/A (sky130_fd_sc_hd__clkbuf_16)
     8    0.109934    0.191115    0.379256    0.516523 ^ clkbuf_0_clk/X (sky130_fd_sc_hd__clkbuf_16)
                                                         clknet_0_clk (net)
                      0.192962    0.014980    0.531502 ^ clkbuf_3_0__f_clk/A (sky130_fd_sc_hd__clkbuf_16)
     9    0.039415    0.093738    0.304840    0.836342 ^ clkbuf_3_0__f_clk/X (sky130_fd_sc_hd__clkbuf_16)
                                                         clknet_3_0__leaf_clk (net)
                      0.093792    0.002045    0.838387 ^ _1434_/CLK (sky130_fd_sc_hd__dfxtp_1)
     4    0.012939    0.127837    0.657362    1.495749 v _1434_/Q (sky130_fd_sc_hd__dfxtp_1)
                                                         core_out[1] (net)
                      0.127838    0.000584    1.496333 v _0821_/B1 (sky130_fd_sc_hd__a21oi_1)
     1    0.002649    0.140498    0.202060    1.698393 ^ _0821_/Y (sky130_fd_sc_hd__a21oi_1)
                                                         _0160_ (net)
                      0.140498    0.000123    1.698516 ^ _0822_/B (sky130_fd_sc_hd__nor2_1)
     2    0.007744    0.082983    0.132467    1.830983 v _0822_/Y (sky130_fd_sc_hd__nor2_1)
                                                         _0161_ (net)
                      0.082983    0.000324    1.831307 v _0823_/B (sky130_fd_sc_hd__xnor2_1)
     1    0.002811    0.074561    0.216394    2.047701 ^ _0823_/Y (sky130_fd_sc_hd__xnor2_1)
                                                         _0162_ (net)
                      0.074561    0.000131    2.047832 ^ _0824_/B (sky130_fd_sc_hd__nand2_1)
     1    0.002555    0.064087    0.103816    2.151648 v _0824_/Y (sky130_fd_sc_hd__nand2_1)
                                                         _0163_ (net)
                      0.064087    0.000117    2.151766 v _0825_/C1 (sky130_fd_sc_hd__o211a_1)
     1    0.002427    0.054299    0.189247    2.341012 v _0825_/X (sky130_fd_sc_hd__o211a_1)
                                                         _0050_ (net)
                      0.054299    0.000178    2.341190 v _1434_/D (sky130_fd_sc_hd__dfxtp_1)
                                              2.341190   data arrival time

                                  0.000000    0.000000   clock clk (rise edge)
                                  0.000000    0.000000   clock source latency
     1    0.026922    0.198405    0.137267    0.137267 ^ clk (in)
                                                         clk (net)
                      0.198433    0.000000    0.137267 ^ clkbuf_0_clk/A (sky130_fd_sc_hd__clkbuf_16)
     8    0.109934    0.191115    0.379256    0.516523 ^ clkbuf_0_clk/X (sky130_fd_sc_hd__clkbuf_16)
                                                         clknet_0_clk (net)
                      0.192962    0.014980    0.531502 ^ clkbuf_3_0__f_clk/A (sky130_fd_sc_hd__clkbuf_16)
     9    0.039415    0.093738    0.304840    0.836342 ^ clkbuf_3_0__f_clk/X (sky130_fd_sc_hd__clkbuf_16)
                                                         clknet_3_0__leaf_clk (net)
                      0.093792    0.002045    0.838387 ^ _1434_/CLK (sky130_fd_sc_hd__dfxtp_1)
                                  0.250000    1.088387   clock uncertainty
                                  0.000000    1.088387   clock reconvergence pessimism
                                 -0.093486    0.994901   library hold time
                                              0.994901   data required time
---------------------------------------------------------------------------------------------
                                              0.994901   data required time
                                             -2.341190   data arrival time
---------------------------------------------------------------------------------------------
                                              1.346290   slack (MET)


Startpoint: _1462_ (rising edge-triggered flip-flop clocked by clk)
Endpoint: _1462_ (rising edge-triggered flip-flop clocked by clk)
Path Group: clk
Path Type: min

Fanout         Cap        Slew       Delay        Time   Description
---------------------------------------------------------------------------------------------
                                  0.000000    0.000000   clock clk (rise edge)
                                  0.000000    0.000000   clock source latency
     1    0.026922    0.198405    0.137267    0.137267 ^ clk (in)
                                                         clk (net)
                      0.198433    0.000000    0.137267 ^ clkbuf_0_clk/A (sky130_fd_sc_hd__clkbuf_16)
     8    0.109934    0.191115    0.379256    0.516523 ^ clkbuf_0_clk/X (sky130_fd_sc_hd__clkbuf_16)
                                                         clknet_0_clk (net)
                      0.191919    0.010008    0.526531 ^ clkbuf_3_6__f_clk/A (sky130_fd_sc_hd__clkbuf_16)
    14    0.047574    0.103853    0.313418    0.839949 ^ clkbuf_3_6__f_clk/X (sky130_fd_sc_hd__clkbuf_16)
                                                         clknet_3_6__leaf_clk (net)
                      0.103943    0.002702    0.842652 ^ _1462_/CLK (sky130_fd_sc_hd__dfxtp_1)
     4    0.013981    0.221121    0.758412    1.601063 ^ _1462_/Q (sky130_fd_sc_hd__dfxtp_1)
                                                         core_out[29] (net)
                      0.221121    0.000463    1.601526 ^ _1363_/A (sky130_fd_sc_hd__xor2_1)
     2    0.009981    0.119371    0.262667    1.864193 v _1363_/X (sky130_fd_sc_hd__xor2_1)
                                                         _0674_ (net)
                      0.119373    0.000661    1.864854 v _1365_/A (sky130_fd_sc_hd__xor2_1)
     1    0.004795    0.215309    0.305370    2.170223 ^ _1365_/X (sky130_fd_sc_hd__xor2_1)
                                                         _0676_ (net)
                      0.215309    0.000363    2.170587 ^ _1367_/A2 (sky130_fd_sc_hd__a211oi_1)
     1    0.002009    0.061367    0.186572    2.357158 v _1367_/Y (sky130_fd_sc_hd__a211oi_1)
                                                         _0078_ (net)
                      0.061367    0.000140    2.357299 v _1462_/D (sky130_fd_sc_hd__dfxtp_1)
                                              2.357299   data arrival time

                                  0.000000    0.000000   clock clk (rise edge)
                                  0.000000    0.000000   clock source latency
     1    0.026922    0.198405    0.137267    0.137267 ^ clk (in)
                                                         clk (net)
                      0.198433    0.000000    0.137267 ^ clkbuf_0_clk/A (sky130_fd_sc_hd__clkbuf_16)
     8    0.109934    0.191115    0.379256    0.516523 ^ clkbuf_0_clk/X (sky130_fd_sc_hd__clkbuf_16)
                                                         clknet_0_clk (net)
                      0.191919    0.010008    0.526531 ^ clkbuf_3_6__f_clk/A (sky130_fd_sc_hd__clkbuf_16)
    14    0.047574    0.103853    0.313418    0.839949 ^ clkbuf_3_6__f_clk/X (sky130_fd_sc_hd__clkbuf_16)
                                                         clknet_3_6__leaf_clk (net)
                      0.103943    0.002702    0.842652 ^ _1462_/CLK (sky130_fd_sc_hd__dfxtp_1)
                                  0.250000    1.092652   clock uncertainty
                                  0.000000    1.092652   clock reconvergence pessimism
                                 -0.093720    0.998932   library hold time
                                              0.998932   data required time
---------------------------------------------------------------------------------------------
                                              0.998932   data required time
                                             -2.357299   data arrival time
---------------------------------------------------------------------------------------------
                                              1.358367   slack (MET)


Startpoint: _1443_ (rising edge-triggered flip-flop clocked by clk)
Endpoint: _1444_ (rising edge-triggered flip-flop clocked by clk)
Path Group: clk
Path Type: min

Fanout         Cap        Slew       Delay        Time   Description
---------------------------------------------------------------------------------------------
                                  0.000000    0.000000   clock clk (rise edge)
                                  0.000000    0.000000   clock source latency
     1    0.026922    0.198405    0.137267    0.137267 ^ clk (in)
                                                         clk (net)
                      0.198433    0.000000    0.137267 ^ clkbuf_0_clk/A (sky130_fd_sc_hd__clkbuf_16)
     8    0.109934    0.191115    0.379256    0.516523 ^ clkbuf_0_clk/X (sky130_fd_sc_hd__clkbuf_16)
                                                         clknet_0_clk (net)
                      0.191326    0.005258    0.521781 ^ clkbuf_3_5__f_clk/A (sky130_fd_sc_hd__clkbuf_16)
    14    0.046389    0.102156    0.311297    0.833078 ^ clkbuf_3_5__f_clk/X (sky130_fd_sc_hd__clkbuf_16)
                                                         clknet_3_5__leaf_clk (net)
                      0.102398    0.004139    0.837216 ^ _1443_/CLK (sky130_fd_sc_hd__dfxtp_1)
     4    0.020398    0.189964    0.708275    1.545491 v _1443_/Q (sky130_fd_sc_hd__dfxtp_1)
                                                         core_out[10] (net)
                      0.189967    0.001086    1.546577 v _1129_/A (sky130_fd_sc_hd__nand2_1)
     2    0.007849    0.136454    0.195986    1.742563 ^ _1129_/Y (sky130_fd_sc_hd__nand2_1)
                                                         _0459_ (net)
                      0.136454    0.000278    1.742841 ^ _1166_/A (sky130_fd_sc_hd__and3_1)
     1    0.002983    0.088817    0.302428    2.045269 ^ _1166_/X (sky130_fd_sc_hd__and3_1)
                                                         _0495_ (net)
                      0.088817    0.000216    2.045485 ^ _1167_/A2 (sky130_fd_sc_hd__o21ai_1)
     1    0.002986    0.069668    0.121712    2.167196 v _1167_/Y (sky130_fd_sc_hd__o21ai_1)
                                                         _0496_ (net)
                      0.069668    0.000203    2.167400 v _1168_/C1 (sky130_fd_sc_hd__o211a_1)
     1    0.002071    0.051187    0.187939    2.355338 v _1168_/X (sky130_fd_sc_hd__o211a_1)
                                                         _0060_ (net)
                      0.051203    0.000141    2.355480 v _1444_/D (sky130_fd_sc_hd__dfxtp_1)
                                              2.355480   data arrival time

                                  0.000000    0.000000   clock clk (rise edge)
                                  0.000000    0.000000   clock source latency
     1    0.026922    0.198405    0.137267    0.137267 ^ clk (in)
                                                         clk (net)
                      0.198433    0.000000    0.137267 ^ clkbuf_0_clk/A (sky130_fd_sc_hd__clkbuf_16)
     8    0.109934    0.191115    0.379256    0.516523 ^ clkbuf_0_clk/X (sky130_fd_sc_hd__clkbuf_16)
                                                         clknet_0_clk (net)
                      0.191326    0.005258    0.521781 ^ clkbuf_3_5__f_clk/A (sky130_fd_sc_hd__clkbuf_16)
    14    0.046389    0.102156    0.311297    0.833078 ^ clkbuf_3_5__f_clk/X (sky130_fd_sc_hd__clkbuf_16)
                                                         clknet_3_5__leaf_clk (net)
                      0.102400    0.004156    0.837234 ^ _1444_/CLK (sky130_fd_sc_hd__dfxtp_1)
                                  0.250000    1.087234   clock uncertainty
                                  0.000000    1.087234   clock reconvergence pessimism
                                 -0.090248    0.996985   library hold time
                                              0.996985   data required time
---------------------------------------------------------------------------------------------
                                              0.996985   data required time
                                             -2.355480   data arrival time
---------------------------------------------------------------------------------------------
                                              1.358494   slack (MET)


Startpoint: _1454_ (rising edge-triggered flip-flop clocked by clk)
Endpoint: _1414_ (rising edge-triggered flip-flop clocked by clk)
Path Group: clk
Path Type: min

Fanout         Cap        Slew       Delay        Time   Description
---------------------------------------------------------------------------------------------
                                  0.000000    0.000000   clock clk (rise edge)
                                  0.000000    0.000000   clock source latency
     1    0.026922    0.198405    0.137267    0.137267 ^ clk (in)
                                                         clk (net)
                      0.198433    0.000000    0.137267 ^ clkbuf_0_clk/A (sky130_fd_sc_hd__clkbuf_16)
     8    0.109934    0.191115    0.379256    0.516523 ^ clkbuf_0_clk/X (sky130_fd_sc_hd__clkbuf_16)
                                                         clknet_0_clk (net)
                      0.191932    0.010083    0.526606 ^ clkbuf_3_7__f_clk/A (sky130_fd_sc_hd__clkbuf_16)
    10    0.046182    0.101921    0.311885    0.838491 ^ clkbuf_3_7__f_clk/X (sky130_fd_sc_hd__clkbuf_16)
                                                         clknet_3_7__leaf_clk (net)
                      0.102280    0.004874    0.843364 ^ _1454_/CLK (sky130_fd_sc_hd__dfxtp_1)
     6    0.027835    0.252679    0.754770    1.598134 v _1454_/Q (sky130_fd_sc_hd__dfxtp_1)
                                                         core_out[21] (net)
                      0.252679    0.000734    1.598868 v _0774_/A (sky130_fd_sc_hd__and2_1)
     1    0.003813    0.074322    0.372875    1.971743 v _0774_/X (sky130_fd_sc_hd__and2_1)
                                                         _0133_ (net)
                      0.074322    0.000235    1.971977 v _0775_/B2 (sky130_fd_sc_hd__o221a_1)
     1    0.002525    0.063572    0.389091    2.361068 v _0775_/X (sky130_fd_sc_hd__o221a_1)
                                                         _0030_ (net)
                      0.063572    0.000157    2.361225 v _1414_/D (sky130_fd_sc_hd__dfxtp_1)
                                              2.361225   data arrival time

                                  0.000000    0.000000   clock clk (rise edge)
                                  0.000000    0.000000   clock source latency
     1    0.026922    0.198405    0.137267    0.137267 ^ clk (in)
                                                         clk (net)
                      0.198433    0.000000    0.137267 ^ clkbuf_0_clk/A (sky130_fd_sc_hd__clkbuf_16)
     8    0.109934    0.191115    0.379256    0.516523 ^ clkbuf_0_clk/X (sky130_fd_sc_hd__clkbuf_16)
                                                         clknet_0_clk (net)
                      0.191932    0.010083    0.526606 ^ clkbuf_3_7__f_clk/A (sky130_fd_sc_hd__clkbuf_16)
    10    0.046182    0.101921    0.311885    0.838491 ^ clkbuf_3_7__f_clk/X (sky130_fd_sc_hd__clkbuf_16)
                                                         clknet_3_7__leaf_clk (net)
                      0.102316    0.005139    0.843629 ^ _1414_/CLK (sky130_fd_sc_hd__dfxtp_1)
                                  0.250000    1.093629   clock uncertainty
                                  0.000000    1.093629   clock reconvergence pessimism
                                 -0.094944    0.998685   library hold time
                                              0.998685   data required time
---------------------------------------------------------------------------------------------
                                              0.998685   data required time
                                             -2.361225   data arrival time
---------------------------------------------------------------------------------------------
                                              1.362540   slack (MET)


Startpoint: _1436_ (rising edge-triggered flip-flop clocked by clk)
Endpoint: _1436_ (rising edge-triggered flip-flop clocked by clk)
Path Group: clk
Path Type: min

Fanout         Cap        Slew       Delay        Time   Description
---------------------------------------------------------------------------------------------
                                  0.000000    0.000000   clock clk (rise edge)
                                  0.000000    0.000000   clock source latency
     1    0.026922    0.198405    0.137267    0.137267 ^ clk (in)
                                                         clk (net)
                      0.198433    0.000000    0.137267 ^ clkbuf_0_clk/A (sky130_fd_sc_hd__clkbuf_16)
     8    0.109934    0.191115    0.379256    0.516523 ^ clkbuf_0_clk/X (sky130_fd_sc_hd__clkbuf_16)
                                                         clknet_0_clk (net)
                      0.192673    0.013782    0.530305 ^ clkbuf_3_2__f_clk/A (sky130_fd_sc_hd__clkbuf_16)
     9    0.040430    0.095363    0.305616    0.835920 ^ clkbuf_3_2__f_clk/X (sky130_fd_sc_hd__clkbuf_16)
                                                         clknet_3_2__leaf_clk (net)
                      0.095463    0.002765    0.838686 ^ _1436_/CLK (sky130_fd_sc_hd__dfxtp_1)
     4    0.012266    0.123861    0.653391    1.492077 v _1436_/Q (sky130_fd_sc_hd__dfxtp_1)
                                                         core_out[3] (net)
                      0.123863    0.000625    1.492701 v _0854_/A (sky130_fd_sc_hd__nand2_1)
     2    0.005026    0.094773    0.136673    1.629374 ^ _0854_/Y (sky130_fd_sc_hd__nand2_1)
                                                         _0191_ (net)
                      0.094773    0.000275    1.629649 ^ _0856_/A (sky130_fd_sc_hd__nand2_1)
     1    0.005035    0.103012    0.132140    1.761789 v _0856_/Y (sky130_fd_sc_hd__nand2_1)
                                                         _0193_ (net)
                      0.103012    0.000370    1.762159 v _0858_/A (sky130_fd_sc_hd__xor2_1)
     1    0.003831    0.188423    0.276550    2.038710 ^ _0858_/X (sky130_fd_sc_hd__xor2_1)
                                                         _0195_ (net)
                      0.188423    0.000253    2.038963 ^ _0859_/B (sky130_fd_sc_hd__nand2_1)
     1    0.002542    0.072015    0.145048    2.184011 v _0859_/Y (sky130_fd_sc_hd__nand2_1)
                                                         _0196_ (net)
                      0.072015    0.000117    2.184128 v _0860_/C1 (sky130_fd_sc_hd__o211a_1)
     1    0.002394    0.054002    0.192556    2.376684 v _0860_/X (sky130_fd_sc_hd__o211a_1)
                                                         _0052_ (net)
                      0.054002    0.000159    2.376843 v _1436_/D (sky130_fd_sc_hd__dfxtp_1)
                                              2.376843   data arrival time

                                  0.000000    0.000000   clock clk (rise edge)
                                  0.000000    0.000000   clock source latency
     1    0.026922    0.198405    0.137267    0.137267 ^ clk (in)
                                                         clk (net)
                      0.198433    0.000000    0.137267 ^ clkbuf_0_clk/A (sky130_fd_sc_hd__clkbuf_16)
     8    0.109934    0.191115    0.379256    0.516523 ^ clkbuf_0_clk/X (sky130_fd_sc_hd__clkbuf_16)
                                                         clknet_0_clk (net)
                      0.192673    0.013782    0.530305 ^ clkbuf_3_2__f_clk/A (sky130_fd_sc_hd__clkbuf_16)
     9    0.040430    0.095363    0.305616    0.835920 ^ clkbuf_3_2__f_clk/X (sky130_fd_sc_hd__clkbuf_16)
                                                         clknet_3_2__leaf_clk (net)
                      0.095463    0.002765    0.838686 ^ _1436_/CLK (sky130_fd_sc_hd__dfxtp_1)
                                  0.250000    1.088686   clock uncertainty
                                  0.000000    1.088686   clock reconvergence pessimism
                                 -0.092973    0.995713   library hold time
                                              0.995713   data required time
---------------------------------------------------------------------------------------------
                                              0.995713   data required time
                                             -2.376843   data arrival time
---------------------------------------------------------------------------------------------
                                              1.381130   slack (MET)


Startpoint: _1435_ (rising edge-triggered flip-flop clocked by clk)
Endpoint: _1435_ (rising edge-triggered flip-flop clocked by clk)
Path Group: clk
Path Type: min

Fanout         Cap        Slew       Delay        Time   Description
---------------------------------------------------------------------------------------------
                                  0.000000    0.000000   clock clk (rise edge)
                                  0.000000    0.000000   clock source latency
     1    0.026922    0.198405    0.137267    0.137267 ^ clk (in)
                                                         clk (net)
                      0.198433    0.000000    0.137267 ^ clkbuf_0_clk/A (sky130_fd_sc_hd__clkbuf_16)
     8    0.109934    0.191115    0.379256    0.516523 ^ clkbuf_0_clk/X (sky130_fd_sc_hd__clkbuf_16)
                                                         clknet_0_clk (net)
                      0.192673    0.013782    0.530305 ^ clkbuf_3_2__f_clk/A (sky130_fd_sc_hd__clkbuf_16)
     9    0.040430    0.095363    0.305616    0.835920 ^ clkbuf_3_2__f_clk/X (sky130_fd_sc_hd__clkbuf_16)
                                                         clknet_3_2__leaf_clk (net)
                      0.095469    0.002835    0.838755 ^ _1435_/CLK (sky130_fd_sc_hd__dfxtp_1)
     4    0.011522    0.117990    0.648172    1.486927 v _1435_/Q (sky130_fd_sc_hd__dfxtp_1)
                                                         core_out[2] (net)
                      0.117993    0.000782    1.487709 v _0834_/A (sky130_fd_sc_hd__nand2_1)
     2    0.005368    0.098618    0.137394    1.625103 ^ _0834_/Y (sky130_fd_sc_hd__nand2_1)
                                                         _0172_ (net)
                      0.098618    0.000213    1.625317 ^ _0836_/A (sky130_fd_sc_hd__nand2_1)
     2    0.008060    0.148631    0.170104    1.795421 v _0836_/Y (sky130_fd_sc_hd__nand2_1)
                                                         _0174_ (net)
                      0.148632    0.000441    1.795862 v _0838_/A (sky130_fd_sc_hd__xnor2_1)
     1    0.003213    0.079605    0.284629    2.080492 ^ _0838_/Y (sky130_fd_sc_hd__xnor2_1)
                                                         _0176_ (net)
                      0.079605    0.000139    2.080631 ^ _0839_/B (sky130_fd_sc_hd__nand2_1)
     1    0.002734    0.066724    0.107966    2.188596 v _0839_/Y (sky130_fd_sc_hd__nand2_1)
                                                         _0177_ (net)
                      0.066724    0.000198    2.188794 v _0840_/C1 (sky130_fd_sc_hd__o211a_1)
     1    0.002348    0.053589    0.189595    2.378389 v _0840_/X (sky130_fd_sc_hd__o211a_1)
                                                         _0051_ (net)
                      0.053589    0.000170    2.378559 v _1435_/D (sky130_fd_sc_hd__dfxtp_1)
                                              2.378559   data arrival time

                                  0.000000    0.000000   clock clk (rise edge)
                                  0.000000    0.000000   clock source latency
     1    0.026922    0.198405    0.137267    0.137267 ^ clk (in)
                                                         clk (net)
                      0.198433    0.000000    0.137267 ^ clkbuf_0_clk/A (sky130_fd_sc_hd__clkbuf_16)
     8    0.109934    0.191115    0.379256    0.516523 ^ clkbuf_0_clk/X (sky130_fd_sc_hd__clkbuf_16)
                                                         clknet_0_clk (net)
                      0.192673    0.013782    0.530305 ^ clkbuf_3_2__f_clk/A (sky130_fd_sc_hd__clkbuf_16)
     9    0.040430    0.095363    0.305616    0.835920 ^ clkbuf_3_2__f_clk/X (sky130_fd_sc_hd__clkbuf_16)
                                                         clknet_3_2__leaf_clk (net)
                      0.095469    0.002835    0.838755 ^ _1435_/CLK (sky130_fd_sc_hd__dfxtp_1)
                                  0.250000    1.088755   clock uncertainty
                                  0.000000    1.088755   clock reconvergence pessimism
                                 -0.092815    0.995940   library hold time
                                              0.995940   data required time
---------------------------------------------------------------------------------------------
                                              0.995940   data required time
                                             -2.378559   data arrival time
---------------------------------------------------------------------------------------------
                                              1.382619   slack (MET)


Startpoint: _1392_ (rising edge-triggered flip-flop clocked by clk)
Endpoint: _1392_ (rising edge-triggered flip-flop clocked by clk)
Path Group: clk
Path Type: min

Fanout         Cap        Slew       Delay        Time   Description
---------------------------------------------------------------------------------------------
                                  0.000000    0.000000   clock clk (rise edge)
                                  0.000000    0.000000   clock source latency
     1    0.026922    0.198405    0.137267    0.137267 ^ clk (in)
                                                         clk (net)
                      0.198433    0.000000    0.137267 ^ clkbuf_0_clk/A (sky130_fd_sc_hd__clkbuf_16)
     8    0.109934    0.191115    0.379256    0.516523 ^ clkbuf_0_clk/X (sky130_fd_sc_hd__clkbuf_16)
                                                         clknet_0_clk (net)
                      0.192982    0.015062    0.531585 ^ clkbuf_3_1__f_clk/A (sky130_fd_sc_hd__clkbuf_16)
    13    0.047517    0.103741    0.313729    0.845315 ^ clkbuf_3_1__f_clk/X (sky130_fd_sc_hd__clkbuf_16)
                                                         clknet_3_1__leaf_clk (net)
                      0.104034    0.004588    0.849902 ^ _1392_/CLK (sky130_fd_sc_hd__dfxtp_2)
     2    0.012642    0.121602    0.712685    1.562587 ^ _1392_/Q (sky130_fd_sc_hd__dfxtp_2)
                                                         core_a[7] (net)
                      0.121604    0.000711    1.563298 ^ fanout80/A (sky130_fd_sc_hd__buf_2)
    10    0.032705    0.260960    0.358033    1.921331 ^ fanout80/X (sky130_fd_sc_hd__buf_2)
                                                         net80 (net)
                      0.260960    0.000799    1.922130 ^ _0717_/A0 (sky130_fd_sc_hd__mux2_1)
     1    0.001957    0.062632    0.290503    2.212633 ^ _0717_/X (sky130_fd_sc_hd__mux2_1)
                                                         _0098_ (net)
                      0.062632    0.000088    2.212721 ^ _0718_/B (sky130_fd_sc_hd__and2_1)
     1    0.001784    0.066646    0.210165    2.422886 ^ _0718_/X (sky130_fd_sc_hd__and2_1)
                                                         _0008_ (net)
                      0.066646    0.000127    2.423013 ^ _1392_/D (sky130_fd_sc_hd__dfxtp_2)
                                              2.423013   data arrival time

                                  0.000000    0.000000   clock clk (rise edge)
                                  0.000000    0.000000   clock source latency
     1    0.026922    0.198405    0.137267    0.137267 ^ clk (in)
                                                         clk (net)
                      0.198433    0.000000    0.137267 ^ clkbuf_0_clk/A (sky130_fd_sc_hd__clkbuf_16)
     8    0.109934    0.191115    0.379256    0.516523 ^ clkbuf_0_clk/X (sky130_fd_sc_hd__clkbuf_16)
                                                         clknet_0_clk (net)
                      0.192982    0.015062    0.531585 ^ clkbuf_3_1__f_clk/A (sky130_fd_sc_hd__clkbuf_16)
    13    0.047517    0.103741    0.313729    0.845315 ^ clkbuf_3_1__f_clk/X (sky130_fd_sc_hd__clkbuf_16)
                                                         clknet_3_1__leaf_clk (net)
                      0.104034    0.004588    0.849902 ^ _1392_/CLK (sky130_fd_sc_hd__dfxtp_2)
                                  0.250000    1.099902   clock uncertainty
                                  0.000000    1.099902   clock reconvergence pessimism
                                 -0.065750    1.034153   library hold time
                                              1.034153   data required time
---------------------------------------------------------------------------------------------
                                              1.034153   data required time
                                             -2.423013   data arrival time
---------------------------------------------------------------------------------------------
                                              1.388860   slack (MET)


Startpoint: _1387_ (rising edge-triggered flip-flop clocked by clk)
Endpoint: _1387_ (rising edge-triggered flip-flop clocked by clk)
Path Group: clk
Path Type: min

Fanout         Cap        Slew       Delay        Time   Description
---------------------------------------------------------------------------------------------
                                  0.000000    0.000000   clock clk (rise edge)
                                  0.000000    0.000000   clock source latency
     1    0.026922    0.198405    0.137267    0.137267 ^ clk (in)
                                                         clk (net)
                      0.198433    0.000000    0.137267 ^ clkbuf_0_clk/A (sky130_fd_sc_hd__clkbuf_16)
     8    0.109934    0.191115    0.379256    0.516523 ^ clkbuf_0_clk/X (sky130_fd_sc_hd__clkbuf_16)
                                                         clknet_0_clk (net)
                      0.192982    0.015062    0.531585 ^ clkbuf_3_1__f_clk/A (sky130_fd_sc_hd__clkbuf_16)
    13    0.047517    0.103741    0.313729    0.845315 ^ clkbuf_3_1__f_clk/X (sky130_fd_sc_hd__clkbuf_16)
                                                         clknet_3_1__leaf_clk (net)
                      0.103865    0.003089    0.848403 ^ _1387_/CLK (sky130_fd_sc_hd__dfxtp_1)
     1    0.001932    0.058798    0.628654    1.477057 ^ _1387_/Q (sky130_fd_sc_hd__dfxtp_1)
                                                         core_a[2] (net)
                      0.058798    0.000089    1.477146 ^ fanout91/A (sky130_fd_sc_hd__buf_2)
     8    0.047828    0.373742    0.406021    1.883167 ^ fanout91/X (sky130_fd_sc_hd__buf_2)
                                                         net91 (net)
                      0.373768    0.002641    1.885808 ^ _0707_/A0 (sky130_fd_sc_hd__mux2_1)
     1    0.001952    0.062585    0.329888    2.215697 ^ _0707_/X (sky130_fd_sc_hd__mux2_1)
                                                         _0093_ (net)
                      0.062585    0.000088    2.215784 ^ _0708_/B (sky130_fd_sc_hd__and2_1)
     1    0.001768    0.066453    0.209950    2.425735 ^ _0708_/X (sky130_fd_sc_hd__and2_1)
                                                         _0003_ (net)
                      0.066453    0.000126    2.425860 ^ _1387_/D (sky130_fd_sc_hd__dfxtp_1)
                                              2.425860   data arrival time

                                  0.000000    0.000000   clock clk (rise edge)
                                  0.000000    0.000000   clock source latency
     1    0.026922    0.198405    0.137267    0.137267 ^ clk (in)
                                                         clk (net)
                      0.198433    0.000000    0.137267 ^ clkbuf_0_clk/A (sky130_fd_sc_hd__clkbuf_16)
     8    0.109934    0.191115    0.379256    0.516523 ^ clkbuf_0_clk/X (sky130_fd_sc_hd__clkbuf_16)
                                                         clknet_0_clk (net)
                      0.192982    0.015062    0.531585 ^ clkbuf_3_1__f_clk/A (sky130_fd_sc_hd__clkbuf_16)
    13    0.047517    0.103741    0.313729    0.845315 ^ clkbuf_3_1__f_clk/X (sky130_fd_sc_hd__clkbuf_16)
                                                         clknet_3_1__leaf_clk (net)
                      0.103865    0.003089    0.848403 ^ _1387_/CLK (sky130_fd_sc_hd__dfxtp_1)
                                  0.250000    1.098403   clock uncertainty
                                  0.000000    1.098403   clock reconvergence pessimism
                                 -0.065813    1.032590   library hold time
                                              1.032590   data required time
---------------------------------------------------------------------------------------------
                                              1.032590   data required time
                                             -2.425860   data arrival time
---------------------------------------------------------------------------------------------
                                              1.393270   slack (MET)


Startpoint: _1452_ (rising edge-triggered flip-flop clocked by clk)
Endpoint: _1452_ (rising edge-triggered flip-flop clocked by clk)
Path Group: clk
Path Type: min

Fanout         Cap        Slew       Delay        Time   Description
---------------------------------------------------------------------------------------------
                                  0.000000    0.000000   clock clk (rise edge)
                                  0.000000    0.000000   clock source latency
     1    0.026922    0.198405    0.137267    0.137267 ^ clk (in)
                                                         clk (net)
                      0.198433    0.000000    0.137267 ^ clkbuf_0_clk/A (sky130_fd_sc_hd__clkbuf_16)
     8    0.109934    0.191115    0.379256    0.516523 ^ clkbuf_0_clk/X (sky130_fd_sc_hd__clkbuf_16)
                                                         clknet_0_clk (net)
                      0.191340    0.005418    0.521941 ^ clkbuf_3_4__f_clk/A (sky130_fd_sc_hd__clkbuf_16)
    11    0.042382    0.096594    0.306758    0.828699 ^ clkbuf_3_4__f_clk/X (sky130_fd_sc_hd__clkbuf_16)
                                                         clknet_3_4__leaf_clk (net)
                      0.097061    0.004433    0.833132 ^ _1452_/CLK (sky130_fd_sc_hd__dfxtp_1)
     4    0.015978    0.152879    0.677817    1.510949 v _1452_/Q (sky130_fd_sc_hd__dfxtp_1)
                                                         core_out[19] (net)
                      0.152888    0.001331    1.512280 v _1293_/A (sky130_fd_sc_hd__xnor2_1)
     2    0.009318    0.168636    0.328992    1.841271 v _1293_/Y (sky130_fd_sc_hd__xnor2_1)
                                                         _0614_ (net)
                      0.168636    0.000354    1.841626 v _1295_/A (sky130_fd_sc_hd__xnor2_1)
     1    0.002773    0.073912    0.282083    2.123708 ^ _1295_/Y (sky130_fd_sc_hd__xnor2_1)
                                                         _0616_ (net)
                      0.073912    0.000128    2.123837 ^ _1296_/B (sky130_fd_sc_hd__nand2_1)
     1    0.002537    0.063825    0.103340    2.227176 v _1296_/Y (sky130_fd_sc_hd__nand2_1)
                                                         _0617_ (net)
                      0.063825    0.000118    2.227294 v _1297_/C1 (sky130_fd_sc_hd__o211a_1)
     1    0.001990    0.050492    0.184363    2.411657 v _1297_/X (sky130_fd_sc_hd__o211a_1)
                                                         _0068_ (net)
                      0.050492    0.000094    2.411751 v _1452_/D (sky130_fd_sc_hd__dfxtp_1)
                                              2.411751   data arrival time

                                  0.000000    0.000000   clock clk (rise edge)
                                  0.000000    0.000000   clock source latency
     1    0.026922    0.198405    0.137267    0.137267 ^ clk (in)
                                                         clk (net)
                      0.198433    0.000000    0.137267 ^ clkbuf_0_clk/A (sky130_fd_sc_hd__clkbuf_16)
     8    0.109934    0.191115    0.379256    0.516523 ^ clkbuf_0_clk/X (sky130_fd_sc_hd__clkbuf_16)
                                                         clknet_0_clk (net)
                      0.191340    0.005418    0.521941 ^ clkbuf_3_4__f_clk/A (sky130_fd_sc_hd__clkbuf_16)
    11    0.042382    0.096594    0.306758    0.828699 ^ clkbuf_3_4__f_clk/X (sky130_fd_sc_hd__clkbuf_16)
                                                         clknet_3_4__leaf_clk (net)
                      0.097061    0.004433    0.833132 ^ _1452_/CLK (sky130_fd_sc_hd__dfxtp_1)
                                  0.250000    1.083132   clock uncertainty
                                  0.000000    1.083132   clock reconvergence pessimism
                                 -0.091262    0.991870   library hold time
                                              0.991870   data required time
---------------------------------------------------------------------------------------------
                                              0.991870   data required time
                                             -2.411751   data arrival time
---------------------------------------------------------------------------------------------
                                              1.419881   slack (MET)


Startpoint: _1453_ (rising edge-triggered flip-flop clocked by clk)
Endpoint: _1453_ (rising edge-triggered flip-flop clocked by clk)
Path Group: clk
Path Type: min

Fanout         Cap        Slew       Delay        Time   Description
---------------------------------------------------------------------------------------------
                                  0.000000    0.000000   clock clk (rise edge)
                                  0.000000    0.000000   clock source latency
     1    0.026922    0.198405    0.137267    0.137267 ^ clk (in)
                                                         clk (net)
                      0.198433    0.000000    0.137267 ^ clkbuf_0_clk/A (sky130_fd_sc_hd__clkbuf_16)
     8    0.109934    0.191115    0.379256    0.516523 ^ clkbuf_0_clk/X (sky130_fd_sc_hd__clkbuf_16)
                                                         clknet_0_clk (net)
                      0.191340    0.005418    0.521941 ^ clkbuf_3_4__f_clk/A (sky130_fd_sc_hd__clkbuf_16)
    11    0.042382    0.096594    0.306758    0.828699 ^ clkbuf_3_4__f_clk/X (sky130_fd_sc_hd__clkbuf_16)
                                                         clknet_3_4__leaf_clk (net)
                      0.097135    0.004950    0.833649 ^ _1453_/CLK (sky130_fd_sc_hd__dfxtp_2)
     6    0.025098    0.125550    0.694771    1.528421 v _1453_/Q (sky130_fd_sc_hd__dfxtp_2)
                                                         core_out[20] (net)
                      0.125618    0.002719    1.531140 v _1298_/A (sky130_fd_sc_hd__xnor2_1)
     3    0.008478    0.156139    0.306015    1.837155 v _1298_/Y (sky130_fd_sc_hd__xnor2_1)
                                                         _0618_ (net)
                      0.156139    0.000307    1.837462 v _1305_/A (sky130_fd_sc_hd__nand2_1)
     1    0.003611    0.079237    0.135843    1.973305 ^ _1305_/Y (sky130_fd_sc_hd__nand2_1)
                                                         _0625_ (net)
                      0.079237    0.000269    1.973574 ^ _1306_/A1 (sky130_fd_sc_hd__a21bo_1)
     1    0.002958    0.061861    0.201717    2.175291 ^ _1306_/X (sky130_fd_sc_hd__a21bo_1)
                                                         _0626_ (net)
                      0.061861    0.000205    2.175496 ^ _1307_/C1 (sky130_fd_sc_hd__o211a_1)
     1    0.002110    0.066061    0.262273    2.437769 ^ _1307_/X (sky130_fd_sc_hd__o211a_1)
                                                         _0069_ (net)
                      0.066061    0.000087    2.437856 ^ _1453_/D (sky130_fd_sc_hd__dfxtp_2)
                                              2.437856   data arrival time

                                  0.000000    0.000000   clock clk (rise edge)
                                  0.000000    0.000000   clock source latency
     1    0.026922    0.198405    0.137267    0.137267 ^ clk (in)
                                                         clk (net)
                      0.198433    0.000000    0.137267 ^ clkbuf_0_clk/A (sky130_fd_sc_hd__clkbuf_16)
     8    0.109934    0.191115    0.379256    0.516523 ^ clkbuf_0_clk/X (sky130_fd_sc_hd__clkbuf_16)
                                                         clknet_0_clk (net)
                      0.191340    0.005418    0.521941 ^ clkbuf_3_4__f_clk/A (sky130_fd_sc_hd__clkbuf_16)
    11    0.042382    0.096594    0.306758    0.828699 ^ clkbuf_3_4__f_clk/X (sky130_fd_sc_hd__clkbuf_16)
                                                         clknet_3_4__leaf_clk (net)
                      0.097135    0.004950    0.833649 ^ _1453_/CLK (sky130_fd_sc_hd__dfxtp_2)
                                  0.250000    1.083649   clock uncertainty
                                  0.000000    1.083649   clock reconvergence pessimism
                                 -0.066711    1.016939   library hold time
                                              1.016939   data required time
---------------------------------------------------------------------------------------------
                                              1.016939   data required time
                                             -2.437856   data arrival time
---------------------------------------------------------------------------------------------
                                              1.420918   slack (MET)


Startpoint: _1461_ (rising edge-triggered flip-flop clocked by clk)
Endpoint: _1463_ (rising edge-triggered flip-flop clocked by clk)
Path Group: clk
Path Type: min

Fanout         Cap        Slew       Delay        Time   Description
---------------------------------------------------------------------------------------------
                                  0.000000    0.000000   clock clk (rise edge)
                                  0.000000    0.000000   clock source latency
     1    0.026922    0.198405    0.137267    0.137267 ^ clk (in)
                                                         clk (net)
                      0.198433    0.000000    0.137267 ^ clkbuf_0_clk/A (sky130_fd_sc_hd__clkbuf_16)
     8    0.109934    0.191115    0.379256    0.516523 ^ clkbuf_0_clk/X (sky130_fd_sc_hd__clkbuf_16)
                                                         clknet_0_clk (net)
                      0.191919    0.010008    0.526531 ^ clkbuf_3_6__f_clk/A (sky130_fd_sc_hd__clkbuf_16)
    14    0.047574    0.103853    0.313418    0.839949 ^ clkbuf_3_6__f_clk/X (sky130_fd_sc_hd__clkbuf_16)
                                                         clknet_3_6__leaf_clk (net)
                      0.104142    0.004588    0.844537 ^ _1461_/CLK (sky130_fd_sc_hd__dfxtp_1)
     5    0.012552    0.125584    0.659386    1.503923 v _1461_/Q (sky130_fd_sc_hd__dfxtp_1)
                                                         core_out[28] (net)
                      0.125587    0.000733    1.504656 v _1373_/A2 (sky130_fd_sc_hd__o21ai_1)
     2    0.004926    0.178034    0.259450    1.764106 ^ _1373_/Y (sky130_fd_sc_hd__o21ai_1)
                                                         _0683_ (net)
                      0.178034    0.000263    1.764369 ^ _1375_/C (sky130_fd_sc_hd__and3_1)
     1    0.003557    0.096389    0.349639    2.114009 ^ _1375_/X (sky130_fd_sc_hd__and3_1)
                                                         _0685_ (net)
                      0.096389    0.000237    2.114245 ^ _1376_/B (sky130_fd_sc_hd__or2_4)
     1    0.005917    0.058670    0.209303    2.323549 ^ _1376_/X (sky130_fd_sc_hd__or2_4)
                                                         _0686_ (net)
                      0.058685    0.000466    2.324015 ^ _1378_/A1 (sky130_fd_sc_hd__a211oi_2)
     1    0.002192    0.062935    0.101663    2.425678 v _1378_/Y (sky130_fd_sc_hd__a211oi_2)
                                                         _0079_ (net)
                      0.062935    0.000147    2.425825 v _1463_/D (sky130_fd_sc_hd__dfxtp_1)
                                              2.425825   data arrival time

                                  0.000000    0.000000   clock clk (rise edge)
                                  0.000000    0.000000   clock source latency
     1    0.026922    0.198405    0.137267    0.137267 ^ clk (in)
                                                         clk (net)
                      0.198433    0.000000    0.137267 ^ clkbuf_0_clk/A (sky130_fd_sc_hd__clkbuf_16)
     8    0.109934    0.191115    0.379256    0.516523 ^ clkbuf_0_clk/X (sky130_fd_sc_hd__clkbuf_16)
                                                         clknet_0_clk (net)
                      0.191919    0.010008    0.526531 ^ clkbuf_3_6__f_clk/A (sky130_fd_sc_hd__clkbuf_16)
    14    0.047574    0.103853    0.313418    0.839949 ^ clkbuf_3_6__f_clk/X (sky130_fd_sc_hd__clkbuf_16)
                                                         clknet_3_6__leaf_clk (net)
                      0.104147    0.004626    0.844575 ^ _1463_/CLK (sky130_fd_sc_hd__dfxtp_1)
                                  0.250000    1.094575   clock uncertainty
                                  0.000000    1.094575   clock reconvergence pessimism
                                 -0.094263    1.000311   library hold time
                                              1.000311   data required time
---------------------------------------------------------------------------------------------
                                              1.000311   data required time
                                             -2.425825   data arrival time
---------------------------------------------------------------------------------------------
                                              1.425514   slack (MET)


Startpoint: _1449_ (rising edge-triggered flip-flop clocked by clk)
Endpoint: _1409_ (rising edge-triggered flip-flop clocked by clk)
Path Group: clk
Path Type: min

Fanout         Cap        Slew       Delay        Time   Description
---------------------------------------------------------------------------------------------
                                  0.000000    0.000000   clock clk (rise edge)
                                  0.000000    0.000000   clock source latency
     1    0.026922    0.198405    0.137267    0.137267 ^ clk (in)
                                                         clk (net)
                      0.198433    0.000000    0.137267 ^ clkbuf_0_clk/A (sky130_fd_sc_hd__clkbuf_16)
     8    0.109934    0.191115    0.379256    0.516523 ^ clkbuf_0_clk/X (sky130_fd_sc_hd__clkbuf_16)
                                                         clknet_0_clk (net)
                      0.191340    0.005418    0.521941 ^ clkbuf_3_4__f_clk/A (sky130_fd_sc_hd__clkbuf_16)
    11    0.042382    0.096594    0.306758    0.828699 ^ clkbuf_3_4__f_clk/X (sky130_fd_sc_hd__clkbuf_16)
                                                         clknet_3_4__leaf_clk (net)
                      0.097156    0.005093    0.833792 ^ _1449_/CLK (sky130_fd_sc_hd__dfxtp_1)
     6    0.036974    0.330063    0.809097    1.642889 v _1449_/Q (sky130_fd_sc_hd__dfxtp_1)
                                                         core_out[16] (net)
                      0.330063    0.000895    1.643784 v _0764_/A (sky130_fd_sc_hd__and2_1)
     1    0.003331    0.070895    0.406006    2.049790 v _0764_/X (sky130_fd_sc_hd__and2_1)
                                                         _0128_ (net)
                      0.070895    0.000141    2.049931 v _0765_/B2 (sky130_fd_sc_hd__o221a_1)
     1    0.001873    0.057456    0.377787    2.427717 v _0765_/X (sky130_fd_sc_hd__o221a_1)
                                                         _0025_ (net)
                      0.057456    0.000085    2.427803 v _1409_/D (sky130_fd_sc_hd__dfxtp_1)
                                              2.427803   data arrival time

                                  0.000000    0.000000   clock clk (rise edge)
                                  0.000000    0.000000   clock source latency
     1    0.026922    0.198405    0.137267    0.137267 ^ clk (in)
                                                         clk (net)
                      0.198433    0.000000    0.137267 ^ clkbuf_0_clk/A (sky130_fd_sc_hd__clkbuf_16)
     8    0.109934    0.191115    0.379256    0.516523 ^ clkbuf_0_clk/X (sky130_fd_sc_hd__clkbuf_16)
                                                         clknet_0_clk (net)
                      0.191326    0.005258    0.521781 ^ clkbuf_3_5__f_clk/A (sky130_fd_sc_hd__clkbuf_16)
    14    0.046389    0.102156    0.311297    0.833078 ^ clkbuf_3_5__f_clk/X (sky130_fd_sc_hd__clkbuf_16)
                                                         clknet_3_5__leaf_clk (net)
                      0.102634    0.005780    0.838858 ^ _1409_/CLK (sky130_fd_sc_hd__dfxtp_1)
                                  0.250000    1.088858   clock uncertainty
                                  0.000000    1.088858   clock reconvergence pessimism
                                 -0.092556    0.996302   library hold time
                                              0.996302   data required time
---------------------------------------------------------------------------------------------
                                              0.996302   data required time
                                             -2.427803   data arrival time
---------------------------------------------------------------------------------------------
                                              1.431501   slack (MET)


Startpoint: _1428_ (rising edge-triggered flip-flop clocked by clk)
Endpoint: _1428_ (rising edge-triggered flip-flop clocked by clk)
Path Group: clk
Path Type: min

Fanout         Cap        Slew       Delay        Time   Description
---------------------------------------------------------------------------------------------
                                  0.000000    0.000000   clock clk (rise edge)
                                  0.000000    0.000000   clock source latency
     1    0.026922    0.198405    0.137267    0.137267 ^ clk (in)
                                                         clk (net)
                      0.198433    0.000000    0.137267 ^ clkbuf_0_clk/A (sky130_fd_sc_hd__clkbuf_16)
     8    0.109934    0.191115    0.379256    0.516523 ^ clkbuf_0_clk/X (sky130_fd_sc_hd__clkbuf_16)
                                                         clknet_0_clk (net)
                      0.192962    0.014980    0.531502 ^ clkbuf_3_0__f_clk/A (sky130_fd_sc_hd__clkbuf_16)
     9    0.039415    0.093738    0.304840    0.836342 ^ clkbuf_3_0__f_clk/X (sky130_fd_sc_hd__clkbuf_16)
                                                         clknet_3_0__leaf_clk (net)
                      0.093786    0.001948    0.838290 ^ _1428_/CLK (sky130_fd_sc_hd__dfxtp_2)
     3    0.028710    0.240759    0.797920    1.636210 ^ _1428_/Q (sky130_fd_sc_hd__dfxtp_2)
                                                         core_b[3] (net)
                      0.240762    0.001345    1.637555 ^ fanout73/A (sky130_fd_sc_hd__buf_6)
    10    0.052377    0.177259    0.332992    1.970547 ^ fanout73/X (sky130_fd_sc_hd__buf_6)
                                                         net73 (net)
                      0.177275    0.001447    1.971994 ^ _0803_/A0 (sky130_fd_sc_hd__mux2_1)
     1    0.002924    0.073668    0.270789    2.242783 ^ _0803_/X (sky130_fd_sc_hd__mux2_1)
                                                         _0148_ (net)
                      0.073668    0.000203    2.242985 ^ _0804_/B (sky130_fd_sc_hd__and2_1)
     1    0.001906    0.068202    0.216123    2.459109 ^ _0804_/X (sky130_fd_sc_hd__and2_1)
                                                         _0044_ (net)
                      0.068202    0.000090    2.459198 ^ _1428_/D (sky130_fd_sc_hd__dfxtp_2)
                                              2.459198   data arrival time

                                  0.000000    0.000000   clock clk (rise edge)
                                  0.000000    0.000000   clock source latency
     1    0.026922    0.198405    0.137267    0.137267 ^ clk (in)
                                                         clk (net)
                      0.198433    0.000000    0.137267 ^ clkbuf_0_clk/A (sky130_fd_sc_hd__clkbuf_16)
     8    0.109934    0.191115    0.379256    0.516523 ^ clkbuf_0_clk/X (sky130_fd_sc_hd__clkbuf_16)
                                                         clknet_0_clk (net)
                      0.192962    0.014980    0.531502 ^ clkbuf_3_0__f_clk/A (sky130_fd_sc_hd__clkbuf_16)
     9    0.039415    0.093738    0.304840    0.836342 ^ clkbuf_3_0__f_clk/X (sky130_fd_sc_hd__clkbuf_16)
                                                         clknet_3_0__leaf_clk (net)
                      0.093786    0.001948    0.838290 ^ _1428_/CLK (sky130_fd_sc_hd__dfxtp_2)
                                  0.250000    1.088290   clock uncertainty
                                  0.000000    1.088290   clock reconvergence pessimism
                                 -0.067738    1.020552   library hold time
                                              1.020552   data required time
---------------------------------------------------------------------------------------------
                                              1.020552   data required time
                                             -2.459198   data arrival time
---------------------------------------------------------------------------------------------
                                              1.438646   slack (MET)


Startpoint: _1440_ (rising edge-triggered flip-flop clocked by clk)
Endpoint: _1440_ (rising edge-triggered flip-flop clocked by clk)
Path Group: clk
Path Type: min

Fanout         Cap        Slew       Delay        Time   Description
---------------------------------------------------------------------------------------------
                                  0.000000    0.000000   clock clk (rise edge)
                                  0.000000    0.000000   clock source latency
     1    0.026922    0.198405    0.137267    0.137267 ^ clk (in)
                                                         clk (net)
                      0.198433    0.000000    0.137267 ^ clkbuf_0_clk/A (sky130_fd_sc_hd__clkbuf_16)
     8    0.109934    0.191115    0.379256    0.516523 ^ clkbuf_0_clk/X (sky130_fd_sc_hd__clkbuf_16)
                                                         clknet_0_clk (net)
                      0.191919    0.010008    0.526531 ^ clkbuf_3_6__f_clk/A (sky130_fd_sc_hd__clkbuf_16)
    14    0.047574    0.103853    0.313418    0.839949 ^ clkbuf_3_6__f_clk/X (sky130_fd_sc_hd__clkbuf_16)
                                                         clknet_3_6__leaf_clk (net)
                      0.103931    0.002563    0.842512 ^ _1440_/CLK (sky130_fd_sc_hd__dfxtp_1)
     4    0.011590    0.188467    0.733329    1.575841 ^ _1440_/Q (sky130_fd_sc_hd__dfxtp_1)
                                                         core_out[7] (net)
                      0.188469    0.000934    1.576775 ^ _0998_/B1 (sky130_fd_sc_hd__a21oi_1)
     3    0.009948    0.111037    0.170069    1.746844 v _0998_/Y (sky130_fd_sc_hd__a21oi_1)
                                                         _0331_ (net)
                      0.111037    0.000308    1.747152 v _1001_/A2 (sky130_fd_sc_hd__o21ai_1)
     1    0.003123    0.134176    0.212936    1.960088 ^ _1001_/Y (sky130_fd_sc_hd__o21ai_1)
                                                         _0334_ (net)
                      0.134176    0.000230    1.960318 ^ _1002_/A2 (sky130_fd_sc_hd__a21bo_1)
     1    0.004188    0.075487    0.243854    2.204172 ^ _1002_/X (sky130_fd_sc_hd__a21bo_1)
                                                         _0335_ (net)
                      0.075487    0.000314    2.204485 ^ _1003_/C1 (sky130_fd_sc_hd__o211a_1)
     1    0.001773    0.062463    0.262666    2.467151 ^ _1003_/X (sky130_fd_sc_hd__o211a_1)
                                                         _0056_ (net)
                      0.062463    0.000126    2.467277 ^ _1440_/D (sky130_fd_sc_hd__dfxtp_1)
                                              2.467277   data arrival time

                                  0.000000    0.000000   clock clk (rise edge)
                                  0.000000    0.000000   clock source latency
     1    0.026922    0.198405    0.137267    0.137267 ^ clk (in)
                                                         clk (net)
                      0.198433    0.000000    0.137267 ^ clkbuf_0_clk/A (sky130_fd_sc_hd__clkbuf_16)
     8    0.109934    0.191115    0.379256    0.516523 ^ clkbuf_0_clk/X (sky130_fd_sc_hd__clkbuf_16)
                                                         clknet_0_clk (net)
                      0.191919    0.010008    0.526531 ^ clkbuf_3_6__f_clk/A (sky130_fd_sc_hd__clkbuf_16)
    14    0.047574    0.103853    0.313418    0.839949 ^ clkbuf_3_6__f_clk/X (sky130_fd_sc_hd__clkbuf_16)
                                                         clknet_3_6__leaf_clk (net)
                      0.103931    0.002563    0.842512 ^ _1440_/CLK (sky130_fd_sc_hd__dfxtp_1)
                                  0.250000    1.092512   clock uncertainty
                                  0.000000    1.092512   clock reconvergence pessimism
                                 -0.064875    1.027637   library hold time
                                              1.027637   data required time
---------------------------------------------------------------------------------------------
                                              1.027637   data required time
                                             -2.467277   data arrival time
---------------------------------------------------------------------------------------------
                                              1.439640   slack (MET)


Startpoint: _1450_ (rising edge-triggered flip-flop clocked by clk)
Endpoint: _1410_ (rising edge-triggered flip-flop clocked by clk)
Path Group: clk
Path Type: min

Fanout         Cap        Slew       Delay        Time   Description
---------------------------------------------------------------------------------------------
                                  0.000000    0.000000   clock clk (rise edge)
                                  0.000000    0.000000   clock source latency
     1    0.026922    0.198405    0.137267    0.137267 ^ clk (in)
                                                         clk (net)
                      0.198433    0.000000    0.137267 ^ clkbuf_0_clk/A (sky130_fd_sc_hd__clkbuf_16)
     8    0.109934    0.191115    0.379256    0.516523 ^ clkbuf_0_clk/X (sky130_fd_sc_hd__clkbuf_16)
                                                         clknet_0_clk (net)
                      0.191932    0.010083    0.526606 ^ clkbuf_3_7__f_clk/A (sky130_fd_sc_hd__clkbuf_16)
    10    0.046182    0.101921    0.311885    0.838491 ^ clkbuf_3_7__f_clk/X (sky130_fd_sc_hd__clkbuf_16)
                                                         clknet_3_7__leaf_clk (net)
                      0.102001    0.002311    0.840801 ^ _1450_/CLK (sky130_fd_sc_hd__dfxtp_1)
     6    0.038165    0.340093    0.818854    1.659655 v _1450_/Q (sky130_fd_sc_hd__dfxtp_1)
                                                         core_out[17] (net)
                      0.340110    0.002635    1.662290 v _0766_/A (sky130_fd_sc_hd__and2_1)
     1    0.002789    0.066837    0.405276    2.067566 v _0766_/X (sky130_fd_sc_hd__and2_1)
                                                         _0129_ (net)
                      0.066837    0.000130    2.067696 v _0767_/B2 (sky130_fd_sc_hd__o221a_1)
     1    0.001996    0.058589    0.378078    2.445774 v _0767_/X (sky130_fd_sc_hd__o221a_1)
                                                         _0026_ (net)
                      0.058589    0.000142    2.445916 v _1410_/D (sky130_fd_sc_hd__dfxtp_1)
                                              2.445916   data arrival time

                                  0.000000    0.000000   clock clk (rise edge)
                                  0.000000    0.000000   clock source latency
     1    0.026922    0.198405    0.137267    0.137267 ^ clk (in)
                                                         clk (net)
                      0.198433    0.000000    0.137267 ^ clkbuf_0_clk/A (sky130_fd_sc_hd__clkbuf_16)
     8    0.109934    0.191115    0.379256    0.516523 ^ clkbuf_0_clk/X (sky130_fd_sc_hd__clkbuf_16)
                                                         clknet_0_clk (net)
                      0.191340    0.005418    0.521941 ^ clkbuf_3_4__f_clk/A (sky130_fd_sc_hd__clkbuf_16)
    11    0.042382    0.096594    0.306758    0.828699 ^ clkbuf_3_4__f_clk/X (sky130_fd_sc_hd__clkbuf_16)
                                                         clknet_3_4__leaf_clk (net)
                      0.097009    0.004043    0.832742 ^ _1410_/CLK (sky130_fd_sc_hd__dfxtp_1)
                                  0.250000    1.082742   clock uncertainty
                                  0.000000    1.082742   clock reconvergence pessimism
                                 -0.094335    0.988407   library hold time
                                              0.988407   data required time
---------------------------------------------------------------------------------------------
                                              0.988407   data required time
                                             -2.445916   data arrival time
---------------------------------------------------------------------------------------------
                                              1.457509   slack (MET)


Startpoint: _1453_ (rising edge-triggered flip-flop clocked by clk)
Endpoint: _1457_ (rising edge-triggered flip-flop clocked by clk)
Path Group: clk
Path Type: min

Fanout         Cap        Slew       Delay        Time   Description
---------------------------------------------------------------------------------------------
                                  0.000000    0.000000   clock clk (rise edge)
                                  0.000000    0.000000   clock source latency
     1    0.026922    0.198405    0.137267    0.137267 ^ clk (in)
                                                         clk (net)
                      0.198433    0.000000    0.137267 ^ clkbuf_0_clk/A (sky130_fd_sc_hd__clkbuf_16)
     8    0.109934    0.191115    0.379256    0.516523 ^ clkbuf_0_clk/X (sky130_fd_sc_hd__clkbuf_16)
                                                         clknet_0_clk (net)
                      0.191340    0.005418    0.521941 ^ clkbuf_3_4__f_clk/A (sky130_fd_sc_hd__clkbuf_16)
    11    0.042382    0.096594    0.306758    0.828699 ^ clkbuf_3_4__f_clk/X (sky130_fd_sc_hd__clkbuf_16)
                                                         clknet_3_4__leaf_clk (net)
                      0.097135    0.004950    0.833649 ^ _1453_/CLK (sky130_fd_sc_hd__dfxtp_2)
     6    0.026552    0.224216    0.787963    1.621612 ^ _1453_/Q (sky130_fd_sc_hd__dfxtp_2)
                                                         core_out[20] (net)
                      0.224252    0.002869    1.624481 ^ _1327_/A4 (sky130_fd_sc_hd__o41ai_2)
     3    0.011896    0.118918    0.219970    1.844451 v _1327_/Y (sky130_fd_sc_hd__o41ai_2)
                                                         _0643_ (net)
                      0.118919    0.000657    1.845108 v _1331_/B (sky130_fd_sc_hd__nand3_1)
     1    0.002935    0.091394    0.148675    1.993783 ^ _1331_/Y (sky130_fd_sc_hd__nand3_1)
                                                         _0647_ (net)
                      0.091394    0.000137    1.993920 ^ _1332_/A2 (sky130_fd_sc_hd__a21bo_1)
     1    0.003115    0.063569    0.216314    2.210234 ^ _1332_/X (sky130_fd_sc_hd__a21bo_1)
                                                         _0648_ (net)
                      0.063569    0.000217    2.210451 ^ _1333_/C1 (sky130_fd_sc_hd__o211a_1)
     1    0.002781    0.073362    0.271759    2.482210 ^ _1333_/X (sky130_fd_sc_hd__o211a_1)
                                                         _0073_ (net)
                      0.073362    0.000169    2.482379 ^ _1457_/D (sky130_fd_sc_hd__dfxtp_2)
                                              2.482379   data arrival time

                                  0.000000    0.000000   clock clk (rise edge)
                                  0.000000    0.000000   clock source latency
     1    0.026922    0.198405    0.137267    0.137267 ^ clk (in)
                                                         clk (net)
                      0.198433    0.000000    0.137267 ^ clkbuf_0_clk/A (sky130_fd_sc_hd__clkbuf_16)
     8    0.109934    0.191115    0.379256    0.516523 ^ clkbuf_0_clk/X (sky130_fd_sc_hd__clkbuf_16)
                                                         clknet_0_clk (net)
                      0.191932    0.010083    0.526606 ^ clkbuf_3_7__f_clk/A (sky130_fd_sc_hd__clkbuf_16)
    10    0.046182    0.101921    0.311885    0.838491 ^ clkbuf_3_7__f_clk/X (sky130_fd_sc_hd__clkbuf_16)
                                                         clknet_3_7__leaf_clk (net)
                      0.101996    0.002250    0.840741 ^ _1457_/CLK (sky130_fd_sc_hd__dfxtp_2)
                                  0.250000    1.090741   clock uncertainty
                                  0.000000    1.090741   clock reconvergence pessimism
                                 -0.067625    1.023116   library hold time
                                              1.023116   data required time
---------------------------------------------------------------------------------------------
                                              1.023116   data required time
                                             -2.482379   data arrival time
---------------------------------------------------------------------------------------------
                                              1.459264   slack (MET)


Startpoint: _1461_ (rising edge-triggered flip-flop clocked by clk)
Endpoint: _1461_ (rising edge-triggered flip-flop clocked by clk)
Path Group: clk
Path Type: min

Fanout         Cap        Slew       Delay        Time   Description
---------------------------------------------------------------------------------------------
                                  0.000000    0.000000   clock clk (rise edge)
                                  0.000000    0.000000   clock source latency
     1    0.026922    0.198405    0.137267    0.137267 ^ clk (in)
                                                         clk (net)
                      0.198433    0.000000    0.137267 ^ clkbuf_0_clk/A (sky130_fd_sc_hd__clkbuf_16)
     8    0.109934    0.191115    0.379256    0.516523 ^ clkbuf_0_clk/X (sky130_fd_sc_hd__clkbuf_16)
                                                         clknet_0_clk (net)
                      0.191919    0.010008    0.526531 ^ clkbuf_3_6__f_clk/A (sky130_fd_sc_hd__clkbuf_16)
    14    0.047574    0.103853    0.313418    0.839949 ^ clkbuf_3_6__f_clk/X (sky130_fd_sc_hd__clkbuf_16)
                                                         clknet_3_6__leaf_clk (net)
                      0.104142    0.004588    0.844537 ^ _1461_/CLK (sky130_fd_sc_hd__dfxtp_1)
     5    0.012552    0.125584    0.659386    1.503923 v _1461_/Q (sky130_fd_sc_hd__dfxtp_1)
                                                         core_out[28] (net)
                      0.125586    0.000707    1.504629 v _1357_/A (sky130_fd_sc_hd__nor2_1)
     1    0.002121    0.112594    0.173190    1.677819 ^ _1357_/Y (sky130_fd_sc_hd__nor2_1)
                                                         _0669_ (net)
                      0.112594    0.000085    1.677905 ^ _1358_/B (sky130_fd_sc_hd__or2_1)
     3    0.013426    0.211002    0.287322    1.965227 ^ _1358_/X (sky130_fd_sc_hd__or2_1)
                                                         _0670_ (net)
                      0.211002    0.000730    1.965956 ^ _1360_/B (sky130_fd_sc_hd__xnor2_1)
     1    0.002971    0.077421    0.171772    2.137728 v _1360_/Y (sky130_fd_sc_hd__xnor2_1)
                                                         _0672_ (net)
                      0.077421    0.000200    2.137928 v _1361_/B (sky130_fd_sc_hd__nand2_1)
     1    0.004545    0.091460    0.120877    2.258805 ^ _1361_/Y (sky130_fd_sc_hd__nand2_1)
                                                         _0673_ (net)
                      0.091460    0.000206    2.259011 ^ _1362_/C1 (sky130_fd_sc_hd__o211a_1)
     1    0.001817    0.062926    0.269342    2.528352 ^ _1362_/X (sky130_fd_sc_hd__o211a_1)
                                                         _0077_ (net)
                      0.062926    0.000129    2.528481 ^ _1461_/D (sky130_fd_sc_hd__dfxtp_1)
                                              2.528481   data arrival time

                                  0.000000    0.000000   clock clk (rise edge)
                                  0.000000    0.000000   clock source latency
     1    0.026922    0.198405    0.137267    0.137267 ^ clk (in)
                                                         clk (net)
                      0.198433    0.000000    0.137267 ^ clkbuf_0_clk/A (sky130_fd_sc_hd__clkbuf_16)
     8    0.109934    0.191115    0.379256    0.516523 ^ clkbuf_0_clk/X (sky130_fd_sc_hd__clkbuf_16)
                                                         clknet_0_clk (net)
                      0.191919    0.010008    0.526531 ^ clkbuf_3_6__f_clk/A (sky130_fd_sc_hd__clkbuf_16)
    14    0.047574    0.103853    0.313418    0.839949 ^ clkbuf_3_6__f_clk/X (sky130_fd_sc_hd__clkbuf_16)
                                                         clknet_3_6__leaf_clk (net)
                      0.104142    0.004588    0.844537 ^ _1461_/CLK (sky130_fd_sc_hd__dfxtp_1)
                                  0.250000    1.094537   clock uncertainty
                                  0.000000    1.094537   clock reconvergence pessimism
                                 -0.064949    1.029588   library hold time
                                              1.029588   data required time
---------------------------------------------------------------------------------------------
                                              1.029588   data required time
                                             -2.528481   data arrival time
---------------------------------------------------------------------------------------------
                                              1.498893   slack (MET)


Startpoint: _1386_ (rising edge-triggered flip-flop clocked by clk)
Endpoint: _1386_ (rising edge-triggered flip-flop clocked by clk)
Path Group: clk
Path Type: min

Fanout         Cap        Slew       Delay        Time   Description
---------------------------------------------------------------------------------------------
                                  0.000000    0.000000   clock clk (rise edge)
                                  0.000000    0.000000   clock source latency
     1    0.026922    0.198405    0.137267    0.137267 ^ clk (in)
                                                         clk (net)
                      0.198433    0.000000    0.137267 ^ clkbuf_0_clk/A (sky130_fd_sc_hd__clkbuf_16)
     8    0.109934    0.191115    0.379256    0.516523 ^ clkbuf_0_clk/X (sky130_fd_sc_hd__clkbuf_16)
                                                         clknet_0_clk (net)
                      0.192962    0.014980    0.531502 ^ clkbuf_3_0__f_clk/A (sky130_fd_sc_hd__clkbuf_16)
     9    0.039415    0.093738    0.304840    0.836342 ^ clkbuf_3_0__f_clk/X (sky130_fd_sc_hd__clkbuf_16)
                                                         clknet_3_0__leaf_clk (net)
                      0.093748    0.001065    0.837407 ^ _1386_/CLK (sky130_fd_sc_hd__dfxtp_1)
     2    0.011061    0.181036    0.723202    1.560608 ^ _1386_/Q (sky130_fd_sc_hd__dfxtp_1)
                                                         core_a[1] (net)
                      0.181036    0.000360    1.560968 ^ fanout92/A (sky130_fd_sc_hd__buf_2)
    10    0.043509    0.341635    0.442226    2.003194 ^ fanout92/X (sky130_fd_sc_hd__buf_2)
                                                         net92 (net)
                      0.341635    0.001093    2.004287 ^ _0705_/A0 (sky130_fd_sc_hd__mux2_1)
     1    0.002118    0.064497    0.320932    2.325218 ^ _0705_/X (sky130_fd_sc_hd__mux2_1)
                                                         _0092_ (net)
                      0.064497    0.000136    2.325354 ^ _0706_/B (sky130_fd_sc_hd__and2_1)
     1    0.001763    0.066392    0.210657    2.536011 ^ _0706_/X (sky130_fd_sc_hd__and2_1)
                                                         _0002_ (net)
                      0.066392    0.000080    2.536092 ^ _1386_/D (sky130_fd_sc_hd__dfxtp_1)
                                              2.536092   data arrival time

                                  0.000000    0.000000   clock clk (rise edge)
                                  0.000000    0.000000   clock source latency
     1    0.026922    0.198405    0.137267    0.137267 ^ clk (in)
                                                         clk (net)
                      0.198433    0.000000    0.137267 ^ clkbuf_0_clk/A (sky130_fd_sc_hd__clkbuf_16)
     8    0.109934    0.191115    0.379256    0.516523 ^ clkbuf_0_clk/X (sky130_fd_sc_hd__clkbuf_16)
                                                         clknet_0_clk (net)
                      0.192962    0.014980    0.531502 ^ clkbuf_3_0__f_clk/A (sky130_fd_sc_hd__clkbuf_16)
     9    0.039415    0.093738    0.304840    0.836342 ^ clkbuf_3_0__f_clk/X (sky130_fd_sc_hd__clkbuf_16)
                                                         clknet_3_0__leaf_clk (net)
                      0.093748    0.001065    0.837407 ^ _1386_/CLK (sky130_fd_sc_hd__dfxtp_1)
                                  0.250000    1.087407   clock uncertainty
                                  0.000000    1.087407   clock reconvergence pessimism
                                 -0.067407    1.020000   library hold time
                                              1.020000   data required time
---------------------------------------------------------------------------------------------
                                              1.020000   data required time
                                             -2.536092   data arrival time
---------------------------------------------------------------------------------------------
                                              1.516092   slack (MET)


Startpoint: addr[1] (input port clocked by clk)
Endpoint: _1384_ (rising edge-triggered flip-flop clocked by clk)
Path Group: clk
Path Type: min

Fanout         Cap        Slew       Delay        Time   Description
---------------------------------------------------------------------------------------------
                                  0.000000    0.000000   clock clk (rise edge)
                                  0.000000    0.000000   clock network delay (propagated)
                                  2.000000    2.000000 ^ input external delay
     1    0.002932    0.033118    0.016535    2.016535 ^ addr[1] (in)
                                                         addr[1] (net)
                      0.033118    0.000000    2.016535 ^ input2/A (sky130_fd_sc_hd__clkbuf_1)
     3    0.007278    0.151857    0.192239    2.208773 ^ input2/X (sky130_fd_sc_hd__clkbuf_1)
                                                         net2 (net)
                      0.151857    0.000307    2.209080 ^ _0696_/A (sky130_fd_sc_hd__or4b_1)
     1    0.004261    0.081758    0.228841    2.437921 ^ _0696_/X (sky130_fd_sc_hd__or4b_1)
                                                         _0085_ (net)
                      0.081758    0.000282    2.438203 ^ _0699_/B (sky130_fd_sc_hd__nor3_1)
     1    0.001912    0.043075    0.081704    2.519907 v _0699_/Y (sky130_fd_sc_hd__nor3_1)
                                                         _0000_ (net)
                      0.043075    0.000136    2.520043 v _1384_/D (sky130_fd_sc_hd__dfxtp_1)
                                              2.520043   data arrival time

                                  0.000000    0.000000   clock clk (rise edge)
                                  0.000000    0.000000   clock source latency
     1    0.026922    0.198405    0.137267    0.137267 ^ clk (in)
                                                         clk (net)
                      0.198433    0.000000    0.137267 ^ clkbuf_0_clk/A (sky130_fd_sc_hd__clkbuf_16)
     8    0.109934    0.191115    0.379256    0.516523 ^ clkbuf_0_clk/X (sky130_fd_sc_hd__clkbuf_16)
                                                         clknet_0_clk (net)
                      0.192673    0.013782    0.530305 ^ clkbuf_3_2__f_clk/A (sky130_fd_sc_hd__clkbuf_16)
     9    0.040430    0.095363    0.305616    0.835920 ^ clkbuf_3_2__f_clk/X (sky130_fd_sc_hd__clkbuf_16)
                                                         clknet_3_2__leaf_clk (net)
                      0.095483    0.002996    0.838917 ^ _1384_/CLK (sky130_fd_sc_hd__dfxtp_1)
                                  0.250000    1.088917   clock uncertainty
                                  0.000000    1.088917   clock reconvergence pessimism
                                 -0.088837    1.000080   library hold time
                                              1.000080   data required time
---------------------------------------------------------------------------------------------
                                              1.000080   data required time
                                             -2.520043   data arrival time
---------------------------------------------------------------------------------------------
                                              1.519963   slack (MET)


Startpoint: _1447_ (rising edge-triggered flip-flop clocked by clk)
Endpoint: _1448_ (rising edge-triggered flip-flop clocked by clk)
Path Group: clk
Path Type: min

Fanout         Cap        Slew       Delay        Time   Description
---------------------------------------------------------------------------------------------
                                  0.000000    0.000000   clock clk (rise edge)
                                  0.000000    0.000000   clock source latency
     1    0.026922    0.198405    0.137267    0.137267 ^ clk (in)
                                                         clk (net)
                      0.198433    0.000000    0.137267 ^ clkbuf_0_clk/A (sky130_fd_sc_hd__clkbuf_16)
     8    0.109934    0.191115    0.379256    0.516523 ^ clkbuf_0_clk/X (sky130_fd_sc_hd__clkbuf_16)
                                                         clknet_0_clk (net)
                      0.191326    0.005258    0.521781 ^ clkbuf_3_5__f_clk/A (sky130_fd_sc_hd__clkbuf_16)
    14    0.046389    0.102156    0.311297    0.833078 ^ clkbuf_3_5__f_clk/X (sky130_fd_sc_hd__clkbuf_16)
                                                         clknet_3_5__leaf_clk (net)
                      0.102361    0.003842    0.836920 ^ _1447_/CLK (sky130_fd_sc_hd__dfxtp_1)
     4    0.012560    0.201616    0.742941    1.579861 ^ _1447_/Q (sky130_fd_sc_hd__dfxtp_1)
                                                         core_out[14] (net)
                      0.201616    0.000722    1.580583 ^ _1249_/A (sky130_fd_sc_hd__nand2_1)
     2    0.011162    0.199462    0.249971    1.830554 v _1249_/Y (sky130_fd_sc_hd__nand2_1)
                                                         _0575_ (net)
                      0.199462    0.000679    1.831233 v _1250_/A (sky130_fd_sc_hd__inv_2)
     3    0.008004    0.089653    0.149250    1.980483 ^ _1250_/Y (sky130_fd_sc_hd__inv_2)
                                                         _0576_ (net)
                      0.089655    0.000461    1.980943 ^ _1271_/A1 (sky130_fd_sc_hd__o31ai_1)
     1    0.003197    0.080661    0.163064    2.144007 v _1271_/Y (sky130_fd_sc_hd__o31ai_1)
                                                         _0596_ (net)
                      0.080661    0.000234    2.144241 v _1272_/B2 (sky130_fd_sc_hd__o221a_1)
     1    0.002146    0.059966    0.385784    2.530025 v _1272_/X (sky130_fd_sc_hd__o221a_1)
                                                         _0064_ (net)
                      0.059966    0.000103    2.530128 v _1448_/D (sky130_fd_sc_hd__dfxtp_1)
                                              2.530128   data arrival time

                                  0.000000    0.000000   clock clk (rise edge)
                                  0.000000    0.000000   clock source latency
     1    0.026922    0.198405    0.137267    0.137267 ^ clk (in)
                                                         clk (net)
                      0.198433    0.000000    0.137267 ^ clkbuf_0_clk/A (sky130_fd_sc_hd__clkbuf_16)
     8    0.109934    0.191115    0.379256    0.516523 ^ clkbuf_0_clk/X (sky130_fd_sc_hd__clkbuf_16)
                                                         clknet_0_clk (net)
                      0.191326    0.005258    0.521781 ^ clkbuf_3_5__f_clk/A (sky130_fd_sc_hd__clkbuf_16)
    14    0.046389    0.102156    0.311297    0.833078 ^ clkbuf_3_5__f_clk/X (sky130_fd_sc_hd__clkbuf_16)
                                                         clknet_3_5__leaf_clk (net)
                      0.102168    0.001938    0.835016 ^ _1448_/CLK (sky130_fd_sc_hd__dfxtp_1)
                                  0.250000    1.085016   clock uncertainty
                                  0.000000    1.085016   clock reconvergence pessimism
                                 -0.093616    0.991399   library hold time
                                              0.991399   data required time
---------------------------------------------------------------------------------------------
                                              0.991399   data required time
                                             -2.530128   data arrival time
---------------------------------------------------------------------------------------------
                                              1.538729   slack (MET)


Startpoint: _1427_ (rising edge-triggered flip-flop clocked by clk)
Endpoint: _1427_ (rising edge-triggered flip-flop clocked by clk)
Path Group: clk
Path Type: min

Fanout         Cap        Slew       Delay        Time   Description
---------------------------------------------------------------------------------------------
                                  0.000000    0.000000   clock clk (rise edge)
                                  0.000000    0.000000   clock source latency
     1    0.026922    0.198405    0.137267    0.137267 ^ clk (in)
                                                         clk (net)
                      0.198433    0.000000    0.137267 ^ clkbuf_0_clk/A (sky130_fd_sc_hd__clkbuf_16)
     8    0.109934    0.191115    0.379256    0.516523 ^ clkbuf_0_clk/X (sky130_fd_sc_hd__clkbuf_16)
                                                         clknet_0_clk (net)
                      0.192962    0.014980    0.531502 ^ clkbuf_3_0__f_clk/A (sky130_fd_sc_hd__clkbuf_16)
     9    0.039415    0.093738    0.304840    0.836342 ^ clkbuf_3_0__f_clk/X (sky130_fd_sc_hd__clkbuf_16)
                                                         clknet_3_0__leaf_clk (net)
                      0.093782    0.001880    0.838223 ^ _1427_/CLK (sky130_fd_sc_hd__dfxtp_1)
     1    0.003941    0.083520    0.647767    1.485989 ^ _1427_/Q (sky130_fd_sc_hd__dfxtp_1)
                                                         core_b[2] (net)
                      0.083520    0.000266    1.486255 ^ fanout75/A (sky130_fd_sc_hd__buf_4)
     8    0.051585    0.236366    0.336762    1.823018 ^ fanout75/X (sky130_fd_sc_hd__buf_4)
                                                         net75 (net)
                      0.236484    0.002285    1.825303 ^ fanout74/A (sky130_fd_sc_hd__buf_6)
    10    0.034156    0.123144    0.295170    2.120472 ^ fanout74/X (sky130_fd_sc_hd__buf_6)
                                                         net74 (net)
                      0.123145    0.000845    2.121317 ^ _0801_/A0 (sky130_fd_sc_hd__mux2_1)
     1    0.001756    0.060423    0.232139    2.353456 ^ _0801_/X (sky130_fd_sc_hd__mux2_1)
                                                         _0147_ (net)
                      0.060423    0.000123    2.353579 ^ _0802_/B (sky130_fd_sc_hd__and2_1)
     1    0.002000    0.069341    0.212032    2.565611 ^ _0802_/X (sky130_fd_sc_hd__and2_1)
                                                         _0043_ (net)
                      0.069341    0.000089    2.565700 ^ _1427_/D (sky130_fd_sc_hd__dfxtp_1)
                                              2.565700   data arrival time

                                  0.000000    0.000000   clock clk (rise edge)
                                  0.000000    0.000000   clock source latency
     1    0.026922    0.198405    0.137267    0.137267 ^ clk (in)
                                                         clk (net)
                      0.198433    0.000000    0.137267 ^ clkbuf_0_clk/A (sky130_fd_sc_hd__clkbuf_16)
     8    0.109934    0.191115    0.379256    0.516523 ^ clkbuf_0_clk/X (sky130_fd_sc_hd__clkbuf_16)
                                                         clknet_0_clk (net)
                      0.192962    0.014980    0.531502 ^ clkbuf_3_0__f_clk/A (sky130_fd_sc_hd__clkbuf_16)
     9    0.039415    0.093738    0.304840    0.836342 ^ clkbuf_3_0__f_clk/X (sky130_fd_sc_hd__clkbuf_16)
                                                         clknet_3_0__leaf_clk (net)
                      0.093782    0.001880    0.838223 ^ _1427_/CLK (sky130_fd_sc_hd__dfxtp_1)
                                  0.250000    1.088223   clock uncertainty
                                  0.000000    1.088223   clock reconvergence pessimism
                                 -0.068087    1.020135   library hold time
                                              1.020135   data required time
---------------------------------------------------------------------------------------------
                                              1.020135   data required time
                                             -2.565700   data arrival time
---------------------------------------------------------------------------------------------
                                              1.545564   slack (MET)


Startpoint: _1429_ (rising edge-triggered flip-flop clocked by clk)
Endpoint: _1429_ (rising edge-triggered flip-flop clocked by clk)
Path Group: clk
Path Type: min

Fanout         Cap        Slew       Delay        Time   Description
---------------------------------------------------------------------------------------------
                                  0.000000    0.000000   clock clk (rise edge)
                                  0.000000    0.000000   clock source latency
     1    0.026922    0.198405    0.137267    0.137267 ^ clk (in)
                                                         clk (net)
                      0.198433    0.000000    0.137267 ^ clkbuf_0_clk/A (sky130_fd_sc_hd__clkbuf_16)
     8    0.109934    0.191115    0.379256    0.516523 ^ clkbuf_0_clk/X (sky130_fd_sc_hd__clkbuf_16)
                                                         clknet_0_clk (net)
                      0.192982    0.015062    0.531585 ^ clkbuf_3_1__f_clk/A (sky130_fd_sc_hd__clkbuf_16)
    13    0.047517    0.103741    0.313729    0.845315 ^ clkbuf_3_1__f_clk/X (sky130_fd_sc_hd__clkbuf_16)
                                                         clknet_3_1__leaf_clk (net)
                      0.103987    0.004212    0.849526 ^ _1429_/CLK (sky130_fd_sc_hd__dfxtp_1)
     2    0.015121    0.237404    0.769926    1.619452 ^ _1429_/Q (sky130_fd_sc_hd__dfxtp_1)
                                                         core_b[4] (net)
                      0.237404    0.000466    1.619918 ^ fanout70/A (sky130_fd_sc_hd__buf_2)
    10    0.038126    0.301709    0.439154    2.059072 ^ fanout70/X (sky130_fd_sc_hd__buf_2)
                                                         net70 (net)
                      0.301720    0.002210    2.061282 ^ _0805_/A0 (sky130_fd_sc_hd__mux2_1)
     1    0.002320    0.066775    0.309718    2.371000 ^ _0805_/X (sky130_fd_sc_hd__mux2_1)
                                                         _0149_ (net)
                      0.066775    0.000140    2.371140 ^ _0806_/B (sky130_fd_sc_hd__and2_1)
     1    0.001906    0.068185    0.213374    2.584514 ^ _0806_/X (sky130_fd_sc_hd__and2_1)
                                                         _0045_ (net)
                      0.068185    0.000090    2.584604 ^ _1429_/D (sky130_fd_sc_hd__dfxtp_1)
                                              2.584604   data arrival time

                                  0.000000    0.000000   clock clk (rise edge)
                                  0.000000    0.000000   clock source latency
     1    0.026922    0.198405    0.137267    0.137267 ^ clk (in)
                                                         clk (net)
                      0.198433    0.000000    0.137267 ^ clkbuf_0_clk/A (sky130_fd_sc_hd__clkbuf_16)
     8    0.109934    0.191115    0.379256    0.516523 ^ clkbuf_0_clk/X (sky130_fd_sc_hd__clkbuf_16)
                                                         clknet_0_clk (net)
                      0.192982    0.015062    0.531585 ^ clkbuf_3_1__f_clk/A (sky130_fd_sc_hd__clkbuf_16)
    13    0.047517    0.103741    0.313729    0.845315 ^ clkbuf_3_1__f_clk/X (sky130_fd_sc_hd__clkbuf_16)
                                                         clknet_3_1__leaf_clk (net)
                      0.103987    0.004212    0.849526 ^ _1429_/CLK (sky130_fd_sc_hd__dfxtp_1)
                                  0.250000    1.099526   clock uncertainty
                                  0.000000    1.099526   clock reconvergence pessimism
                                 -0.066196    1.033330   library hold time
                                              1.033330   data required time
---------------------------------------------------------------------------------------------
                                              1.033330   data required time
                                             -2.584604   data arrival time
---------------------------------------------------------------------------------------------
                                              1.551274   slack (MET)


Startpoint: _1458_ (rising edge-triggered flip-flop clocked by clk)
Endpoint: _1459_ (rising edge-triggered flip-flop clocked by clk)
Path Group: clk
Path Type: min

Fanout         Cap        Slew       Delay        Time   Description
---------------------------------------------------------------------------------------------
                                  0.000000    0.000000   clock clk (rise edge)
                                  0.000000    0.000000   clock source latency
     1    0.026922    0.198405    0.137267    0.137267 ^ clk (in)
                                                         clk (net)
                      0.198433    0.000000    0.137267 ^ clkbuf_0_clk/A (sky130_fd_sc_hd__clkbuf_16)
     8    0.109934    0.191115    0.379256    0.516523 ^ clkbuf_0_clk/X (sky130_fd_sc_hd__clkbuf_16)
                                                         clknet_0_clk (net)
                      0.191932    0.010083    0.526606 ^ clkbuf_3_7__f_clk/A (sky130_fd_sc_hd__clkbuf_16)
    10    0.046182    0.101921    0.311885    0.838491 ^ clkbuf_3_7__f_clk/X (sky130_fd_sc_hd__clkbuf_16)
                                                         clknet_3_7__leaf_clk (net)
                      0.102058    0.002938    0.841428 ^ _1458_/CLK (sky130_fd_sc_hd__dfxtp_1)
     6    0.025817    0.235710    0.741873    1.583302 v _1458_/Q (sky130_fd_sc_hd__dfxtp_1)
                                                         core_out[25] (net)
                      0.235716    0.001484    1.584786 v _1343_/A1_N (sky130_fd_sc_hd__a2bb2o_4)
     2    0.016451    0.100570    0.496551    2.081337 ^ _1343_/X (sky130_fd_sc_hd__a2bb2o_4)
                                                         _0657_ (net)
                      0.100583    0.001166    2.082503 ^ _1344_/B (sky130_fd_sc_hd__xnor2_2)
     1    0.004308    0.071330    0.127458    2.209961 v _1344_/Y (sky130_fd_sc_hd__xnor2_2)
                                                         _0658_ (net)
                      0.071331    0.000282    2.210243 v _1345_/B (sky130_fd_sc_hd__nand2_1)
     1    0.003124    0.072887    0.103584    2.313827 ^ _1345_/Y (sky130_fd_sc_hd__nand2_1)
                                                         _0659_ (net)
                      0.072887    0.000211    2.314038 ^ _1346_/C1 (sky130_fd_sc_hd__o211a_1)
     1    0.002146    0.066450    0.266673    2.580711 ^ _1346_/X (sky130_fd_sc_hd__o211a_1)
                                                         _0075_ (net)
                      0.066450    0.000143    2.580854 ^ _1459_/D (sky130_fd_sc_hd__dfxtp_1)
                                              2.580854   data arrival time

                                  0.000000    0.000000   clock clk (rise edge)
                                  0.000000    0.000000   clock source latency
     1    0.026922    0.198405    0.137267    0.137267 ^ clk (in)
                                                         clk (net)
                      0.198433    0.000000    0.137267 ^ clkbuf_0_clk/A (sky130_fd_sc_hd__clkbuf_16)
     8    0.109934    0.191115    0.379256    0.516523 ^ clkbuf_0_clk/X (sky130_fd_sc_hd__clkbuf_16)
                                                         clknet_0_clk (net)
                      0.191919    0.010008    0.526531 ^ clkbuf_3_6__f_clk/A (sky130_fd_sc_hd__clkbuf_16)
    14    0.047574    0.103853    0.313418    0.839949 ^ clkbuf_3_6__f_clk/X (sky130_fd_sc_hd__clkbuf_16)
                                                         clknet_3_6__leaf_clk (net)
                      0.103921    0.002436    0.842385 ^ _1459_/CLK (sky130_fd_sc_hd__dfxtp_1)
                                  0.250000    1.092385   clock uncertainty
                                  0.000000    1.092385   clock reconvergence pessimism
                                 -0.065804    1.026581   library hold time
                                              1.026581   data required time
---------------------------------------------------------------------------------------------
                                              1.026581   data required time
                                             -2.580854   data arrival time
---------------------------------------------------------------------------------------------
                                              1.554272   slack (MET)


Startpoint: _1425_ (rising edge-triggered flip-flop clocked by clk)
Endpoint: _1425_ (rising edge-triggered flip-flop clocked by clk)
Path Group: clk
Path Type: min

Fanout         Cap        Slew       Delay        Time   Description
---------------------------------------------------------------------------------------------
                                  0.000000    0.000000   clock clk (rise edge)
                                  0.000000    0.000000   clock source latency
     1    0.026922    0.198405    0.137267    0.137267 ^ clk (in)
                                                         clk (net)
                      0.198433    0.000000    0.137267 ^ clkbuf_0_clk/A (sky130_fd_sc_hd__clkbuf_16)
     8    0.109934    0.191115    0.379256    0.516523 ^ clkbuf_0_clk/X (sky130_fd_sc_hd__clkbuf_16)
                                                         clknet_0_clk (net)
                      0.192982    0.015062    0.531585 ^ clkbuf_3_1__f_clk/A (sky130_fd_sc_hd__clkbuf_16)
    13    0.047517    0.103741    0.313729    0.845315 ^ clkbuf_3_1__f_clk/X (sky130_fd_sc_hd__clkbuf_16)
                                                         clknet_3_1__leaf_clk (net)
                      0.103857    0.003006    0.848321 ^ _1425_/CLK (sky130_fd_sc_hd__dfxtp_4)
     3    0.012896    0.093281    0.730097    1.578418 ^ _1425_/Q (sky130_fd_sc_hd__dfxtp_4)
                                                         core_b[0] (net)
                      0.093281    0.000656    1.579074 ^ clone16/A (sky130_fd_sc_hd__clkbuf_1)
     5    0.024067    0.459177    0.437932    2.017006 ^ clone16/X (sky130_fd_sc_hd__clkbuf_1)
                                                         net132 (net)
                      0.459180    0.000958    2.017964 ^ _0797_/A0 (sky130_fd_sc_hd__mux2_1)
     1    0.002130    0.064632    0.362264    2.380228 ^ _0797_/X (sky130_fd_sc_hd__mux2_1)
                                                         _0145_ (net)
                      0.064632    0.000135    2.380363 ^ _0798_/B (sky130_fd_sc_hd__and2_1)
     1    0.001822    0.067134    0.211461    2.591824 ^ _0798_/X (sky130_fd_sc_hd__and2_1)
                                                         _0041_ (net)
                      0.067134    0.000086    2.591910 ^ _1425_/D (sky130_fd_sc_hd__dfxtp_4)
                                              2.591910   data arrival time

                                  0.000000    0.000000   clock clk (rise edge)
                                  0.000000    0.000000   clock source latency
     1    0.026922    0.198405    0.137267    0.137267 ^ clk (in)
                                                         clk (net)
                      0.198433    0.000000    0.137267 ^ clkbuf_0_clk/A (sky130_fd_sc_hd__clkbuf_16)
     8    0.109934    0.191115    0.379256    0.516523 ^ clkbuf_0_clk/X (sky130_fd_sc_hd__clkbuf_16)
                                                         clknet_0_clk (net)
                      0.192982    0.015062    0.531585 ^ clkbuf_3_1__f_clk/A (sky130_fd_sc_hd__clkbuf_16)
    13    0.047517    0.103741    0.313729    0.845315 ^ clkbuf_3_1__f_clk/X (sky130_fd_sc_hd__clkbuf_16)
                                                         clknet_3_1__leaf_clk (net)
                      0.103857    0.003006    0.848321 ^ _1425_/CLK (sky130_fd_sc_hd__dfxtp_4)
                                  0.250000    1.098321   clock uncertainty
                                  0.000000    1.098321   clock reconvergence pessimism
                                 -0.064282    1.034039   library hold time
                                              1.034039   data required time
---------------------------------------------------------------------------------------------
                                              1.034039   data required time
                                             -2.591910   data arrival time
---------------------------------------------------------------------------------------------
                                              1.557871   slack (MET)


Startpoint: _1438_ (rising edge-triggered flip-flop clocked by clk)
Endpoint: _1438_ (rising edge-triggered flip-flop clocked by clk)
Path Group: clk
Path Type: min

Fanout         Cap        Slew       Delay        Time   Description
---------------------------------------------------------------------------------------------
                                  0.000000    0.000000   clock clk (rise edge)
                                  0.000000    0.000000   clock source latency
     1    0.026922    0.198405    0.137267    0.137267 ^ clk (in)
                                                         clk (net)
                      0.198433    0.000000    0.137267 ^ clkbuf_0_clk/A (sky130_fd_sc_hd__clkbuf_16)
     8    0.109934    0.191115    0.379256    0.516523 ^ clkbuf_0_clk/X (sky130_fd_sc_hd__clkbuf_16)
                                                         clknet_0_clk (net)
                      0.192403    0.012564    0.529087 ^ clkbuf_3_3__f_clk/A (sky130_fd_sc_hd__clkbuf_16)
     7    0.040847    0.095342    0.306110    0.835196 ^ clkbuf_3_3__f_clk/X (sky130_fd_sc_hd__clkbuf_16)
                                                         clknet_3_3__leaf_clk (net)
                      0.095414    0.002361    0.837557 ^ _1438_/CLK (sky130_fd_sc_hd__dfxtp_1)
     4    0.015845    0.151717    0.676351    1.513908 v _1438_/Q (sky130_fd_sc_hd__dfxtp_1)
                                                         core_out[5] (net)
                      0.151719    0.000862    1.514769 v _0913_/B1 (sky130_fd_sc_hd__a31o_1)
     2    0.006606    0.094197    0.398656    1.913425 v _0913_/X (sky130_fd_sc_hd__a31o_1)
                                                         _0248_ (net)
                      0.094197    0.000414    1.913839 v _0914_/B (sky130_fd_sc_hd__nand2b_1)
     1    0.005748    0.116041    0.147772    2.061610 ^ _0914_/Y (sky130_fd_sc_hd__nand2b_1)
                                                         _0249_ (net)
                      0.116041    0.000457    2.062067 ^ _0916_/A (sky130_fd_sc_hd__xor2_1)
     1    0.002991    0.069340    0.146812    2.208879 v _0916_/X (sky130_fd_sc_hd__xor2_1)
                                                         _0251_ (net)
                      0.069340    0.000202    2.209081 v _0917_/B (sky130_fd_sc_hd__nand2_1)
     1    0.002671    0.067057    0.098058    2.307139 ^ _0917_/Y (sky130_fd_sc_hd__nand2_1)
                                                         _0252_ (net)
                      0.067057    0.000125    2.307264 ^ _0918_/C1 (sky130_fd_sc_hd__o211a_1)
     1    0.002566    0.070985    0.270150    2.577414 ^ _0918_/X (sky130_fd_sc_hd__o211a_1)
                                                         _0054_ (net)
                      0.070985    0.000161    2.577575 ^ _1438_/D (sky130_fd_sc_hd__dfxtp_1)
                                              2.577575   data arrival time

                                  0.000000    0.000000   clock clk (rise edge)
                                  0.000000    0.000000   clock source latency
     1    0.026922    0.198405    0.137267    0.137267 ^ clk (in)
                                                         clk (net)
                      0.198433    0.000000    0.137267 ^ clkbuf_0_clk/A (sky130_fd_sc_hd__clkbuf_16)
     8    0.109934    0.191115    0.379256    0.516523 ^ clkbuf_0_clk/X (sky130_fd_sc_hd__clkbuf_16)
                                                         clknet_0_clk (net)
                      0.192403    0.012564    0.529087 ^ clkbuf_3_3__f_clk/A (sky130_fd_sc_hd__clkbuf_16)
     7    0.040847    0.095342    0.306110    0.835196 ^ clkbuf_3_3__f_clk/X (sky130_fd_sc_hd__clkbuf_16)
                                                         clknet_3_3__leaf_clk (net)
                      0.095414    0.002361    0.837557 ^ _1438_/CLK (sky130_fd_sc_hd__dfxtp_1)
                                  0.250000    1.087557   clock uncertainty
                                  0.000000    1.087557   clock reconvergence pessimism
                                 -0.068210    1.019347   library hold time
                                              1.019347   data required time
---------------------------------------------------------------------------------------------
                                              1.019347   data required time
                                             -2.577575   data arrival time
---------------------------------------------------------------------------------------------
                                              1.558228   slack (MET)


Startpoint: _1385_ (rising edge-triggered flip-flop clocked by clk)
Endpoint: _1385_ (rising edge-triggered flip-flop clocked by clk)
Path Group: clk
Path Type: min

Fanout         Cap        Slew       Delay        Time   Description
---------------------------------------------------------------------------------------------
                                  0.000000    0.000000   clock clk (rise edge)
                                  0.000000    0.000000   clock source latency
     1    0.026922    0.198405    0.137267    0.137267 ^ clk (in)
                                                         clk (net)
                      0.198433    0.000000    0.137267 ^ clkbuf_0_clk/A (sky130_fd_sc_hd__clkbuf_16)
     8    0.109934    0.191115    0.379256    0.516523 ^ clkbuf_0_clk/X (sky130_fd_sc_hd__clkbuf_16)
                                                         clknet_0_clk (net)
                      0.192962    0.014980    0.531502 ^ clkbuf_3_0__f_clk/A (sky130_fd_sc_hd__clkbuf_16)
     9    0.039415    0.093738    0.304840    0.836342 ^ clkbuf_3_0__f_clk/X (sky130_fd_sc_hd__clkbuf_16)
                                                         clknet_3_0__leaf_clk (net)
                      0.093772    0.001683    0.838025 ^ _1385_/CLK (sky130_fd_sc_hd__dfxtp_1)
     2    0.015448    0.242101    0.768456    1.606481 ^ _1385_/Q (sky130_fd_sc_hd__dfxtp_1)
                                                         core_a[0] (net)
                      0.242101    0.000484    1.606965 ^ fanout94/A (sky130_fd_sc_hd__buf_2)
    10    0.039387    0.311110    0.447589    2.054554 ^ fanout94/X (sky130_fd_sc_hd__buf_2)
                                                         net94 (net)
                      0.311110    0.001024    2.055578 ^ _0703_/A0 (sky130_fd_sc_hd__mux2_1)
     1    0.002223    0.065676    0.311667    2.367245 ^ _0703_/X (sky130_fd_sc_hd__mux2_1)
                                                         _0091_ (net)
                      0.065676    0.000156    2.367400 ^ _0704_/B (sky130_fd_sc_hd__and2_1)
     1    0.001845    0.067426    0.212172    2.579572 ^ _0704_/X (sky130_fd_sc_hd__and2_1)
                                                         _0001_ (net)
                      0.067426    0.000083    2.579655 ^ _1385_/D (sky130_fd_sc_hd__dfxtp_1)
                                              2.579655   data arrival time

                                  0.000000    0.000000   clock clk (rise edge)
                                  0.000000    0.000000   clock source latency
     1    0.026922    0.198405    0.137267    0.137267 ^ clk (in)
                                                         clk (net)
                      0.198433    0.000000    0.137267 ^ clkbuf_0_clk/A (sky130_fd_sc_hd__clkbuf_16)
     8    0.109934    0.191115    0.379256    0.516523 ^ clkbuf_0_clk/X (sky130_fd_sc_hd__clkbuf_16)
                                                         clknet_0_clk (net)
                      0.192962    0.014980    0.531502 ^ clkbuf_3_0__f_clk/A (sky130_fd_sc_hd__clkbuf_16)
     9    0.039415    0.093738    0.304840    0.836342 ^ clkbuf_3_0__f_clk/X (sky130_fd_sc_hd__clkbuf_16)
                                                         clknet_3_0__leaf_clk (net)
                      0.093772    0.001683    0.838025 ^ _1385_/CLK (sky130_fd_sc_hd__dfxtp_1)
                                  0.250000    1.088025   clock uncertainty
                                  0.000000    1.088025   clock reconvergence pessimism
                                 -0.067644    1.020382   library hold time
                                              1.020382   data required time
---------------------------------------------------------------------------------------------
                                              1.020382   data required time
                                             -2.579655   data arrival time
---------------------------------------------------------------------------------------------
                                              1.559273   slack (MET)


Startpoint: _1447_ (rising edge-triggered flip-flop clocked by clk)
Endpoint: _1447_ (rising edge-triggered flip-flop clocked by clk)
Path Group: clk
Path Type: min

Fanout         Cap        Slew       Delay        Time   Description
---------------------------------------------------------------------------------------------
                                  0.000000    0.000000   clock clk (rise edge)
                                  0.000000    0.000000   clock source latency
     1    0.026922    0.198405    0.137267    0.137267 ^ clk (in)
                                                         clk (net)
                      0.198433    0.000000    0.137267 ^ clkbuf_0_clk/A (sky130_fd_sc_hd__clkbuf_16)
     8    0.109934    0.191115    0.379256    0.516523 ^ clkbuf_0_clk/X (sky130_fd_sc_hd__clkbuf_16)
                                                         clknet_0_clk (net)
                      0.191326    0.005258    0.521781 ^ clkbuf_3_5__f_clk/A (sky130_fd_sc_hd__clkbuf_16)
    14    0.046389    0.102156    0.311297    0.833078 ^ clkbuf_3_5__f_clk/X (sky130_fd_sc_hd__clkbuf_16)
                                                         clknet_3_5__leaf_clk (net)
                      0.102361    0.003842    0.836920 ^ _1447_/CLK (sky130_fd_sc_hd__dfxtp_1)
     4    0.012141    0.123069    0.655751    1.492671 v _1447_/Q (sky130_fd_sc_hd__dfxtp_1)
                                                         core_out[14] (net)
                      0.123071    0.000685    1.493356 v _1251_/A (sky130_fd_sc_hd__nor2_1)
     2    0.006680    0.233822    0.268113    1.761470 ^ _1251_/Y (sky130_fd_sc_hd__nor2_1)
                                                         _0577_ (net)
                      0.233823    0.000400    1.761869 ^ _1252_/B (sky130_fd_sc_hd__or2_1)
     2    0.005658    0.103454    0.261410    2.023280 ^ _1252_/X (sky130_fd_sc_hd__or2_1)
                                                         _0578_ (net)
                      0.103454    0.000224    2.023504 ^ _1258_/A (sky130_fd_sc_hd__and3_1)
     1    0.003145    0.090922    0.291857    2.315360 ^ _1258_/X (sky130_fd_sc_hd__and3_1)
                                                         _0584_ (net)
                      0.090922    0.000144    2.315505 ^ _1259_/A2 (sky130_fd_sc_hd__o21ai_1)
     1    0.003019    0.070240    0.122875    2.438380 v _1259_/Y (sky130_fd_sc_hd__o21ai_1)
                                                         _0585_ (net)
                      0.070240    0.000206    2.438585 v _1260_/C1 (sky130_fd_sc_hd__o211a_1)
     1    0.002094    0.051407    0.188457    2.627043 v _1260_/X (sky130_fd_sc_hd__o211a_1)
                                                         _0063_ (net)
                      0.051407    0.000151    2.627194 v _1447_/D (sky130_fd_sc_hd__dfxtp_1)
                                              2.627194   data arrival time

                                  0.000000    0.000000   clock clk (rise edge)
                                  0.000000    0.000000   clock source latency
     1    0.026922    0.198405    0.137267    0.137267 ^ clk (in)
                                                         clk (net)
                      0.198433    0.000000    0.137267 ^ clkbuf_0_clk/A (sky130_fd_sc_hd__clkbuf_16)
     8    0.109934    0.191115    0.379256    0.516523 ^ clkbuf_0_clk/X (sky130_fd_sc_hd__clkbuf_16)
                                                         clknet_0_clk (net)
                      0.191326    0.005258    0.521781 ^ clkbuf_3_5__f_clk/A (sky130_fd_sc_hd__clkbuf_16)
    14    0.046389    0.102156    0.311297    0.833078 ^ clkbuf_3_5__f_clk/X (sky130_fd_sc_hd__clkbuf_16)
                                                         clknet_3_5__leaf_clk (net)
                      0.102361    0.003842    0.836920 ^ _1447_/CLK (sky130_fd_sc_hd__dfxtp_1)
                                  0.250000    1.086920   clock uncertainty
                                  0.000000    1.086920   clock reconvergence pessimism
                                 -0.090335    0.996585   library hold time
                                              0.996585   data required time
---------------------------------------------------------------------------------------------
                                              0.996585   data required time
                                             -2.627194   data arrival time
---------------------------------------------------------------------------------------------
                                              1.630609   slack (MET)


Startpoint: wdata[3] (input port clocked by clk)
Endpoint: _1388_ (rising edge-triggered flip-flop clocked by clk)
Path Group: clk
Path Type: min

Fanout         Cap        Slew       Delay        Time   Description
---------------------------------------------------------------------------------------------
                                  0.000000    0.000000   clock clk (rise edge)
                                  0.000000    0.000000   clock network delay (propagated)
                                  2.000000    2.000000 ^ input external delay
     1    0.002689    0.031515    0.015249    2.015249 ^ wdata[3] (in)
                                                         wdata[3] (net)
                      0.031515    0.000000    2.015249 ^ input14/A (sky130_fd_sc_hd__clkbuf_1)
     2    0.008121    0.167061    0.202380    2.217629 ^ input14/X (sky130_fd_sc_hd__clkbuf_1)
                                                         net14 (net)
                      0.167061    0.000468    2.218096 ^ _0709_/A1 (sky130_fd_sc_hd__mux2_1)
     1    0.002324    0.066821    0.264022    2.482119 ^ _0709_/X (sky130_fd_sc_hd__mux2_1)
                                                         _0094_ (net)
                      0.066821    0.000142    2.482260 ^ _0710_/B (sky130_fd_sc_hd__and2_1)
     1    0.001881    0.067877    0.213082    2.695343 ^ _0710_/X (sky130_fd_sc_hd__and2_1)
                                                         _0004_ (net)
                      0.067877    0.000086    2.695428 ^ _1388_/D (sky130_fd_sc_hd__dfxtp_1)
                                              2.695428   data arrival time

                                  0.000000    0.000000   clock clk (rise edge)
                                  0.000000    0.000000   clock source latency
     1    0.026922    0.198405    0.137267    0.137267 ^ clk (in)
                                                         clk (net)
                      0.198433    0.000000    0.137267 ^ clkbuf_0_clk/A (sky130_fd_sc_hd__clkbuf_16)
     8    0.109934    0.191115    0.379256    0.516523 ^ clkbuf_0_clk/X (sky130_fd_sc_hd__clkbuf_16)
                                                         clknet_0_clk (net)
                      0.192982    0.015062    0.531585 ^ clkbuf_3_1__f_clk/A (sky130_fd_sc_hd__clkbuf_16)
    13    0.047517    0.103741    0.313729    0.845315 ^ clkbuf_3_1__f_clk/X (sky130_fd_sc_hd__clkbuf_16)
                                                         clknet_3_1__leaf_clk (net)
                      0.103994    0.004269    0.849583 ^ _1388_/CLK (sky130_fd_sc_hd__dfxtp_1)
                                  0.250000    1.099583   clock uncertainty
                                  0.000000    1.099583   clock reconvergence pessimism
                                 -0.066124    1.033459   library hold time
                                              1.033459   data required time
---------------------------------------------------------------------------------------------
                                              1.033459   data required time
                                             -2.695428   data arrival time
---------------------------------------------------------------------------------------------
                                              1.661969   slack (MET)


Startpoint: wdata[6] (input port clocked by clk)
Endpoint: _1431_ (rising edge-triggered flip-flop clocked by clk)
Path Group: clk
Path Type: min

Fanout         Cap        Slew       Delay        Time   Description
---------------------------------------------------------------------------------------------
                                  0.000000    0.000000   clock clk (rise edge)
                                  0.000000    0.000000   clock network delay (propagated)
                                  2.000000    2.000000 ^ input external delay
     1    0.003127    0.034416    0.017566    2.017565 ^ wdata[6] (in)
                                                         wdata[6] (net)
                      0.034417    0.000000    2.017565 ^ input17/A (sky130_fd_sc_hd__clkbuf_1)
     2    0.008511    0.174148    0.208646    2.226212 ^ input17/X (sky130_fd_sc_hd__clkbuf_1)
                                                         net17 (net)
                      0.174206    0.000570    2.226781 ^ _0809_/A1 (sky130_fd_sc_hd__mux2_1)
     1    0.001773    0.060614    0.259589    2.486370 ^ _0809_/X (sky130_fd_sc_hd__mux2_1)
                                                         _0151_ (net)
                      0.060614    0.000123    2.486493 ^ _0810_/B (sky130_fd_sc_hd__and2_1)
     1    0.001962    0.068870    0.211617    2.698110 ^ _0810_/X (sky130_fd_sc_hd__and2_1)
                                                         _0047_ (net)
                      0.068870    0.000139    2.698249 ^ _1431_/D (sky130_fd_sc_hd__dfxtp_1)
                                              2.698249   data arrival time

                                  0.000000    0.000000   clock clk (rise edge)
                                  0.000000    0.000000   clock source latency
     1    0.026922    0.198405    0.137267    0.137267 ^ clk (in)
                                                         clk (net)
                      0.198433    0.000000    0.137267 ^ clkbuf_0_clk/A (sky130_fd_sc_hd__clkbuf_16)
     8    0.109934    0.191115    0.379256    0.516523 ^ clkbuf_0_clk/X (sky130_fd_sc_hd__clkbuf_16)
                                                         clknet_0_clk (net)
                      0.192982    0.015062    0.531585 ^ clkbuf_3_1__f_clk/A (sky130_fd_sc_hd__clkbuf_16)
    13    0.047517    0.103741    0.313729    0.845315 ^ clkbuf_3_1__f_clk/X (sky130_fd_sc_hd__clkbuf_16)
                                                         clknet_3_1__leaf_clk (net)
                      0.104075    0.004904    0.850219 ^ _1431_/CLK (sky130_fd_sc_hd__dfxtp_1)
                                  0.250000    1.100219   clock uncertainty
                                  0.000000    1.100219   clock reconvergence pessimism
                                 -0.066342    1.033877   library hold time
                                              1.033877   data required time
---------------------------------------------------------------------------------------------
                                              1.033877   data required time
                                             -2.698249   data arrival time
---------------------------------------------------------------------------------------------
                                              1.664372   slack (MET)


Startpoint: wdata[6] (input port clocked by clk)
Endpoint: _1391_ (rising edge-triggered flip-flop clocked by clk)
Path Group: clk
Path Type: min

Fanout         Cap        Slew       Delay        Time   Description
---------------------------------------------------------------------------------------------
                                  0.000000    0.000000   clock clk (rise edge)
                                  0.000000    0.000000   clock network delay (propagated)
                                  2.000000    2.000000 ^ input external delay
     1    0.003127    0.034416    0.017566    2.017565 ^ wdata[6] (in)
                                                         wdata[6] (net)
                      0.034417    0.000000    2.017565 ^ input17/A (sky130_fd_sc_hd__clkbuf_1)
     2    0.008511    0.174148    0.208646    2.226212 ^ input17/X (sky130_fd_sc_hd__clkbuf_1)
                                                         net17 (net)
                      0.174206    0.000640    2.226852 ^ _0715_/A1 (sky130_fd_sc_hd__mux2_1)
     1    0.001874    0.061751    0.260949    2.487801 ^ _0715_/X (sky130_fd_sc_hd__mux2_1)
                                                         _0097_ (net)
                      0.061751    0.000133    2.487933 ^ _0716_/B (sky130_fd_sc_hd__and2_1)
     1    0.001933    0.068511    0.211714    2.699647 ^ _0716_/X (sky130_fd_sc_hd__and2_1)
                                                         _0007_ (net)
                      0.068511    0.000090    2.699738 ^ _1391_/D (sky130_fd_sc_hd__dfxtp_1)
                                              2.699738   data arrival time

                                  0.000000    0.000000   clock clk (rise edge)
                                  0.000000    0.000000   clock source latency
     1    0.026922    0.198405    0.137267    0.137267 ^ clk (in)
                                                         clk (net)
                      0.198433    0.000000    0.137267 ^ clkbuf_0_clk/A (sky130_fd_sc_hd__clkbuf_16)
     8    0.109934    0.191115    0.379256    0.516523 ^ clkbuf_0_clk/X (sky130_fd_sc_hd__clkbuf_16)
                                                         clknet_0_clk (net)
                      0.192982    0.015062    0.531585 ^ clkbuf_3_1__f_clk/A (sky130_fd_sc_hd__clkbuf_16)
    13    0.047517    0.103741    0.313729    0.845315 ^ clkbuf_3_1__f_clk/X (sky130_fd_sc_hd__clkbuf_16)
                                                         clknet_3_1__leaf_clk (net)
                      0.104090    0.005013    0.850327 ^ _1391_/CLK (sky130_fd_sc_hd__dfxtp_1)
                                  0.250000    1.100327   clock uncertainty
                                  0.000000    1.100327   clock reconvergence pessimism
                                 -0.066256    1.034071   library hold time
                                              1.034071   data required time
---------------------------------------------------------------------------------------------
                                              1.034071   data required time
                                             -2.699738   data arrival time
---------------------------------------------------------------------------------------------
                                              1.665666   slack (MET)


Startpoint: _1439_ (rising edge-triggered flip-flop clocked by clk)
Endpoint: _1439_ (rising edge-triggered flip-flop clocked by clk)
Path Group: clk
Path Type: min

Fanout         Cap        Slew       Delay        Time   Description
---------------------------------------------------------------------------------------------
                                  0.000000    0.000000   clock clk (rise edge)
                                  0.000000    0.000000   clock source latency
     1    0.026922    0.198405    0.137267    0.137267 ^ clk (in)
                                                         clk (net)
                      0.198433    0.000000    0.137267 ^ clkbuf_0_clk/A (sky130_fd_sc_hd__clkbuf_16)
     8    0.109934    0.191115    0.379256    0.516523 ^ clkbuf_0_clk/X (sky130_fd_sc_hd__clkbuf_16)
                                                         clknet_0_clk (net)
                      0.192403    0.012564    0.529087 ^ clkbuf_3_3__f_clk/A (sky130_fd_sc_hd__clkbuf_16)
     7    0.040847    0.095342    0.306110    0.835196 ^ clkbuf_3_3__f_clk/X (sky130_fd_sc_hd__clkbuf_16)
                                                         clknet_3_3__leaf_clk (net)
                      0.095423    0.002487    0.837684 ^ _1439_/CLK (sky130_fd_sc_hd__dfxtp_1)
     4    0.018808    0.289978    0.803718    1.641402 ^ _1439_/Q (sky130_fd_sc_hd__dfxtp_1)
                                                         core_out[6] (net)
                      0.289978    0.000736    1.642138 ^ _0953_/B1 (sky130_fd_sc_hd__a21o_1)
     2    0.007116    0.112698    0.261878    1.904016 ^ _0953_/X (sky130_fd_sc_hd__a21o_1)
                                                         _0287_ (net)
                      0.112698    0.000233    1.904249 ^ _0954_/B (sky130_fd_sc_hd__and2b_1)
     1    0.005519    0.105129    0.271723    2.175972 ^ _0954_/X (sky130_fd_sc_hd__and2b_1)
                                                         _0288_ (net)
                      0.105129    0.000434    2.176405 ^ _0956_/A (sky130_fd_sc_hd__xnor2_1)
     1    0.002516    0.071243    0.144194    2.320599 v _0956_/Y (sky130_fd_sc_hd__xnor2_1)
                                                         _0290_ (net)
                      0.071243    0.000181    2.320780 v _0957_/B (sky130_fd_sc_hd__nand2_1)
     1    0.002695    0.067365    0.099182    2.419962 ^ _0957_/Y (sky130_fd_sc_hd__nand2_1)
                                                         _0291_ (net)
                      0.067365    0.000126    2.420088 ^ _0958_/C1 (sky130_fd_sc_hd__o211a_1)
     1    0.002378    0.068936    0.267759    2.687847 ^ _0958_/X (sky130_fd_sc_hd__o211a_1)
                                                         _0055_ (net)
                      0.068936    0.000170    2.688017 ^ _1439_/D (sky130_fd_sc_hd__dfxtp_1)
                                              2.688017   data arrival time

                                  0.000000    0.000000   clock clk (rise edge)
                                  0.000000    0.000000   clock source latency
     1    0.026922    0.198405    0.137267    0.137267 ^ clk (in)
                                                         clk (net)
                      0.198433    0.000000    0.137267 ^ clkbuf_0_clk/A (sky130_fd_sc_hd__clkbuf_16)
     8    0.109934    0.191115    0.379256    0.516523 ^ clkbuf_0_clk/X (sky130_fd_sc_hd__clkbuf_16)
                                                         clknet_0_clk (net)
                      0.192403    0.012564    0.529087 ^ clkbuf_3_3__f_clk/A (sky130_fd_sc_hd__clkbuf_16)
     7    0.040847    0.095342    0.306110    0.835196 ^ clkbuf_3_3__f_clk/X (sky130_fd_sc_hd__clkbuf_16)
                                                         clknet_3_3__leaf_clk (net)
                      0.095423    0.002487    0.837684 ^ _1439_/CLK (sky130_fd_sc_hd__dfxtp_1)
                                  0.250000    1.087684   clock uncertainty
                                  0.000000    1.087684   clock reconvergence pessimism
                                 -0.067732    1.019952   library hold time
                                              1.019952   data required time
---------------------------------------------------------------------------------------------
                                              1.019952   data required time
                                             -2.688017   data arrival time
---------------------------------------------------------------------------------------------
                                              1.668066   slack (MET)


Startpoint: wdata[4] (input port clocked by clk)
Endpoint: _1389_ (rising edge-triggered flip-flop clocked by clk)
Path Group: clk
Path Type: min

Fanout         Cap        Slew       Delay        Time   Description
---------------------------------------------------------------------------------------------
                                  0.000000    0.000000   clock clk (rise edge)
                                  0.000000    0.000000   clock network delay (propagated)
                                  2.000000    2.000000 ^ input external delay
     1    0.002820    0.032380    0.015942    2.015942 ^ wdata[4] (in)
                                                         wdata[4] (net)
                      0.032380    0.000000    2.015942 ^ input15/A (sky130_fd_sc_hd__clkbuf_1)
     2    0.009833    0.198059    0.224844    2.240786 ^ input15/X (sky130_fd_sc_hd__clkbuf_1)
                                                         net15 (net)
                      0.198062    0.000640    2.241426 ^ _0711_/A1 (sky130_fd_sc_hd__mux2_1)
     1    0.002343    0.067031    0.277293    2.518719 ^ _0711_/X (sky130_fd_sc_hd__mux2_1)
                                                         _0095_ (net)
                      0.067031    0.000098    2.518817 ^ _0712_/B (sky130_fd_sc_hd__and2_1)
     1    0.001763    0.066397    0.211655    2.730473 ^ _0712_/X (sky130_fd_sc_hd__and2_1)
                                                         _0005_ (net)
                      0.066397    0.000126    2.730598 ^ _1389_/D (sky130_fd_sc_hd__dfxtp_1)
                                              2.730598   data arrival time

                                  0.000000    0.000000   clock clk (rise edge)
                                  0.000000    0.000000   clock source latency
     1    0.026922    0.198405    0.137267    0.137267 ^ clk (in)
                                                         clk (net)
                      0.198433    0.000000    0.137267 ^ clkbuf_0_clk/A (sky130_fd_sc_hd__clkbuf_16)
     8    0.109934    0.191115    0.379256    0.516523 ^ clkbuf_0_clk/X (sky130_fd_sc_hd__clkbuf_16)
                                                         clknet_0_clk (net)
                      0.192982    0.015062    0.531585 ^ clkbuf_3_1__f_clk/A (sky130_fd_sc_hd__clkbuf_16)
    13    0.047517    0.103741    0.313729    0.845315 ^ clkbuf_3_1__f_clk/X (sky130_fd_sc_hd__clkbuf_16)
                                                         clknet_3_1__leaf_clk (net)
                      0.103922    0.003648    0.848963 ^ _1389_/CLK (sky130_fd_sc_hd__dfxtp_1)
                                  0.250000    1.098963   clock uncertainty
                                  0.000000    1.098963   clock reconvergence pessimism
                                 -0.065791    1.033172   library hold time
                                              1.033172   data required time
---------------------------------------------------------------------------------------------
                                              1.033172   data required time
                                             -2.730598   data arrival time
---------------------------------------------------------------------------------------------
                                              1.697427   slack (MET)


Startpoint: wdata[5] (input port clocked by clk)
Endpoint: _1430_ (rising edge-triggered flip-flop clocked by clk)
Path Group: clk
Path Type: min

Fanout         Cap        Slew       Delay        Time   Description
---------------------------------------------------------------------------------------------
                                  0.000000    0.000000   clock clk (rise edge)
                                  0.000000    0.000000   clock network delay (propagated)
                                  2.000000    2.000000 ^ input external delay
     1    0.002743    0.031868    0.015535    2.015535 ^ wdata[5] (in)
                                                         wdata[5] (net)
                      0.031868    0.000000    2.015535 ^ input16/A (sky130_fd_sc_hd__buf_1)
     2    0.010896    0.217352    0.238387    2.253922 ^ input16/X (sky130_fd_sc_hd__buf_1)
                                                         net16 (net)
                      0.217356    0.000804    2.254726 ^ _0807_/A1 (sky130_fd_sc_hd__mux2_1)
     1    0.002034    0.063362    0.281219    2.535945 ^ _0807_/X (sky130_fd_sc_hd__mux2_1)
                                                         _0150_ (net)
                      0.063362    0.000132    2.536077 ^ _0808_/B (sky130_fd_sc_hd__and2_1)
     1    0.001960    0.068848    0.212683    2.748760 ^ _0808_/X (sky130_fd_sc_hd__and2_1)
                                                         _0046_ (net)
                      0.068848    0.000139    2.748899 ^ _1430_/D (sky130_fd_sc_hd__dfxtp_1)
                                              2.748899   data arrival time

                                  0.000000    0.000000   clock clk (rise edge)
                                  0.000000    0.000000   clock source latency
     1    0.026922    0.198405    0.137267    0.137267 ^ clk (in)
                                                         clk (net)
                      0.198433    0.000000    0.137267 ^ clkbuf_0_clk/A (sky130_fd_sc_hd__clkbuf_16)
     8    0.109934    0.191115    0.379256    0.516523 ^ clkbuf_0_clk/X (sky130_fd_sc_hd__clkbuf_16)
                                                         clknet_0_clk (net)
                      0.192982    0.015062    0.531585 ^ clkbuf_3_1__f_clk/A (sky130_fd_sc_hd__clkbuf_16)
    13    0.047517    0.103741    0.313729    0.845315 ^ clkbuf_3_1__f_clk/X (sky130_fd_sc_hd__clkbuf_16)
                                                         clknet_3_1__leaf_clk (net)
                      0.103776    0.002037    0.847352 ^ _1430_/CLK (sky130_fd_sc_hd__dfxtp_1)
                                  0.250000    1.097352   clock uncertainty
                                  0.000000    1.097352   clock reconvergence pessimism
                                 -0.066384    1.030968   library hold time
                                              1.030968   data required time
---------------------------------------------------------------------------------------------
                                              1.030968   data required time
                                             -2.748899   data arrival time
---------------------------------------------------------------------------------------------
                                              1.717931   slack (MET)


Startpoint: wdata[5] (input port clocked by clk)
Endpoint: _1390_ (rising edge-triggered flip-flop clocked by clk)
Path Group: clk
Path Type: min

Fanout         Cap        Slew       Delay        Time   Description
---------------------------------------------------------------------------------------------
                                  0.000000    0.000000   clock clk (rise edge)
                                  0.000000    0.000000   clock network delay (propagated)
                                  2.000000    2.000000 ^ input external delay
     1    0.002743    0.031868    0.015535    2.015535 ^ wdata[5] (in)
                                                         wdata[5] (net)
                      0.031868    0.000000    2.015535 ^ input16/A (sky130_fd_sc_hd__buf_1)
     2    0.010896    0.217352    0.238387    2.253922 ^ input16/X (sky130_fd_sc_hd__buf_1)
                                                         net16 (net)
                      0.217357    0.000917    2.254839 ^ _0713_/A1 (sky130_fd_sc_hd__mux2_1)
     1    0.002551    0.069371    0.288156    2.542995 ^ _0713_/X (sky130_fd_sc_hd__mux2_1)
                                                         _0096_ (net)
                      0.069371    0.000187    2.543183 ^ _0714_/B (sky130_fd_sc_hd__and2_1)
     1    0.001939    0.068603    0.214828    2.758011 ^ _0714_/X (sky130_fd_sc_hd__and2_1)
                                                         _0006_ (net)
                      0.068603    0.000088    2.758099 ^ _1390_/D (sky130_fd_sc_hd__dfxtp_1)
                                              2.758099   data arrival time

                                  0.000000    0.000000   clock clk (rise edge)
                                  0.000000    0.000000   clock source latency
     1    0.026922    0.198405    0.137267    0.137267 ^ clk (in)
                                                         clk (net)
                      0.198433    0.000000    0.137267 ^ clkbuf_0_clk/A (sky130_fd_sc_hd__clkbuf_16)
     8    0.109934    0.191115    0.379256    0.516523 ^ clkbuf_0_clk/X (sky130_fd_sc_hd__clkbuf_16)
                                                         clknet_0_clk (net)
                      0.192982    0.015062    0.531585 ^ clkbuf_3_1__f_clk/A (sky130_fd_sc_hd__clkbuf_16)
    13    0.047517    0.103741    0.313729    0.845315 ^ clkbuf_3_1__f_clk/X (sky130_fd_sc_hd__clkbuf_16)
                                                         clknet_3_1__leaf_clk (net)
                      0.103778    0.002071    0.847386 ^ _1390_/CLK (sky130_fd_sc_hd__dfxtp_1)
                                  0.250000    1.097386   clock uncertainty
                                  0.000000    1.097386   clock reconvergence pessimism
                                 -0.066327    1.031059   library hold time
                                              1.031059   data required time
---------------------------------------------------------------------------------------------
                                              1.031059   data required time
                                             -2.758099   data arrival time
---------------------------------------------------------------------------------------------
                                              1.727040   slack (MET)


Startpoint: _1411_ (rising edge-triggered flip-flop clocked by clk)
Endpoint: rdata[18] (output port clocked by clk)
Path Group: clk
Path Type: min

Fanout         Cap        Slew       Delay        Time   Description
---------------------------------------------------------------------------------------------
                                  0.000000    0.000000   clock clk (rise edge)
                                  0.000000    0.000000   clock source latency
     1    0.026922    0.198405    0.137267    0.137267 ^ clk (in)
                                                         clk (net)
                      0.198433    0.000000    0.137267 ^ clkbuf_0_clk/A (sky130_fd_sc_hd__clkbuf_16)
     8    0.109934    0.191115    0.379256    0.516523 ^ clkbuf_0_clk/X (sky130_fd_sc_hd__clkbuf_16)
                                                         clknet_0_clk (net)
                      0.191340    0.005418    0.521941 ^ clkbuf_3_4__f_clk/A (sky130_fd_sc_hd__clkbuf_16)
    11    0.042382    0.096594    0.306758    0.828699 ^ clkbuf_3_4__f_clk/X (sky130_fd_sc_hd__clkbuf_16)
                                                         clknet_3_4__leaf_clk (net)
                      0.096917    0.003326    0.832025 ^ _1411_/CLK (sky130_fd_sc_hd__dfxtp_1)
     2    0.003869    0.056719    0.594958    1.426983 v _1411_/Q (sky130_fd_sc_hd__dfxtp_1)
                                                         net29 (net)
                      0.056719    0.000227    1.427210 v output29/A (sky130_fd_sc_hd__buf_2)
     1    0.033991    0.165138    0.336950    1.764160 v output29/X (sky130_fd_sc_hd__buf_2)
                                                         rdata[18] (net)
                      0.165152    0.001603    1.765763 v rdata[18] (out)
                                              1.765763   data arrival time

                                  0.000000    0.000000   clock clk (rise edge)
                                  0.000000    0.000000   clock network delay (propagated)
                                  0.250000    0.250000   clock uncertainty
                                  0.000000    0.250000   clock reconvergence pessimism
                                 -2.000000   -1.750000   output external delay
                                             -1.750000   data required time
---------------------------------------------------------------------------------------------
                                             -1.750000   data required time
                                             -1.765763   data arrival time
---------------------------------------------------------------------------------------------
                                              3.515763   slack (MET)


Startpoint: _1412_ (rising edge-triggered flip-flop clocked by clk)
Endpoint: rdata[19] (output port clocked by clk)
Path Group: clk
Path Type: min

Fanout         Cap        Slew       Delay        Time   Description
---------------------------------------------------------------------------------------------
                                  0.000000    0.000000   clock clk (rise edge)
                                  0.000000    0.000000   clock source latency
     1    0.026922    0.198405    0.137267    0.137267 ^ clk (in)
                                                         clk (net)
                      0.198433    0.000000    0.137267 ^ clkbuf_0_clk/A (sky130_fd_sc_hd__clkbuf_16)
     8    0.109934    0.191115    0.379256    0.516523 ^ clkbuf_0_clk/X (sky130_fd_sc_hd__clkbuf_16)
                                                         clknet_0_clk (net)
                      0.191340    0.005418    0.521941 ^ clkbuf_3_4__f_clk/A (sky130_fd_sc_hd__clkbuf_16)
    11    0.042382    0.096594    0.306758    0.828699 ^ clkbuf_3_4__f_clk/X (sky130_fd_sc_hd__clkbuf_16)
                                                         clknet_3_4__leaf_clk (net)
                      0.096940    0.003514    0.832213 ^ _1412_/CLK (sky130_fd_sc_hd__dfxtp_1)
     2    0.004029    0.057947    0.596377    1.428590 v _1412_/Q (sky130_fd_sc_hd__dfxtp_1)
                                                         net30 (net)
                      0.057947    0.000226    1.428816 v output30/A (sky130_fd_sc_hd__buf_2)
     1    0.034064    0.165428    0.337738    1.766553 v output30/X (sky130_fd_sc_hd__buf_2)
                                                         rdata[19] (net)
                      0.165442    0.001617    1.768170 v rdata[19] (out)
                                              1.768170   data arrival time

                                  0.000000    0.000000   clock clk (rise edge)
                                  0.000000    0.000000   clock network delay (propagated)
                                  0.250000    0.250000   clock uncertainty
                                  0.000000    0.250000   clock reconvergence pessimism
                                 -2.000000   -1.750000   output external delay
                                             -1.750000   data required time
---------------------------------------------------------------------------------------------
                                             -1.750000   data required time
                                             -1.768170   data arrival time
---------------------------------------------------------------------------------------------
                                              3.518170   slack (MET)


Startpoint: _1410_ (rising edge-triggered flip-flop clocked by clk)
Endpoint: rdata[17] (output port clocked by clk)
Path Group: clk
Path Type: min

Fanout         Cap        Slew       Delay        Time   Description
---------------------------------------------------------------------------------------------
                                  0.000000    0.000000   clock clk (rise edge)
                                  0.000000    0.000000   clock source latency
     1    0.026922    0.198405    0.137267    0.137267 ^ clk (in)
                                                         clk (net)
                      0.198433    0.000000    0.137267 ^ clkbuf_0_clk/A (sky130_fd_sc_hd__clkbuf_16)
     8    0.109934    0.191115    0.379256    0.516523 ^ clkbuf_0_clk/X (sky130_fd_sc_hd__clkbuf_16)
                                                         clknet_0_clk (net)
                      0.191340    0.005418    0.521941 ^ clkbuf_3_4__f_clk/A (sky130_fd_sc_hd__clkbuf_16)
    11    0.042382    0.096594    0.306758    0.828699 ^ clkbuf_3_4__f_clk/X (sky130_fd_sc_hd__clkbuf_16)
                                                         clknet_3_4__leaf_clk (net)
                      0.097009    0.004043    0.832742 ^ _1410_/CLK (sky130_fd_sc_hd__dfxtp_1)
     2    0.004109    0.058546    0.597151    1.429893 v _1410_/Q (sky130_fd_sc_hd__dfxtp_1)
                                                         net28 (net)
                      0.058546    0.000157    1.430051 v output28/A (sky130_fd_sc_hd__buf_2)
     1    0.033955    0.164988    0.337680    1.767730 v output28/X (sky130_fd_sc_hd__buf_2)
                                                         rdata[17] (net)
                      0.165001    0.001592    1.769322 v rdata[17] (out)
                                              1.769322   data arrival time

                                  0.000000    0.000000   clock clk (rise edge)
                                  0.000000    0.000000   clock network delay (propagated)
                                  0.250000    0.250000   clock uncertainty
                                  0.000000    0.250000   clock reconvergence pessimism
                                 -2.000000   -1.750000   output external delay
                                             -1.750000   data required time
---------------------------------------------------------------------------------------------
                                             -1.750000   data required time
                                             -1.769322   data arrival time
---------------------------------------------------------------------------------------------
                                              3.519322   slack (MET)


Startpoint: _1396_ (rising edge-triggered flip-flop clocked by clk)
Endpoint: rdata[3] (output port clocked by clk)
Path Group: clk
Path Type: min

Fanout         Cap        Slew       Delay        Time   Description
---------------------------------------------------------------------------------------------
                                  0.000000    0.000000   clock clk (rise edge)
                                  0.000000    0.000000   clock source latency
     1    0.026922    0.198405    0.137267    0.137267 ^ clk (in)
                                                         clk (net)
                      0.198433    0.000000    0.137267 ^ clkbuf_0_clk/A (sky130_fd_sc_hd__clkbuf_16)
     8    0.109934    0.191115    0.379256    0.516523 ^ clkbuf_0_clk/X (sky130_fd_sc_hd__clkbuf_16)
                                                         clknet_0_clk (net)
                      0.192673    0.013782    0.530305 ^ clkbuf_3_2__f_clk/A (sky130_fd_sc_hd__clkbuf_16)
     9    0.040430    0.095363    0.305616    0.835920 ^ clkbuf_3_2__f_clk/X (sky130_fd_sc_hd__clkbuf_16)
                                                         clknet_3_2__leaf_clk (net)
                      0.095460    0.002731    0.838651 ^ _1396_/CLK (sky130_fd_sc_hd__dfxtp_1)
     2    0.003684    0.055320    0.592652    1.431303 v _1396_/Q (sky130_fd_sc_hd__dfxtp_1)
                                                         net45 (net)
                      0.055320    0.000231    1.431535 v output45/A (sky130_fd_sc_hd__buf_2)
     1    0.034125    0.165688    0.336715    1.768250 v output45/X (sky130_fd_sc_hd__buf_2)
                                                         rdata[3] (net)
                      0.165703    0.001641    1.769891 v rdata[3] (out)
                                              1.769891   data arrival time

                                  0.000000    0.000000   clock clk (rise edge)
                                  0.000000    0.000000   clock network delay (propagated)
                                  0.250000    0.250000   clock uncertainty
                                  0.000000    0.250000   clock reconvergence pessimism
                                 -2.000000   -1.750000   output external delay
                                             -1.750000   data required time
---------------------------------------------------------------------------------------------
                                             -1.750000   data required time
                                             -1.769891   data arrival time
---------------------------------------------------------------------------------------------
                                              3.519891   slack (MET)


Startpoint: _1393_ (rising edge-triggered flip-flop clocked by clk)
Endpoint: rdata[0] (output port clocked by clk)
Path Group: clk
Path Type: min

Fanout         Cap        Slew       Delay        Time   Description
---------------------------------------------------------------------------------------------
                                  0.000000    0.000000   clock clk (rise edge)
                                  0.000000    0.000000   clock source latency
     1    0.026922    0.198405    0.137267    0.137267 ^ clk (in)
                                                         clk (net)
                      0.198433    0.000000    0.137267 ^ clkbuf_0_clk/A (sky130_fd_sc_hd__clkbuf_16)
     8    0.109934    0.191115    0.379256    0.516523 ^ clkbuf_0_clk/X (sky130_fd_sc_hd__clkbuf_16)
                                                         clknet_0_clk (net)
                      0.192962    0.014980    0.531502 ^ clkbuf_3_0__f_clk/A (sky130_fd_sc_hd__clkbuf_16)
     9    0.039415    0.093738    0.304840    0.836342 ^ clkbuf_3_0__f_clk/X (sky130_fd_sc_hd__clkbuf_16)
                                                         clknet_3_0__leaf_clk (net)
                      0.093777    0.001796    0.838138 ^ _1393_/CLK (sky130_fd_sc_hd__dfxtp_1)
     2    0.004079    0.058303    0.595345    1.433483 v _1393_/Q (sky130_fd_sc_hd__dfxtp_1)
                                                         net20 (net)
                      0.058303    0.000250    1.433734 v output20/A (sky130_fd_sc_hd__buf_2)
     1    0.034205    0.166008    0.338293    1.772027 v output20/X (sky130_fd_sc_hd__buf_2)
                                                         rdata[0] (net)
                      0.166024    0.001704    1.773731 v rdata[0] (out)
                                              1.773731   data arrival time

                                  0.000000    0.000000   clock clk (rise edge)
                                  0.000000    0.000000   clock network delay (propagated)
                                  0.250000    0.250000   clock uncertainty
                                  0.000000    0.250000   clock reconvergence pessimism
                                 -2.000000   -1.750000   output external delay
                                             -1.750000   data required time
---------------------------------------------------------------------------------------------
                                             -1.750000   data required time
                                             -1.773731   data arrival time
---------------------------------------------------------------------------------------------
                                              3.523731   slack (MET)


Startpoint: _1415_ (rising edge-triggered flip-flop clocked by clk)
Endpoint: rdata[22] (output port clocked by clk)
Path Group: clk
Path Type: min

Fanout         Cap        Slew       Delay        Time   Description
---------------------------------------------------------------------------------------------
                                  0.000000    0.000000   clock clk (rise edge)
                                  0.000000    0.000000   clock source latency
     1    0.026922    0.198405    0.137267    0.137267 ^ clk (in)
                                                         clk (net)
                      0.198433    0.000000    0.137267 ^ clkbuf_0_clk/A (sky130_fd_sc_hd__clkbuf_16)
     8    0.109934    0.191115    0.379256    0.516523 ^ clkbuf_0_clk/X (sky130_fd_sc_hd__clkbuf_16)
                                                         clknet_0_clk (net)
                      0.191932    0.010083    0.526606 ^ clkbuf_3_7__f_clk/A (sky130_fd_sc_hd__clkbuf_16)
    10    0.046182    0.101921    0.311885    0.838491 ^ clkbuf_3_7__f_clk/X (sky130_fd_sc_hd__clkbuf_16)
                                                         clknet_3_7__leaf_clk (net)
                      0.102311    0.005103    0.843593 ^ _1415_/CLK (sky130_fd_sc_hd__dfxtp_1)
     2    0.003519    0.054062    0.594377    1.437970 v _1415_/Q (sky130_fd_sc_hd__dfxtp_1)
                                                         net34 (net)
                      0.054062    0.000224    1.438194 v output34/A (sky130_fd_sc_hd__buf_2)
     1    0.033980    0.165108    0.335699    1.773893 v output34/X (sky130_fd_sc_hd__buf_2)
                                                         rdata[22] (net)
                      0.165121    0.001602    1.775495 v rdata[22] (out)
                                              1.775495   data arrival time

                                  0.000000    0.000000   clock clk (rise edge)
                                  0.000000    0.000000   clock network delay (propagated)
                                  0.250000    0.250000   clock uncertainty
                                  0.000000    0.250000   clock reconvergence pessimism
                                 -2.000000   -1.750000   output external delay
                                             -1.750000   data required time
---------------------------------------------------------------------------------------------
                                             -1.750000   data required time
                                             -1.775495   data arrival time
---------------------------------------------------------------------------------------------
                                              3.525495   slack (MET)


Startpoint: _1413_ (rising edge-triggered flip-flop clocked by clk)
Endpoint: rdata[20] (output port clocked by clk)
Path Group: clk
Path Type: min

Fanout         Cap        Slew       Delay        Time   Description
---------------------------------------------------------------------------------------------
                                  0.000000    0.000000   clock clk (rise edge)
                                  0.000000    0.000000   clock source latency
     1    0.026922    0.198405    0.137267    0.137267 ^ clk (in)
                                                         clk (net)
                      0.198433    0.000000    0.137267 ^ clkbuf_0_clk/A (sky130_fd_sc_hd__clkbuf_16)
     8    0.109934    0.191115    0.379256    0.516523 ^ clkbuf_0_clk/X (sky130_fd_sc_hd__clkbuf_16)
                                                         clknet_0_clk (net)
                      0.191340    0.005418    0.521941 ^ clkbuf_3_4__f_clk/A (sky130_fd_sc_hd__clkbuf_16)
    11    0.042382    0.096594    0.306758    0.828699 ^ clkbuf_3_4__f_clk/X (sky130_fd_sc_hd__clkbuf_16)
                                                         clknet_3_4__leaf_clk (net)
                      0.097183    0.005276    0.833975 ^ _1413_/CLK (sky130_fd_sc_hd__dfxtp_1)
     2    0.004321    0.060178    0.599102    1.433077 v _1413_/Q (sky130_fd_sc_hd__dfxtp_1)
                                                         net32 (net)
                      0.060178    0.000168    1.433244 v output32/A (sky130_fd_sc_hd__buf_2)
     1    0.034653    0.167755    0.340631    1.773875 v output32/X (sky130_fd_sc_hd__buf_2)
                                                         rdata[20] (net)
                      0.167769    0.001640    1.775516 v rdata[20] (out)
                                              1.775516   data arrival time

                                  0.000000    0.000000   clock clk (rise edge)
                                  0.000000    0.000000   clock network delay (propagated)
                                  0.250000    0.250000   clock uncertainty
                                  0.000000    0.250000   clock reconvergence pessimism
                                 -2.000000   -1.750000   output external delay
                                             -1.750000   data required time
---------------------------------------------------------------------------------------------
                                             -1.750000   data required time
                                             -1.775516   data arrival time
---------------------------------------------------------------------------------------------
                                              3.525516   slack (MET)


Startpoint: _1408_ (rising edge-triggered flip-flop clocked by clk)
Endpoint: rdata[15] (output port clocked by clk)
Path Group: clk
Path Type: min

Fanout         Cap        Slew       Delay        Time   Description
---------------------------------------------------------------------------------------------
                                  0.000000    0.000000   clock clk (rise edge)
                                  0.000000    0.000000   clock source latency
     1    0.026922    0.198405    0.137267    0.137267 ^ clk (in)
                                                         clk (net)
                      0.198433    0.000000    0.137267 ^ clkbuf_0_clk/A (sky130_fd_sc_hd__clkbuf_16)
     8    0.109934    0.191115    0.379256    0.516523 ^ clkbuf_0_clk/X (sky130_fd_sc_hd__clkbuf_16)
                                                         clknet_0_clk (net)
                      0.191326    0.005258    0.521781 ^ clkbuf_3_5__f_clk/A (sky130_fd_sc_hd__clkbuf_16)
    14    0.046389    0.102156    0.311297    0.833078 ^ clkbuf_3_5__f_clk/X (sky130_fd_sc_hd__clkbuf_16)
                                                         clknet_3_5__leaf_clk (net)
                      0.102626    0.005728    0.838806 ^ _1408_/CLK (sky130_fd_sc_hd__dfxtp_1)
     2    0.003903    0.056979    0.597906    1.436712 v _1408_/Q (sky130_fd_sc_hd__dfxtp_1)
                                                         net26 (net)
                      0.056979    0.000229    1.436941 v output26/A (sky130_fd_sc_hd__buf_2)
     1    0.033968    0.165044    0.337006    1.773947 v output26/X (sky130_fd_sc_hd__buf_2)
                                                         rdata[15] (net)
                      0.165058    0.001590    1.775537 v rdata[15] (out)
                                              1.775537   data arrival time

                                  0.000000    0.000000   clock clk (rise edge)
                                  0.000000    0.000000   clock network delay (propagated)
                                  0.250000    0.250000   clock uncertainty
                                  0.000000    0.250000   clock reconvergence pessimism
                                 -2.000000   -1.750000   output external delay
                                             -1.750000   data required time
---------------------------------------------------------------------------------------------
                                             -1.750000   data required time
                                             -1.775537   data arrival time
---------------------------------------------------------------------------------------------
                                              3.525537   slack (MET)


Startpoint: _1405_ (rising edge-triggered flip-flop clocked by clk)
Endpoint: rdata[12] (output port clocked by clk)
Path Group: clk
Path Type: min

Fanout         Cap        Slew       Delay        Time   Description
---------------------------------------------------------------------------------------------
                                  0.000000    0.000000   clock clk (rise edge)
                                  0.000000    0.000000   clock source latency
     1    0.026922    0.198405    0.137267    0.137267 ^ clk (in)
                                                         clk (net)
                      0.198433    0.000000    0.137267 ^ clkbuf_0_clk/A (sky130_fd_sc_hd__clkbuf_16)
     8    0.109934    0.191115    0.379256    0.516523 ^ clkbuf_0_clk/X (sky130_fd_sc_hd__clkbuf_16)
                                                         clknet_0_clk (net)
                      0.191326    0.005258    0.521781 ^ clkbuf_3_5__f_clk/A (sky130_fd_sc_hd__clkbuf_16)
    14    0.046389    0.102156    0.311297    0.833078 ^ clkbuf_3_5__f_clk/X (sky130_fd_sc_hd__clkbuf_16)
                                                         clknet_3_5__leaf_clk (net)
                      0.102485    0.004785    0.837863 ^ _1405_/CLK (sky130_fd_sc_hd__dfxtp_1)
     2    0.004172    0.059035    0.600232    1.438095 v _1405_/Q (sky130_fd_sc_hd__dfxtp_1)
                                                         net23 (net)
                      0.059035    0.000155    1.438250 v output23/A (sky130_fd_sc_hd__buf_2)
     1    0.034515    0.167246    0.339581    1.777831 v output23/X (sky130_fd_sc_hd__buf_2)
                                                         rdata[12] (net)
                      0.167263    0.001756    1.779587 v rdata[12] (out)
                                              1.779587   data arrival time

                                  0.000000    0.000000   clock clk (rise edge)
                                  0.000000    0.000000   clock network delay (propagated)
                                  0.250000    0.250000   clock uncertainty
                                  0.000000    0.250000   clock reconvergence pessimism
                                 -2.000000   -1.750000   output external delay
                                             -1.750000   data required time
---------------------------------------------------------------------------------------------
                                             -1.750000   data required time
                                             -1.779587   data arrival time
---------------------------------------------------------------------------------------------
                                              3.529587   slack (MET)


Startpoint: _1407_ (rising edge-triggered flip-flop clocked by clk)
Endpoint: rdata[14] (output port clocked by clk)
Path Group: clk
Path Type: min

Fanout         Cap        Slew       Delay        Time   Description
---------------------------------------------------------------------------------------------
                                  0.000000    0.000000   clock clk (rise edge)
                                  0.000000    0.000000   clock source latency
     1    0.026922    0.198405    0.137267    0.137267 ^ clk (in)
                                                         clk (net)
                      0.198433    0.000000    0.137267 ^ clkbuf_0_clk/A (sky130_fd_sc_hd__clkbuf_16)
     8    0.109934    0.191115    0.379256    0.516523 ^ clkbuf_0_clk/X (sky130_fd_sc_hd__clkbuf_16)
                                                         clknet_0_clk (net)
                      0.191326    0.005258    0.521781 ^ clkbuf_3_5__f_clk/A (sky130_fd_sc_hd__clkbuf_16)
    14    0.046389    0.102156    0.311297    0.833078 ^ clkbuf_3_5__f_clk/X (sky130_fd_sc_hd__clkbuf_16)
                                                         clknet_3_5__leaf_clk (net)
                      0.102613    0.005646    0.838724 ^ _1407_/CLK (sky130_fd_sc_hd__dfxtp_1)
     2    0.004106    0.058505    0.599675    1.438399 v _1407_/Q (sky130_fd_sc_hd__dfxtp_1)
                                                         net25 (net)
                      0.058505    0.000249    1.438648 v output25/A (sky130_fd_sc_hd__buf_2)
     1    0.034643    0.167757    0.339740    1.778388 v output25/X (sky130_fd_sc_hd__buf_2)
                                                         rdata[14] (net)
                      0.167774    0.001757    1.780145 v rdata[14] (out)
                                              1.780145   data arrival time

                                  0.000000    0.000000   clock clk (rise edge)
                                  0.000000    0.000000   clock network delay (propagated)
                                  0.250000    0.250000   clock uncertainty
                                  0.000000    0.250000   clock reconvergence pessimism
                                 -2.000000   -1.750000   output external delay
                                             -1.750000   data required time
---------------------------------------------------------------------------------------------
                                             -1.750000   data required time
                                             -1.780145   data arrival time
---------------------------------------------------------------------------------------------
                                              3.530145   slack (MET)


Startpoint: _1394_ (rising edge-triggered flip-flop clocked by clk)
Endpoint: rdata[1] (output port clocked by clk)
Path Group: clk
Path Type: min

Fanout         Cap        Slew       Delay        Time   Description
---------------------------------------------------------------------------------------------
                                  0.000000    0.000000   clock clk (rise edge)
                                  0.000000    0.000000   clock source latency
     1    0.026922    0.198405    0.137267    0.137267 ^ clk (in)
                                                         clk (net)
                      0.198433    0.000000    0.137267 ^ clkbuf_0_clk/A (sky130_fd_sc_hd__clkbuf_16)
     8    0.109934    0.191115    0.379256    0.516523 ^ clkbuf_0_clk/X (sky130_fd_sc_hd__clkbuf_16)
                                                         clknet_0_clk (net)
                      0.192962    0.014980    0.531502 ^ clkbuf_3_0__f_clk/A (sky130_fd_sc_hd__clkbuf_16)
     9    0.039415    0.093738    0.304840    0.836342 ^ clkbuf_3_0__f_clk/X (sky130_fd_sc_hd__clkbuf_16)
                                                         clknet_3_0__leaf_clk (net)
                      0.093787    0.001976    0.838319 ^ _1394_/CLK (sky130_fd_sc_hd__dfxtp_1)
     2    0.004673    0.062859    0.600156    1.438475 v _1394_/Q (sky130_fd_sc_hd__dfxtp_1)
                                                         net31 (net)
                      0.062859    0.000214    1.438688 v output31/A (sky130_fd_sc_hd__buf_2)
     1    0.034163    0.165802    0.340286    1.778974 v output31/X (sky130_fd_sc_hd__buf_2)
                                                         rdata[1] (net)
                      0.165817    0.001648    1.780622 v rdata[1] (out)
                                              1.780622   data arrival time

                                  0.000000    0.000000   clock clk (rise edge)
                                  0.000000    0.000000   clock network delay (propagated)
                                  0.250000    0.250000   clock uncertainty
                                  0.000000    0.250000   clock reconvergence pessimism
                                 -2.000000   -1.750000   output external delay
                                             -1.750000   data required time
---------------------------------------------------------------------------------------------
                                             -1.750000   data required time
                                             -1.780622   data arrival time
---------------------------------------------------------------------------------------------
                                              3.530622   slack (MET)


Startpoint: _1395_ (rising edge-triggered flip-flop clocked by clk)
Endpoint: rdata[2] (output port clocked by clk)
Path Group: clk
Path Type: min

Fanout         Cap        Slew       Delay        Time   Description
---------------------------------------------------------------------------------------------
                                  0.000000    0.000000   clock clk (rise edge)
                                  0.000000    0.000000   clock source latency
     1    0.026922    0.198405    0.137267    0.137267 ^ clk (in)
                                                         clk (net)
                      0.198433    0.000000    0.137267 ^ clkbuf_0_clk/A (sky130_fd_sc_hd__clkbuf_16)
     8    0.109934    0.191115    0.379256    0.516523 ^ clkbuf_0_clk/X (sky130_fd_sc_hd__clkbuf_16)
                                                         clknet_0_clk (net)
                      0.192673    0.013782    0.530305 ^ clkbuf_3_2__f_clk/A (sky130_fd_sc_hd__clkbuf_16)
     9    0.040430    0.095363    0.305616    0.835920 ^ clkbuf_3_2__f_clk/X (sky130_fd_sc_hd__clkbuf_16)
                                                         clknet_3_2__leaf_clk (net)
                      0.095472    0.002867    0.838788 ^ _1395_/CLK (sky130_fd_sc_hd__dfxtp_1)
     2    0.004584    0.062186    0.600294    1.439082 v _1395_/Q (sky130_fd_sc_hd__dfxtp_1)
                                                         net42 (net)
                      0.062186    0.000271    1.439353 v output42/A (sky130_fd_sc_hd__buf_2)
     1    0.034221    0.166034    0.340163    1.779516 v output42/X (sky130_fd_sc_hd__buf_2)
                                                         rdata[2] (net)
                      0.166048    0.001645    1.781160 v rdata[2] (out)
                                              1.781160   data arrival time

                                  0.000000    0.000000   clock clk (rise edge)
                                  0.000000    0.000000   clock network delay (propagated)
                                  0.250000    0.250000   clock uncertainty
                                  0.000000    0.250000   clock reconvergence pessimism
                                 -2.000000   -1.750000   output external delay
                                             -1.750000   data required time
---------------------------------------------------------------------------------------------
                                             -1.750000   data required time
                                             -1.781160   data arrival time
---------------------------------------------------------------------------------------------
                                              3.531160   slack (MET)


Startpoint: _1414_ (rising edge-triggered flip-flop clocked by clk)
Endpoint: rdata[21] (output port clocked by clk)
Path Group: clk
Path Type: min

Fanout         Cap        Slew       Delay        Time   Description
---------------------------------------------------------------------------------------------
                                  0.000000    0.000000   clock clk (rise edge)
                                  0.000000    0.000000   clock source latency
     1    0.026922    0.198405    0.137267    0.137267 ^ clk (in)
                                                         clk (net)
                      0.198433    0.000000    0.137267 ^ clkbuf_0_clk/A (sky130_fd_sc_hd__clkbuf_16)
     8    0.109934    0.191115    0.379256    0.516523 ^ clkbuf_0_clk/X (sky130_fd_sc_hd__clkbuf_16)
                                                         clknet_0_clk (net)
                      0.191932    0.010083    0.526606 ^ clkbuf_3_7__f_clk/A (sky130_fd_sc_hd__clkbuf_16)
    10    0.046182    0.101921    0.311885    0.838491 ^ clkbuf_3_7__f_clk/X (sky130_fd_sc_hd__clkbuf_16)
                                                         clknet_3_7__leaf_clk (net)
                      0.102316    0.005139    0.843629 ^ _1414_/CLK (sky130_fd_sc_hd__dfxtp_1)
     2    0.003900    0.056954    0.597730    1.441359 v _1414_/Q (sky130_fd_sc_hd__dfxtp_1)
                                                         net33 (net)
                      0.056954    0.000221    1.441580 v output33/A (sky130_fd_sc_hd__buf_2)
     1    0.034376    0.166698    0.338197    1.779777 v output33/X (sky130_fd_sc_hd__buf_2)
                                                         rdata[21] (net)
                      0.166714    0.001730    1.781507 v rdata[21] (out)
                                              1.781507   data arrival time

                                  0.000000    0.000000   clock clk (rise edge)
                                  0.000000    0.000000   clock network delay (propagated)
                                  0.250000    0.250000   clock uncertainty
                                  0.000000    0.250000   clock reconvergence pessimism
                                 -2.000000   -1.750000   output external delay
                                             -1.750000   data required time
---------------------------------------------------------------------------------------------
                                             -1.750000   data required time
                                             -1.781507   data arrival time
---------------------------------------------------------------------------------------------
                                              3.531507   slack (MET)


Startpoint: _1402_ (rising edge-triggered flip-flop clocked by clk)
Endpoint: rdata[9] (output port clocked by clk)
Path Group: clk
Path Type: min

Fanout         Cap        Slew       Delay        Time   Description
---------------------------------------------------------------------------------------------
                                  0.000000    0.000000   clock clk (rise edge)
                                  0.000000    0.000000   clock source latency
     1    0.026922    0.198405    0.137267    0.137267 ^ clk (in)
                                                         clk (net)
                      0.198433    0.000000    0.137267 ^ clkbuf_0_clk/A (sky130_fd_sc_hd__clkbuf_16)
     8    0.109934    0.191115    0.379256    0.516523 ^ clkbuf_0_clk/X (sky130_fd_sc_hd__clkbuf_16)
                                                         clknet_0_clk (net)
                      0.191340    0.005418    0.521941 ^ clkbuf_3_4__f_clk/A (sky130_fd_sc_hd__clkbuf_16)
    11    0.042382    0.096594    0.306758    0.828699 ^ clkbuf_3_4__f_clk/X (sky130_fd_sc_hd__clkbuf_16)
                                                         clknet_3_4__leaf_clk (net)
                      0.096914    0.003303    0.832002 ^ _1402_/CLK (sky130_fd_sc_hd__dfxtp_1)
     2    0.005317    0.067804    0.606031    1.438032 v _1402_/Q (sky130_fd_sc_hd__dfxtp_1)
                                                         net51 (net)
                      0.067804    0.000323    1.438355 v output51/A (sky130_fd_sc_hd__buf_2)
     1    0.033969    0.164997    0.341968    1.780324 v output51/X (sky130_fd_sc_hd__buf_2)
                                                         rdata[9] (net)
                      0.165011    0.001590    1.781914 v rdata[9] (out)
                                              1.781914   data arrival time

                                  0.000000    0.000000   clock clk (rise edge)
                                  0.000000    0.000000   clock network delay (propagated)
                                  0.250000    0.250000   clock uncertainty
                                  0.000000    0.250000   clock reconvergence pessimism
                                 -2.000000   -1.750000   output external delay
                                             -1.750000   data required time
---------------------------------------------------------------------------------------------
                                             -1.750000   data required time
                                             -1.781914   data arrival time
---------------------------------------------------------------------------------------------
                                              3.531914   slack (MET)


Startpoint: _1409_ (rising edge-triggered flip-flop clocked by clk)
Endpoint: rdata[16] (output port clocked by clk)
Path Group: clk
Path Type: min

Fanout         Cap        Slew       Delay        Time   Description
---------------------------------------------------------------------------------------------
                                  0.000000    0.000000   clock clk (rise edge)
                                  0.000000    0.000000   clock source latency
     1    0.026922    0.198405    0.137267    0.137267 ^ clk (in)
                                                         clk (net)
                      0.198433    0.000000    0.137267 ^ clkbuf_0_clk/A (sky130_fd_sc_hd__clkbuf_16)
     8    0.109934    0.191115    0.379256    0.516523 ^ clkbuf_0_clk/X (sky130_fd_sc_hd__clkbuf_16)
                                                         clknet_0_clk (net)
                      0.191326    0.005258    0.521781 ^ clkbuf_3_5__f_clk/A (sky130_fd_sc_hd__clkbuf_16)
    14    0.046389    0.102156    0.311297    0.833078 ^ clkbuf_3_5__f_clk/X (sky130_fd_sc_hd__clkbuf_16)
                                                         clknet_3_5__leaf_clk (net)
                      0.102634    0.005780    0.838858 ^ _1409_/CLK (sky130_fd_sc_hd__dfxtp_1)
     2    0.004328    0.060229    0.601687    1.440545 v _1409_/Q (sky130_fd_sc_hd__dfxtp_1)
                                                         net27 (net)
                      0.060229    0.000168    1.440713 v output27/A (sky130_fd_sc_hd__buf_2)
     1    0.034648    0.167734    0.340642    1.781356 v output27/X (sky130_fd_sc_hd__buf_2)
                                                         rdata[16] (net)
                      0.167748    0.001638    1.782994 v rdata[16] (out)
                                              1.782994   data arrival time

                                  0.000000    0.000000   clock clk (rise edge)
                                  0.000000    0.000000   clock network delay (propagated)
                                  0.250000    0.250000   clock uncertainty
                                  0.000000    0.250000   clock reconvergence pessimism
                                 -2.000000   -1.750000   output external delay
                                             -1.750000   data required time
---------------------------------------------------------------------------------------------
                                             -1.750000   data required time
                                             -1.782994   data arrival time
---------------------------------------------------------------------------------------------
                                              3.532994   slack (MET)


Startpoint: _1417_ (rising edge-triggered flip-flop clocked by clk)
Endpoint: rdata[24] (output port clocked by clk)
Path Group: clk
Path Type: min

Fanout         Cap        Slew       Delay        Time   Description
---------------------------------------------------------------------------------------------
                                  0.000000    0.000000   clock clk (rise edge)
                                  0.000000    0.000000   clock source latency
     1    0.026922    0.198405    0.137267    0.137267 ^ clk (in)
                                                         clk (net)
                      0.198433    0.000000    0.137267 ^ clkbuf_0_clk/A (sky130_fd_sc_hd__clkbuf_16)
     8    0.109934    0.191115    0.379256    0.516523 ^ clkbuf_0_clk/X (sky130_fd_sc_hd__clkbuf_16)
                                                         clknet_0_clk (net)
                      0.191340    0.005418    0.521941 ^ clkbuf_3_4__f_clk/A (sky130_fd_sc_hd__clkbuf_16)
    11    0.042382    0.096594    0.306758    0.828699 ^ clkbuf_3_4__f_clk/X (sky130_fd_sc_hd__clkbuf_16)
                                                         clknet_3_4__leaf_clk (net)
                      0.097161    0.005131    0.833830 ^ _1417_/CLK (sky130_fd_sc_hd__dfxtp_1)
     2    0.005241    0.067207    0.605658    1.439488 v _1417_/Q (sky130_fd_sc_hd__dfxtp_1)
                                                         net36 (net)
                      0.067207    0.000206    1.439694 v output36/A (sky130_fd_sc_hd__buf_2)
     1    0.034144    0.165709    0.342208    1.781902 v output36/X (sky130_fd_sc_hd__buf_2)
                                                         rdata[24] (net)
                      0.165724    0.001656    1.783558 v rdata[24] (out)
                                              1.783558   data arrival time

                                  0.000000    0.000000   clock clk (rise edge)
                                  0.000000    0.000000   clock network delay (propagated)
                                  0.250000    0.250000   clock uncertainty
                                  0.000000    0.250000   clock reconvergence pessimism
                                 -2.000000   -1.750000   output external delay
                                             -1.750000   data required time
---------------------------------------------------------------------------------------------
                                             -1.750000   data required time
                                             -1.783558   data arrival time
---------------------------------------------------------------------------------------------
                                              3.533558   slack (MET)


Startpoint: _1401_ (rising edge-triggered flip-flop clocked by clk)
Endpoint: rdata[8] (output port clocked by clk)
Path Group: clk
Path Type: min

Fanout         Cap        Slew       Delay        Time   Description
---------------------------------------------------------------------------------------------
                                  0.000000    0.000000   clock clk (rise edge)
                                  0.000000    0.000000   clock source latency
     1    0.026922    0.198405    0.137267    0.137267 ^ clk (in)
                                                         clk (net)
                      0.198433    0.000000    0.137267 ^ clkbuf_0_clk/A (sky130_fd_sc_hd__clkbuf_16)
     8    0.109934    0.191115    0.379256    0.516523 ^ clkbuf_0_clk/X (sky130_fd_sc_hd__clkbuf_16)
                                                         clknet_0_clk (net)
                      0.191919    0.010008    0.526531 ^ clkbuf_3_6__f_clk/A (sky130_fd_sc_hd__clkbuf_16)
    14    0.047574    0.103853    0.313418    0.839949 ^ clkbuf_3_6__f_clk/X (sky130_fd_sc_hd__clkbuf_16)
                                                         clknet_3_6__leaf_clk (net)
                      0.103993    0.003247    0.843196 ^ _1401_/CLK (sky130_fd_sc_hd__dfxtp_1)
     2    0.004023    0.057887    0.599622    1.442818 v _1401_/Q (sky130_fd_sc_hd__dfxtp_1)
                                                         net50 (net)
                      0.057887    0.000190    1.443007 v output50/A (sky130_fd_sc_hd__buf_2)
     1    0.034869    0.168660    0.340169    1.783177 v output50/X (sky130_fd_sc_hd__buf_2)
                                                         rdata[8] (net)
                      0.168677    0.001774    1.784951 v rdata[8] (out)
                                              1.784951   data arrival time

                                  0.000000    0.000000   clock clk (rise edge)
                                  0.000000    0.000000   clock network delay (propagated)
                                  0.250000    0.250000   clock uncertainty
                                  0.000000    0.250000   clock reconvergence pessimism
                                 -2.000000   -1.750000   output external delay
                                             -1.750000   data required time
---------------------------------------------------------------------------------------------
                                             -1.750000   data required time
                                             -1.784951   data arrival time
---------------------------------------------------------------------------------------------
                                              3.534951   slack (MET)


Startpoint: _1421_ (rising edge-triggered flip-flop clocked by clk)
Endpoint: rdata[28] (output port clocked by clk)
Path Group: clk
Path Type: min

Fanout         Cap        Slew       Delay        Time   Description
---------------------------------------------------------------------------------------------
                                  0.000000    0.000000   clock clk (rise edge)
                                  0.000000    0.000000   clock source latency
     1    0.026922    0.198405    0.137267    0.137267 ^ clk (in)
                                                         clk (net)
                      0.198433    0.000000    0.137267 ^ clkbuf_0_clk/A (sky130_fd_sc_hd__clkbuf_16)
     8    0.109934    0.191115    0.379256    0.516523 ^ clkbuf_0_clk/X (sky130_fd_sc_hd__clkbuf_16)
                                                         clknet_0_clk (net)
                      0.191919    0.010008    0.526531 ^ clkbuf_3_6__f_clk/A (sky130_fd_sc_hd__clkbuf_16)
    14    0.047574    0.103853    0.313418    0.839949 ^ clkbuf_3_6__f_clk/X (sky130_fd_sc_hd__clkbuf_16)
                                                         clknet_3_6__leaf_clk (net)
                      0.104048    0.003786    0.843735 ^ _1421_/CLK (sky130_fd_sc_hd__dfxtp_1)
     2    0.004135    0.058750    0.600632    1.444367 v _1421_/Q (sky130_fd_sc_hd__dfxtp_1)
                                                         net40 (net)
                      0.058750    0.000194    1.444561 v output40/A (sky130_fd_sc_hd__buf_2)
     1    0.034638    0.167728    0.339857    1.784418 v output40/X (sky130_fd_sc_hd__buf_2)
                                                         rdata[28] (net)
                      0.167744    0.001728    1.786147 v rdata[28] (out)
                                              1.786147   data arrival time

                                  0.000000    0.000000   clock clk (rise edge)
                                  0.000000    0.000000   clock network delay (propagated)
                                  0.250000    0.250000   clock uncertainty
                                  0.000000    0.250000   clock reconvergence pessimism
                                 -2.000000   -1.750000   output external delay
                                             -1.750000   data required time
---------------------------------------------------------------------------------------------
                                             -1.750000   data required time
                                             -1.786147   data arrival time
---------------------------------------------------------------------------------------------
                                              3.536147   slack (MET)


Startpoint: _1406_ (rising edge-triggered flip-flop clocked by clk)
Endpoint: rdata[13] (output port clocked by clk)
Path Group: clk
Path Type: min

Fanout         Cap        Slew       Delay        Time   Description
---------------------------------------------------------------------------------------------
                                  0.000000    0.000000   clock clk (rise edge)
                                  0.000000    0.000000   clock source latency
     1    0.026922    0.198405    0.137267    0.137267 ^ clk (in)
                                                         clk (net)
                      0.198433    0.000000    0.137267 ^ clkbuf_0_clk/A (sky130_fd_sc_hd__clkbuf_16)
     8    0.109934    0.191115    0.379256    0.516523 ^ clkbuf_0_clk/X (sky130_fd_sc_hd__clkbuf_16)
                                                         clknet_0_clk (net)
                      0.191326    0.005258    0.521781 ^ clkbuf_3_5__f_clk/A (sky130_fd_sc_hd__clkbuf_16)
    14    0.046389    0.102156    0.311297    0.833078 ^ clkbuf_3_5__f_clk/X (sky130_fd_sc_hd__clkbuf_16)
                                                         clknet_3_5__leaf_clk (net)
                      0.102566    0.005342    0.838420 ^ _1406_/CLK (sky130_fd_sc_hd__dfxtp_1)
     2    0.004737    0.063338    0.604618    1.443038 v _1406_/Q (sky130_fd_sc_hd__dfxtp_1)
                                                         net24 (net)
                      0.063338    0.000371    1.443409 v output24/A (sky130_fd_sc_hd__buf_2)
     1    0.034770    0.168216    0.342423    1.785832 v output24/X (sky130_fd_sc_hd__buf_2)
                                                         rdata[13] (net)
                      0.168231    0.001687    1.787518 v rdata[13] (out)
                                              1.787518   data arrival time

                                  0.000000    0.000000   clock clk (rise edge)
                                  0.000000    0.000000   clock network delay (propagated)
                                  0.250000    0.250000   clock uncertainty
                                  0.000000    0.250000   clock reconvergence pessimism
                                 -2.000000   -1.750000   output external delay
                                             -1.750000   data required time
---------------------------------------------------------------------------------------------
                                             -1.750000   data required time
                                             -1.787518   data arrival time
---------------------------------------------------------------------------------------------
                                              3.537518   slack (MET)


Startpoint: _1416_ (rising edge-triggered flip-flop clocked by clk)
Endpoint: rdata[23] (output port clocked by clk)
Path Group: clk
Path Type: min

Fanout         Cap        Slew       Delay        Time   Description
---------------------------------------------------------------------------------------------
                                  0.000000    0.000000   clock clk (rise edge)
                                  0.000000    0.000000   clock source latency
     1    0.026922    0.198405    0.137267    0.137267 ^ clk (in)
                                                         clk (net)
                      0.198433    0.000000    0.137267 ^ clkbuf_0_clk/A (sky130_fd_sc_hd__clkbuf_16)
     8    0.109934    0.191115    0.379256    0.516523 ^ clkbuf_0_clk/X (sky130_fd_sc_hd__clkbuf_16)
                                                         clknet_0_clk (net)
                      0.191932    0.010083    0.526606 ^ clkbuf_3_7__f_clk/A (sky130_fd_sc_hd__clkbuf_16)
    10    0.046182    0.101921    0.311885    0.838491 ^ clkbuf_3_7__f_clk/X (sky130_fd_sc_hd__clkbuf_16)
                                                         clknet_3_7__leaf_clk (net)
                      0.102128    0.003611    0.842102 ^ _1416_/CLK (sky130_fd_sc_hd__dfxtp_1)
     2    0.004485    0.061446    0.602698    1.444800 v _1416_/Q (sky130_fd_sc_hd__dfxtp_1)
                                                         net35 (net)
                      0.061446    0.000255    1.445055 v output35/A (sky130_fd_sc_hd__buf_2)
     1    0.034642    0.167729    0.341104    1.786159 v output35/X (sky130_fd_sc_hd__buf_2)
                                                         rdata[23] (net)
                      0.167746    0.001728    1.787888 v rdata[23] (out)
                                              1.787888   data arrival time

                                  0.000000    0.000000   clock clk (rise edge)
                                  0.000000    0.000000   clock network delay (propagated)
                                  0.250000    0.250000   clock uncertainty
                                  0.000000    0.250000   clock reconvergence pessimism
                                 -2.000000   -1.750000   output external delay
                                             -1.750000   data required time
---------------------------------------------------------------------------------------------
                                             -1.750000   data required time
                                             -1.787888   data arrival time
---------------------------------------------------------------------------------------------
                                              3.537887   slack (MET)


Startpoint: _1419_ (rising edge-triggered flip-flop clocked by clk)
Endpoint: rdata[26] (output port clocked by clk)
Path Group: clk
Path Type: min

Fanout         Cap        Slew       Delay        Time   Description
---------------------------------------------------------------------------------------------
                                  0.000000    0.000000   clock clk (rise edge)
                                  0.000000    0.000000   clock source latency
     1    0.026922    0.198405    0.137267    0.137267 ^ clk (in)
                                                         clk (net)
                      0.198433    0.000000    0.137267 ^ clkbuf_0_clk/A (sky130_fd_sc_hd__clkbuf_16)
     8    0.109934    0.191115    0.379256    0.516523 ^ clkbuf_0_clk/X (sky130_fd_sc_hd__clkbuf_16)
                                                         clknet_0_clk (net)
                      0.191919    0.010008    0.526531 ^ clkbuf_3_6__f_clk/A (sky130_fd_sc_hd__clkbuf_16)
    14    0.047574    0.103853    0.313418    0.839949 ^ clkbuf_3_6__f_clk/X (sky130_fd_sc_hd__clkbuf_16)
                                                         clknet_3_6__leaf_clk (net)
                      0.103990    0.003220    0.843170 ^ _1419_/CLK (sky130_fd_sc_hd__dfxtp_1)
     2    0.004555    0.061964    0.604067    1.447237 v _1419_/Q (sky130_fd_sc_hd__dfxtp_1)
                                                         net38 (net)
                      0.061964    0.000217    1.447455 v output38/A (sky130_fd_sc_hd__buf_2)
     1    0.034642    0.167727    0.341342    1.788796 v output38/X (sky130_fd_sc_hd__buf_2)
                                                         rdata[26] (net)
                      0.167743    0.001728    1.790524 v rdata[26] (out)
                                              1.790524   data arrival time

                                  0.000000    0.000000   clock clk (rise edge)
                                  0.000000    0.000000   clock network delay (propagated)
                                  0.250000    0.250000   clock uncertainty
                                  0.000000    0.250000   clock reconvergence pessimism
                                 -2.000000   -1.750000   output external delay
                                             -1.750000   data required time
---------------------------------------------------------------------------------------------
                                             -1.750000   data required time
                                             -1.790524   data arrival time
---------------------------------------------------------------------------------------------
                                              3.540524   slack (MET)


Startpoint: _1398_ (rising edge-triggered flip-flop clocked by clk)
Endpoint: rdata[5] (output port clocked by clk)
Path Group: clk
Path Type: min

Fanout         Cap        Slew       Delay        Time   Description
---------------------------------------------------------------------------------------------
                                  0.000000    0.000000   clock clk (rise edge)
                                  0.000000    0.000000   clock source latency
     1    0.026922    0.198405    0.137267    0.137267 ^ clk (in)
                                                         clk (net)
                      0.198433    0.000000    0.137267 ^ clkbuf_0_clk/A (sky130_fd_sc_hd__clkbuf_16)
     8    0.109934    0.191115    0.379256    0.516523 ^ clkbuf_0_clk/X (sky130_fd_sc_hd__clkbuf_16)
                                                         clknet_0_clk (net)
                      0.192673    0.013782    0.530305 ^ clkbuf_3_2__f_clk/A (sky130_fd_sc_hd__clkbuf_16)
     9    0.040430    0.095363    0.305616    0.835920 ^ clkbuf_3_2__f_clk/X (sky130_fd_sc_hd__clkbuf_16)
                                                         clknet_3_2__leaf_clk (net)
                      0.095432    0.002350    0.838271 ^ _1398_/CLK (sky130_fd_sc_hd__dfxtp_1)
     2    0.005506    0.069278    0.606609    1.444879 v _1398_/Q (sky130_fd_sc_hd__dfxtp_1)
                                                         net47 (net)
                      0.069278    0.000399    1.445279 v output47/A (sky130_fd_sc_hd__buf_2)
     1    0.034297    0.166323    0.343599    1.788877 v output47/X (sky130_fd_sc_hd__buf_2)
                                                         rdata[5] (net)
                      0.166339    0.001728    1.790606 v rdata[5] (out)
                                              1.790606   data arrival time

                                  0.000000    0.000000   clock clk (rise edge)
                                  0.000000    0.000000   clock network delay (propagated)
                                  0.250000    0.250000   clock uncertainty
                                  0.000000    0.250000   clock reconvergence pessimism
                                 -2.000000   -1.750000   output external delay
                                             -1.750000   data required time
---------------------------------------------------------------------------------------------
                                             -1.750000   data required time
                                             -1.790606   data arrival time
---------------------------------------------------------------------------------------------
                                              3.540606   slack (MET)


Startpoint: _1423_ (rising edge-triggered flip-flop clocked by clk)
Endpoint: rdata[30] (output port clocked by clk)
Path Group: clk
Path Type: min

Fanout         Cap        Slew       Delay        Time   Description
---------------------------------------------------------------------------------------------
                                  0.000000    0.000000   clock clk (rise edge)
                                  0.000000    0.000000   clock source latency
     1    0.026922    0.198405    0.137267    0.137267 ^ clk (in)
                                                         clk (net)
                      0.198433    0.000000    0.137267 ^ clkbuf_0_clk/A (sky130_fd_sc_hd__clkbuf_16)
     8    0.109934    0.191115    0.379256    0.516523 ^ clkbuf_0_clk/X (sky130_fd_sc_hd__clkbuf_16)
                                                         clknet_0_clk (net)
                      0.192403    0.012564    0.529087 ^ clkbuf_3_3__f_clk/A (sky130_fd_sc_hd__clkbuf_16)
     7    0.040847    0.095342    0.306110    0.835196 ^ clkbuf_3_3__f_clk/X (sky130_fd_sc_hd__clkbuf_16)
                                                         clknet_3_3__leaf_clk (net)
                      0.095463    0.002958    0.838155 ^ _1423_/CLK (sky130_fd_sc_hd__dfxtp_1)
     2    0.005443    0.068780    0.606229    1.444384 v _1423_/Q (sky130_fd_sc_hd__dfxtp_1)
                                                         net43 (net)
                      0.068780    0.000310    1.444694 v output43/A (sky130_fd_sc_hd__buf_2)
     1    0.034642    0.167695    0.344465    1.789159 v output43/X (sky130_fd_sc_hd__buf_2)
                                                         rdata[30] (net)
                      0.167711    0.001728    1.790887 v rdata[30] (out)
                                              1.790887   data arrival time

                                  0.000000    0.000000   clock clk (rise edge)
                                  0.000000    0.000000   clock network delay (propagated)
                                  0.250000    0.250000   clock uncertainty
                                  0.000000    0.250000   clock reconvergence pessimism
                                 -2.000000   -1.750000   output external delay
                                             -1.750000   data required time
---------------------------------------------------------------------------------------------
                                             -1.750000   data required time
                                             -1.790887   data arrival time
---------------------------------------------------------------------------------------------
                                              3.540887   slack (MET)


Startpoint: _1422_ (rising edge-triggered flip-flop clocked by clk)
Endpoint: rdata[29] (output port clocked by clk)
Path Group: clk
Path Type: min

Fanout         Cap        Slew       Delay        Time   Description
---------------------------------------------------------------------------------------------
                                  0.000000    0.000000   clock clk (rise edge)
                                  0.000000    0.000000   clock source latency
     1    0.026922    0.198405    0.137267    0.137267 ^ clk (in)
                                                         clk (net)
                      0.198433    0.000000    0.137267 ^ clkbuf_0_clk/A (sky130_fd_sc_hd__clkbuf_16)
     8    0.109934    0.191115    0.379256    0.516523 ^ clkbuf_0_clk/X (sky130_fd_sc_hd__clkbuf_16)
                                                         clknet_0_clk (net)
                      0.191919    0.010008    0.526531 ^ clkbuf_3_6__f_clk/A (sky130_fd_sc_hd__clkbuf_16)
    14    0.047574    0.103853    0.313418    0.839949 ^ clkbuf_3_6__f_clk/X (sky130_fd_sc_hd__clkbuf_16)
                                                         clknet_3_6__leaf_clk (net)
                      0.104115    0.004362    0.844312 ^ _1422_/CLK (sky130_fd_sc_hd__dfxtp_1)
     2    0.004468    0.061317    0.603503    1.447815 v _1422_/Q (sky130_fd_sc_hd__dfxtp_1)
                                                         net41 (net)
                      0.061317    0.000267    1.448082 v output41/A (sky130_fd_sc_hd__buf_2)
     1    0.034692    0.167930    0.341203    1.789285 v output41/X (sky130_fd_sc_hd__buf_2)
                                                         rdata[29] (net)
                      0.167947    0.001731    1.791016 v rdata[29] (out)
                                              1.791016   data arrival time

                                  0.000000    0.000000   clock clk (rise edge)
                                  0.000000    0.000000   clock network delay (propagated)
                                  0.250000    0.250000   clock uncertainty
                                  0.000000    0.250000   clock reconvergence pessimism
                                 -2.000000   -1.750000   output external delay
                                             -1.750000   data required time
---------------------------------------------------------------------------------------------
                                             -1.750000   data required time
                                             -1.791016   data arrival time
---------------------------------------------------------------------------------------------
                                              3.541016   slack (MET)


Startpoint: _1403_ (rising edge-triggered flip-flop clocked by clk)
Endpoint: rdata[10] (output port clocked by clk)
Path Group: clk
Path Type: min

Fanout         Cap        Slew       Delay        Time   Description
---------------------------------------------------------------------------------------------
                                  0.000000    0.000000   clock clk (rise edge)
                                  0.000000    0.000000   clock source latency
     1    0.026922    0.198405    0.137267    0.137267 ^ clk (in)
                                                         clk (net)
                      0.198433    0.000000    0.137267 ^ clkbuf_0_clk/A (sky130_fd_sc_hd__clkbuf_16)
     8    0.109934    0.191115    0.379256    0.516523 ^ clkbuf_0_clk/X (sky130_fd_sc_hd__clkbuf_16)
                                                         clknet_0_clk (net)
                      0.191326    0.005258    0.521781 ^ clkbuf_3_5__f_clk/A (sky130_fd_sc_hd__clkbuf_16)
    14    0.046389    0.102156    0.311297    0.833078 ^ clkbuf_3_5__f_clk/X (sky130_fd_sc_hd__clkbuf_16)
                                                         clknet_3_5__leaf_clk (net)
                      0.102621    0.005698    0.838776 ^ _1403_/CLK (sky130_fd_sc_hd__dfxtp_1)
     2    0.004951    0.064961    0.606134    1.444910 v _1403_/Q (sky130_fd_sc_hd__dfxtp_1)
                                                         net21 (net)
                      0.064961    0.000312    1.445222 v output21/A (sky130_fd_sc_hd__buf_2)
     1    0.035134    0.169705    0.344181    1.789403 v output21/X (sky130_fd_sc_hd__buf_2)
                                                         rdata[10] (net)
                      0.169725    0.001893    1.791297 v rdata[10] (out)
                                              1.791297   data arrival time

                                  0.000000    0.000000   clock clk (rise edge)
                                  0.000000    0.000000   clock network delay (propagated)
                                  0.250000    0.250000   clock uncertainty
                                  0.000000    0.250000   clock reconvergence pessimism
                                 -2.000000   -1.750000   output external delay
                                             -1.750000   data required time
---------------------------------------------------------------------------------------------
                                             -1.750000   data required time
                                             -1.791297   data arrival time
---------------------------------------------------------------------------------------------
                                              3.541297   slack (MET)


Startpoint: _1397_ (rising edge-triggered flip-flop clocked by clk)
Endpoint: rdata[4] (output port clocked by clk)
Path Group: clk
Path Type: min

Fanout         Cap        Slew       Delay        Time   Description
---------------------------------------------------------------------------------------------
                                  0.000000    0.000000   clock clk (rise edge)
                                  0.000000    0.000000   clock source latency
     1    0.026922    0.198405    0.137267    0.137267 ^ clk (in)
                                                         clk (net)
                      0.198433    0.000000    0.137267 ^ clkbuf_0_clk/A (sky130_fd_sc_hd__clkbuf_16)
     8    0.109934    0.191115    0.379256    0.516523 ^ clkbuf_0_clk/X (sky130_fd_sc_hd__clkbuf_16)
                                                         clknet_0_clk (net)
                      0.192673    0.013782    0.530305 ^ clkbuf_3_2__f_clk/A (sky130_fd_sc_hd__clkbuf_16)
     9    0.040430    0.095363    0.305616    0.835920 ^ clkbuf_3_2__f_clk/X (sky130_fd_sc_hd__clkbuf_16)
                                                         clknet_3_2__leaf_clk (net)
                      0.095500    0.003168    0.839089 ^ _1397_/CLK (sky130_fd_sc_hd__dfxtp_1)
     2    0.005680    0.070602    0.607929    1.447018 v _1397_/Q (sky130_fd_sc_hd__dfxtp_1)
                                                         net46 (net)
                      0.070602    0.000235    1.447253 v output46/A (sky130_fd_sc_hd__buf_2)
     1    0.034133    0.165661    0.343696    1.790949 v output46/X (sky130_fd_sc_hd__buf_2)
                                                         rdata[4] (net)
                      0.165676    0.001702    1.792651 v rdata[4] (out)
                                              1.792651   data arrival time

                                  0.000000    0.000000   clock clk (rise edge)
                                  0.000000    0.000000   clock network delay (propagated)
                                  0.250000    0.250000   clock uncertainty
                                  0.000000    0.250000   clock reconvergence pessimism
                                 -2.000000   -1.750000   output external delay
                                             -1.750000   data required time
---------------------------------------------------------------------------------------------
                                             -1.750000   data required time
                                             -1.792651   data arrival time
---------------------------------------------------------------------------------------------
                                              3.542651   slack (MET)


Startpoint: _1424_ (rising edge-triggered flip-flop clocked by clk)
Endpoint: rdata[31] (output port clocked by clk)
Path Group: clk
Path Type: min

Fanout         Cap        Slew       Delay        Time   Description
---------------------------------------------------------------------------------------------
                                  0.000000    0.000000   clock clk (rise edge)
                                  0.000000    0.000000   clock source latency
     1    0.026922    0.198405    0.137267    0.137267 ^ clk (in)
                                                         clk (net)
                      0.198433    0.000000    0.137267 ^ clkbuf_0_clk/A (sky130_fd_sc_hd__clkbuf_16)
     8    0.109934    0.191115    0.379256    0.516523 ^ clkbuf_0_clk/X (sky130_fd_sc_hd__clkbuf_16)
                                                         clknet_0_clk (net)
                      0.192403    0.012564    0.529087 ^ clkbuf_3_3__f_clk/A (sky130_fd_sc_hd__clkbuf_16)
     7    0.040847    0.095342    0.306110    0.835196 ^ clkbuf_3_3__f_clk/X (sky130_fd_sc_hd__clkbuf_16)
                                                         clknet_3_3__leaf_clk (net)
                      0.095451    0.002828    0.838024 ^ _1424_/CLK (sky130_fd_sc_hd__dfxtp_1)
     2    0.005793    0.071500    0.608640    1.446664 v _1424_/Q (sky130_fd_sc_hd__dfxtp_1)
                                                         net44 (net)
                      0.071500    0.000347    1.447011 v output44/A (sky130_fd_sc_hd__buf_2)
     1    0.034642    0.167682    0.345712    1.792723 v output44/X (sky130_fd_sc_hd__buf_2)
                                                         rdata[31] (net)
                      0.167698    0.001728    1.794451 v rdata[31] (out)
                                              1.794451   data arrival time

                                  0.000000    0.000000   clock clk (rise edge)
                                  0.000000    0.000000   clock network delay (propagated)
                                  0.250000    0.250000   clock uncertainty
                                  0.000000    0.250000   clock reconvergence pessimism
                                 -2.000000   -1.750000   output external delay
                                             -1.750000   data required time
---------------------------------------------------------------------------------------------
                                             -1.750000   data required time
                                             -1.794451   data arrival time
---------------------------------------------------------------------------------------------
                                              3.544451   slack (MET)


Startpoint: _1400_ (rising edge-triggered flip-flop clocked by clk)
Endpoint: rdata[7] (output port clocked by clk)
Path Group: clk
Path Type: min

Fanout         Cap        Slew       Delay        Time   Description
---------------------------------------------------------------------------------------------
                                  0.000000    0.000000   clock clk (rise edge)
                                  0.000000    0.000000   clock source latency
     1    0.026922    0.198405    0.137267    0.137267 ^ clk (in)
                                                         clk (net)
                      0.198433    0.000000    0.137267 ^ clkbuf_0_clk/A (sky130_fd_sc_hd__clkbuf_16)
     8    0.109934    0.191115    0.379256    0.516523 ^ clkbuf_0_clk/X (sky130_fd_sc_hd__clkbuf_16)
                                                         clknet_0_clk (net)
                      0.191919    0.010008    0.526531 ^ clkbuf_3_6__f_clk/A (sky130_fd_sc_hd__clkbuf_16)
    14    0.047574    0.103853    0.313418    0.839949 ^ clkbuf_3_6__f_clk/X (sky130_fd_sc_hd__clkbuf_16)
                                                         clknet_3_6__leaf_clk (net)
                      0.104111    0.004335    0.844285 ^ _1400_/CLK (sky130_fd_sc_hd__dfxtp_1)
     2    0.004798    0.063796    0.605770    1.450055 v _1400_/Q (sky130_fd_sc_hd__dfxtp_1)
                                                         net49 (net)
                      0.063796    0.000272    1.450327 v output49/A (sky130_fd_sc_hd__buf_2)
     1    0.034776    0.168257    0.342599    1.792925 v output49/X (sky130_fd_sc_hd__buf_2)
                                                         rdata[7] (net)
                      0.168274    0.001749    1.794674 v rdata[7] (out)
                                              1.794674   data arrival time

                                  0.000000    0.000000   clock clk (rise edge)
                                  0.000000    0.000000   clock network delay (propagated)
                                  0.250000    0.250000   clock uncertainty
                                  0.000000    0.250000   clock reconvergence pessimism
                                 -2.000000   -1.750000   output external delay
                                             -1.750000   data required time
---------------------------------------------------------------------------------------------
                                             -1.750000   data required time
                                             -1.794674   data arrival time
---------------------------------------------------------------------------------------------
                                              3.544674   slack (MET)


Startpoint: _1404_ (rising edge-triggered flip-flop clocked by clk)
Endpoint: rdata[11] (output port clocked by clk)
Path Group: clk
Path Type: min

Fanout         Cap        Slew       Delay        Time   Description
---------------------------------------------------------------------------------------------
                                  0.000000    0.000000   clock clk (rise edge)
                                  0.000000    0.000000   clock source latency
     1    0.026922    0.198405    0.137267    0.137267 ^ clk (in)
                                                         clk (net)
                      0.198433    0.000000    0.137267 ^ clkbuf_0_clk/A (sky130_fd_sc_hd__clkbuf_16)
     8    0.109934    0.191115    0.379256    0.516523 ^ clkbuf_0_clk/X (sky130_fd_sc_hd__clkbuf_16)
                                                         clknet_0_clk (net)
                      0.191326    0.005258    0.521781 ^ clkbuf_3_5__f_clk/A (sky130_fd_sc_hd__clkbuf_16)
    14    0.046389    0.102156    0.311297    0.833078 ^ clkbuf_3_5__f_clk/X (sky130_fd_sc_hd__clkbuf_16)
                                                         clknet_3_5__leaf_clk (net)
                      0.102410    0.004235    0.837312 ^ _1404_/CLK (sky130_fd_sc_hd__dfxtp_1)
     2    0.005754    0.071196    0.611582    1.448894 v _1404_/Q (sky130_fd_sc_hd__dfxtp_1)
                                                         net22 (net)
                      0.071196    0.000408    1.449303 v output22/A (sky130_fd_sc_hd__buf_2)
     1    0.034815    0.168395    0.346057    1.795359 v output22/X (sky130_fd_sc_hd__buf_2)
                                                         rdata[11] (net)
                      0.168414    0.001841    1.797201 v rdata[11] (out)
                                              1.797201   data arrival time

                                  0.000000    0.000000   clock clk (rise edge)
                                  0.000000    0.000000   clock network delay (propagated)
                                  0.250000    0.250000   clock uncertainty
                                  0.000000    0.250000   clock reconvergence pessimism
                                 -2.000000   -1.750000   output external delay
                                             -1.750000   data required time
---------------------------------------------------------------------------------------------
                                             -1.750000   data required time
                                             -1.797201   data arrival time
---------------------------------------------------------------------------------------------
                                              3.547201   slack (MET)


Startpoint: _1420_ (rising edge-triggered flip-flop clocked by clk)
Endpoint: rdata[27] (output port clocked by clk)
Path Group: clk
Path Type: min

Fanout         Cap        Slew       Delay        Time   Description
---------------------------------------------------------------------------------------------
                                  0.000000    0.000000   clock clk (rise edge)
                                  0.000000    0.000000   clock source latency
     1    0.026922    0.198405    0.137267    0.137267 ^ clk (in)
                                                         clk (net)
                      0.198433    0.000000    0.137267 ^ clkbuf_0_clk/A (sky130_fd_sc_hd__clkbuf_16)
     8    0.109934    0.191115    0.379256    0.516523 ^ clkbuf_0_clk/X (sky130_fd_sc_hd__clkbuf_16)
                                                         clknet_0_clk (net)
                      0.191919    0.010008    0.526531 ^ clkbuf_3_6__f_clk/A (sky130_fd_sc_hd__clkbuf_16)
    14    0.047574    0.103853    0.313418    0.839949 ^ clkbuf_3_6__f_clk/X (sky130_fd_sc_hd__clkbuf_16)
                                                         clknet_3_6__leaf_clk (net)
                      0.103946    0.002739    0.842689 ^ _1420_/CLK (sky130_fd_sc_hd__dfxtp_1)
     2    0.005329    0.067885    0.609405    1.452094 v _1420_/Q (sky130_fd_sc_hd__dfxtp_1)
                                                         net39 (net)
                      0.067885    0.000268    1.452362 v output39/A (sky130_fd_sc_hd__buf_2)
     1    0.034642    0.167699    0.344055    1.796417 v output39/X (sky130_fd_sc_hd__buf_2)
                                                         rdata[27] (net)
                      0.167715    0.001728    1.798146 v rdata[27] (out)
                                              1.798146   data arrival time

                                  0.000000    0.000000   clock clk (rise edge)
                                  0.000000    0.000000   clock network delay (propagated)
                                  0.250000    0.250000   clock uncertainty
                                  0.000000    0.250000   clock reconvergence pessimism
                                 -2.000000   -1.750000   output external delay
                                             -1.750000   data required time
---------------------------------------------------------------------------------------------
                                             -1.750000   data required time
                                             -1.798146   data arrival time
---------------------------------------------------------------------------------------------
                                              3.548146   slack (MET)


Startpoint: _1418_ (rising edge-triggered flip-flop clocked by clk)
Endpoint: rdata[25] (output port clocked by clk)
Path Group: clk
Path Type: min

Fanout         Cap        Slew       Delay        Time   Description
---------------------------------------------------------------------------------------------
                                  0.000000    0.000000   clock clk (rise edge)
                                  0.000000    0.000000   clock source latency
     1    0.026922    0.198405    0.137267    0.137267 ^ clk (in)
                                                         clk (net)
                      0.198433    0.000000    0.137267 ^ clkbuf_0_clk/A (sky130_fd_sc_hd__clkbuf_16)
     8    0.109934    0.191115    0.379256    0.516523 ^ clkbuf_0_clk/X (sky130_fd_sc_hd__clkbuf_16)
                                                         clknet_0_clk (net)
                      0.191919    0.010008    0.526531 ^ clkbuf_3_6__f_clk/A (sky130_fd_sc_hd__clkbuf_16)
    14    0.047574    0.103853    0.313418    0.839949 ^ clkbuf_3_6__f_clk/X (sky130_fd_sc_hd__clkbuf_16)
                                                         clknet_3_6__leaf_clk (net)
                      0.103988    0.003199    0.843149 ^ _1418_/CLK (sky130_fd_sc_hd__dfxtp_1)
     2    0.006215    0.074800    0.615506    1.458655 v _1418_/Q (sky130_fd_sc_hd__dfxtp_1)
                                                         net37 (net)
                      0.074800    0.000359    1.459014 v output37/A (sky130_fd_sc_hd__buf_2)
     1    0.035122    0.169601    0.348679    1.807693 v output37/X (sky130_fd_sc_hd__buf_2)
                                                         rdata[25] (net)
                      0.169620    0.001851    1.809543 v rdata[25] (out)
                                              1.809543   data arrival time

                                  0.000000    0.000000   clock clk (rise edge)
                                  0.000000    0.000000   clock network delay (propagated)
                                  0.250000    0.250000   clock uncertainty
                                  0.000000    0.250000   clock reconvergence pessimism
                                 -2.000000   -1.750000   output external delay
                                             -1.750000   data required time
---------------------------------------------------------------------------------------------
                                             -1.750000   data required time
                                             -1.809543   data arrival time
---------------------------------------------------------------------------------------------
                                              3.559543   slack (MET)


Startpoint: _1399_ (rising edge-triggered flip-flop clocked by clk)
Endpoint: rdata[6] (output port clocked by clk)
Path Group: clk
Path Type: min

Fanout         Cap        Slew       Delay        Time   Description
---------------------------------------------------------------------------------------------
                                  0.000000    0.000000   clock clk (rise edge)
                                  0.000000    0.000000   clock source latency
     1    0.026922    0.198405    0.137267    0.137267 ^ clk (in)
                                                         clk (net)
                      0.198433    0.000000    0.137267 ^ clkbuf_0_clk/A (sky130_fd_sc_hd__clkbuf_16)
     8    0.109934    0.191115    0.379256    0.516523 ^ clkbuf_0_clk/X (sky130_fd_sc_hd__clkbuf_16)
                                                         clknet_0_clk (net)
                      0.192403    0.012564    0.529087 ^ clkbuf_3_3__f_clk/A (sky130_fd_sc_hd__clkbuf_16)
     7    0.040847    0.095342    0.306110    0.835196 ^ clkbuf_3_3__f_clk/X (sky130_fd_sc_hd__clkbuf_16)
                                                         clknet_3_3__leaf_clk (net)
                      0.095418    0.002416    0.837613 ^ _1399_/CLK (sky130_fd_sc_hd__dfxtp_1)
     2    0.007642    0.086161    0.621377    1.458990 v _1399_/Q (sky130_fd_sc_hd__dfxtp_1)
                                                         net48 (net)
                      0.086161    0.000523    1.459514 v output48/A (sky130_fd_sc_hd__buf_2)
     1    0.034866    0.168549    0.353292    1.812806 v output48/X (sky130_fd_sc_hd__buf_2)
                                                         rdata[6] (net)
                      0.168566    0.001753    1.814559 v rdata[6] (out)
                                              1.814559   data arrival time

                                  0.000000    0.000000   clock clk (rise edge)
                                  0.000000    0.000000   clock network delay (propagated)
                                  0.250000    0.250000   clock uncertainty
                                  0.000000    0.250000   clock reconvergence pessimism
                                 -2.000000   -1.750000   output external delay
                                             -1.750000   data required time
---------------------------------------------------------------------------------------------
                                             -1.750000   data required time
                                             -1.814559   data arrival time
---------------------------------------------------------------------------------------------
                                              3.564559   slack (MET)



