
===========================================================================
report_checks -path_delay max (Setup)
============================================================================
======================= nom_tt_025C_1v80 Corner ===================================

Startpoint: _1425_ (rising edge-triggered flip-flop clocked by clk)
Endpoint: _1456_ (rising edge-triggered flip-flop clocked by clk)
Path Group: clk
Path Type: max

Fanout         Cap        Slew       Delay        Time   Description
---------------------------------------------------------------------------------------------
                                  0.000000    0.000000   clock clk (rise edge)
                                  0.000000    0.000000   clock source latency
     1    0.021601    0.102883    0.071047    0.071047 ^ clk (in)
                                                         clk (net)
                      0.102899    0.000000    0.071047 ^ clkbuf_0_clk/A (sky130_fd_sc_hd__clkbuf_16)
     8    0.084380    0.101038    0.195786    0.266833 ^ clkbuf_0_clk/X (sky130_fd_sc_hd__clkbuf_16)
                                                         clknet_0_clk (net)
                      0.101071    0.001725    0.268558 ^ clkbuf_3_1__f_clk/A (sky130_fd_sc_hd__clkbuf_16)
    13    0.038816    0.058789    0.161655    0.430214 ^ clkbuf_3_1__f_clk/X (sky130_fd_sc_hd__clkbuf_16)
                                                         clknet_3_1__leaf_clk (net)
                      0.058789    0.000110    0.430323 ^ _1425_/CLK (sky130_fd_sc_hd__dfxtp_4)
     3    0.011358    0.039341    0.347145    0.777468 v _1425_/Q (sky130_fd_sc_hd__dfxtp_4)
                                                         core_b[0] (net)
                      0.039341    0.000028    0.777497 v fanout79/A (sky130_fd_sc_hd__buf_8)
     5    0.016012    0.028363    0.118368    0.895865 v fanout79/X (sky130_fd_sc_hd__buf_8)
                                                         net79 (net)
                      0.028363    0.000143    0.896008 v _1019_/C (sky130_fd_sc_hd__and3_4)
     5    0.009757    0.039344    0.176539    1.072547 v _1019_/X (sky130_fd_sc_hd__and3_4)
                                                         _0351_ (net)
                      0.039344    0.000013    1.072560 v rebuffer13/A (sky130_fd_sc_hd__dlymetal6s4s_1)
     2    0.003398    0.042193    0.247242    1.319802 v rebuffer13/X (sky130_fd_sc_hd__dlymetal6s4s_1)
                                                         net129 (net)
                      0.042193    0.000001    1.319803 v _1065_/A1_N (sky130_fd_sc_hd__a2bb2o_1)
     1    0.003037    0.047633    0.247500    1.567303 ^ _1065_/X (sky130_fd_sc_hd__a2bb2o_1)
                                                         _0396_ (net)
                      0.047633    0.000008    1.567311 ^ _1069_/A1 (sky130_fd_sc_hd__a21o_1)
     3    0.010705    0.100440    0.147947    1.715258 ^ _1069_/X (sky130_fd_sc_hd__a21o_1)
                                                         _0400_ (net)
                      0.100440    0.000168    1.715426 ^ rebuffer3/A (sky130_fd_sc_hd__dlymetal6s2s_1)
     1    0.002179    0.051865    0.110616    1.826041 ^ rebuffer3/X (sky130_fd_sc_hd__dlymetal6s2s_1)
                                                         net119 (net)
                      0.051865    0.000005    1.826046 ^ rebuffer2/A (sky130_fd_sc_hd__dlymetal6s2s_1)
     1    0.002589    0.055345    0.097488    1.923534 ^ rebuffer2/X (sky130_fd_sc_hd__dlymetal6s2s_1)
                                                         net118 (net)
                      0.055345    0.000002    1.923535 ^ _1071_/A2 (sky130_fd_sc_hd__a21oi_1)
     2    0.005267    0.080055    0.074862    1.998397 v _1071_/Y (sky130_fd_sc_hd__a21oi_1)
                                                         _0402_ (net)
                      0.080055    0.000023    1.998420 v _1073_/B (sky130_fd_sc_hd__or3b_4)
     3    0.007283    0.071899    0.386757    2.385177 v _1073_/X (sky130_fd_sc_hd__or3b_4)
                                                         _0404_ (net)
                      0.071899    0.000025    2.385201 v _1075_/B (sky130_fd_sc_hd__and3_4)
     2    0.012088    0.042388    0.189502    2.574703 v _1075_/X (sky130_fd_sc_hd__and3_4)
                                                         _0406_ (net)
                      0.042388    0.000056    2.574760 v _1078_/A2 (sky130_fd_sc_hd__o211a_1)
     2    0.007418    0.059742    0.223189    2.797949 v _1078_/X (sky130_fd_sc_hd__o211a_1)
                                                         _0409_ (net)
                      0.059742    0.000037    2.797986 v _1079_/C1 (sky130_fd_sc_hd__a211oi_2)
     5    0.015553    0.341731    0.286517    3.084503 ^ _1079_/Y (sky130_fd_sc_hd__a211oi_2)
                                                         _0410_ (net)
                      0.341731    0.000023    3.084526 ^ _1082_/B1 (sky130_fd_sc_hd__a211o_1)
     3    0.007175    0.074482    0.180055    3.264581 ^ _1082_/X (sky130_fd_sc_hd__a211o_1)
                                                         _0413_ (net)
                      0.074482    0.000030    3.264611 ^ _1126_/B1_N (sky130_fd_sc_hd__a21bo_1)
     2    0.005174    0.046130    0.210622    3.475233 v _1126_/X (sky130_fd_sc_hd__a21bo_1)
                                                         _0456_ (net)
                      0.046130    0.000011    3.475244 v _1196_/B1 (sky130_fd_sc_hd__a211o_1)
     2    0.007447    0.069861    0.289949    3.765193 v _1196_/X (sky130_fd_sc_hd__a211o_1)
                                                         _0524_ (net)
                      0.069861    0.000103    3.765295 v _1234_/A1 (sky130_fd_sc_hd__a31o_1)
     2    0.009159    0.066163    0.210661    3.975957 v _1234_/X (sky130_fd_sc_hd__a31o_1)
                                                         _0560_ (net)
                      0.066163    0.000018    3.975975 v _1247_/A (sky130_fd_sc_hd__nand2_2)
     1    0.005613    0.057089    0.066382    4.042357 ^ _1247_/Y (sky130_fd_sc_hd__nand2_2)
                                                         _0573_ (net)
                      0.057089    0.000010    4.042367 ^ _1266_/B1 (sky130_fd_sc_hd__o211a_4)
     6    0.031033    0.110652    0.212756    4.255124 ^ _1266_/X (sky130_fd_sc_hd__o211a_4)
                                                         _0591_ (net)
                      0.110655    0.000724    4.255848 ^ fanout55/A (sky130_fd_sc_hd__buf_12)
     5    0.049209    0.068511    0.142746    4.398594 ^ fanout55/X (sky130_fd_sc_hd__buf_12)
                                                         net55 (net)
                      0.068512    0.000417    4.399011 ^ _1281_/B (sky130_fd_sc_hd__xnor2_4)
     3    0.007928    0.076217    0.065683    4.464694 v _1281_/Y (sky130_fd_sc_hd__xnor2_4)
                                                         _0604_ (net)
                      0.076217    0.000022    4.464716 v _1299_/A (sky130_fd_sc_hd__or4_4)
     1    0.002833    0.079118    0.527707    4.992424 v _1299_/X (sky130_fd_sc_hd__or4_4)
                                                         _0619_ (net)
                      0.079118    0.000010    4.992433 v _1300_/B1 (sky130_fd_sc_hd__a311o_1)
     2    0.007038    0.074645    0.351472    5.343905 v _1300_/X (sky130_fd_sc_hd__a311o_1)
                                                         _0620_ (net)
                      0.074645    0.000090    5.343995 v _1303_/A (sky130_fd_sc_hd__and2_4)
     2    0.004862    0.030600    0.146706    5.490701 v _1303_/X (sky130_fd_sc_hd__and2_4)
                                                         _0623_ (net)
                      0.030600    0.000010    5.490712 v _1304_/B (sky130_fd_sc_hd__or2_4)
     3    0.009655    0.053649    0.231139    5.721851 v _1304_/X (sky130_fd_sc_hd__or2_4)
                                                         _0624_ (net)
                      0.053649    0.000048    5.721899 v _1317_/B1 (sky130_fd_sc_hd__a2bb2o_4)
     2    0.007559    0.038368    0.220686    5.942585 v _1317_/X (sky130_fd_sc_hd__a2bb2o_4)
                                                         _0635_ (net)
                      0.038368    0.000033    5.942617 v _1322_/A2 (sky130_fd_sc_hd__o21a_1)
     1    0.004880    0.045939    0.171120    6.113737 v _1322_/X (sky130_fd_sc_hd__o21a_1)
                                                         _0639_ (net)
                      0.045939    0.000011    6.113748 v _1323_/B (sky130_fd_sc_hd__xnor2_1)
     1    0.003253    0.063241    0.120328    6.234076 v _1323_/Y (sky130_fd_sc_hd__xnor2_1)
                                                         _0640_ (net)
                      0.063241    0.000014    6.234090 v _1325_/A1 (sky130_fd_sc_hd__a211oi_1)
     1    0.002014    0.162426    0.182850    6.416940 ^ _1325_/Y (sky130_fd_sc_hd__a211oi_1)
                                                         _0072_ (net)
                      0.162426    0.000004    6.416944 ^ _1456_/D (sky130_fd_sc_hd__dfxtp_1)
                                              6.416944   data arrival time

                                 10.000000   10.000000   clock clk (rise edge)
                                  0.000000   10.000000   clock source latency
     1    0.021601    0.102883    0.071047   10.071048 ^ clk (in)
                                                         clk (net)
                      0.102899    0.000000   10.071048 ^ clkbuf_0_clk/A (sky130_fd_sc_hd__clkbuf_16)
     8    0.084380    0.101038    0.195787   10.266834 ^ clkbuf_0_clk/X (sky130_fd_sc_hd__clkbuf_16)
                                                         clknet_0_clk (net)
                      0.101044    0.000923   10.267756 ^ clkbuf_3_7__f_clk/A (sky130_fd_sc_hd__clkbuf_16)
    10    0.038123    0.058189    0.161171   10.428927 ^ clkbuf_3_7__f_clk/X (sky130_fd_sc_hd__clkbuf_16)
                                                         clknet_3_7__leaf_clk (net)
                      0.058189    0.000102   10.429029 ^ _1456_/CLK (sky130_fd_sc_hd__dfxtp_1)
                                 -0.250000   10.179029   clock uncertainty
                                  0.000000   10.179029   clock reconvergence pessimism
                                 -0.079175   10.099854   library setup time
                                             10.099854   data required time
---------------------------------------------------------------------------------------------
                                             10.099854   data required time
                                             -6.416944   data arrival time
---------------------------------------------------------------------------------------------
                                              3.682910   slack (MET)


Startpoint: _1425_ (rising edge-triggered flip-flop clocked by clk)
Endpoint: _1462_ (rising edge-triggered flip-flop clocked by clk)
Path Group: clk
Path Type: max

Fanout         Cap        Slew       Delay        Time   Description
---------------------------------------------------------------------------------------------
                                  0.000000    0.000000   clock clk (rise edge)
                                  0.000000    0.000000   clock source latency
     1    0.021601    0.102883    0.071047    0.071047 ^ clk (in)
                                                         clk (net)
                      0.102899    0.000000    0.071047 ^ clkbuf_0_clk/A (sky130_fd_sc_hd__clkbuf_16)
     8    0.084380    0.101038    0.195786    0.266833 ^ clkbuf_0_clk/X (sky130_fd_sc_hd__clkbuf_16)
                                                         clknet_0_clk (net)
                      0.101071    0.001725    0.268558 ^ clkbuf_3_1__f_clk/A (sky130_fd_sc_hd__clkbuf_16)
    13    0.038816    0.058789    0.161655    0.430214 ^ clkbuf_3_1__f_clk/X (sky130_fd_sc_hd__clkbuf_16)
                                                         clknet_3_1__leaf_clk (net)
                      0.058789    0.000110    0.430323 ^ _1425_/CLK (sky130_fd_sc_hd__dfxtp_4)
     3    0.011358    0.039341    0.347145    0.777468 v _1425_/Q (sky130_fd_sc_hd__dfxtp_4)
                                                         core_b[0] (net)
                      0.039341    0.000028    0.777497 v fanout79/A (sky130_fd_sc_hd__buf_8)
     5    0.016012    0.028363    0.118368    0.895865 v fanout79/X (sky130_fd_sc_hd__buf_8)
                                                         net79 (net)
                      0.028363    0.000143    0.896008 v _1019_/C (sky130_fd_sc_hd__and3_4)
     5    0.009757    0.039344    0.176539    1.072547 v _1019_/X (sky130_fd_sc_hd__and3_4)
                                                         _0351_ (net)
                      0.039344    0.000013    1.072560 v rebuffer13/A (sky130_fd_sc_hd__dlymetal6s4s_1)
     2    0.003398    0.042193    0.247242    1.319802 v rebuffer13/X (sky130_fd_sc_hd__dlymetal6s4s_1)
                                                         net129 (net)
                      0.042193    0.000001    1.319803 v _1065_/A1_N (sky130_fd_sc_hd__a2bb2o_1)
     1    0.003037    0.047633    0.247500    1.567303 ^ _1065_/X (sky130_fd_sc_hd__a2bb2o_1)
                                                         _0396_ (net)
                      0.047633    0.000008    1.567311 ^ _1069_/A1 (sky130_fd_sc_hd__a21o_1)
     3    0.010705    0.100440    0.147947    1.715258 ^ _1069_/X (sky130_fd_sc_hd__a21o_1)
                                                         _0400_ (net)
                      0.100440    0.000168    1.715426 ^ rebuffer3/A (sky130_fd_sc_hd__dlymetal6s2s_1)
     1    0.002179    0.051865    0.110616    1.826041 ^ rebuffer3/X (sky130_fd_sc_hd__dlymetal6s2s_1)
                                                         net119 (net)
                      0.051865    0.000005    1.826046 ^ rebuffer2/A (sky130_fd_sc_hd__dlymetal6s2s_1)
     1    0.002589    0.055345    0.097488    1.923534 ^ rebuffer2/X (sky130_fd_sc_hd__dlymetal6s2s_1)
                                                         net118 (net)
                      0.055345    0.000002    1.923535 ^ _1071_/A2 (sky130_fd_sc_hd__a21oi_1)
     2    0.005267    0.080055    0.074862    1.998397 v _1071_/Y (sky130_fd_sc_hd__a21oi_1)
                                                         _0402_ (net)
                      0.080055    0.000023    1.998420 v _1073_/B (sky130_fd_sc_hd__or3b_4)
     3    0.007283    0.071899    0.386757    2.385177 v _1073_/X (sky130_fd_sc_hd__or3b_4)
                                                         _0404_ (net)
                      0.071899    0.000025    2.385201 v _1075_/B (sky130_fd_sc_hd__and3_4)
     2    0.012088    0.042388    0.189502    2.574703 v _1075_/X (sky130_fd_sc_hd__and3_4)
                                                         _0406_ (net)
                      0.042388    0.000056    2.574760 v _1078_/A2 (sky130_fd_sc_hd__o211a_1)
     2    0.007418    0.059742    0.223189    2.797949 v _1078_/X (sky130_fd_sc_hd__o211a_1)
                                                         _0409_ (net)
                      0.059742    0.000037    2.797986 v _1079_/C1 (sky130_fd_sc_hd__a211oi_2)
     5    0.015553    0.341731    0.286517    3.084503 ^ _1079_/Y (sky130_fd_sc_hd__a211oi_2)
                                                         _0410_ (net)
                      0.341731    0.000023    3.084526 ^ _1082_/B1 (sky130_fd_sc_hd__a211o_1)
     3    0.007175    0.074482    0.180055    3.264581 ^ _1082_/X (sky130_fd_sc_hd__a211o_1)
                                                         _0413_ (net)
                      0.074482    0.000030    3.264611 ^ _1126_/B1_N (sky130_fd_sc_hd__a21bo_1)
     2    0.005174    0.046130    0.210622    3.475233 v _1126_/X (sky130_fd_sc_hd__a21bo_1)
                                                         _0456_ (net)
                      0.046130    0.000011    3.475244 v _1196_/B1 (sky130_fd_sc_hd__a211o_1)
     2    0.007447    0.069861    0.289949    3.765193 v _1196_/X (sky130_fd_sc_hd__a211o_1)
                                                         _0524_ (net)
                      0.069861    0.000103    3.765295 v _1234_/A1 (sky130_fd_sc_hd__a31o_1)
     2    0.009159    0.066163    0.210661    3.975957 v _1234_/X (sky130_fd_sc_hd__a31o_1)
                                                         _0560_ (net)
                      0.066163    0.000018    3.975975 v _1247_/A (sky130_fd_sc_hd__nand2_2)
     1    0.005613    0.057089    0.066382    4.042357 ^ _1247_/Y (sky130_fd_sc_hd__nand2_2)
                                                         _0573_ (net)
                      0.057089    0.000010    4.042367 ^ _1266_/B1 (sky130_fd_sc_hd__o211a_4)
     6    0.031033    0.110652    0.212756    4.255124 ^ _1266_/X (sky130_fd_sc_hd__o211a_4)
                                                         _0591_ (net)
                      0.110655    0.000724    4.255848 ^ fanout55/A (sky130_fd_sc_hd__buf_12)
     5    0.049209    0.068511    0.142746    4.398594 ^ fanout55/X (sky130_fd_sc_hd__buf_12)
                                                         net55 (net)
                      0.068512    0.000417    4.399011 ^ _1281_/B (sky130_fd_sc_hd__xnor2_4)
     3    0.007928    0.076217    0.065683    4.464694 v _1281_/Y (sky130_fd_sc_hd__xnor2_4)
                                                         _0604_ (net)
                      0.076217    0.000022    4.464716 v _1299_/A (sky130_fd_sc_hd__or4_4)
     1    0.002833    0.079118    0.527707    4.992424 v _1299_/X (sky130_fd_sc_hd__or4_4)
                                                         _0619_ (net)
                      0.079118    0.000010    4.992433 v _1300_/B1 (sky130_fd_sc_hd__a311o_1)
     2    0.007038    0.074645    0.351472    5.343905 v _1300_/X (sky130_fd_sc_hd__a311o_1)
                                                         _0620_ (net)
                      0.074645    0.000093    5.343999 v _1329_/A2 (sky130_fd_sc_hd__a21o_1)
     3    0.010169    0.063081    0.217402    5.561401 v _1329_/X (sky130_fd_sc_hd__a21o_1)
                                                         _0645_ (net)
                      0.063081    0.000037    5.561438 v _1353_/A2 (sky130_fd_sc_hd__a21oi_2)
     2    0.010203    0.153450    0.186462    5.747900 ^ _1353_/Y (sky130_fd_sc_hd__a21oi_2)
                                                         _0665_ (net)
                      0.153450    0.000110    5.748010 ^ _1355_/A (sky130_fd_sc_hd__nor2_1)
     2    0.007701    0.060719    0.091232    5.839242 v _1355_/Y (sky130_fd_sc_hd__nor2_1)
                                                         _0667_ (net)
                      0.060719    0.000028    5.839269 v _1364_/A1 (sky130_fd_sc_hd__o21ba_1)
     1    0.004713    0.045248    0.193260    6.032529 v _1364_/X (sky130_fd_sc_hd__o21ba_1)
                                                         _0675_ (net)
                      0.045248    0.000015    6.032544 v _1365_/B (sky130_fd_sc_hd__xor2_1)
     1    0.003532    0.067795    0.139356    6.171900 v _1365_/X (sky130_fd_sc_hd__xor2_1)
                                                         _0676_ (net)
                      0.067795    0.000018    6.171918 v _1367_/A2 (sky130_fd_sc_hd__a211oi_1)
     1    0.001934    0.160078    0.212693    6.384611 ^ _1367_/Y (sky130_fd_sc_hd__a211oi_1)
                                                         _0078_ (net)
                      0.160078    0.000003    6.384614 ^ _1462_/D (sky130_fd_sc_hd__dfxtp_1)
                                              6.384614   data arrival time

                                 10.000000   10.000000   clock clk (rise edge)
                                  0.000000   10.000000   clock source latency
     1    0.021601    0.102883    0.071047   10.071048 ^ clk (in)
                                                         clk (net)
                      0.102899    0.000000   10.071048 ^ clkbuf_0_clk/A (sky130_fd_sc_hd__clkbuf_16)
     8    0.084380    0.101038    0.195787   10.266834 ^ clkbuf_0_clk/X (sky130_fd_sc_hd__clkbuf_16)
                                                         clknet_0_clk (net)
                      0.101044    0.000914   10.267748 ^ clkbuf_3_6__f_clk/A (sky130_fd_sc_hd__clkbuf_16)
    14    0.039871    0.059707    0.162352   10.430099 ^ clkbuf_3_6__f_clk/X (sky130_fd_sc_hd__clkbuf_16)
                                                         clknet_3_6__leaf_clk (net)
                      0.059707    0.000242   10.430342 ^ _1462_/CLK (sky130_fd_sc_hd__dfxtp_1)
                                 -0.250000   10.180342   clock uncertainty
                                  0.000000   10.180342   clock reconvergence pessimism
                                 -0.078408   10.101933   library setup time
                                             10.101933   data required time
---------------------------------------------------------------------------------------------
                                             10.101933   data required time
                                             -6.384614   data arrival time
---------------------------------------------------------------------------------------------
                                              3.717319   slack (MET)


Startpoint: _1425_ (rising edge-triggered flip-flop clocked by clk)
Endpoint: _1460_ (rising edge-triggered flip-flop clocked by clk)
Path Group: clk
Path Type: max

Fanout         Cap        Slew       Delay        Time   Description
---------------------------------------------------------------------------------------------
                                  0.000000    0.000000   clock clk (rise edge)
                                  0.000000    0.000000   clock source latency
     1    0.021601    0.102883    0.071047    0.071047 ^ clk (in)
                                                         clk (net)
                      0.102899    0.000000    0.071047 ^ clkbuf_0_clk/A (sky130_fd_sc_hd__clkbuf_16)
     8    0.084380    0.101038    0.195786    0.266833 ^ clkbuf_0_clk/X (sky130_fd_sc_hd__clkbuf_16)
                                                         clknet_0_clk (net)
                      0.101071    0.001725    0.268558 ^ clkbuf_3_1__f_clk/A (sky130_fd_sc_hd__clkbuf_16)
    13    0.038816    0.058789    0.161655    0.430214 ^ clkbuf_3_1__f_clk/X (sky130_fd_sc_hd__clkbuf_16)
                                                         clknet_3_1__leaf_clk (net)
                      0.058789    0.000110    0.430323 ^ _1425_/CLK (sky130_fd_sc_hd__dfxtp_4)
     3    0.011358    0.039341    0.347145    0.777468 v _1425_/Q (sky130_fd_sc_hd__dfxtp_4)
                                                         core_b[0] (net)
                      0.039341    0.000028    0.777497 v fanout79/A (sky130_fd_sc_hd__buf_8)
     5    0.016012    0.028363    0.118368    0.895865 v fanout79/X (sky130_fd_sc_hd__buf_8)
                                                         net79 (net)
                      0.028363    0.000143    0.896008 v _1019_/C (sky130_fd_sc_hd__and3_4)
     5    0.009757    0.039344    0.176539    1.072547 v _1019_/X (sky130_fd_sc_hd__and3_4)
                                                         _0351_ (net)
                      0.039344    0.000013    1.072560 v rebuffer13/A (sky130_fd_sc_hd__dlymetal6s4s_1)
     2    0.003398    0.042193    0.247242    1.319802 v rebuffer13/X (sky130_fd_sc_hd__dlymetal6s4s_1)
                                                         net129 (net)
                      0.042193    0.000001    1.319803 v _1065_/A1_N (sky130_fd_sc_hd__a2bb2o_1)
     1    0.003037    0.047633    0.247500    1.567303 ^ _1065_/X (sky130_fd_sc_hd__a2bb2o_1)
                                                         _0396_ (net)
                      0.047633    0.000008    1.567311 ^ _1069_/A1 (sky130_fd_sc_hd__a21o_1)
     3    0.010705    0.100440    0.147947    1.715258 ^ _1069_/X (sky130_fd_sc_hd__a21o_1)
                                                         _0400_ (net)
                      0.100440    0.000168    1.715426 ^ rebuffer3/A (sky130_fd_sc_hd__dlymetal6s2s_1)
     1    0.002179    0.051865    0.110616    1.826041 ^ rebuffer3/X (sky130_fd_sc_hd__dlymetal6s2s_1)
                                                         net119 (net)
                      0.051865    0.000005    1.826046 ^ rebuffer2/A (sky130_fd_sc_hd__dlymetal6s2s_1)
     1    0.002589    0.055345    0.097488    1.923534 ^ rebuffer2/X (sky130_fd_sc_hd__dlymetal6s2s_1)
                                                         net118 (net)
                      0.055345    0.000002    1.923535 ^ _1071_/A2 (sky130_fd_sc_hd__a21oi_1)
     2    0.005267    0.080055    0.074862    1.998397 v _1071_/Y (sky130_fd_sc_hd__a21oi_1)
                                                         _0402_ (net)
                      0.080055    0.000023    1.998420 v _1073_/B (sky130_fd_sc_hd__or3b_4)
     3    0.007283    0.071899    0.386757    2.385177 v _1073_/X (sky130_fd_sc_hd__or3b_4)
                                                         _0404_ (net)
                      0.071899    0.000025    2.385201 v _1075_/B (sky130_fd_sc_hd__and3_4)
     2    0.012088    0.042388    0.189502    2.574703 v _1075_/X (sky130_fd_sc_hd__and3_4)
                                                         _0406_ (net)
                      0.042388    0.000056    2.574760 v _1078_/A2 (sky130_fd_sc_hd__o211a_1)
     2    0.007418    0.059742    0.223189    2.797949 v _1078_/X (sky130_fd_sc_hd__o211a_1)
                                                         _0409_ (net)
                      0.059742    0.000037    2.797986 v _1079_/C1 (sky130_fd_sc_hd__a211oi_2)
     5    0.015553    0.341731    0.286517    3.084503 ^ _1079_/Y (sky130_fd_sc_hd__a211oi_2)
                                                         _0410_ (net)
                      0.341731    0.000023    3.084526 ^ _1082_/B1 (sky130_fd_sc_hd__a211o_1)
     3    0.007175    0.074482    0.180055    3.264581 ^ _1082_/X (sky130_fd_sc_hd__a211o_1)
                                                         _0413_ (net)
                      0.074482    0.000030    3.264611 ^ _1126_/B1_N (sky130_fd_sc_hd__a21bo_1)
     2    0.005174    0.046130    0.210622    3.475233 v _1126_/X (sky130_fd_sc_hd__a21bo_1)
                                                         _0456_ (net)
                      0.046130    0.000011    3.475244 v _1196_/B1 (sky130_fd_sc_hd__a211o_1)
     2    0.007447    0.069861    0.289949    3.765193 v _1196_/X (sky130_fd_sc_hd__a211o_1)
                                                         _0524_ (net)
                      0.069861    0.000103    3.765295 v _1234_/A1 (sky130_fd_sc_hd__a31o_1)
     2    0.009159    0.066163    0.210661    3.975957 v _1234_/X (sky130_fd_sc_hd__a31o_1)
                                                         _0560_ (net)
                      0.066163    0.000018    3.975975 v _1247_/A (sky130_fd_sc_hd__nand2_2)
     1    0.005613    0.057089    0.066382    4.042357 ^ _1247_/Y (sky130_fd_sc_hd__nand2_2)
                                                         _0573_ (net)
                      0.057089    0.000010    4.042367 ^ _1266_/B1 (sky130_fd_sc_hd__o211a_4)
     6    0.031033    0.110652    0.212756    4.255124 ^ _1266_/X (sky130_fd_sc_hd__o211a_4)
                                                         _0591_ (net)
                      0.110655    0.000724    4.255848 ^ fanout55/A (sky130_fd_sc_hd__buf_12)
     5    0.049209    0.068511    0.142746    4.398594 ^ fanout55/X (sky130_fd_sc_hd__buf_12)
                                                         net55 (net)
                      0.068512    0.000417    4.399011 ^ _1281_/B (sky130_fd_sc_hd__xnor2_4)
     3    0.007928    0.076217    0.065683    4.464694 v _1281_/Y (sky130_fd_sc_hd__xnor2_4)
                                                         _0604_ (net)
                      0.076217    0.000022    4.464716 v _1299_/A (sky130_fd_sc_hd__or4_4)
     1    0.002833    0.079118    0.527707    4.992424 v _1299_/X (sky130_fd_sc_hd__or4_4)
                                                         _0619_ (net)
                      0.079118    0.000010    4.992433 v _1300_/B1 (sky130_fd_sc_hd__a311o_1)
     2    0.007038    0.074645    0.351472    5.343905 v _1300_/X (sky130_fd_sc_hd__a311o_1)
                                                         _0620_ (net)
                      0.074645    0.000093    5.343999 v _1329_/A2 (sky130_fd_sc_hd__a21o_1)
     3    0.010169    0.063081    0.217402    5.561401 v _1329_/X (sky130_fd_sc_hd__a21o_1)
                                                         _0645_ (net)
                      0.063081    0.000038    5.561439 v _1330_/A2 (sky130_fd_sc_hd__a21o_1)
     3    0.009036    0.060612    0.208323    5.769762 v _1330_/X (sky130_fd_sc_hd__a21o_1)
                                                         _0646_ (net)
                      0.060612    0.000017    5.769780 v _1343_/B2 (sky130_fd_sc_hd__a2bb2o_4)
     2    0.013422    0.046313    0.221483    5.991263 v _1343_/X (sky130_fd_sc_hd__a2bb2o_4)
                                                         _0657_ (net)
                      0.046313    0.000053    5.991316 v _1348_/A2 (sky130_fd_sc_hd__o21ai_2)
     1    0.005161    0.109014    0.117308    6.108624 ^ _1348_/Y (sky130_fd_sc_hd__o21ai_2)
                                                         _0661_ (net)
                      0.109014    0.000018    6.108642 ^ _1349_/B (sky130_fd_sc_hd__xor2_1)
     1    0.003183    0.120896    0.154371    6.263012 ^ _1349_/X (sky130_fd_sc_hd__xor2_1)
                                                         _0662_ (net)
                      0.120896    0.000008    6.263021 ^ _1351_/A1 (sky130_fd_sc_hd__a211oi_1)
     1    0.001981    0.056658    0.079413    6.342434 v _1351_/Y (sky130_fd_sc_hd__a211oi_1)
                                                         _0076_ (net)
                      0.056658    0.000004    6.342438 v _1460_/D (sky130_fd_sc_hd__dfxtp_1)
                                              6.342438   data arrival time

                                 10.000000   10.000000   clock clk (rise edge)
                                  0.000000   10.000000   clock source latency
     1    0.021601    0.102883    0.071047   10.071048 ^ clk (in)
                                                         clk (net)
                      0.102899    0.000000   10.071048 ^ clkbuf_0_clk/A (sky130_fd_sc_hd__clkbuf_16)
     8    0.084380    0.101038    0.195787   10.266834 ^ clkbuf_0_clk/X (sky130_fd_sc_hd__clkbuf_16)
                                                         clknet_0_clk (net)
                      0.101044    0.000914   10.267748 ^ clkbuf_3_6__f_clk/A (sky130_fd_sc_hd__clkbuf_16)
    14    0.039871    0.059707    0.162352   10.430099 ^ clkbuf_3_6__f_clk/X (sky130_fd_sc_hd__clkbuf_16)
                                                         clknet_3_6__leaf_clk (net)
                      0.059707    0.000202   10.430302 ^ _1460_/CLK (sky130_fd_sc_hd__dfxtp_1)
                                 -0.250000   10.180302   clock uncertainty
                                  0.000000   10.180302   clock reconvergence pessimism
                                 -0.112208   10.068093   library setup time
                                             10.068093   data required time
---------------------------------------------------------------------------------------------
                                             10.068093   data required time
                                             -6.342438   data arrival time
---------------------------------------------------------------------------------------------
                                              3.725656   slack (MET)


Startpoint: _1425_ (rising edge-triggered flip-flop clocked by clk)
Endpoint: _1463_ (rising edge-triggered flip-flop clocked by clk)
Path Group: clk
Path Type: max

Fanout         Cap        Slew       Delay        Time   Description
---------------------------------------------------------------------------------------------
                                  0.000000    0.000000   clock clk (rise edge)
                                  0.000000    0.000000   clock source latency
     1    0.021601    0.102883    0.071047    0.071047 ^ clk (in)
                                                         clk (net)
                      0.102899    0.000000    0.071047 ^ clkbuf_0_clk/A (sky130_fd_sc_hd__clkbuf_16)
     8    0.084380    0.101038    0.195786    0.266833 ^ clkbuf_0_clk/X (sky130_fd_sc_hd__clkbuf_16)
                                                         clknet_0_clk (net)
                      0.101071    0.001725    0.268558 ^ clkbuf_3_1__f_clk/A (sky130_fd_sc_hd__clkbuf_16)
    13    0.038816    0.058789    0.161655    0.430214 ^ clkbuf_3_1__f_clk/X (sky130_fd_sc_hd__clkbuf_16)
                                                         clknet_3_1__leaf_clk (net)
                      0.058789    0.000110    0.430323 ^ _1425_/CLK (sky130_fd_sc_hd__dfxtp_4)
     3    0.011358    0.039341    0.347145    0.777468 v _1425_/Q (sky130_fd_sc_hd__dfxtp_4)
                                                         core_b[0] (net)
                      0.039341    0.000028    0.777497 v fanout79/A (sky130_fd_sc_hd__buf_8)
     5    0.016012    0.028363    0.118368    0.895865 v fanout79/X (sky130_fd_sc_hd__buf_8)
                                                         net79 (net)
                      0.028363    0.000143    0.896008 v _1019_/C (sky130_fd_sc_hd__and3_4)
     5    0.009757    0.039344    0.176539    1.072547 v _1019_/X (sky130_fd_sc_hd__and3_4)
                                                         _0351_ (net)
                      0.039344    0.000013    1.072560 v rebuffer13/A (sky130_fd_sc_hd__dlymetal6s4s_1)
     2    0.003398    0.042193    0.247242    1.319802 v rebuffer13/X (sky130_fd_sc_hd__dlymetal6s4s_1)
                                                         net129 (net)
                      0.042193    0.000001    1.319803 v _1065_/A1_N (sky130_fd_sc_hd__a2bb2o_1)
     1    0.003037    0.047633    0.247500    1.567303 ^ _1065_/X (sky130_fd_sc_hd__a2bb2o_1)
                                                         _0396_ (net)
                      0.047633    0.000008    1.567311 ^ _1069_/A1 (sky130_fd_sc_hd__a21o_1)
     3    0.010705    0.100440    0.147947    1.715258 ^ _1069_/X (sky130_fd_sc_hd__a21o_1)
                                                         _0400_ (net)
                      0.100440    0.000168    1.715426 ^ rebuffer3/A (sky130_fd_sc_hd__dlymetal6s2s_1)
     1    0.002179    0.051865    0.110616    1.826041 ^ rebuffer3/X (sky130_fd_sc_hd__dlymetal6s2s_1)
                                                         net119 (net)
                      0.051865    0.000005    1.826046 ^ rebuffer2/A (sky130_fd_sc_hd__dlymetal6s2s_1)
     1    0.002589    0.055345    0.097488    1.923534 ^ rebuffer2/X (sky130_fd_sc_hd__dlymetal6s2s_1)
                                                         net118 (net)
                      0.055345    0.000002    1.923535 ^ _1071_/A2 (sky130_fd_sc_hd__a21oi_1)
     2    0.005267    0.080055    0.074862    1.998397 v _1071_/Y (sky130_fd_sc_hd__a21oi_1)
                                                         _0402_ (net)
                      0.080055    0.000023    1.998420 v _1073_/B (sky130_fd_sc_hd__or3b_4)
     3    0.007283    0.071899    0.386757    2.385177 v _1073_/X (sky130_fd_sc_hd__or3b_4)
                                                         _0404_ (net)
                      0.071899    0.000025    2.385201 v _1075_/B (sky130_fd_sc_hd__and3_4)
     2    0.012088    0.042388    0.189502    2.574703 v _1075_/X (sky130_fd_sc_hd__and3_4)
                                                         _0406_ (net)
                      0.042388    0.000056    2.574760 v _1078_/A2 (sky130_fd_sc_hd__o211a_1)
     2    0.007418    0.059742    0.223189    2.797949 v _1078_/X (sky130_fd_sc_hd__o211a_1)
                                                         _0409_ (net)
                      0.059742    0.000037    2.797986 v _1079_/C1 (sky130_fd_sc_hd__a211oi_2)
     5    0.015553    0.341731    0.286517    3.084503 ^ _1079_/Y (sky130_fd_sc_hd__a211oi_2)
                                                         _0410_ (net)
                      0.341731    0.000023    3.084526 ^ _1082_/B1 (sky130_fd_sc_hd__a211o_1)
     3    0.007175    0.074482    0.180055    3.264581 ^ _1082_/X (sky130_fd_sc_hd__a211o_1)
                                                         _0413_ (net)
                      0.074482    0.000030    3.264611 ^ _1126_/B1_N (sky130_fd_sc_hd__a21bo_1)
     2    0.005174    0.046130    0.210622    3.475233 v _1126_/X (sky130_fd_sc_hd__a21bo_1)
                                                         _0456_ (net)
                      0.046130    0.000011    3.475244 v _1196_/B1 (sky130_fd_sc_hd__a211o_1)
     2    0.007447    0.069861    0.289949    3.765193 v _1196_/X (sky130_fd_sc_hd__a211o_1)
                                                         _0524_ (net)
                      0.069861    0.000103    3.765295 v _1234_/A1 (sky130_fd_sc_hd__a31o_1)
     2    0.009159    0.066163    0.210661    3.975957 v _1234_/X (sky130_fd_sc_hd__a31o_1)
                                                         _0560_ (net)
                      0.066163    0.000018    3.975975 v _1247_/A (sky130_fd_sc_hd__nand2_2)
     1    0.005613    0.057089    0.066382    4.042357 ^ _1247_/Y (sky130_fd_sc_hd__nand2_2)
                                                         _0573_ (net)
                      0.057089    0.000010    4.042367 ^ _1266_/B1 (sky130_fd_sc_hd__o211a_4)
     6    0.031033    0.110652    0.212756    4.255124 ^ _1266_/X (sky130_fd_sc_hd__o211a_4)
                                                         _0591_ (net)
                      0.110655    0.000724    4.255848 ^ fanout55/A (sky130_fd_sc_hd__buf_12)
     5    0.049209    0.068511    0.142746    4.398594 ^ fanout55/X (sky130_fd_sc_hd__buf_12)
                                                         net55 (net)
                      0.068512    0.000417    4.399011 ^ _1281_/B (sky130_fd_sc_hd__xnor2_4)
     3    0.007928    0.076217    0.065683    4.464694 v _1281_/Y (sky130_fd_sc_hd__xnor2_4)
                                                         _0604_ (net)
                      0.076217    0.000022    4.464716 v _1299_/A (sky130_fd_sc_hd__or4_4)
     1    0.002833    0.079118    0.527707    4.992424 v _1299_/X (sky130_fd_sc_hd__or4_4)
                                                         _0619_ (net)
                      0.079118    0.000010    4.992433 v _1300_/B1 (sky130_fd_sc_hd__a311o_1)
     2    0.007038    0.074645    0.351472    5.343905 v _1300_/X (sky130_fd_sc_hd__a311o_1)
                                                         _0620_ (net)
                      0.074645    0.000093    5.343999 v _1329_/A2 (sky130_fd_sc_hd__a21o_1)
     3    0.010169    0.063081    0.217402    5.561401 v _1329_/X (sky130_fd_sc_hd__a21o_1)
                                                         _0645_ (net)
                      0.063081    0.000037    5.561438 v _1353_/A2 (sky130_fd_sc_hd__a21oi_2)
     2    0.010203    0.153450    0.186462    5.747900 ^ _1353_/Y (sky130_fd_sc_hd__a21oi_2)
                                                         _0665_ (net)
                      0.153450    0.000117    5.748016 ^ _1372_/A2 (sky130_fd_sc_hd__o211ai_2)
     2    0.005391    0.091533    0.097228    5.845244 v _1372_/Y (sky130_fd_sc_hd__o211ai_2)
                                                         _0682_ (net)
                      0.091533    0.000026    5.845270 v _1375_/A (sky130_fd_sc_hd__and3_1)
     1    0.002746    0.037647    0.158605    6.003874 v _1375_/X (sky130_fd_sc_hd__and3_1)
                                                         _0685_ (net)
                      0.037647    0.000008    6.003883 v _1376_/B (sky130_fd_sc_hd__or2_4)
     1    0.005075    0.047677    0.222460    6.226343 v _1376_/X (sky130_fd_sc_hd__or2_4)
                                                         _0686_ (net)
                      0.047677    0.000021    6.226365 v _1378_/A1 (sky130_fd_sc_hd__a211oi_2)
     1    0.001931    0.130110    0.154745    6.381109 ^ _1378_/Y (sky130_fd_sc_hd__a211oi_2)
                                                         _0079_ (net)
                      0.130110    0.000003    6.381112 ^ _1463_/D (sky130_fd_sc_hd__dfxtp_1)
                                              6.381112   data arrival time

                                 10.000000   10.000000   clock clk (rise edge)
                                  0.000000   10.000000   clock source latency
     1    0.021601    0.102883    0.071047   10.071048 ^ clk (in)
                                                         clk (net)
                      0.102899    0.000000   10.071048 ^ clkbuf_0_clk/A (sky130_fd_sc_hd__clkbuf_16)
     8    0.084380    0.101038    0.195787   10.266834 ^ clkbuf_0_clk/X (sky130_fd_sc_hd__clkbuf_16)
                                                         clknet_0_clk (net)
                      0.101044    0.000914   10.267748 ^ clkbuf_3_6__f_clk/A (sky130_fd_sc_hd__clkbuf_16)
    14    0.039871    0.059707    0.162352   10.430099 ^ clkbuf_3_6__f_clk/X (sky130_fd_sc_hd__clkbuf_16)
                                                         clknet_3_6__leaf_clk (net)
                      0.059712    0.000543   10.430642 ^ _1463_/CLK (sky130_fd_sc_hd__dfxtp_1)
                                 -0.250000   10.180642   clock uncertainty
                                  0.000000   10.180642   clock reconvergence pessimism
                                 -0.071503   10.109138   library setup time
                                             10.109138   data required time
---------------------------------------------------------------------------------------------
                                             10.109138   data required time
                                             -6.381112   data arrival time
---------------------------------------------------------------------------------------------
                                              3.728026   slack (MET)


Startpoint: _1425_ (rising edge-triggered flip-flop clocked by clk)
Endpoint: _1464_ (rising edge-triggered flip-flop clocked by clk)
Path Group: clk
Path Type: max

Fanout         Cap        Slew       Delay        Time   Description
---------------------------------------------------------------------------------------------
                                  0.000000    0.000000   clock clk (rise edge)
                                  0.000000    0.000000   clock source latency
     1    0.021601    0.102883    0.071047    0.071047 ^ clk (in)
                                                         clk (net)
                      0.102899    0.000000    0.071047 ^ clkbuf_0_clk/A (sky130_fd_sc_hd__clkbuf_16)
     8    0.084380    0.101038    0.195786    0.266833 ^ clkbuf_0_clk/X (sky130_fd_sc_hd__clkbuf_16)
                                                         clknet_0_clk (net)
                      0.101071    0.001725    0.268558 ^ clkbuf_3_1__f_clk/A (sky130_fd_sc_hd__clkbuf_16)
    13    0.038816    0.058789    0.161655    0.430214 ^ clkbuf_3_1__f_clk/X (sky130_fd_sc_hd__clkbuf_16)
                                                         clknet_3_1__leaf_clk (net)
                      0.058789    0.000110    0.430323 ^ _1425_/CLK (sky130_fd_sc_hd__dfxtp_4)
     3    0.011358    0.039341    0.347145    0.777468 v _1425_/Q (sky130_fd_sc_hd__dfxtp_4)
                                                         core_b[0] (net)
                      0.039341    0.000028    0.777497 v fanout79/A (sky130_fd_sc_hd__buf_8)
     5    0.016012    0.028363    0.118368    0.895865 v fanout79/X (sky130_fd_sc_hd__buf_8)
                                                         net79 (net)
                      0.028363    0.000143    0.896008 v _1019_/C (sky130_fd_sc_hd__and3_4)
     5    0.009757    0.039344    0.176539    1.072547 v _1019_/X (sky130_fd_sc_hd__and3_4)
                                                         _0351_ (net)
                      0.039344    0.000013    1.072560 v rebuffer13/A (sky130_fd_sc_hd__dlymetal6s4s_1)
     2    0.003398    0.042193    0.247242    1.319802 v rebuffer13/X (sky130_fd_sc_hd__dlymetal6s4s_1)
                                                         net129 (net)
                      0.042193    0.000001    1.319803 v _1065_/A1_N (sky130_fd_sc_hd__a2bb2o_1)
     1    0.003037    0.047633    0.247500    1.567303 ^ _1065_/X (sky130_fd_sc_hd__a2bb2o_1)
                                                         _0396_ (net)
                      0.047633    0.000008    1.567311 ^ _1069_/A1 (sky130_fd_sc_hd__a21o_1)
     3    0.010705    0.100440    0.147947    1.715258 ^ _1069_/X (sky130_fd_sc_hd__a21o_1)
                                                         _0400_ (net)
                      0.100440    0.000168    1.715426 ^ rebuffer3/A (sky130_fd_sc_hd__dlymetal6s2s_1)
     1    0.002179    0.051865    0.110616    1.826041 ^ rebuffer3/X (sky130_fd_sc_hd__dlymetal6s2s_1)
                                                         net119 (net)
                      0.051865    0.000005    1.826046 ^ rebuffer2/A (sky130_fd_sc_hd__dlymetal6s2s_1)
     1    0.002589    0.055345    0.097488    1.923534 ^ rebuffer2/X (sky130_fd_sc_hd__dlymetal6s2s_1)
                                                         net118 (net)
                      0.055345    0.000002    1.923535 ^ _1071_/A2 (sky130_fd_sc_hd__a21oi_1)
     2    0.005267    0.080055    0.074862    1.998397 v _1071_/Y (sky130_fd_sc_hd__a21oi_1)
                                                         _0402_ (net)
                      0.080055    0.000023    1.998420 v _1073_/B (sky130_fd_sc_hd__or3b_4)
     3    0.007283    0.071899    0.386757    2.385177 v _1073_/X (sky130_fd_sc_hd__or3b_4)
                                                         _0404_ (net)
                      0.071899    0.000025    2.385201 v _1075_/B (sky130_fd_sc_hd__and3_4)
     2    0.012088    0.042388    0.189502    2.574703 v _1075_/X (sky130_fd_sc_hd__and3_4)
                                                         _0406_ (net)
                      0.042388    0.000056    2.574760 v _1078_/A2 (sky130_fd_sc_hd__o211a_1)
     2    0.007418    0.059742    0.223189    2.797949 v _1078_/X (sky130_fd_sc_hd__o211a_1)
                                                         _0409_ (net)
                      0.059742    0.000037    2.797986 v _1079_/C1 (sky130_fd_sc_hd__a211oi_2)
     5    0.015553    0.341731    0.286517    3.084503 ^ _1079_/Y (sky130_fd_sc_hd__a211oi_2)
                                                         _0410_ (net)
                      0.341731    0.000023    3.084526 ^ _1082_/B1 (sky130_fd_sc_hd__a211o_1)
     3    0.007175    0.074482    0.180055    3.264581 ^ _1082_/X (sky130_fd_sc_hd__a211o_1)
                                                         _0413_ (net)
                      0.074482    0.000030    3.264611 ^ _1126_/B1_N (sky130_fd_sc_hd__a21bo_1)
     2    0.005174    0.046130    0.210622    3.475233 v _1126_/X (sky130_fd_sc_hd__a21bo_1)
                                                         _0456_ (net)
                      0.046130    0.000011    3.475244 v _1196_/B1 (sky130_fd_sc_hd__a211o_1)
     2    0.007447    0.069861    0.289949    3.765193 v _1196_/X (sky130_fd_sc_hd__a211o_1)
                                                         _0524_ (net)
                      0.069861    0.000103    3.765295 v _1234_/A1 (sky130_fd_sc_hd__a31o_1)
     2    0.009159    0.066163    0.210661    3.975957 v _1234_/X (sky130_fd_sc_hd__a31o_1)
                                                         _0560_ (net)
                      0.066163    0.000018    3.975975 v _1247_/A (sky130_fd_sc_hd__nand2_2)
     1    0.005613    0.057089    0.066382    4.042357 ^ _1247_/Y (sky130_fd_sc_hd__nand2_2)
                                                         _0573_ (net)
                      0.057089    0.000010    4.042367 ^ _1266_/B1 (sky130_fd_sc_hd__o211a_4)
     6    0.031033    0.110652    0.212756    4.255124 ^ _1266_/X (sky130_fd_sc_hd__o211a_4)
                                                         _0591_ (net)
                      0.110655    0.000724    4.255848 ^ fanout55/A (sky130_fd_sc_hd__buf_12)
     5    0.049209    0.068511    0.142746    4.398594 ^ fanout55/X (sky130_fd_sc_hd__buf_12)
                                                         net55 (net)
                      0.068512    0.000417    4.399011 ^ _1281_/B (sky130_fd_sc_hd__xnor2_4)
     3    0.007928    0.076217    0.065683    4.464694 v _1281_/Y (sky130_fd_sc_hd__xnor2_4)
                                                         _0604_ (net)
                      0.076217    0.000022    4.464716 v _1299_/A (sky130_fd_sc_hd__or4_4)
     1    0.002833    0.079118    0.527707    4.992424 v _1299_/X (sky130_fd_sc_hd__or4_4)
                                                         _0619_ (net)
                      0.079118    0.000010    4.992433 v _1300_/B1 (sky130_fd_sc_hd__a311o_1)
     2    0.007038    0.074645    0.351472    5.343905 v _1300_/X (sky130_fd_sc_hd__a311o_1)
                                                         _0620_ (net)
                      0.074645    0.000093    5.343999 v _1329_/A2 (sky130_fd_sc_hd__a21o_1)
     3    0.010169    0.063081    0.217402    5.561401 v _1329_/X (sky130_fd_sc_hd__a21o_1)
                                                         _0645_ (net)
                      0.063081    0.000037    5.561438 v _1353_/A2 (sky130_fd_sc_hd__a21oi_2)
     2    0.010203    0.153450    0.186462    5.747900 ^ _1353_/Y (sky130_fd_sc_hd__a21oi_2)
                                                         _0665_ (net)
                      0.153450    0.000117    5.748016 ^ _1372_/A2 (sky130_fd_sc_hd__o211ai_2)
     2    0.005391    0.091533    0.097228    5.845244 v _1372_/Y (sky130_fd_sc_hd__o211ai_2)
                                                         _0682_ (net)
                      0.091533    0.000034    5.845278 v _1374_/A1 (sky130_fd_sc_hd__a21oi_1)
     3    0.009131    0.228911    0.225487    6.070765 ^ _1374_/Y (sky130_fd_sc_hd__a21oi_1)
                                                         _0684_ (net)
                      0.228911    0.000027    6.070792 ^ _1380_/A2 (sky130_fd_sc_hd__o21ai_1)
     1    0.002836    0.061168    0.086405    6.157197 v _1380_/Y (sky130_fd_sc_hd__o21ai_1)
                                                         _0689_ (net)
                      0.061168    0.000007    6.157204 v _1383_/A1 (sky130_fd_sc_hd__a211oi_1)
     1    0.001880    0.158497    0.179118    6.336322 ^ _1383_/Y (sky130_fd_sc_hd__a211oi_1)
                                                         _0080_ (net)
                      0.158497    0.000002    6.336324 ^ _1464_/D (sky130_fd_sc_hd__dfxtp_1)
                                              6.336324   data arrival time

                                 10.000000   10.000000   clock clk (rise edge)
                                  0.000000   10.000000   clock source latency
     1    0.021601    0.102883    0.071047   10.071048 ^ clk (in)
                                                         clk (net)
                      0.102899    0.000000   10.071048 ^ clkbuf_0_clk/A (sky130_fd_sc_hd__clkbuf_16)
     8    0.084380    0.101038    0.195787   10.266834 ^ clkbuf_0_clk/X (sky130_fd_sc_hd__clkbuf_16)
                                                         clknet_0_clk (net)
                      0.101049    0.001116   10.267949 ^ clkbuf_3_3__f_clk/A (sky130_fd_sc_hd__clkbuf_16)
     7    0.032771    0.053517    0.157145   10.425095 ^ clkbuf_3_3__f_clk/X (sky130_fd_sc_hd__clkbuf_16)
                                                         clknet_3_3__leaf_clk (net)
                      0.053517    0.000300   10.425395 ^ _1464_/CLK (sky130_fd_sc_hd__dfxtp_1)
                                 -0.250000   10.175395   clock uncertainty
                                  0.000000   10.175395   clock reconvergence pessimism
                                 -0.078962   10.096434   library setup time
                                             10.096434   data required time
---------------------------------------------------------------------------------------------
                                             10.096434   data required time
                                             -6.336324   data arrival time
---------------------------------------------------------------------------------------------
                                              3.760109   slack (MET)


Startpoint: _1425_ (rising edge-triggered flip-flop clocked by clk)
Endpoint: _1459_ (rising edge-triggered flip-flop clocked by clk)
Path Group: clk
Path Type: max

Fanout         Cap        Slew       Delay        Time   Description
---------------------------------------------------------------------------------------------
                                  0.000000    0.000000   clock clk (rise edge)
                                  0.000000    0.000000   clock source latency
     1    0.021601    0.102883    0.071047    0.071047 ^ clk (in)
                                                         clk (net)
                      0.102899    0.000000    0.071047 ^ clkbuf_0_clk/A (sky130_fd_sc_hd__clkbuf_16)
     8    0.084380    0.101038    0.195786    0.266833 ^ clkbuf_0_clk/X (sky130_fd_sc_hd__clkbuf_16)
                                                         clknet_0_clk (net)
                      0.101071    0.001725    0.268558 ^ clkbuf_3_1__f_clk/A (sky130_fd_sc_hd__clkbuf_16)
    13    0.038816    0.058789    0.161655    0.430214 ^ clkbuf_3_1__f_clk/X (sky130_fd_sc_hd__clkbuf_16)
                                                         clknet_3_1__leaf_clk (net)
                      0.058789    0.000110    0.430323 ^ _1425_/CLK (sky130_fd_sc_hd__dfxtp_4)
     3    0.011358    0.039341    0.347145    0.777468 v _1425_/Q (sky130_fd_sc_hd__dfxtp_4)
                                                         core_b[0] (net)
                      0.039341    0.000028    0.777497 v fanout79/A (sky130_fd_sc_hd__buf_8)
     5    0.016012    0.028363    0.118368    0.895865 v fanout79/X (sky130_fd_sc_hd__buf_8)
                                                         net79 (net)
                      0.028363    0.000143    0.896008 v _1019_/C (sky130_fd_sc_hd__and3_4)
     5    0.009757    0.039344    0.176539    1.072547 v _1019_/X (sky130_fd_sc_hd__and3_4)
                                                         _0351_ (net)
                      0.039344    0.000013    1.072560 v rebuffer13/A (sky130_fd_sc_hd__dlymetal6s4s_1)
     2    0.003398    0.042193    0.247242    1.319802 v rebuffer13/X (sky130_fd_sc_hd__dlymetal6s4s_1)
                                                         net129 (net)
                      0.042193    0.000001    1.319803 v _1065_/A1_N (sky130_fd_sc_hd__a2bb2o_1)
     1    0.003037    0.047633    0.247500    1.567303 ^ _1065_/X (sky130_fd_sc_hd__a2bb2o_1)
                                                         _0396_ (net)
                      0.047633    0.000008    1.567311 ^ _1069_/A1 (sky130_fd_sc_hd__a21o_1)
     3    0.010705    0.100440    0.147947    1.715258 ^ _1069_/X (sky130_fd_sc_hd__a21o_1)
                                                         _0400_ (net)
                      0.100440    0.000168    1.715426 ^ rebuffer3/A (sky130_fd_sc_hd__dlymetal6s2s_1)
     1    0.002179    0.051865    0.110616    1.826041 ^ rebuffer3/X (sky130_fd_sc_hd__dlymetal6s2s_1)
                                                         net119 (net)
                      0.051865    0.000005    1.826046 ^ rebuffer2/A (sky130_fd_sc_hd__dlymetal6s2s_1)
     1    0.002589    0.055345    0.097488    1.923534 ^ rebuffer2/X (sky130_fd_sc_hd__dlymetal6s2s_1)
                                                         net118 (net)
                      0.055345    0.000002    1.923535 ^ _1071_/A2 (sky130_fd_sc_hd__a21oi_1)
     2    0.005267    0.080055    0.074862    1.998397 v _1071_/Y (sky130_fd_sc_hd__a21oi_1)
                                                         _0402_ (net)
                      0.080055    0.000023    1.998420 v _1073_/B (sky130_fd_sc_hd__or3b_4)
     3    0.007283    0.071899    0.386757    2.385177 v _1073_/X (sky130_fd_sc_hd__or3b_4)
                                                         _0404_ (net)
                      0.071899    0.000025    2.385201 v _1075_/B (sky130_fd_sc_hd__and3_4)
     2    0.012088    0.042388    0.189502    2.574703 v _1075_/X (sky130_fd_sc_hd__and3_4)
                                                         _0406_ (net)
                      0.042388    0.000056    2.574760 v _1078_/A2 (sky130_fd_sc_hd__o211a_1)
     2    0.007418    0.059742    0.223189    2.797949 v _1078_/X (sky130_fd_sc_hd__o211a_1)
                                                         _0409_ (net)
                      0.059742    0.000037    2.797986 v _1079_/C1 (sky130_fd_sc_hd__a211oi_2)
     5    0.015553    0.341731    0.286517    3.084503 ^ _1079_/Y (sky130_fd_sc_hd__a211oi_2)
                                                         _0410_ (net)
                      0.341731    0.000023    3.084526 ^ _1082_/B1 (sky130_fd_sc_hd__a211o_1)
     3    0.007175    0.074482    0.180055    3.264581 ^ _1082_/X (sky130_fd_sc_hd__a211o_1)
                                                         _0413_ (net)
                      0.074482    0.000030    3.264611 ^ _1126_/B1_N (sky130_fd_sc_hd__a21bo_1)
     2    0.005174    0.046130    0.210622    3.475233 v _1126_/X (sky130_fd_sc_hd__a21bo_1)
                                                         _0456_ (net)
                      0.046130    0.000011    3.475244 v _1196_/B1 (sky130_fd_sc_hd__a211o_1)
     2    0.007447    0.069861    0.289949    3.765193 v _1196_/X (sky130_fd_sc_hd__a211o_1)
                                                         _0524_ (net)
                      0.069861    0.000103    3.765295 v _1234_/A1 (sky130_fd_sc_hd__a31o_1)
     2    0.009159    0.066163    0.210661    3.975957 v _1234_/X (sky130_fd_sc_hd__a31o_1)
                                                         _0560_ (net)
                      0.066163    0.000018    3.975975 v _1247_/A (sky130_fd_sc_hd__nand2_2)
     1    0.005613    0.057089    0.066382    4.042357 ^ _1247_/Y (sky130_fd_sc_hd__nand2_2)
                                                         _0573_ (net)
                      0.057089    0.000010    4.042367 ^ _1266_/B1 (sky130_fd_sc_hd__o211a_4)
     6    0.031033    0.110652    0.212756    4.255124 ^ _1266_/X (sky130_fd_sc_hd__o211a_4)
                                                         _0591_ (net)
                      0.110655    0.000724    4.255848 ^ fanout55/A (sky130_fd_sc_hd__buf_12)
     5    0.049209    0.068511    0.142746    4.398594 ^ fanout55/X (sky130_fd_sc_hd__buf_12)
                                                         net55 (net)
                      0.068512    0.000417    4.399011 ^ _1281_/B (sky130_fd_sc_hd__xnor2_4)
     3    0.007928    0.076217    0.065683    4.464694 v _1281_/Y (sky130_fd_sc_hd__xnor2_4)
                                                         _0604_ (net)
                      0.076217    0.000022    4.464716 v _1299_/A (sky130_fd_sc_hd__or4_4)
     1    0.002833    0.079118    0.527707    4.992424 v _1299_/X (sky130_fd_sc_hd__or4_4)
                                                         _0619_ (net)
                      0.079118    0.000010    4.992433 v _1300_/B1 (sky130_fd_sc_hd__a311o_1)
     2    0.007038    0.074645    0.351472    5.343905 v _1300_/X (sky130_fd_sc_hd__a311o_1)
                                                         _0620_ (net)
                      0.074645    0.000093    5.343999 v _1329_/A2 (sky130_fd_sc_hd__a21o_1)
     3    0.010169    0.063081    0.217402    5.561401 v _1329_/X (sky130_fd_sc_hd__a21o_1)
                                                         _0645_ (net)
                      0.063081    0.000038    5.561439 v _1330_/A2 (sky130_fd_sc_hd__a21o_1)
     3    0.009036    0.060612    0.208323    5.769762 v _1330_/X (sky130_fd_sc_hd__a21o_1)
                                                         _0646_ (net)
                      0.060612    0.000017    5.769780 v _1343_/B2 (sky130_fd_sc_hd__a2bb2o_4)
     2    0.013422    0.046313    0.221483    5.991263 v _1343_/X (sky130_fd_sc_hd__a2bb2o_4)
                                                         _0657_ (net)
                      0.046313    0.000044    5.991307 v _1344_/B (sky130_fd_sc_hd__xnor2_2)
     1    0.003315    0.105249    0.112480    6.103787 ^ _1344_/Y (sky130_fd_sc_hd__xnor2_2)
                                                         _0658_ (net)
                      0.105249    0.000017    6.103804 ^ _1345_/B (sky130_fd_sc_hd__nand2_1)
     1    0.002639    0.052386    0.061901    6.165705 v _1345_/Y (sky130_fd_sc_hd__nand2_1)
                                                         _0659_ (net)
                      0.052386    0.000005    6.165710 v _1346_/C1 (sky130_fd_sc_hd__o211a_1)
     1    0.001943    0.035375    0.101723    6.267433 v _1346_/X (sky130_fd_sc_hd__o211a_1)
                                                         _0075_ (net)
                      0.035375    0.000003    6.267436 v _1459_/D (sky130_fd_sc_hd__dfxtp_1)
                                              6.267436   data arrival time

                                 10.000000   10.000000   clock clk (rise edge)
                                  0.000000   10.000000   clock source latency
     1    0.021601    0.102883    0.071047   10.071048 ^ clk (in)
                                                         clk (net)
                      0.102899    0.000000   10.071048 ^ clkbuf_0_clk/A (sky130_fd_sc_hd__clkbuf_16)
     8    0.084380    0.101038    0.195787   10.266834 ^ clkbuf_0_clk/X (sky130_fd_sc_hd__clkbuf_16)
                                                         clknet_0_clk (net)
                      0.101044    0.000914   10.267748 ^ clkbuf_3_6__f_clk/A (sky130_fd_sc_hd__clkbuf_16)
    14    0.039871    0.059707    0.162352   10.430099 ^ clkbuf_3_6__f_clk/X (sky130_fd_sc_hd__clkbuf_16)
                                                         clknet_3_6__leaf_clk (net)
                      0.059707    0.000255   10.430355 ^ _1459_/CLK (sky130_fd_sc_hd__dfxtp_1)
                                 -0.250000   10.180355   clock uncertainty
                                  0.000000   10.180355   clock reconvergence pessimism
                                 -0.102872   10.077482   library setup time
                                             10.077482   data required time
---------------------------------------------------------------------------------------------
                                             10.077482   data required time
                                             -6.267436   data arrival time
---------------------------------------------------------------------------------------------
                                              3.810047   slack (MET)


Startpoint: _1425_ (rising edge-triggered flip-flop clocked by clk)
Endpoint: _1455_ (rising edge-triggered flip-flop clocked by clk)
Path Group: clk
Path Type: max

Fanout         Cap        Slew       Delay        Time   Description
---------------------------------------------------------------------------------------------
                                  0.000000    0.000000   clock clk (rise edge)
                                  0.000000    0.000000   clock source latency
     1    0.021601    0.102883    0.071047    0.071047 ^ clk (in)
                                                         clk (net)
                      0.102899    0.000000    0.071047 ^ clkbuf_0_clk/A (sky130_fd_sc_hd__clkbuf_16)
     8    0.084380    0.101038    0.195786    0.266833 ^ clkbuf_0_clk/X (sky130_fd_sc_hd__clkbuf_16)
                                                         clknet_0_clk (net)
                      0.101071    0.001725    0.268558 ^ clkbuf_3_1__f_clk/A (sky130_fd_sc_hd__clkbuf_16)
    13    0.038816    0.058789    0.161655    0.430214 ^ clkbuf_3_1__f_clk/X (sky130_fd_sc_hd__clkbuf_16)
                                                         clknet_3_1__leaf_clk (net)
                      0.058789    0.000110    0.430323 ^ _1425_/CLK (sky130_fd_sc_hd__dfxtp_4)
     3    0.011358    0.039341    0.347145    0.777468 v _1425_/Q (sky130_fd_sc_hd__dfxtp_4)
                                                         core_b[0] (net)
                      0.039341    0.000028    0.777497 v fanout79/A (sky130_fd_sc_hd__buf_8)
     5    0.016012    0.028363    0.118368    0.895865 v fanout79/X (sky130_fd_sc_hd__buf_8)
                                                         net79 (net)
                      0.028363    0.000143    0.896008 v _1019_/C (sky130_fd_sc_hd__and3_4)
     5    0.009757    0.039344    0.176539    1.072547 v _1019_/X (sky130_fd_sc_hd__and3_4)
                                                         _0351_ (net)
                      0.039344    0.000013    1.072560 v rebuffer13/A (sky130_fd_sc_hd__dlymetal6s4s_1)
     2    0.003398    0.042193    0.247242    1.319802 v rebuffer13/X (sky130_fd_sc_hd__dlymetal6s4s_1)
                                                         net129 (net)
                      0.042193    0.000001    1.319803 v _1065_/A1_N (sky130_fd_sc_hd__a2bb2o_1)
     1    0.003037    0.047633    0.247500    1.567303 ^ _1065_/X (sky130_fd_sc_hd__a2bb2o_1)
                                                         _0396_ (net)
                      0.047633    0.000008    1.567311 ^ _1069_/A1 (sky130_fd_sc_hd__a21o_1)
     3    0.010705    0.100440    0.147947    1.715258 ^ _1069_/X (sky130_fd_sc_hd__a21o_1)
                                                         _0400_ (net)
                      0.100440    0.000168    1.715426 ^ rebuffer3/A (sky130_fd_sc_hd__dlymetal6s2s_1)
     1    0.002179    0.051865    0.110616    1.826041 ^ rebuffer3/X (sky130_fd_sc_hd__dlymetal6s2s_1)
                                                         net119 (net)
                      0.051865    0.000005    1.826046 ^ rebuffer2/A (sky130_fd_sc_hd__dlymetal6s2s_1)
     1    0.002589    0.055345    0.097488    1.923534 ^ rebuffer2/X (sky130_fd_sc_hd__dlymetal6s2s_1)
                                                         net118 (net)
                      0.055345    0.000002    1.923535 ^ _1071_/A2 (sky130_fd_sc_hd__a21oi_1)
     2    0.005267    0.080055    0.074862    1.998397 v _1071_/Y (sky130_fd_sc_hd__a21oi_1)
                                                         _0402_ (net)
                      0.080055    0.000023    1.998420 v _1073_/B (sky130_fd_sc_hd__or3b_4)
     3    0.007283    0.071899    0.386757    2.385177 v _1073_/X (sky130_fd_sc_hd__or3b_4)
                                                         _0404_ (net)
                      0.071899    0.000025    2.385201 v _1075_/B (sky130_fd_sc_hd__and3_4)
     2    0.012088    0.042388    0.189502    2.574703 v _1075_/X (sky130_fd_sc_hd__and3_4)
                                                         _0406_ (net)
                      0.042388    0.000056    2.574760 v _1078_/A2 (sky130_fd_sc_hd__o211a_1)
     2    0.007418    0.059742    0.223189    2.797949 v _1078_/X (sky130_fd_sc_hd__o211a_1)
                                                         _0409_ (net)
                      0.059742    0.000037    2.797986 v _1079_/C1 (sky130_fd_sc_hd__a211oi_2)
     5    0.015553    0.341731    0.286517    3.084503 ^ _1079_/Y (sky130_fd_sc_hd__a211oi_2)
                                                         _0410_ (net)
                      0.341731    0.000023    3.084526 ^ _1082_/B1 (sky130_fd_sc_hd__a211o_1)
     3    0.007175    0.074482    0.180055    3.264581 ^ _1082_/X (sky130_fd_sc_hd__a211o_1)
                                                         _0413_ (net)
                      0.074482    0.000030    3.264611 ^ _1126_/B1_N (sky130_fd_sc_hd__a21bo_1)
     2    0.005174    0.046130    0.210622    3.475233 v _1126_/X (sky130_fd_sc_hd__a21bo_1)
                                                         _0456_ (net)
                      0.046130    0.000011    3.475244 v _1196_/B1 (sky130_fd_sc_hd__a211o_1)
     2    0.007447    0.069861    0.289949    3.765193 v _1196_/X (sky130_fd_sc_hd__a211o_1)
                                                         _0524_ (net)
                      0.069861    0.000103    3.765295 v _1234_/A1 (sky130_fd_sc_hd__a31o_1)
     2    0.009159    0.066163    0.210661    3.975957 v _1234_/X (sky130_fd_sc_hd__a31o_1)
                                                         _0560_ (net)
                      0.066163    0.000018    3.975975 v _1247_/A (sky130_fd_sc_hd__nand2_2)
     1    0.005613    0.057089    0.066382    4.042357 ^ _1247_/Y (sky130_fd_sc_hd__nand2_2)
                                                         _0573_ (net)
                      0.057089    0.000010    4.042367 ^ _1266_/B1 (sky130_fd_sc_hd__o211a_4)
     6    0.031033    0.110652    0.212756    4.255124 ^ _1266_/X (sky130_fd_sc_hd__o211a_4)
                                                         _0591_ (net)
                      0.110655    0.000724    4.255848 ^ fanout55/A (sky130_fd_sc_hd__buf_12)
     5    0.049209    0.068511    0.142746    4.398594 ^ fanout55/X (sky130_fd_sc_hd__buf_12)
                                                         net55 (net)
                      0.068512    0.000417    4.399011 ^ _1281_/B (sky130_fd_sc_hd__xnor2_4)
     3    0.007928    0.076217    0.065683    4.464694 v _1281_/Y (sky130_fd_sc_hd__xnor2_4)
                                                         _0604_ (net)
                      0.076217    0.000022    4.464716 v _1299_/A (sky130_fd_sc_hd__or4_4)
     1    0.002833    0.079118    0.527707    4.992424 v _1299_/X (sky130_fd_sc_hd__or4_4)
                                                         _0619_ (net)
                      0.079118    0.000010    4.992433 v _1300_/B1 (sky130_fd_sc_hd__a311o_1)
     2    0.007038    0.074645    0.351472    5.343905 v _1300_/X (sky130_fd_sc_hd__a311o_1)
                                                         _0620_ (net)
                      0.074645    0.000090    5.343995 v _1303_/A (sky130_fd_sc_hd__and2_4)
     2    0.004862    0.030600    0.146706    5.490701 v _1303_/X (sky130_fd_sc_hd__and2_4)
                                                         _0623_ (net)
                      0.030600    0.000010    5.490712 v _1304_/B (sky130_fd_sc_hd__or2_4)
     3    0.009655    0.053649    0.231139    5.721851 v _1304_/X (sky130_fd_sc_hd__or2_4)
                                                         _0624_ (net)
                      0.053649    0.000048    5.721899 v _1317_/B1 (sky130_fd_sc_hd__a2bb2o_4)
     2    0.007559    0.038368    0.220686    5.942585 v _1317_/X (sky130_fd_sc_hd__a2bb2o_4)
                                                         _0635_ (net)
                      0.038368    0.000031    5.942616 v _1318_/B (sky130_fd_sc_hd__xnor2_1)
     1    0.002798    0.118272    0.123809    6.066425 ^ _1318_/Y (sky130_fd_sc_hd__xnor2_1)
                                                         _0636_ (net)
                      0.118272    0.000004    6.066429 ^ _1319_/B (sky130_fd_sc_hd__nand2_1)
     1    0.002366    0.056160    0.063046    6.129475 v _1319_/Y (sky130_fd_sc_hd__nand2_1)
                                                         _0637_ (net)
                      0.056160    0.000000    6.129476 v _1320_/C1 (sky130_fd_sc_hd__o211a_1)
     1    0.001835    0.034909    0.102747    6.232223 v _1320_/X (sky130_fd_sc_hd__o211a_1)
                                                         _0071_ (net)
                      0.034909    0.000001    6.232224 v _1455_/D (sky130_fd_sc_hd__dfxtp_1)
                                              6.232224   data arrival time

                                 10.000000   10.000000   clock clk (rise edge)
                                  0.000000   10.000000   clock source latency
     1    0.021601    0.102883    0.071047   10.071048 ^ clk (in)
                                                         clk (net)
                      0.102899    0.000000   10.071048 ^ clkbuf_0_clk/A (sky130_fd_sc_hd__clkbuf_16)
     8    0.084380    0.101038    0.195787   10.266834 ^ clkbuf_0_clk/X (sky130_fd_sc_hd__clkbuf_16)
                                                         clknet_0_clk (net)
                      0.101044    0.000923   10.267756 ^ clkbuf_3_7__f_clk/A (sky130_fd_sc_hd__clkbuf_16)
    10    0.038123    0.058189    0.161171   10.428927 ^ clkbuf_3_7__f_clk/X (sky130_fd_sc_hd__clkbuf_16)
                                                         clknet_3_7__leaf_clk (net)
                      0.058189    0.000129   10.429056 ^ _1455_/CLK (sky130_fd_sc_hd__dfxtp_1)
                                 -0.250000   10.179056   clock uncertainty
                                  0.000000   10.179056   clock reconvergence pessimism
                                 -0.103022   10.076034   library setup time
                                             10.076034   data required time
---------------------------------------------------------------------------------------------
                                             10.076034   data required time
                                             -6.232224   data arrival time
---------------------------------------------------------------------------------------------
                                              3.843809   slack (MET)


Startpoint: _1425_ (rising edge-triggered flip-flop clocked by clk)
Endpoint: _1458_ (rising edge-triggered flip-flop clocked by clk)
Path Group: clk
Path Type: max

Fanout         Cap        Slew       Delay        Time   Description
---------------------------------------------------------------------------------------------
                                  0.000000    0.000000   clock clk (rise edge)
                                  0.000000    0.000000   clock source latency
     1    0.021601    0.102883    0.071047    0.071047 ^ clk (in)
                                                         clk (net)
                      0.102899    0.000000    0.071047 ^ clkbuf_0_clk/A (sky130_fd_sc_hd__clkbuf_16)
     8    0.084380    0.101038    0.195786    0.266833 ^ clkbuf_0_clk/X (sky130_fd_sc_hd__clkbuf_16)
                                                         clknet_0_clk (net)
                      0.101071    0.001725    0.268558 ^ clkbuf_3_1__f_clk/A (sky130_fd_sc_hd__clkbuf_16)
    13    0.038816    0.058789    0.161655    0.430214 ^ clkbuf_3_1__f_clk/X (sky130_fd_sc_hd__clkbuf_16)
                                                         clknet_3_1__leaf_clk (net)
                      0.058789    0.000110    0.430323 ^ _1425_/CLK (sky130_fd_sc_hd__dfxtp_4)
     3    0.011358    0.039341    0.347145    0.777468 v _1425_/Q (sky130_fd_sc_hd__dfxtp_4)
                                                         core_b[0] (net)
                      0.039341    0.000028    0.777497 v fanout79/A (sky130_fd_sc_hd__buf_8)
     5    0.016012    0.028363    0.118368    0.895865 v fanout79/X (sky130_fd_sc_hd__buf_8)
                                                         net79 (net)
                      0.028363    0.000143    0.896008 v _1019_/C (sky130_fd_sc_hd__and3_4)
     5    0.009757    0.039344    0.176539    1.072547 v _1019_/X (sky130_fd_sc_hd__and3_4)
                                                         _0351_ (net)
                      0.039344    0.000013    1.072560 v rebuffer13/A (sky130_fd_sc_hd__dlymetal6s4s_1)
     2    0.003398    0.042193    0.247242    1.319802 v rebuffer13/X (sky130_fd_sc_hd__dlymetal6s4s_1)
                                                         net129 (net)
                      0.042193    0.000001    1.319803 v _1065_/A1_N (sky130_fd_sc_hd__a2bb2o_1)
     1    0.003037    0.047633    0.247500    1.567303 ^ _1065_/X (sky130_fd_sc_hd__a2bb2o_1)
                                                         _0396_ (net)
                      0.047633    0.000008    1.567311 ^ _1069_/A1 (sky130_fd_sc_hd__a21o_1)
     3    0.010705    0.100440    0.147947    1.715258 ^ _1069_/X (sky130_fd_sc_hd__a21o_1)
                                                         _0400_ (net)
                      0.100440    0.000168    1.715426 ^ rebuffer3/A (sky130_fd_sc_hd__dlymetal6s2s_1)
     1    0.002179    0.051865    0.110616    1.826041 ^ rebuffer3/X (sky130_fd_sc_hd__dlymetal6s2s_1)
                                                         net119 (net)
                      0.051865    0.000005    1.826046 ^ rebuffer2/A (sky130_fd_sc_hd__dlymetal6s2s_1)
     1    0.002589    0.055345    0.097488    1.923534 ^ rebuffer2/X (sky130_fd_sc_hd__dlymetal6s2s_1)
                                                         net118 (net)
                      0.055345    0.000002    1.923535 ^ _1071_/A2 (sky130_fd_sc_hd__a21oi_1)
     2    0.005267    0.080055    0.074862    1.998397 v _1071_/Y (sky130_fd_sc_hd__a21oi_1)
                                                         _0402_ (net)
                      0.080055    0.000023    1.998420 v _1073_/B (sky130_fd_sc_hd__or3b_4)
     3    0.007283    0.071899    0.386757    2.385177 v _1073_/X (sky130_fd_sc_hd__or3b_4)
                                                         _0404_ (net)
                      0.071899    0.000025    2.385201 v _1075_/B (sky130_fd_sc_hd__and3_4)
     2    0.012088    0.042388    0.189502    2.574703 v _1075_/X (sky130_fd_sc_hd__and3_4)
                                                         _0406_ (net)
                      0.042388    0.000056    2.574760 v _1078_/A2 (sky130_fd_sc_hd__o211a_1)
     2    0.007418    0.059742    0.223189    2.797949 v _1078_/X (sky130_fd_sc_hd__o211a_1)
                                                         _0409_ (net)
                      0.059742    0.000037    2.797986 v _1079_/C1 (sky130_fd_sc_hd__a211oi_2)
     5    0.015553    0.341731    0.286517    3.084503 ^ _1079_/Y (sky130_fd_sc_hd__a211oi_2)
                                                         _0410_ (net)
                      0.341731    0.000023    3.084526 ^ _1082_/B1 (sky130_fd_sc_hd__a211o_1)
     3    0.007175    0.074482    0.180055    3.264581 ^ _1082_/X (sky130_fd_sc_hd__a211o_1)
                                                         _0413_ (net)
                      0.074482    0.000030    3.264611 ^ _1126_/B1_N (sky130_fd_sc_hd__a21bo_1)
     2    0.005174    0.046130    0.210622    3.475233 v _1126_/X (sky130_fd_sc_hd__a21bo_1)
                                                         _0456_ (net)
                      0.046130    0.000011    3.475244 v _1196_/B1 (sky130_fd_sc_hd__a211o_1)
     2    0.007447    0.069861    0.289949    3.765193 v _1196_/X (sky130_fd_sc_hd__a211o_1)
                                                         _0524_ (net)
                      0.069861    0.000103    3.765295 v _1234_/A1 (sky130_fd_sc_hd__a31o_1)
     2    0.009159    0.066163    0.210661    3.975957 v _1234_/X (sky130_fd_sc_hd__a31o_1)
                                                         _0560_ (net)
                      0.066163    0.000018    3.975975 v _1247_/A (sky130_fd_sc_hd__nand2_2)
     1    0.005613    0.057089    0.066382    4.042357 ^ _1247_/Y (sky130_fd_sc_hd__nand2_2)
                                                         _0573_ (net)
                      0.057089    0.000010    4.042367 ^ _1266_/B1 (sky130_fd_sc_hd__o211a_4)
     6    0.031033    0.110652    0.212756    4.255124 ^ _1266_/X (sky130_fd_sc_hd__o211a_4)
                                                         _0591_ (net)
                      0.110655    0.000724    4.255848 ^ fanout55/A (sky130_fd_sc_hd__buf_12)
     5    0.049209    0.068511    0.142746    4.398594 ^ fanout55/X (sky130_fd_sc_hd__buf_12)
                                                         net55 (net)
                      0.068512    0.000417    4.399011 ^ _1281_/B (sky130_fd_sc_hd__xnor2_4)
     3    0.007928    0.076217    0.065683    4.464694 v _1281_/Y (sky130_fd_sc_hd__xnor2_4)
                                                         _0604_ (net)
                      0.076217    0.000022    4.464716 v _1299_/A (sky130_fd_sc_hd__or4_4)
     1    0.002833    0.079118    0.527707    4.992424 v _1299_/X (sky130_fd_sc_hd__or4_4)
                                                         _0619_ (net)
                      0.079118    0.000010    4.992433 v _1300_/B1 (sky130_fd_sc_hd__a311o_1)
     2    0.007038    0.074645    0.351472    5.343905 v _1300_/X (sky130_fd_sc_hd__a311o_1)
                                                         _0620_ (net)
                      0.074645    0.000093    5.343999 v _1329_/A2 (sky130_fd_sc_hd__a21o_1)
     3    0.010169    0.063081    0.217402    5.561401 v _1329_/X (sky130_fd_sc_hd__a21o_1)
                                                         _0645_ (net)
                      0.063081    0.000038    5.561439 v _1330_/A2 (sky130_fd_sc_hd__a21o_1)
     3    0.009036    0.060612    0.208323    5.769762 v _1330_/X (sky130_fd_sc_hd__a21o_1)
                                                         _0646_ (net)
                      0.060612    0.000017    5.769780 v _1335_/B1_N (sky130_fd_sc_hd__a21boi_1)
     1    0.005440    0.062716    0.141179    5.910959 v _1335_/Y (sky130_fd_sc_hd__a21boi_1)
                                                         _0650_ (net)
                      0.062716    0.000028    5.910987 v _1336_/B (sky130_fd_sc_hd__xnor2_1)
     1    0.002913    0.060143    0.125424    6.036411 v _1336_/Y (sky130_fd_sc_hd__xnor2_1)
                                                         _0651_ (net)
                      0.060143    0.000009    6.036420 v _1338_/A1 (sky130_fd_sc_hd__a211oi_1)
     1    0.002012    0.162353    0.181588    6.218008 ^ _1338_/Y (sky130_fd_sc_hd__a211oi_1)
                                                         _0074_ (net)
                      0.162353    0.000004    6.218011 ^ _1458_/D (sky130_fd_sc_hd__dfxtp_1)
                                              6.218011   data arrival time

                                 10.000000   10.000000   clock clk (rise edge)
                                  0.000000   10.000000   clock source latency
     1    0.021601    0.102883    0.071047   10.071048 ^ clk (in)
                                                         clk (net)
                      0.102899    0.000000   10.071048 ^ clkbuf_0_clk/A (sky130_fd_sc_hd__clkbuf_16)
     8    0.084380    0.101038    0.195787   10.266834 ^ clkbuf_0_clk/X (sky130_fd_sc_hd__clkbuf_16)
                                                         clknet_0_clk (net)
                      0.101044    0.000923   10.267756 ^ clkbuf_3_7__f_clk/A (sky130_fd_sc_hd__clkbuf_16)
    10    0.038123    0.058189    0.161171   10.428927 ^ clkbuf_3_7__f_clk/X (sky130_fd_sc_hd__clkbuf_16)
                                                         clknet_3_7__leaf_clk (net)
                      0.058189    0.000105   10.429032 ^ _1458_/CLK (sky130_fd_sc_hd__dfxtp_1)
                                 -0.250000   10.179032   clock uncertainty
                                  0.000000   10.179032   clock reconvergence pessimism
                                 -0.079158   10.099874   library setup time
                                             10.099874   data required time
---------------------------------------------------------------------------------------------
                                             10.099874   data required time
                                             -6.218011   data arrival time
---------------------------------------------------------------------------------------------
                                              3.881862   slack (MET)


Startpoint: _1425_ (rising edge-triggered flip-flop clocked by clk)
Endpoint: _1461_ (rising edge-triggered flip-flop clocked by clk)
Path Group: clk
Path Type: max

Fanout         Cap        Slew       Delay        Time   Description
---------------------------------------------------------------------------------------------
                                  0.000000    0.000000   clock clk (rise edge)
                                  0.000000    0.000000   clock source latency
     1    0.021601    0.102883    0.071047    0.071047 ^ clk (in)
                                                         clk (net)
                      0.102899    0.000000    0.071047 ^ clkbuf_0_clk/A (sky130_fd_sc_hd__clkbuf_16)
     8    0.084380    0.101038    0.195786    0.266833 ^ clkbuf_0_clk/X (sky130_fd_sc_hd__clkbuf_16)
                                                         clknet_0_clk (net)
                      0.101071    0.001725    0.268558 ^ clkbuf_3_1__f_clk/A (sky130_fd_sc_hd__clkbuf_16)
    13    0.038816    0.058789    0.161655    0.430214 ^ clkbuf_3_1__f_clk/X (sky130_fd_sc_hd__clkbuf_16)
                                                         clknet_3_1__leaf_clk (net)
                      0.058789    0.000110    0.430323 ^ _1425_/CLK (sky130_fd_sc_hd__dfxtp_4)
     3    0.011358    0.039341    0.347145    0.777468 v _1425_/Q (sky130_fd_sc_hd__dfxtp_4)
                                                         core_b[0] (net)
                      0.039341    0.000028    0.777497 v fanout79/A (sky130_fd_sc_hd__buf_8)
     5    0.016012    0.028363    0.118368    0.895865 v fanout79/X (sky130_fd_sc_hd__buf_8)
                                                         net79 (net)
                      0.028363    0.000143    0.896008 v _1019_/C (sky130_fd_sc_hd__and3_4)
     5    0.009757    0.039344    0.176539    1.072547 v _1019_/X (sky130_fd_sc_hd__and3_4)
                                                         _0351_ (net)
                      0.039344    0.000013    1.072560 v rebuffer13/A (sky130_fd_sc_hd__dlymetal6s4s_1)
     2    0.003398    0.042193    0.247242    1.319802 v rebuffer13/X (sky130_fd_sc_hd__dlymetal6s4s_1)
                                                         net129 (net)
                      0.042193    0.000001    1.319803 v _1065_/A1_N (sky130_fd_sc_hd__a2bb2o_1)
     1    0.003037    0.047633    0.247500    1.567303 ^ _1065_/X (sky130_fd_sc_hd__a2bb2o_1)
                                                         _0396_ (net)
                      0.047633    0.000008    1.567311 ^ _1069_/A1 (sky130_fd_sc_hd__a21o_1)
     3    0.010705    0.100440    0.147947    1.715258 ^ _1069_/X (sky130_fd_sc_hd__a21o_1)
                                                         _0400_ (net)
                      0.100440    0.000168    1.715426 ^ rebuffer3/A (sky130_fd_sc_hd__dlymetal6s2s_1)
     1    0.002179    0.051865    0.110616    1.826041 ^ rebuffer3/X (sky130_fd_sc_hd__dlymetal6s2s_1)
                                                         net119 (net)
                      0.051865    0.000005    1.826046 ^ rebuffer2/A (sky130_fd_sc_hd__dlymetal6s2s_1)
     1    0.002589    0.055345    0.097488    1.923534 ^ rebuffer2/X (sky130_fd_sc_hd__dlymetal6s2s_1)
                                                         net118 (net)
                      0.055345    0.000002    1.923535 ^ _1071_/A2 (sky130_fd_sc_hd__a21oi_1)
     2    0.005267    0.080055    0.074862    1.998397 v _1071_/Y (sky130_fd_sc_hd__a21oi_1)
                                                         _0402_ (net)
                      0.080055    0.000023    1.998420 v _1073_/B (sky130_fd_sc_hd__or3b_4)
     3    0.007283    0.071899    0.386757    2.385177 v _1073_/X (sky130_fd_sc_hd__or3b_4)
                                                         _0404_ (net)
                      0.071899    0.000025    2.385201 v _1075_/B (sky130_fd_sc_hd__and3_4)
     2    0.012088    0.042388    0.189502    2.574703 v _1075_/X (sky130_fd_sc_hd__and3_4)
                                                         _0406_ (net)
                      0.042388    0.000056    2.574760 v _1078_/A2 (sky130_fd_sc_hd__o211a_1)
     2    0.007418    0.059742    0.223189    2.797949 v _1078_/X (sky130_fd_sc_hd__o211a_1)
                                                         _0409_ (net)
                      0.059742    0.000037    2.797986 v _1079_/C1 (sky130_fd_sc_hd__a211oi_2)
     5    0.015553    0.341731    0.286517    3.084503 ^ _1079_/Y (sky130_fd_sc_hd__a211oi_2)
                                                         _0410_ (net)
                      0.341731    0.000023    3.084526 ^ _1082_/B1 (sky130_fd_sc_hd__a211o_1)
     3    0.007175    0.074482    0.180055    3.264581 ^ _1082_/X (sky130_fd_sc_hd__a211o_1)
                                                         _0413_ (net)
                      0.074482    0.000030    3.264611 ^ _1126_/B1_N (sky130_fd_sc_hd__a21bo_1)
     2    0.005174    0.046130    0.210622    3.475233 v _1126_/X (sky130_fd_sc_hd__a21bo_1)
                                                         _0456_ (net)
                      0.046130    0.000011    3.475244 v _1196_/B1 (sky130_fd_sc_hd__a211o_1)
     2    0.007447    0.069861    0.289949    3.765193 v _1196_/X (sky130_fd_sc_hd__a211o_1)
                                                         _0524_ (net)
                      0.069861    0.000103    3.765295 v _1234_/A1 (sky130_fd_sc_hd__a31o_1)
     2    0.009159    0.066163    0.210661    3.975957 v _1234_/X (sky130_fd_sc_hd__a31o_1)
                                                         _0560_ (net)
                      0.066163    0.000018    3.975975 v _1247_/A (sky130_fd_sc_hd__nand2_2)
     1    0.005613    0.057089    0.066382    4.042357 ^ _1247_/Y (sky130_fd_sc_hd__nand2_2)
                                                         _0573_ (net)
                      0.057089    0.000010    4.042367 ^ _1266_/B1 (sky130_fd_sc_hd__o211a_4)
     6    0.031033    0.110652    0.212756    4.255124 ^ _1266_/X (sky130_fd_sc_hd__o211a_4)
                                                         _0591_ (net)
                      0.110655    0.000724    4.255848 ^ fanout55/A (sky130_fd_sc_hd__buf_12)
     5    0.049209    0.068511    0.142746    4.398594 ^ fanout55/X (sky130_fd_sc_hd__buf_12)
                                                         net55 (net)
                      0.068512    0.000417    4.399011 ^ _1281_/B (sky130_fd_sc_hd__xnor2_4)
     3    0.007928    0.076217    0.065683    4.464694 v _1281_/Y (sky130_fd_sc_hd__xnor2_4)
                                                         _0604_ (net)
                      0.076217    0.000022    4.464716 v _1299_/A (sky130_fd_sc_hd__or4_4)
     1    0.002833    0.079118    0.527707    4.992424 v _1299_/X (sky130_fd_sc_hd__or4_4)
                                                         _0619_ (net)
                      0.079118    0.000010    4.992433 v _1300_/B1 (sky130_fd_sc_hd__a311o_1)
     2    0.007038    0.074645    0.351472    5.343905 v _1300_/X (sky130_fd_sc_hd__a311o_1)
                                                         _0620_ (net)
                      0.074645    0.000093    5.343999 v _1329_/A2 (sky130_fd_sc_hd__a21o_1)
     3    0.010169    0.063081    0.217402    5.561401 v _1329_/X (sky130_fd_sc_hd__a21o_1)
                                                         _0645_ (net)
                      0.063081    0.000037    5.561438 v _1353_/A2 (sky130_fd_sc_hd__a21oi_2)
     2    0.010203    0.153450    0.186462    5.747900 ^ _1353_/Y (sky130_fd_sc_hd__a21oi_2)
                                                         _0665_ (net)
                      0.153450    0.000110    5.748010 ^ _1355_/A (sky130_fd_sc_hd__nor2_1)
     2    0.007701    0.060719    0.091232    5.839242 v _1355_/Y (sky130_fd_sc_hd__nor2_1)
                                                         _0667_ (net)
                      0.060719    0.000041    5.839283 v _1360_/A (sky130_fd_sc_hd__xnor2_1)
     1    0.002891    0.120175    0.151927    5.991210 ^ _1360_/Y (sky130_fd_sc_hd__xnor2_1)
                                                         _0672_ (net)
                      0.120175    0.000007    5.991217 ^ _1361_/B (sky130_fd_sc_hd__nand2_1)
     1    0.003331    0.057037    0.070465    6.061681 v _1361_/Y (sky130_fd_sc_hd__nand2_1)
                                                         _0673_ (net)
                      0.057037    0.000012    6.061693 v _1362_/C1 (sky130_fd_sc_hd__o211a_1)
     1    0.001877    0.035032    0.103386    6.165079 v _1362_/X (sky130_fd_sc_hd__o211a_1)
                                                         _0077_ (net)
                      0.035032    0.000002    6.165082 v _1461_/D (sky130_fd_sc_hd__dfxtp_1)
                                              6.165082   data arrival time

                                 10.000000   10.000000   clock clk (rise edge)
                                  0.000000   10.000000   clock source latency
     1    0.021601    0.102883    0.071047   10.071048 ^ clk (in)
                                                         clk (net)
                      0.102899    0.000000   10.071048 ^ clkbuf_0_clk/A (sky130_fd_sc_hd__clkbuf_16)
     8    0.084380    0.101038    0.195787   10.266834 ^ clkbuf_0_clk/X (sky130_fd_sc_hd__clkbuf_16)
                                                         clknet_0_clk (net)
                      0.101044    0.000914   10.267748 ^ clkbuf_3_6__f_clk/A (sky130_fd_sc_hd__clkbuf_16)
    14    0.039871    0.059707    0.162352   10.430099 ^ clkbuf_3_6__f_clk/X (sky130_fd_sc_hd__clkbuf_16)
                                                         clknet_3_6__leaf_clk (net)
                      0.059712    0.000531   10.430631 ^ _1461_/CLK (sky130_fd_sc_hd__dfxtp_1)
                                 -0.250000   10.180631   clock uncertainty
                                  0.000000   10.180631   clock reconvergence pessimism
                                 -0.102721   10.077910   library setup time
                                             10.077910   data required time
---------------------------------------------------------------------------------------------
                                             10.077910   data required time
                                             -6.165082   data arrival time
---------------------------------------------------------------------------------------------
                                              3.912829   slack (MET)


Startpoint: _1425_ (rising edge-triggered flip-flop clocked by clk)
Endpoint: _1454_ (rising edge-triggered flip-flop clocked by clk)
Path Group: clk
Path Type: max

Fanout         Cap        Slew       Delay        Time   Description
---------------------------------------------------------------------------------------------
                                  0.000000    0.000000   clock clk (rise edge)
                                  0.000000    0.000000   clock source latency
     1    0.021601    0.102883    0.071047    0.071047 ^ clk (in)
                                                         clk (net)
                      0.102899    0.000000    0.071047 ^ clkbuf_0_clk/A (sky130_fd_sc_hd__clkbuf_16)
     8    0.084380    0.101038    0.195786    0.266833 ^ clkbuf_0_clk/X (sky130_fd_sc_hd__clkbuf_16)
                                                         clknet_0_clk (net)
                      0.101071    0.001725    0.268558 ^ clkbuf_3_1__f_clk/A (sky130_fd_sc_hd__clkbuf_16)
    13    0.038816    0.058789    0.161655    0.430214 ^ clkbuf_3_1__f_clk/X (sky130_fd_sc_hd__clkbuf_16)
                                                         clknet_3_1__leaf_clk (net)
                      0.058789    0.000110    0.430323 ^ _1425_/CLK (sky130_fd_sc_hd__dfxtp_4)
     3    0.011358    0.039341    0.347145    0.777468 v _1425_/Q (sky130_fd_sc_hd__dfxtp_4)
                                                         core_b[0] (net)
                      0.039341    0.000028    0.777497 v fanout79/A (sky130_fd_sc_hd__buf_8)
     5    0.016012    0.028363    0.118368    0.895865 v fanout79/X (sky130_fd_sc_hd__buf_8)
                                                         net79 (net)
                      0.028363    0.000143    0.896008 v _1019_/C (sky130_fd_sc_hd__and3_4)
     5    0.009757    0.039344    0.176539    1.072547 v _1019_/X (sky130_fd_sc_hd__and3_4)
                                                         _0351_ (net)
                      0.039344    0.000013    1.072560 v rebuffer13/A (sky130_fd_sc_hd__dlymetal6s4s_1)
     2    0.003398    0.042193    0.247242    1.319802 v rebuffer13/X (sky130_fd_sc_hd__dlymetal6s4s_1)
                                                         net129 (net)
                      0.042193    0.000001    1.319803 v _1065_/A1_N (sky130_fd_sc_hd__a2bb2o_1)
     1    0.003037    0.047633    0.247500    1.567303 ^ _1065_/X (sky130_fd_sc_hd__a2bb2o_1)
                                                         _0396_ (net)
                      0.047633    0.000008    1.567311 ^ _1069_/A1 (sky130_fd_sc_hd__a21o_1)
     3    0.010705    0.100440    0.147947    1.715258 ^ _1069_/X (sky130_fd_sc_hd__a21o_1)
                                                         _0400_ (net)
                      0.100440    0.000168    1.715426 ^ rebuffer3/A (sky130_fd_sc_hd__dlymetal6s2s_1)
     1    0.002179    0.051865    0.110616    1.826041 ^ rebuffer3/X (sky130_fd_sc_hd__dlymetal6s2s_1)
                                                         net119 (net)
                      0.051865    0.000005    1.826046 ^ rebuffer2/A (sky130_fd_sc_hd__dlymetal6s2s_1)
     1    0.002589    0.055345    0.097488    1.923534 ^ rebuffer2/X (sky130_fd_sc_hd__dlymetal6s2s_1)
                                                         net118 (net)
                      0.055345    0.000002    1.923535 ^ _1071_/A2 (sky130_fd_sc_hd__a21oi_1)
     2    0.005267    0.080055    0.074862    1.998397 v _1071_/Y (sky130_fd_sc_hd__a21oi_1)
                                                         _0402_ (net)
                      0.080055    0.000023    1.998420 v _1073_/B (sky130_fd_sc_hd__or3b_4)
     3    0.007283    0.071899    0.386757    2.385177 v _1073_/X (sky130_fd_sc_hd__or3b_4)
                                                         _0404_ (net)
                      0.071899    0.000025    2.385201 v _1075_/B (sky130_fd_sc_hd__and3_4)
     2    0.012088    0.042388    0.189502    2.574703 v _1075_/X (sky130_fd_sc_hd__and3_4)
                                                         _0406_ (net)
                      0.042388    0.000056    2.574760 v _1078_/A2 (sky130_fd_sc_hd__o211a_1)
     2    0.007418    0.059742    0.223189    2.797949 v _1078_/X (sky130_fd_sc_hd__o211a_1)
                                                         _0409_ (net)
                      0.059742    0.000037    2.797986 v _1079_/C1 (sky130_fd_sc_hd__a211oi_2)
     5    0.015553    0.341731    0.286517    3.084503 ^ _1079_/Y (sky130_fd_sc_hd__a211oi_2)
                                                         _0410_ (net)
                      0.341731    0.000023    3.084526 ^ _1082_/B1 (sky130_fd_sc_hd__a211o_1)
     3    0.007175    0.074482    0.180055    3.264581 ^ _1082_/X (sky130_fd_sc_hd__a211o_1)
                                                         _0413_ (net)
                      0.074482    0.000030    3.264611 ^ _1126_/B1_N (sky130_fd_sc_hd__a21bo_1)
     2    0.005174    0.046130    0.210622    3.475233 v _1126_/X (sky130_fd_sc_hd__a21bo_1)
                                                         _0456_ (net)
                      0.046130    0.000011    3.475244 v _1196_/B1 (sky130_fd_sc_hd__a211o_1)
     2    0.007447    0.069861    0.289949    3.765193 v _1196_/X (sky130_fd_sc_hd__a211o_1)
                                                         _0524_ (net)
                      0.069861    0.000103    3.765295 v _1234_/A1 (sky130_fd_sc_hd__a31o_1)
     2    0.009159    0.066163    0.210661    3.975957 v _1234_/X (sky130_fd_sc_hd__a31o_1)
                                                         _0560_ (net)
                      0.066163    0.000018    3.975975 v _1247_/A (sky130_fd_sc_hd__nand2_2)
     1    0.005613    0.057089    0.066382    4.042357 ^ _1247_/Y (sky130_fd_sc_hd__nand2_2)
                                                         _0573_ (net)
                      0.057089    0.000010    4.042367 ^ _1266_/B1 (sky130_fd_sc_hd__o211a_4)
     6    0.031033    0.110652    0.212756    4.255124 ^ _1266_/X (sky130_fd_sc_hd__o211a_4)
                                                         _0591_ (net)
                      0.110655    0.000724    4.255848 ^ fanout55/A (sky130_fd_sc_hd__buf_12)
     5    0.049209    0.068511    0.142746    4.398594 ^ fanout55/X (sky130_fd_sc_hd__buf_12)
                                                         net55 (net)
                      0.068512    0.000417    4.399011 ^ _1281_/B (sky130_fd_sc_hd__xnor2_4)
     3    0.007928    0.076217    0.065683    4.464694 v _1281_/Y (sky130_fd_sc_hd__xnor2_4)
                                                         _0604_ (net)
                      0.076217    0.000022    4.464716 v _1299_/A (sky130_fd_sc_hd__or4_4)
     1    0.002833    0.079118    0.527707    4.992424 v _1299_/X (sky130_fd_sc_hd__or4_4)
                                                         _0619_ (net)
                      0.079118    0.000010    4.992433 v _1300_/B1 (sky130_fd_sc_hd__a311o_1)
     2    0.007038    0.074645    0.351472    5.343905 v _1300_/X (sky130_fd_sc_hd__a311o_1)
                                                         _0620_ (net)
                      0.074645    0.000090    5.343995 v _1303_/A (sky130_fd_sc_hd__and2_4)
     2    0.004862    0.030600    0.146706    5.490701 v _1303_/X (sky130_fd_sc_hd__and2_4)
                                                         _0623_ (net)
                      0.030600    0.000010    5.490712 v _1304_/B (sky130_fd_sc_hd__or2_4)
     3    0.009655    0.053649    0.231139    5.721851 v _1304_/X (sky130_fd_sc_hd__or2_4)
                                                         _0624_ (net)
                      0.053649    0.000038    5.721889 v _1309_/B1_N (sky130_fd_sc_hd__a21bo_1)
     2    0.005466    0.058691    0.188609    5.910498 ^ _1309_/X (sky130_fd_sc_hd__a21bo_1)
                                                         _0628_ (net)
                      0.058691    0.000007    5.910505 ^ _1310_/A1 (sky130_fd_sc_hd__a21boi_1)
     1    0.002260    0.059376    0.054120    5.964624 v _1310_/Y (sky130_fd_sc_hd__a21boi_1)
                                                         _0629_ (net)
                      0.059376    0.000003    5.964627 v _1311_/B1 (sky130_fd_sc_hd__o21ai_1)
     1    0.002696    0.098874    0.073606    6.038233 ^ _1311_/Y (sky130_fd_sc_hd__o21ai_1)
                                                         _0630_ (net)
                      0.098874    0.000004    6.038238 ^ _1312_/C1 (sky130_fd_sc_hd__o211a_1)
     1    0.001828    0.037212    0.136803    6.175040 ^ _1312_/X (sky130_fd_sc_hd__o211a_1)
                                                         _0070_ (net)
                      0.037212    0.000001    6.175042 ^ _1454_/D (sky130_fd_sc_hd__dfxtp_1)
                                              6.175042   data arrival time

                                 10.000000   10.000000   clock clk (rise edge)
                                  0.000000   10.000000   clock source latency
     1    0.021601    0.102883    0.071047   10.071048 ^ clk (in)
                                                         clk (net)
                      0.102899    0.000000   10.071048 ^ clkbuf_0_clk/A (sky130_fd_sc_hd__clkbuf_16)
     8    0.084380    0.101038    0.195787   10.266834 ^ clkbuf_0_clk/X (sky130_fd_sc_hd__clkbuf_16)
                                                         clknet_0_clk (net)
                      0.101044    0.000923   10.267756 ^ clkbuf_3_7__f_clk/A (sky130_fd_sc_hd__clkbuf_16)
    10    0.038123    0.058189    0.161171   10.428927 ^ clkbuf_3_7__f_clk/X (sky130_fd_sc_hd__clkbuf_16)
                                                         clknet_3_7__leaf_clk (net)
                      0.058189    0.000136   10.429063 ^ _1454_/CLK (sky130_fd_sc_hd__dfxtp_1)
                                 -0.250000   10.179063   clock uncertainty
                                  0.000000   10.179063   clock reconvergence pessimism
                                 -0.050317   10.128746   library setup time
                                             10.128746   data required time
---------------------------------------------------------------------------------------------
                                             10.128746   data required time
                                             -6.175042   data arrival time
---------------------------------------------------------------------------------------------
                                              3.953705   slack (MET)


Startpoint: _1425_ (rising edge-triggered flip-flop clocked by clk)
Endpoint: _1457_ (rising edge-triggered flip-flop clocked by clk)
Path Group: clk
Path Type: max

Fanout         Cap        Slew       Delay        Time   Description
---------------------------------------------------------------------------------------------
                                  0.000000    0.000000   clock clk (rise edge)
                                  0.000000    0.000000   clock source latency
     1    0.021601    0.102883    0.071047    0.071047 ^ clk (in)
                                                         clk (net)
                      0.102899    0.000000    0.071047 ^ clkbuf_0_clk/A (sky130_fd_sc_hd__clkbuf_16)
     8    0.084380    0.101038    0.195786    0.266833 ^ clkbuf_0_clk/X (sky130_fd_sc_hd__clkbuf_16)
                                                         clknet_0_clk (net)
                      0.101071    0.001725    0.268558 ^ clkbuf_3_1__f_clk/A (sky130_fd_sc_hd__clkbuf_16)
    13    0.038816    0.058789    0.161655    0.430214 ^ clkbuf_3_1__f_clk/X (sky130_fd_sc_hd__clkbuf_16)
                                                         clknet_3_1__leaf_clk (net)
                      0.058789    0.000110    0.430323 ^ _1425_/CLK (sky130_fd_sc_hd__dfxtp_4)
     3    0.011358    0.039341    0.347145    0.777468 v _1425_/Q (sky130_fd_sc_hd__dfxtp_4)
                                                         core_b[0] (net)
                      0.039341    0.000028    0.777497 v fanout79/A (sky130_fd_sc_hd__buf_8)
     5    0.016012    0.028363    0.118368    0.895865 v fanout79/X (sky130_fd_sc_hd__buf_8)
                                                         net79 (net)
                      0.028363    0.000143    0.896008 v _1019_/C (sky130_fd_sc_hd__and3_4)
     5    0.009757    0.039344    0.176539    1.072547 v _1019_/X (sky130_fd_sc_hd__and3_4)
                                                         _0351_ (net)
                      0.039344    0.000013    1.072560 v rebuffer13/A (sky130_fd_sc_hd__dlymetal6s4s_1)
     2    0.003398    0.042193    0.247242    1.319802 v rebuffer13/X (sky130_fd_sc_hd__dlymetal6s4s_1)
                                                         net129 (net)
                      0.042193    0.000001    1.319803 v _1065_/A1_N (sky130_fd_sc_hd__a2bb2o_1)
     1    0.003037    0.047633    0.247500    1.567303 ^ _1065_/X (sky130_fd_sc_hd__a2bb2o_1)
                                                         _0396_ (net)
                      0.047633    0.000008    1.567311 ^ _1069_/A1 (sky130_fd_sc_hd__a21o_1)
     3    0.010705    0.100440    0.147947    1.715258 ^ _1069_/X (sky130_fd_sc_hd__a21o_1)
                                                         _0400_ (net)
                      0.100440    0.000168    1.715426 ^ rebuffer3/A (sky130_fd_sc_hd__dlymetal6s2s_1)
     1    0.002179    0.051865    0.110616    1.826041 ^ rebuffer3/X (sky130_fd_sc_hd__dlymetal6s2s_1)
                                                         net119 (net)
                      0.051865    0.000005    1.826046 ^ rebuffer2/A (sky130_fd_sc_hd__dlymetal6s2s_1)
     1    0.002589    0.055345    0.097488    1.923534 ^ rebuffer2/X (sky130_fd_sc_hd__dlymetal6s2s_1)
                                                         net118 (net)
                      0.055345    0.000002    1.923535 ^ _1071_/A2 (sky130_fd_sc_hd__a21oi_1)
     2    0.005267    0.080055    0.074862    1.998397 v _1071_/Y (sky130_fd_sc_hd__a21oi_1)
                                                         _0402_ (net)
                      0.080055    0.000023    1.998420 v _1073_/B (sky130_fd_sc_hd__or3b_4)
     3    0.007283    0.071899    0.386757    2.385177 v _1073_/X (sky130_fd_sc_hd__or3b_4)
                                                         _0404_ (net)
                      0.071899    0.000025    2.385201 v _1075_/B (sky130_fd_sc_hd__and3_4)
     2    0.012088    0.042388    0.189502    2.574703 v _1075_/X (sky130_fd_sc_hd__and3_4)
                                                         _0406_ (net)
                      0.042388    0.000056    2.574760 v _1078_/A2 (sky130_fd_sc_hd__o211a_1)
     2    0.007418    0.059742    0.223189    2.797949 v _1078_/X (sky130_fd_sc_hd__o211a_1)
                                                         _0409_ (net)
                      0.059742    0.000037    2.797986 v _1079_/C1 (sky130_fd_sc_hd__a211oi_2)
     5    0.015553    0.341731    0.286517    3.084503 ^ _1079_/Y (sky130_fd_sc_hd__a211oi_2)
                                                         _0410_ (net)
                      0.341731    0.000023    3.084526 ^ _1082_/B1 (sky130_fd_sc_hd__a211o_1)
     3    0.007175    0.074482    0.180055    3.264581 ^ _1082_/X (sky130_fd_sc_hd__a211o_1)
                                                         _0413_ (net)
                      0.074482    0.000030    3.264611 ^ _1126_/B1_N (sky130_fd_sc_hd__a21bo_1)
     2    0.005174    0.046130    0.210622    3.475233 v _1126_/X (sky130_fd_sc_hd__a21bo_1)
                                                         _0456_ (net)
                      0.046130    0.000011    3.475244 v _1196_/B1 (sky130_fd_sc_hd__a211o_1)
     2    0.007447    0.069861    0.289949    3.765193 v _1196_/X (sky130_fd_sc_hd__a211o_1)
                                                         _0524_ (net)
                      0.069861    0.000103    3.765295 v _1234_/A1 (sky130_fd_sc_hd__a31o_1)
     2    0.009159    0.066163    0.210661    3.975957 v _1234_/X (sky130_fd_sc_hd__a31o_1)
                                                         _0560_ (net)
                      0.066163    0.000018    3.975975 v _1247_/A (sky130_fd_sc_hd__nand2_2)
     1    0.005613    0.057089    0.066382    4.042357 ^ _1247_/Y (sky130_fd_sc_hd__nand2_2)
                                                         _0573_ (net)
                      0.057089    0.000010    4.042367 ^ _1266_/B1 (sky130_fd_sc_hd__o211a_4)
     6    0.031033    0.110652    0.212756    4.255124 ^ _1266_/X (sky130_fd_sc_hd__o211a_4)
                                                         _0591_ (net)
                      0.110655    0.000724    4.255848 ^ fanout55/A (sky130_fd_sc_hd__buf_12)
     5    0.049209    0.068511    0.142746    4.398594 ^ fanout55/X (sky130_fd_sc_hd__buf_12)
                                                         net55 (net)
                      0.068512    0.000417    4.399011 ^ _1281_/B (sky130_fd_sc_hd__xnor2_4)
     3    0.007928    0.076217    0.065683    4.464694 v _1281_/Y (sky130_fd_sc_hd__xnor2_4)
                                                         _0604_ (net)
                      0.076217    0.000022    4.464716 v _1299_/A (sky130_fd_sc_hd__or4_4)
     1    0.002833    0.079118    0.527707    4.992424 v _1299_/X (sky130_fd_sc_hd__or4_4)
                                                         _0619_ (net)
                      0.079118    0.000010    4.992433 v _1300_/B1 (sky130_fd_sc_hd__a311o_1)
     2    0.007038    0.074645    0.351472    5.343905 v _1300_/X (sky130_fd_sc_hd__a311o_1)
                                                         _0620_ (net)
                      0.074645    0.000093    5.343999 v _1329_/A2 (sky130_fd_sc_hd__a21o_1)
     3    0.010169    0.063081    0.217402    5.561401 v _1329_/X (sky130_fd_sc_hd__a21o_1)
                                                         _0645_ (net)
                      0.063081    0.000038    5.561439 v _1330_/A2 (sky130_fd_sc_hd__a21o_1)
     3    0.009036    0.060612    0.208323    5.769762 v _1330_/X (sky130_fd_sc_hd__a21o_1)
                                                         _0646_ (net)
                      0.060612    0.000006    5.769768 v _1332_/A1 (sky130_fd_sc_hd__a21bo_1)
     1    0.002696    0.034981    0.166528    5.936296 v _1332_/X (sky130_fd_sc_hd__a21bo_1)
                                                         _0648_ (net)
                      0.034981    0.000007    5.936303 v _1333_/C1 (sky130_fd_sc_hd__o211a_1)
     1    0.002181    0.036561    0.095689    6.031992 v _1333_/X (sky130_fd_sc_hd__o211a_1)
                                                         _0073_ (net)
                      0.036561    0.000005    6.031997 v _1457_/D (sky130_fd_sc_hd__dfxtp_2)
                                              6.031997   data arrival time

                                 10.000000   10.000000   clock clk (rise edge)
                                  0.000000   10.000000   clock source latency
     1    0.021601    0.102883    0.071047   10.071048 ^ clk (in)
                                                         clk (net)
                      0.102899    0.000000   10.071048 ^ clkbuf_0_clk/A (sky130_fd_sc_hd__clkbuf_16)
     8    0.084380    0.101038    0.195787   10.266834 ^ clkbuf_0_clk/X (sky130_fd_sc_hd__clkbuf_16)
                                                         clknet_0_clk (net)
                      0.101044    0.000923   10.267756 ^ clkbuf_3_7__f_clk/A (sky130_fd_sc_hd__clkbuf_16)
    10    0.038123    0.058189    0.161171   10.428927 ^ clkbuf_3_7__f_clk/X (sky130_fd_sc_hd__clkbuf_16)
                                                         clknet_3_7__leaf_clk (net)
                      0.058189    0.000085   10.429012 ^ _1457_/CLK (sky130_fd_sc_hd__dfxtp_2)
                                 -0.250000   10.179012   clock uncertainty
                                  0.000000   10.179012   clock reconvergence pessimism
                                 -0.106122   10.072890   library setup time
                                             10.072890   data required time
---------------------------------------------------------------------------------------------
                                             10.072890   data required time
                                             -6.031997   data arrival time
---------------------------------------------------------------------------------------------
                                              4.040893   slack (MET)


Startpoint: _1425_ (rising edge-triggered flip-flop clocked by clk)
Endpoint: _1453_ (rising edge-triggered flip-flop clocked by clk)
Path Group: clk
Path Type: max

Fanout         Cap        Slew       Delay        Time   Description
---------------------------------------------------------------------------------------------
                                  0.000000    0.000000   clock clk (rise edge)
                                  0.000000    0.000000   clock source latency
     1    0.021601    0.102883    0.071047    0.071047 ^ clk (in)
                                                         clk (net)
                      0.102899    0.000000    0.071047 ^ clkbuf_0_clk/A (sky130_fd_sc_hd__clkbuf_16)
     8    0.084380    0.101038    0.195786    0.266833 ^ clkbuf_0_clk/X (sky130_fd_sc_hd__clkbuf_16)
                                                         clknet_0_clk (net)
                      0.101071    0.001725    0.268558 ^ clkbuf_3_1__f_clk/A (sky130_fd_sc_hd__clkbuf_16)
    13    0.038816    0.058789    0.161655    0.430214 ^ clkbuf_3_1__f_clk/X (sky130_fd_sc_hd__clkbuf_16)
                                                         clknet_3_1__leaf_clk (net)
                      0.058789    0.000110    0.430323 ^ _1425_/CLK (sky130_fd_sc_hd__dfxtp_4)
     3    0.011358    0.039341    0.347145    0.777468 v _1425_/Q (sky130_fd_sc_hd__dfxtp_4)
                                                         core_b[0] (net)
                      0.039341    0.000028    0.777497 v fanout79/A (sky130_fd_sc_hd__buf_8)
     5    0.016012    0.028363    0.118368    0.895865 v fanout79/X (sky130_fd_sc_hd__buf_8)
                                                         net79 (net)
                      0.028363    0.000143    0.896008 v _1019_/C (sky130_fd_sc_hd__and3_4)
     5    0.009757    0.039344    0.176539    1.072547 v _1019_/X (sky130_fd_sc_hd__and3_4)
                                                         _0351_ (net)
                      0.039344    0.000013    1.072560 v rebuffer13/A (sky130_fd_sc_hd__dlymetal6s4s_1)
     2    0.003398    0.042193    0.247242    1.319802 v rebuffer13/X (sky130_fd_sc_hd__dlymetal6s4s_1)
                                                         net129 (net)
                      0.042193    0.000001    1.319803 v _1065_/A1_N (sky130_fd_sc_hd__a2bb2o_1)
     1    0.003037    0.047633    0.247500    1.567303 ^ _1065_/X (sky130_fd_sc_hd__a2bb2o_1)
                                                         _0396_ (net)
                      0.047633    0.000008    1.567311 ^ _1069_/A1 (sky130_fd_sc_hd__a21o_1)
     3    0.010705    0.100440    0.147947    1.715258 ^ _1069_/X (sky130_fd_sc_hd__a21o_1)
                                                         _0400_ (net)
                      0.100440    0.000168    1.715426 ^ rebuffer3/A (sky130_fd_sc_hd__dlymetal6s2s_1)
     1    0.002179    0.051865    0.110616    1.826041 ^ rebuffer3/X (sky130_fd_sc_hd__dlymetal6s2s_1)
                                                         net119 (net)
                      0.051865    0.000005    1.826046 ^ rebuffer2/A (sky130_fd_sc_hd__dlymetal6s2s_1)
     1    0.002589    0.055345    0.097488    1.923534 ^ rebuffer2/X (sky130_fd_sc_hd__dlymetal6s2s_1)
                                                         net118 (net)
                      0.055345    0.000002    1.923535 ^ _1071_/A2 (sky130_fd_sc_hd__a21oi_1)
     2    0.005267    0.080055    0.074862    1.998397 v _1071_/Y (sky130_fd_sc_hd__a21oi_1)
                                                         _0402_ (net)
                      0.080055    0.000023    1.998420 v _1073_/B (sky130_fd_sc_hd__or3b_4)
     3    0.007283    0.071899    0.386757    2.385177 v _1073_/X (sky130_fd_sc_hd__or3b_4)
                                                         _0404_ (net)
                      0.071899    0.000025    2.385201 v _1075_/B (sky130_fd_sc_hd__and3_4)
     2    0.012088    0.042388    0.189502    2.574703 v _1075_/X (sky130_fd_sc_hd__and3_4)
                                                         _0406_ (net)
                      0.042388    0.000056    2.574760 v _1078_/A2 (sky130_fd_sc_hd__o211a_1)
     2    0.007418    0.059742    0.223189    2.797949 v _1078_/X (sky130_fd_sc_hd__o211a_1)
                                                         _0409_ (net)
                      0.059742    0.000037    2.797986 v _1079_/C1 (sky130_fd_sc_hd__a211oi_2)
     5    0.015553    0.341731    0.286517    3.084503 ^ _1079_/Y (sky130_fd_sc_hd__a211oi_2)
                                                         _0410_ (net)
                      0.341731    0.000023    3.084526 ^ _1082_/B1 (sky130_fd_sc_hd__a211o_1)
     3    0.007175    0.074482    0.180055    3.264581 ^ _1082_/X (sky130_fd_sc_hd__a211o_1)
                                                         _0413_ (net)
                      0.074482    0.000030    3.264611 ^ _1126_/B1_N (sky130_fd_sc_hd__a21bo_1)
     2    0.005174    0.046130    0.210622    3.475233 v _1126_/X (sky130_fd_sc_hd__a21bo_1)
                                                         _0456_ (net)
                      0.046130    0.000011    3.475244 v _1196_/B1 (sky130_fd_sc_hd__a211o_1)
     2    0.007447    0.069861    0.289949    3.765193 v _1196_/X (sky130_fd_sc_hd__a211o_1)
                                                         _0524_ (net)
                      0.069861    0.000103    3.765295 v _1234_/A1 (sky130_fd_sc_hd__a31o_1)
     2    0.009159    0.066163    0.210661    3.975957 v _1234_/X (sky130_fd_sc_hd__a31o_1)
                                                         _0560_ (net)
                      0.066163    0.000018    3.975975 v _1247_/A (sky130_fd_sc_hd__nand2_2)
     1    0.005613    0.057089    0.066382    4.042357 ^ _1247_/Y (sky130_fd_sc_hd__nand2_2)
                                                         _0573_ (net)
                      0.057089    0.000010    4.042367 ^ _1266_/B1 (sky130_fd_sc_hd__o211a_4)
     6    0.031033    0.110652    0.212756    4.255124 ^ _1266_/X (sky130_fd_sc_hd__o211a_4)
                                                         _0591_ (net)
                      0.110655    0.000724    4.255848 ^ fanout55/A (sky130_fd_sc_hd__buf_12)
     5    0.049209    0.068511    0.142746    4.398594 ^ fanout55/X (sky130_fd_sc_hd__buf_12)
                                                         net55 (net)
                      0.068512    0.000417    4.399011 ^ _1281_/B (sky130_fd_sc_hd__xnor2_4)
     3    0.007928    0.076217    0.065683    4.464694 v _1281_/Y (sky130_fd_sc_hd__xnor2_4)
                                                         _0604_ (net)
                      0.076217    0.000022    4.464716 v _1299_/A (sky130_fd_sc_hd__or4_4)
     1    0.002833    0.079118    0.527707    4.992424 v _1299_/X (sky130_fd_sc_hd__or4_4)
                                                         _0619_ (net)
                      0.079118    0.000010    4.992433 v _1300_/B1 (sky130_fd_sc_hd__a311o_1)
     2    0.007038    0.074645    0.351472    5.343905 v _1300_/X (sky130_fd_sc_hd__a311o_1)
                                                         _0620_ (net)
                      0.074645    0.000090    5.343995 v _1303_/A (sky130_fd_sc_hd__and2_4)
     2    0.004862    0.030600    0.146706    5.490701 v _1303_/X (sky130_fd_sc_hd__and2_4)
                                                         _0623_ (net)
                      0.030600    0.000010    5.490712 v _1304_/B (sky130_fd_sc_hd__or2_4)
     3    0.009655    0.053649    0.231139    5.721851 v _1304_/X (sky130_fd_sc_hd__or2_4)
                                                         _0624_ (net)
                      0.053649    0.000017    5.721868 v _1306_/A2 (sky130_fd_sc_hd__a21bo_1)
     1    0.002561    0.034352    0.185338    5.907206 v _1306_/X (sky130_fd_sc_hd__a21bo_1)
                                                         _0626_ (net)
                      0.034352    0.000004    5.907210 v _1307_/C1 (sky130_fd_sc_hd__o211a_1)
     1    0.001993    0.035605    0.094306    6.001516 v _1307_/X (sky130_fd_sc_hd__o211a_1)
                                                         _0069_ (net)
                      0.035605    0.000002    6.001518 v _1453_/D (sky130_fd_sc_hd__dfxtp_2)
                                              6.001518   data arrival time

                                 10.000000   10.000000   clock clk (rise edge)
                                  0.000000   10.000000   clock source latency
     1    0.021601    0.102883    0.071047   10.071048 ^ clk (in)
                                                         clk (net)
                      0.102899    0.000000   10.071048 ^ clkbuf_0_clk/A (sky130_fd_sc_hd__clkbuf_16)
     8    0.084380    0.101038    0.195787   10.266834 ^ clkbuf_0_clk/X (sky130_fd_sc_hd__clkbuf_16)
                                                         clknet_0_clk (net)
                      0.101041    0.000762   10.267596 ^ clkbuf_3_4__f_clk/A (sky130_fd_sc_hd__clkbuf_16)
    11    0.034454    0.054985    0.158439   10.426036 ^ clkbuf_3_4__f_clk/X (sky130_fd_sc_hd__clkbuf_16)
                                                         clknet_3_4__leaf_clk (net)
                      0.054985    0.000075   10.426111 ^ _1453_/CLK (sky130_fd_sc_hd__dfxtp_2)
                                 -0.250000   10.176111   clock uncertainty
                                  0.000000   10.176111   clock reconvergence pessimism
                                 -0.106453   10.069657   library setup time
                                             10.069657   data required time
---------------------------------------------------------------------------------------------
                                             10.069657   data required time
                                             -6.001518   data arrival time
---------------------------------------------------------------------------------------------
                                              4.068139   slack (MET)


Startpoint: _1425_ (rising edge-triggered flip-flop clocked by clk)
Endpoint: _1452_ (rising edge-triggered flip-flop clocked by clk)
Path Group: clk
Path Type: max

Fanout         Cap        Slew       Delay        Time   Description
---------------------------------------------------------------------------------------------
                                  0.000000    0.000000   clock clk (rise edge)
                                  0.000000    0.000000   clock source latency
     1    0.021601    0.102883    0.071047    0.071047 ^ clk (in)
                                                         clk (net)
                      0.102899    0.000000    0.071047 ^ clkbuf_0_clk/A (sky130_fd_sc_hd__clkbuf_16)
     8    0.084380    0.101038    0.195786    0.266833 ^ clkbuf_0_clk/X (sky130_fd_sc_hd__clkbuf_16)
                                                         clknet_0_clk (net)
                      0.101071    0.001725    0.268558 ^ clkbuf_3_1__f_clk/A (sky130_fd_sc_hd__clkbuf_16)
    13    0.038816    0.058789    0.161655    0.430214 ^ clkbuf_3_1__f_clk/X (sky130_fd_sc_hd__clkbuf_16)
                                                         clknet_3_1__leaf_clk (net)
                      0.058789    0.000110    0.430323 ^ _1425_/CLK (sky130_fd_sc_hd__dfxtp_4)
     3    0.011358    0.039341    0.347145    0.777468 v _1425_/Q (sky130_fd_sc_hd__dfxtp_4)
                                                         core_b[0] (net)
                      0.039341    0.000028    0.777497 v fanout79/A (sky130_fd_sc_hd__buf_8)
     5    0.016012    0.028363    0.118368    0.895865 v fanout79/X (sky130_fd_sc_hd__buf_8)
                                                         net79 (net)
                      0.028363    0.000143    0.896008 v _1019_/C (sky130_fd_sc_hd__and3_4)
     5    0.009757    0.039344    0.176539    1.072547 v _1019_/X (sky130_fd_sc_hd__and3_4)
                                                         _0351_ (net)
                      0.039344    0.000013    1.072560 v rebuffer13/A (sky130_fd_sc_hd__dlymetal6s4s_1)
     2    0.003398    0.042193    0.247242    1.319802 v rebuffer13/X (sky130_fd_sc_hd__dlymetal6s4s_1)
                                                         net129 (net)
                      0.042193    0.000001    1.319803 v _1065_/A1_N (sky130_fd_sc_hd__a2bb2o_1)
     1    0.003037    0.047633    0.247500    1.567303 ^ _1065_/X (sky130_fd_sc_hd__a2bb2o_1)
                                                         _0396_ (net)
                      0.047633    0.000008    1.567311 ^ _1069_/A1 (sky130_fd_sc_hd__a21o_1)
     3    0.010705    0.100440    0.147947    1.715258 ^ _1069_/X (sky130_fd_sc_hd__a21o_1)
                                                         _0400_ (net)
                      0.100440    0.000168    1.715426 ^ rebuffer3/A (sky130_fd_sc_hd__dlymetal6s2s_1)
     1    0.002179    0.051865    0.110616    1.826041 ^ rebuffer3/X (sky130_fd_sc_hd__dlymetal6s2s_1)
                                                         net119 (net)
                      0.051865    0.000005    1.826046 ^ rebuffer2/A (sky130_fd_sc_hd__dlymetal6s2s_1)
     1    0.002589    0.055345    0.097488    1.923534 ^ rebuffer2/X (sky130_fd_sc_hd__dlymetal6s2s_1)
                                                         net118 (net)
                      0.055345    0.000002    1.923535 ^ _1071_/A2 (sky130_fd_sc_hd__a21oi_1)
     2    0.005267    0.080055    0.074862    1.998397 v _1071_/Y (sky130_fd_sc_hd__a21oi_1)
                                                         _0402_ (net)
                      0.080055    0.000023    1.998420 v _1073_/B (sky130_fd_sc_hd__or3b_4)
     3    0.007283    0.071899    0.386757    2.385177 v _1073_/X (sky130_fd_sc_hd__or3b_4)
                                                         _0404_ (net)
                      0.071899    0.000025    2.385201 v _1075_/B (sky130_fd_sc_hd__and3_4)
     2    0.012088    0.042388    0.189502    2.574703 v _1075_/X (sky130_fd_sc_hd__and3_4)
                                                         _0406_ (net)
                      0.042388    0.000056    2.574760 v _1078_/A2 (sky130_fd_sc_hd__o211a_1)
     2    0.007418    0.059742    0.223189    2.797949 v _1078_/X (sky130_fd_sc_hd__o211a_1)
                                                         _0409_ (net)
                      0.059742    0.000037    2.797986 v _1079_/C1 (sky130_fd_sc_hd__a211oi_2)
     5    0.015553    0.341731    0.286517    3.084503 ^ _1079_/Y (sky130_fd_sc_hd__a211oi_2)
                                                         _0410_ (net)
                      0.341731    0.000023    3.084526 ^ _1082_/B1 (sky130_fd_sc_hd__a211o_1)
     3    0.007175    0.074482    0.180055    3.264581 ^ _1082_/X (sky130_fd_sc_hd__a211o_1)
                                                         _0413_ (net)
                      0.074482    0.000030    3.264611 ^ _1126_/B1_N (sky130_fd_sc_hd__a21bo_1)
     2    0.005174    0.046130    0.210622    3.475233 v _1126_/X (sky130_fd_sc_hd__a21bo_1)
                                                         _0456_ (net)
                      0.046130    0.000011    3.475244 v _1196_/B1 (sky130_fd_sc_hd__a211o_1)
     2    0.007447    0.069861    0.289949    3.765193 v _1196_/X (sky130_fd_sc_hd__a211o_1)
                                                         _0524_ (net)
                      0.069861    0.000104    3.765297 v rebuffer5/A (sky130_fd_sc_hd__clkbuf_2)
     2    0.004164    0.028975    0.113447    3.878745 v rebuffer5/X (sky130_fd_sc_hd__clkbuf_2)
                                                         net121 (net)
                      0.028975    0.000004    3.878749 v _1225_/A3 (sky130_fd_sc_hd__a31o_1)
     1    0.008419    0.061400    0.231597    4.110345 v _1225_/X (sky130_fd_sc_hd__a31o_1)
                                                         _0552_ (net)
                      0.061400    0.000029    4.110374 v _1227_/B (sky130_fd_sc_hd__xor2_2)
     3    0.012935    0.203472    0.196428    4.306802 ^ _1227_/X (sky130_fd_sc_hd__xor2_2)
                                                         _0554_ (net)
                      0.203472    0.000049    4.306851 ^ _1228_/B (sky130_fd_sc_hd__xor2_1)
     2    0.004253    0.140772    0.181736    4.488587 ^ _1228_/X (sky130_fd_sc_hd__xor2_1)
                                                         _0555_ (net)
                      0.140772    0.000013    4.488600 ^ _1253_/B (sky130_fd_sc_hd__and2b_1)
     1    0.009621    0.099854    0.182114    4.670714 ^ _1253_/X (sky130_fd_sc_hd__and2b_1)
                                                         _0579_ (net)
                      0.099854    0.000035    4.670749 ^ _1254_/B1 (sky130_fd_sc_hd__o21ai_4)
     4    0.010658    0.054536    0.073405    4.744154 v _1254_/Y (sky130_fd_sc_hd__o21ai_4)
                                                         _0580_ (net)
                      0.054536    0.000076    4.744230 v _1276_/A1 (sky130_fd_sc_hd__a31o_1)
     2    0.004942    0.047879    0.183733    4.927963 v _1276_/X (sky130_fd_sc_hd__a31o_1)
                                                         _0600_ (net)
                      0.047879    0.000009    4.927972 v _1277_/B (sky130_fd_sc_hd__or2_4)
     3    0.010309    0.054214    0.238320    5.166292 v _1277_/X (sky130_fd_sc_hd__or2_4)
                                                         _0601_ (net)
                      0.054214    0.000035    5.166326 v _1289_/B1 (sky130_fd_sc_hd__a2bb2o_4)
     2    0.011247    0.042992    0.228489    5.394815 v _1289_/X (sky130_fd_sc_hd__a2bb2o_4)
                                                         _0611_ (net)
                      0.042992    0.000024    5.394839 v _1294_/A2 (sky130_fd_sc_hd__o21a_1)
     1    0.005178    0.045727    0.174267    5.569106 v _1294_/X (sky130_fd_sc_hd__o21a_1)
                                                         _0615_ (net)
                      0.045727    0.000022    5.569128 v _1295_/B (sky130_fd_sc_hd__xnor2_1)
     1    0.002679    0.115857    0.124529    5.693657 ^ _1295_/Y (sky130_fd_sc_hd__xnor2_1)
                                                         _0616_ (net)
                      0.115857    0.000003    5.693659 ^ _1296_/B (sky130_fd_sc_hd__nand2_1)
     1    0.002366    0.047664    0.062486    5.756146 v _1296_/Y (sky130_fd_sc_hd__nand2_1)
                                                         _0617_ (net)
                      0.047664    0.000000    5.756147 v _1297_/C1 (sky130_fd_sc_hd__o211a_1)
     1    0.001835    0.034801    0.099059    5.855206 v _1297_/X (sky130_fd_sc_hd__o211a_1)
                                                         _0068_ (net)
                      0.034801    0.000001    5.855207 v _1452_/D (sky130_fd_sc_hd__dfxtp_1)
                                              5.855207   data arrival time

                                 10.000000   10.000000   clock clk (rise edge)
                                  0.000000   10.000000   clock source latency
     1    0.021601    0.102883    0.071047   10.071048 ^ clk (in)
                                                         clk (net)
                      0.102899    0.000000   10.071048 ^ clkbuf_0_clk/A (sky130_fd_sc_hd__clkbuf_16)
     8    0.084380    0.101038    0.195787   10.266834 ^ clkbuf_0_clk/X (sky130_fd_sc_hd__clkbuf_16)
                                                         clknet_0_clk (net)
                      0.101041    0.000762   10.267596 ^ clkbuf_3_4__f_clk/A (sky130_fd_sc_hd__clkbuf_16)
    11    0.034454    0.054985    0.158439   10.426036 ^ clkbuf_3_4__f_clk/X (sky130_fd_sc_hd__clkbuf_16)
                                                         clknet_3_4__leaf_clk (net)
                      0.054985    0.000064   10.426100 ^ _1452_/CLK (sky130_fd_sc_hd__dfxtp_1)
                                 -0.250000   10.176100   clock uncertainty
                                  0.000000   10.176100   clock reconvergence pessimism
                                 -0.103723   10.072376   library setup time
                                             10.072376   data required time
---------------------------------------------------------------------------------------------
                                             10.072376   data required time
                                             -5.855207   data arrival time
---------------------------------------------------------------------------------------------
                                              4.217168   slack (MET)


Startpoint: _1425_ (rising edge-triggered flip-flop clocked by clk)
Endpoint: _1451_ (rising edge-triggered flip-flop clocked by clk)
Path Group: clk
Path Type: max

Fanout         Cap        Slew       Delay        Time   Description
---------------------------------------------------------------------------------------------
                                  0.000000    0.000000   clock clk (rise edge)
                                  0.000000    0.000000   clock source latency
     1    0.021601    0.102883    0.071047    0.071047 ^ clk (in)
                                                         clk (net)
                      0.102899    0.000000    0.071047 ^ clkbuf_0_clk/A (sky130_fd_sc_hd__clkbuf_16)
     8    0.084380    0.101038    0.195786    0.266833 ^ clkbuf_0_clk/X (sky130_fd_sc_hd__clkbuf_16)
                                                         clknet_0_clk (net)
                      0.101071    0.001725    0.268558 ^ clkbuf_3_1__f_clk/A (sky130_fd_sc_hd__clkbuf_16)
    13    0.038816    0.058789    0.161655    0.430214 ^ clkbuf_3_1__f_clk/X (sky130_fd_sc_hd__clkbuf_16)
                                                         clknet_3_1__leaf_clk (net)
                      0.058789    0.000110    0.430323 ^ _1425_/CLK (sky130_fd_sc_hd__dfxtp_4)
     3    0.011358    0.039341    0.347145    0.777468 v _1425_/Q (sky130_fd_sc_hd__dfxtp_4)
                                                         core_b[0] (net)
                      0.039341    0.000028    0.777497 v fanout79/A (sky130_fd_sc_hd__buf_8)
     5    0.016012    0.028363    0.118368    0.895865 v fanout79/X (sky130_fd_sc_hd__buf_8)
                                                         net79 (net)
                      0.028363    0.000143    0.896008 v _1019_/C (sky130_fd_sc_hd__and3_4)
     5    0.009757    0.039344    0.176539    1.072547 v _1019_/X (sky130_fd_sc_hd__and3_4)
                                                         _0351_ (net)
                      0.039344    0.000013    1.072560 v rebuffer13/A (sky130_fd_sc_hd__dlymetal6s4s_1)
     2    0.003398    0.042193    0.247242    1.319802 v rebuffer13/X (sky130_fd_sc_hd__dlymetal6s4s_1)
                                                         net129 (net)
                      0.042193    0.000001    1.319803 v _1065_/A1_N (sky130_fd_sc_hd__a2bb2o_1)
     1    0.003037    0.047633    0.247500    1.567303 ^ _1065_/X (sky130_fd_sc_hd__a2bb2o_1)
                                                         _0396_ (net)
                      0.047633    0.000008    1.567311 ^ _1069_/A1 (sky130_fd_sc_hd__a21o_1)
     3    0.010705    0.100440    0.147947    1.715258 ^ _1069_/X (sky130_fd_sc_hd__a21o_1)
                                                         _0400_ (net)
                      0.100440    0.000168    1.715426 ^ rebuffer3/A (sky130_fd_sc_hd__dlymetal6s2s_1)
     1    0.002179    0.051865    0.110616    1.826041 ^ rebuffer3/X (sky130_fd_sc_hd__dlymetal6s2s_1)
                                                         net119 (net)
                      0.051865    0.000005    1.826046 ^ rebuffer2/A (sky130_fd_sc_hd__dlymetal6s2s_1)
     1    0.002589    0.055345    0.097488    1.923534 ^ rebuffer2/X (sky130_fd_sc_hd__dlymetal6s2s_1)
                                                         net118 (net)
                      0.055345    0.000002    1.923535 ^ _1071_/A2 (sky130_fd_sc_hd__a21oi_1)
     2    0.005267    0.080055    0.074862    1.998397 v _1071_/Y (sky130_fd_sc_hd__a21oi_1)
                                                         _0402_ (net)
                      0.080055    0.000023    1.998420 v _1073_/B (sky130_fd_sc_hd__or3b_4)
     3    0.007283    0.071899    0.386757    2.385177 v _1073_/X (sky130_fd_sc_hd__or3b_4)
                                                         _0404_ (net)
                      0.071899    0.000025    2.385201 v _1075_/B (sky130_fd_sc_hd__and3_4)
     2    0.012088    0.042388    0.189502    2.574703 v _1075_/X (sky130_fd_sc_hd__and3_4)
                                                         _0406_ (net)
                      0.042388    0.000056    2.574760 v _1078_/A2 (sky130_fd_sc_hd__o211a_1)
     2    0.007418    0.059742    0.223189    2.797949 v _1078_/X (sky130_fd_sc_hd__o211a_1)
                                                         _0409_ (net)
                      0.059742    0.000037    2.797986 v _1079_/C1 (sky130_fd_sc_hd__a211oi_2)
     5    0.015553    0.341731    0.286517    3.084503 ^ _1079_/Y (sky130_fd_sc_hd__a211oi_2)
                                                         _0410_ (net)
                      0.341731    0.000023    3.084526 ^ _1082_/B1 (sky130_fd_sc_hd__a211o_1)
     3    0.007175    0.074482    0.180055    3.264581 ^ _1082_/X (sky130_fd_sc_hd__a211o_1)
                                                         _0413_ (net)
                      0.074482    0.000030    3.264611 ^ _1126_/B1_N (sky130_fd_sc_hd__a21bo_1)
     2    0.005174    0.046130    0.210622    3.475233 v _1126_/X (sky130_fd_sc_hd__a21bo_1)
                                                         _0456_ (net)
                      0.046130    0.000011    3.475244 v _1196_/B1 (sky130_fd_sc_hd__a211o_1)
     2    0.007447    0.069861    0.289949    3.765193 v _1196_/X (sky130_fd_sc_hd__a211o_1)
                                                         _0524_ (net)
                      0.069861    0.000104    3.765297 v rebuffer5/A (sky130_fd_sc_hd__clkbuf_2)
     2    0.004164    0.028975    0.113447    3.878745 v rebuffer5/X (sky130_fd_sc_hd__clkbuf_2)
                                                         net121 (net)
                      0.028975    0.000004    3.878749 v _1225_/A3 (sky130_fd_sc_hd__a31o_1)
     1    0.008419    0.061400    0.231597    4.110345 v _1225_/X (sky130_fd_sc_hd__a31o_1)
                                                         _0552_ (net)
                      0.061400    0.000029    4.110374 v _1227_/B (sky130_fd_sc_hd__xor2_2)
     3    0.012935    0.203472    0.196428    4.306802 ^ _1227_/X (sky130_fd_sc_hd__xor2_2)
                                                         _0554_ (net)
                      0.203472    0.000049    4.306851 ^ _1228_/B (sky130_fd_sc_hd__xor2_1)
     2    0.004253    0.140772    0.181736    4.488587 ^ _1228_/X (sky130_fd_sc_hd__xor2_1)
                                                         _0555_ (net)
                      0.140772    0.000013    4.488600 ^ _1253_/B (sky130_fd_sc_hd__and2b_1)
     1    0.009621    0.099854    0.182114    4.670714 ^ _1253_/X (sky130_fd_sc_hd__and2b_1)
                                                         _0579_ (net)
                      0.099854    0.000035    4.670749 ^ _1254_/B1 (sky130_fd_sc_hd__o21ai_4)
     4    0.010658    0.054536    0.073405    4.744154 v _1254_/Y (sky130_fd_sc_hd__o21ai_4)
                                                         _0580_ (net)
                      0.054536    0.000076    4.744230 v _1276_/A1 (sky130_fd_sc_hd__a31o_1)
     2    0.004942    0.047879    0.183733    4.927963 v _1276_/X (sky130_fd_sc_hd__a31o_1)
                                                         _0600_ (net)
                      0.047879    0.000009    4.927972 v _1277_/B (sky130_fd_sc_hd__or2_4)
     3    0.010309    0.054214    0.238320    5.166292 v _1277_/X (sky130_fd_sc_hd__or2_4)
                                                         _0601_ (net)
                      0.054214    0.000035    5.166326 v _1289_/B1 (sky130_fd_sc_hd__a2bb2o_4)
     2    0.011247    0.042992    0.228489    5.394815 v _1289_/X (sky130_fd_sc_hd__a2bb2o_4)
                                                         _0611_ (net)
                      0.042992    0.000042    5.394857 v _1290_/B (sky130_fd_sc_hd__xnor2_2)
     1    0.002656    0.098811    0.105579    5.500436 ^ _1290_/Y (sky130_fd_sc_hd__xnor2_2)
                                                         _0612_ (net)
                      0.098811    0.000004    5.500440 ^ _1291_/B (sky130_fd_sc_hd__nand2_1)
     1    0.002605    0.049200    0.060133    5.560573 v _1291_/Y (sky130_fd_sc_hd__nand2_1)
                                                         _0613_ (net)
                      0.049200    0.000004    5.560577 v _1292_/C1 (sky130_fd_sc_hd__o211a_1)
     1    0.002220    0.036819    0.102005    5.662581 v _1292_/X (sky130_fd_sc_hd__o211a_1)
                                                         _0067_ (net)
                      0.036819    0.000006    5.662588 v _1451_/D (sky130_fd_sc_hd__dfxtp_1)
                                              5.662588   data arrival time

                                 10.000000   10.000000   clock clk (rise edge)
                                  0.000000   10.000000   clock source latency
     1    0.021601    0.102883    0.071047   10.071048 ^ clk (in)
                                                         clk (net)
                      0.102899    0.000000   10.071048 ^ clkbuf_0_clk/A (sky130_fd_sc_hd__clkbuf_16)
     8    0.084380    0.101038    0.195787   10.266834 ^ clkbuf_0_clk/X (sky130_fd_sc_hd__clkbuf_16)
                                                         clknet_0_clk (net)
                      0.101041    0.000762   10.267596 ^ clkbuf_3_4__f_clk/A (sky130_fd_sc_hd__clkbuf_16)
    11    0.034454    0.054985    0.158439   10.426036 ^ clkbuf_3_4__f_clk/X (sky130_fd_sc_hd__clkbuf_16)
                                                         clknet_3_4__leaf_clk (net)
                      0.054985    0.000059   10.426094 ^ _1451_/CLK (sky130_fd_sc_hd__dfxtp_1)
                                 -0.250000   10.176094   clock uncertainty
                                  0.000000   10.176094   clock reconvergence pessimism
                                 -0.104608   10.071486   library setup time
                                             10.071486   data required time
---------------------------------------------------------------------------------------------
                                             10.071486   data required time
                                             -5.662588   data arrival time
---------------------------------------------------------------------------------------------
                                              4.408899   slack (MET)


Startpoint: _1425_ (rising edge-triggered flip-flop clocked by clk)
Endpoint: _1450_ (rising edge-triggered flip-flop clocked by clk)
Path Group: clk
Path Type: max

Fanout         Cap        Slew       Delay        Time   Description
---------------------------------------------------------------------------------------------
                                  0.000000    0.000000   clock clk (rise edge)
                                  0.000000    0.000000   clock source latency
     1    0.021601    0.102883    0.071047    0.071047 ^ clk (in)
                                                         clk (net)
                      0.102899    0.000000    0.071047 ^ clkbuf_0_clk/A (sky130_fd_sc_hd__clkbuf_16)
     8    0.084380    0.101038    0.195786    0.266833 ^ clkbuf_0_clk/X (sky130_fd_sc_hd__clkbuf_16)
                                                         clknet_0_clk (net)
                      0.101071    0.001725    0.268558 ^ clkbuf_3_1__f_clk/A (sky130_fd_sc_hd__clkbuf_16)
    13    0.038816    0.058789    0.161655    0.430214 ^ clkbuf_3_1__f_clk/X (sky130_fd_sc_hd__clkbuf_16)
                                                         clknet_3_1__leaf_clk (net)
                      0.058789    0.000110    0.430323 ^ _1425_/CLK (sky130_fd_sc_hd__dfxtp_4)
     3    0.011358    0.039341    0.347145    0.777468 v _1425_/Q (sky130_fd_sc_hd__dfxtp_4)
                                                         core_b[0] (net)
                      0.039341    0.000028    0.777497 v fanout79/A (sky130_fd_sc_hd__buf_8)
     5    0.016012    0.028363    0.118368    0.895865 v fanout79/X (sky130_fd_sc_hd__buf_8)
                                                         net79 (net)
                      0.028363    0.000143    0.896008 v _1019_/C (sky130_fd_sc_hd__and3_4)
     5    0.009757    0.039344    0.176539    1.072547 v _1019_/X (sky130_fd_sc_hd__and3_4)
                                                         _0351_ (net)
                      0.039344    0.000013    1.072560 v rebuffer13/A (sky130_fd_sc_hd__dlymetal6s4s_1)
     2    0.003398    0.042193    0.247242    1.319802 v rebuffer13/X (sky130_fd_sc_hd__dlymetal6s4s_1)
                                                         net129 (net)
                      0.042193    0.000001    1.319803 v _1065_/A1_N (sky130_fd_sc_hd__a2bb2o_1)
     1    0.003037    0.047633    0.247500    1.567303 ^ _1065_/X (sky130_fd_sc_hd__a2bb2o_1)
                                                         _0396_ (net)
                      0.047633    0.000008    1.567311 ^ _1069_/A1 (sky130_fd_sc_hd__a21o_1)
     3    0.010705    0.100440    0.147947    1.715258 ^ _1069_/X (sky130_fd_sc_hd__a21o_1)
                                                         _0400_ (net)
                      0.100440    0.000168    1.715426 ^ rebuffer3/A (sky130_fd_sc_hd__dlymetal6s2s_1)
     1    0.002179    0.051865    0.110616    1.826041 ^ rebuffer3/X (sky130_fd_sc_hd__dlymetal6s2s_1)
                                                         net119 (net)
                      0.051865    0.000005    1.826046 ^ rebuffer2/A (sky130_fd_sc_hd__dlymetal6s2s_1)
     1    0.002589    0.055345    0.097488    1.923534 ^ rebuffer2/X (sky130_fd_sc_hd__dlymetal6s2s_1)
                                                         net118 (net)
                      0.055345    0.000002    1.923535 ^ _1071_/A2 (sky130_fd_sc_hd__a21oi_1)
     2    0.005267    0.080055    0.074862    1.998397 v _1071_/Y (sky130_fd_sc_hd__a21oi_1)
                                                         _0402_ (net)
                      0.080055    0.000023    1.998420 v _1073_/B (sky130_fd_sc_hd__or3b_4)
     3    0.007283    0.071899    0.386757    2.385177 v _1073_/X (sky130_fd_sc_hd__or3b_4)
                                                         _0404_ (net)
                      0.071899    0.000025    2.385201 v _1075_/B (sky130_fd_sc_hd__and3_4)
     2    0.012088    0.042388    0.189502    2.574703 v _1075_/X (sky130_fd_sc_hd__and3_4)
                                                         _0406_ (net)
                      0.042388    0.000056    2.574760 v _1078_/A2 (sky130_fd_sc_hd__o211a_1)
     2    0.007418    0.059742    0.223189    2.797949 v _1078_/X (sky130_fd_sc_hd__o211a_1)
                                                         _0409_ (net)
                      0.059742    0.000037    2.797986 v _1079_/C1 (sky130_fd_sc_hd__a211oi_2)
     5    0.015553    0.341731    0.286517    3.084503 ^ _1079_/Y (sky130_fd_sc_hd__a211oi_2)
                                                         _0410_ (net)
                      0.341731    0.000023    3.084526 ^ _1082_/B1 (sky130_fd_sc_hd__a211o_1)
     3    0.007175    0.074482    0.180055    3.264581 ^ _1082_/X (sky130_fd_sc_hd__a211o_1)
                                                         _0413_ (net)
                      0.074482    0.000030    3.264611 ^ _1126_/B1_N (sky130_fd_sc_hd__a21bo_1)
     2    0.005174    0.046130    0.210622    3.475233 v _1126_/X (sky130_fd_sc_hd__a21bo_1)
                                                         _0456_ (net)
                      0.046130    0.000011    3.475244 v _1196_/B1 (sky130_fd_sc_hd__a211o_1)
     2    0.007447    0.069861    0.289949    3.765193 v _1196_/X (sky130_fd_sc_hd__a211o_1)
                                                         _0524_ (net)
                      0.069861    0.000104    3.765297 v rebuffer5/A (sky130_fd_sc_hd__clkbuf_2)
     2    0.004164    0.028975    0.113447    3.878745 v rebuffer5/X (sky130_fd_sc_hd__clkbuf_2)
                                                         net121 (net)
                      0.028975    0.000004    3.878749 v _1225_/A3 (sky130_fd_sc_hd__a31o_1)
     1    0.008419    0.061400    0.231597    4.110345 v _1225_/X (sky130_fd_sc_hd__a31o_1)
                                                         _0552_ (net)
                      0.061400    0.000029    4.110374 v _1227_/B (sky130_fd_sc_hd__xor2_2)
     3    0.012935    0.203472    0.196428    4.306802 ^ _1227_/X (sky130_fd_sc_hd__xor2_2)
                                                         _0554_ (net)
                      0.203472    0.000049    4.306851 ^ _1228_/B (sky130_fd_sc_hd__xor2_1)
     2    0.004253    0.140772    0.181736    4.488587 ^ _1228_/X (sky130_fd_sc_hd__xor2_1)
                                                         _0555_ (net)
                      0.140772    0.000013    4.488600 ^ _1253_/B (sky130_fd_sc_hd__and2b_1)
     1    0.009621    0.099854    0.182114    4.670714 ^ _1253_/X (sky130_fd_sc_hd__and2b_1)
                                                         _0579_ (net)
                      0.099854    0.000035    4.670749 ^ _1254_/B1 (sky130_fd_sc_hd__o21ai_4)
     4    0.010658    0.054536    0.073405    4.744154 v _1254_/Y (sky130_fd_sc_hd__o21ai_4)
                                                         _0580_ (net)
                      0.054536    0.000076    4.744230 v _1276_/A1 (sky130_fd_sc_hd__a31o_1)
     2    0.004942    0.047879    0.183733    4.927963 v _1276_/X (sky130_fd_sc_hd__a31o_1)
                                                         _0600_ (net)
                      0.047879    0.000009    4.927972 v _1277_/B (sky130_fd_sc_hd__or2_4)
     3    0.010309    0.054214    0.238320    5.166292 v _1277_/X (sky130_fd_sc_hd__or2_4)
                                                         _0601_ (net)
                      0.054214    0.000036    5.166327 v _1282_/B1_N (sky130_fd_sc_hd__a21bo_1)
     2    0.005683    0.062576    0.190137    5.356465 ^ _1282_/X (sky130_fd_sc_hd__a21bo_1)
                                                         _0605_ (net)
                      0.062576    0.000015    5.356480 ^ _1283_/A1 (sky130_fd_sc_hd__a21boi_1)
     1    0.002138    0.045581    0.054597    5.411076 v _1283_/Y (sky130_fd_sc_hd__a21boi_1)
                                                         _0606_ (net)
                      0.045581    0.000001    5.411077 v _1284_/B1 (sky130_fd_sc_hd__o21ai_1)
     1    0.003340    0.110168    0.073540    5.484617 ^ _1284_/Y (sky130_fd_sc_hd__o21ai_1)
                                                         _0607_ (net)
                      0.110168    0.000015    5.484632 ^ _1285_/C1 (sky130_fd_sc_hd__o211a_1)
     1    0.002266    0.041750    0.143834    5.628466 ^ _1285_/X (sky130_fd_sc_hd__o211a_1)
                                                         _0066_ (net)
                      0.041750    0.000006    5.628472 ^ _1450_/D (sky130_fd_sc_hd__dfxtp_1)
                                              5.628472   data arrival time

                                 10.000000   10.000000   clock clk (rise edge)
                                  0.000000   10.000000   clock source latency
     1    0.021601    0.102883    0.071047   10.071048 ^ clk (in)
                                                         clk (net)
                      0.102899    0.000000   10.071048 ^ clkbuf_0_clk/A (sky130_fd_sc_hd__clkbuf_16)
     8    0.084380    0.101038    0.195787   10.266834 ^ clkbuf_0_clk/X (sky130_fd_sc_hd__clkbuf_16)
                                                         clknet_0_clk (net)
                      0.101044    0.000923   10.267756 ^ clkbuf_3_7__f_clk/A (sky130_fd_sc_hd__clkbuf_16)
    10    0.038123    0.058189    0.161171   10.428927 ^ clkbuf_3_7__f_clk/X (sky130_fd_sc_hd__clkbuf_16)
                                                         clknet_3_7__leaf_clk (net)
                      0.058189    0.000099   10.429027 ^ _1450_/CLK (sky130_fd_sc_hd__dfxtp_1)
                                 -0.250000   10.179027   clock uncertainty
                                  0.000000   10.179027   clock reconvergence pessimism
                                 -0.051363   10.127664   library setup time
                                             10.127664   data required time
---------------------------------------------------------------------------------------------
                                             10.127664   data required time
                                             -5.628472   data arrival time
---------------------------------------------------------------------------------------------
                                              4.499192   slack (MET)


Startpoint: _1425_ (rising edge-triggered flip-flop clocked by clk)
Endpoint: _1449_ (rising edge-triggered flip-flop clocked by clk)
Path Group: clk
Path Type: max

Fanout         Cap        Slew       Delay        Time   Description
---------------------------------------------------------------------------------------------
                                  0.000000    0.000000   clock clk (rise edge)
                                  0.000000    0.000000   clock source latency
     1    0.021601    0.102883    0.071047    0.071047 ^ clk (in)
                                                         clk (net)
                      0.102899    0.000000    0.071047 ^ clkbuf_0_clk/A (sky130_fd_sc_hd__clkbuf_16)
     8    0.084380    0.101038    0.195786    0.266833 ^ clkbuf_0_clk/X (sky130_fd_sc_hd__clkbuf_16)
                                                         clknet_0_clk (net)
                      0.101071    0.001725    0.268558 ^ clkbuf_3_1__f_clk/A (sky130_fd_sc_hd__clkbuf_16)
    13    0.038816    0.058789    0.161655    0.430214 ^ clkbuf_3_1__f_clk/X (sky130_fd_sc_hd__clkbuf_16)
                                                         clknet_3_1__leaf_clk (net)
                      0.058789    0.000110    0.430323 ^ _1425_/CLK (sky130_fd_sc_hd__dfxtp_4)
     3    0.011358    0.039341    0.347145    0.777468 v _1425_/Q (sky130_fd_sc_hd__dfxtp_4)
                                                         core_b[0] (net)
                      0.039341    0.000028    0.777497 v fanout79/A (sky130_fd_sc_hd__buf_8)
     5    0.016012    0.028363    0.118368    0.895865 v fanout79/X (sky130_fd_sc_hd__buf_8)
                                                         net79 (net)
                      0.028363    0.000143    0.896008 v _1019_/C (sky130_fd_sc_hd__and3_4)
     5    0.009757    0.039344    0.176539    1.072547 v _1019_/X (sky130_fd_sc_hd__and3_4)
                                                         _0351_ (net)
                      0.039344    0.000013    1.072560 v rebuffer13/A (sky130_fd_sc_hd__dlymetal6s4s_1)
     2    0.003398    0.042193    0.247242    1.319802 v rebuffer13/X (sky130_fd_sc_hd__dlymetal6s4s_1)
                                                         net129 (net)
                      0.042193    0.000001    1.319803 v _1065_/A1_N (sky130_fd_sc_hd__a2bb2o_1)
     1    0.003037    0.047633    0.247500    1.567303 ^ _1065_/X (sky130_fd_sc_hd__a2bb2o_1)
                                                         _0396_ (net)
                      0.047633    0.000008    1.567311 ^ _1069_/A1 (sky130_fd_sc_hd__a21o_1)
     3    0.010705    0.100440    0.147947    1.715258 ^ _1069_/X (sky130_fd_sc_hd__a21o_1)
                                                         _0400_ (net)
                      0.100440    0.000168    1.715426 ^ rebuffer3/A (sky130_fd_sc_hd__dlymetal6s2s_1)
     1    0.002179    0.051865    0.110616    1.826041 ^ rebuffer3/X (sky130_fd_sc_hd__dlymetal6s2s_1)
                                                         net119 (net)
                      0.051865    0.000005    1.826046 ^ rebuffer2/A (sky130_fd_sc_hd__dlymetal6s2s_1)
     1    0.002589    0.055345    0.097488    1.923534 ^ rebuffer2/X (sky130_fd_sc_hd__dlymetal6s2s_1)
                                                         net118 (net)
                      0.055345    0.000002    1.923535 ^ _1071_/A2 (sky130_fd_sc_hd__a21oi_1)
     2    0.005267    0.080055    0.074862    1.998397 v _1071_/Y (sky130_fd_sc_hd__a21oi_1)
                                                         _0402_ (net)
                      0.080055    0.000023    1.998420 v _1073_/B (sky130_fd_sc_hd__or3b_4)
     3    0.007283    0.071899    0.386757    2.385177 v _1073_/X (sky130_fd_sc_hd__or3b_4)
                                                         _0404_ (net)
                      0.071899    0.000025    2.385201 v _1075_/B (sky130_fd_sc_hd__and3_4)
     2    0.012088    0.042388    0.189502    2.574703 v _1075_/X (sky130_fd_sc_hd__and3_4)
                                                         _0406_ (net)
                      0.042388    0.000056    2.574760 v _1078_/A2 (sky130_fd_sc_hd__o211a_1)
     2    0.007418    0.059742    0.223189    2.797949 v _1078_/X (sky130_fd_sc_hd__o211a_1)
                                                         _0409_ (net)
                      0.059742    0.000037    2.797986 v _1079_/C1 (sky130_fd_sc_hd__a211oi_2)
     5    0.015553    0.341731    0.286517    3.084503 ^ _1079_/Y (sky130_fd_sc_hd__a211oi_2)
                                                         _0410_ (net)
                      0.341731    0.000023    3.084526 ^ _1082_/B1 (sky130_fd_sc_hd__a211o_1)
     3    0.007175    0.074482    0.180055    3.264581 ^ _1082_/X (sky130_fd_sc_hd__a211o_1)
                                                         _0413_ (net)
                      0.074482    0.000030    3.264611 ^ _1126_/B1_N (sky130_fd_sc_hd__a21bo_1)
     2    0.005174    0.046130    0.210622    3.475233 v _1126_/X (sky130_fd_sc_hd__a21bo_1)
                                                         _0456_ (net)
                      0.046130    0.000011    3.475244 v _1196_/B1 (sky130_fd_sc_hd__a211o_1)
     2    0.007447    0.069861    0.289949    3.765193 v _1196_/X (sky130_fd_sc_hd__a211o_1)
                                                         _0524_ (net)
                      0.069861    0.000104    3.765297 v rebuffer5/A (sky130_fd_sc_hd__clkbuf_2)
     2    0.004164    0.028975    0.113447    3.878745 v rebuffer5/X (sky130_fd_sc_hd__clkbuf_2)
                                                         net121 (net)
                      0.028975    0.000004    3.878749 v _1225_/A3 (sky130_fd_sc_hd__a31o_1)
     1    0.008419    0.061400    0.231597    4.110345 v _1225_/X (sky130_fd_sc_hd__a31o_1)
                                                         _0552_ (net)
                      0.061400    0.000029    4.110374 v _1227_/B (sky130_fd_sc_hd__xor2_2)
     3    0.012935    0.203472    0.196428    4.306802 ^ _1227_/X (sky130_fd_sc_hd__xor2_2)
                                                         _0554_ (net)
                      0.203472    0.000049    4.306851 ^ _1228_/B (sky130_fd_sc_hd__xor2_1)
     2    0.004253    0.140772    0.181736    4.488587 ^ _1228_/X (sky130_fd_sc_hd__xor2_1)
                                                         _0555_ (net)
                      0.140772    0.000013    4.488600 ^ _1253_/B (sky130_fd_sc_hd__and2b_1)
     1    0.009621    0.099854    0.182114    4.670714 ^ _1253_/X (sky130_fd_sc_hd__and2b_1)
                                                         _0579_ (net)
                      0.099854    0.000035    4.670749 ^ _1254_/B1 (sky130_fd_sc_hd__o21ai_4)
     4    0.010658    0.054536    0.073405    4.744154 v _1254_/Y (sky130_fd_sc_hd__o21ai_4)
                                                         _0580_ (net)
                      0.054536    0.000076    4.744230 v _1276_/A1 (sky130_fd_sc_hd__a31o_1)
     2    0.004942    0.047879    0.183733    4.927963 v _1276_/X (sky130_fd_sc_hd__a31o_1)
                                                         _0600_ (net)
                      0.047879    0.000009    4.927972 v _1277_/B (sky130_fd_sc_hd__or2_4)
     3    0.010309    0.054214    0.238320    5.166292 v _1277_/X (sky130_fd_sc_hd__or2_4)
                                                         _0601_ (net)
                      0.054214    0.000004    5.166296 v _1279_/A1 (sky130_fd_sc_hd__a21bo_1)
     1    0.002511    0.034107    0.162794    5.329089 v _1279_/X (sky130_fd_sc_hd__a21bo_1)
                                                         _0603_ (net)
                      0.034107    0.000004    5.329093 v _1280_/C1 (sky130_fd_sc_hd__o211a_1)
     1    0.002113    0.036341    0.094909    5.424002 v _1280_/X (sky130_fd_sc_hd__o211a_1)
                                                         _0065_ (net)
                      0.036341    0.000004    5.424006 v _1449_/D (sky130_fd_sc_hd__dfxtp_1)
                                              5.424006   data arrival time

                                 10.000000   10.000000   clock clk (rise edge)
                                  0.000000   10.000000   clock source latency
     1    0.021601    0.102883    0.071047   10.071048 ^ clk (in)
                                                         clk (net)
                      0.102899    0.000000   10.071048 ^ clkbuf_0_clk/A (sky130_fd_sc_hd__clkbuf_16)
     8    0.084380    0.101038    0.195787   10.266834 ^ clkbuf_0_clk/X (sky130_fd_sc_hd__clkbuf_16)
                                                         clknet_0_clk (net)
                      0.101041    0.000762   10.267596 ^ clkbuf_3_4__f_clk/A (sky130_fd_sc_hd__clkbuf_16)
    11    0.034454    0.054985    0.158439   10.426036 ^ clkbuf_3_4__f_clk/X (sky130_fd_sc_hd__clkbuf_16)
                                                         clknet_3_4__leaf_clk (net)
                      0.054985    0.000026   10.426062 ^ _1449_/CLK (sky130_fd_sc_hd__dfxtp_1)
                                 -0.250000   10.176062   clock uncertainty
                                  0.000000   10.176062   clock reconvergence pessimism
                                 -0.104399   10.071663   library setup time
                                             10.071663   data required time
---------------------------------------------------------------------------------------------
                                             10.071663   data required time
                                             -5.424006   data arrival time
---------------------------------------------------------------------------------------------
                                              4.647657   slack (MET)


Startpoint: _1425_ (rising edge-triggered flip-flop clocked by clk)
Endpoint: _1448_ (rising edge-triggered flip-flop clocked by clk)
Path Group: clk
Path Type: max

Fanout         Cap        Slew       Delay        Time   Description
---------------------------------------------------------------------------------------------
                                  0.000000    0.000000   clock clk (rise edge)
                                  0.000000    0.000000   clock source latency
     1    0.021601    0.102883    0.071047    0.071047 ^ clk (in)
                                                         clk (net)
                      0.102899    0.000000    0.071047 ^ clkbuf_0_clk/A (sky130_fd_sc_hd__clkbuf_16)
     8    0.084380    0.101038    0.195786    0.266833 ^ clkbuf_0_clk/X (sky130_fd_sc_hd__clkbuf_16)
                                                         clknet_0_clk (net)
                      0.101071    0.001725    0.268558 ^ clkbuf_3_1__f_clk/A (sky130_fd_sc_hd__clkbuf_16)
    13    0.038816    0.058789    0.161655    0.430214 ^ clkbuf_3_1__f_clk/X (sky130_fd_sc_hd__clkbuf_16)
                                                         clknet_3_1__leaf_clk (net)
                      0.058789    0.000110    0.430323 ^ _1425_/CLK (sky130_fd_sc_hd__dfxtp_4)
     3    0.011358    0.039341    0.347145    0.777468 v _1425_/Q (sky130_fd_sc_hd__dfxtp_4)
                                                         core_b[0] (net)
                      0.039341    0.000028    0.777497 v fanout79/A (sky130_fd_sc_hd__buf_8)
     5    0.016012    0.028363    0.118368    0.895865 v fanout79/X (sky130_fd_sc_hd__buf_8)
                                                         net79 (net)
                      0.028363    0.000143    0.896008 v _1019_/C (sky130_fd_sc_hd__and3_4)
     5    0.009757    0.039344    0.176539    1.072547 v _1019_/X (sky130_fd_sc_hd__and3_4)
                                                         _0351_ (net)
                      0.039344    0.000013    1.072560 v rebuffer13/A (sky130_fd_sc_hd__dlymetal6s4s_1)
     2    0.003398    0.042193    0.247242    1.319802 v rebuffer13/X (sky130_fd_sc_hd__dlymetal6s4s_1)
                                                         net129 (net)
                      0.042193    0.000001    1.319803 v _1065_/A1_N (sky130_fd_sc_hd__a2bb2o_1)
     1    0.003037    0.047633    0.247500    1.567303 ^ _1065_/X (sky130_fd_sc_hd__a2bb2o_1)
                                                         _0396_ (net)
                      0.047633    0.000008    1.567311 ^ _1069_/A1 (sky130_fd_sc_hd__a21o_1)
     3    0.010705    0.100440    0.147947    1.715258 ^ _1069_/X (sky130_fd_sc_hd__a21o_1)
                                                         _0400_ (net)
                      0.100440    0.000168    1.715426 ^ rebuffer3/A (sky130_fd_sc_hd__dlymetal6s2s_1)
     1    0.002179    0.051865    0.110616    1.826041 ^ rebuffer3/X (sky130_fd_sc_hd__dlymetal6s2s_1)
                                                         net119 (net)
                      0.051865    0.000005    1.826046 ^ rebuffer2/A (sky130_fd_sc_hd__dlymetal6s2s_1)
     1    0.002589    0.055345    0.097488    1.923534 ^ rebuffer2/X (sky130_fd_sc_hd__dlymetal6s2s_1)
                                                         net118 (net)
                      0.055345    0.000002    1.923535 ^ _1071_/A2 (sky130_fd_sc_hd__a21oi_1)
     2    0.005267    0.080055    0.074862    1.998397 v _1071_/Y (sky130_fd_sc_hd__a21oi_1)
                                                         _0402_ (net)
                      0.080055    0.000023    1.998420 v _1073_/B (sky130_fd_sc_hd__or3b_4)
     3    0.007283    0.071899    0.386757    2.385177 v _1073_/X (sky130_fd_sc_hd__or3b_4)
                                                         _0404_ (net)
                      0.071899    0.000025    2.385201 v _1075_/B (sky130_fd_sc_hd__and3_4)
     2    0.012088    0.042388    0.189502    2.574703 v _1075_/X (sky130_fd_sc_hd__and3_4)
                                                         _0406_ (net)
                      0.042388    0.000056    2.574760 v _1078_/A2 (sky130_fd_sc_hd__o211a_1)
     2    0.007418    0.059742    0.223189    2.797949 v _1078_/X (sky130_fd_sc_hd__o211a_1)
                                                         _0409_ (net)
                      0.059742    0.000037    2.797986 v _1079_/C1 (sky130_fd_sc_hd__a211oi_2)
     5    0.015553    0.341731    0.286517    3.084503 ^ _1079_/Y (sky130_fd_sc_hd__a211oi_2)
                                                         _0410_ (net)
                      0.341731    0.000023    3.084526 ^ _1082_/B1 (sky130_fd_sc_hd__a211o_1)
     3    0.007175    0.074482    0.180055    3.264581 ^ _1082_/X (sky130_fd_sc_hd__a211o_1)
                                                         _0413_ (net)
                      0.074482    0.000030    3.264611 ^ _1126_/B1_N (sky130_fd_sc_hd__a21bo_1)
     2    0.005174    0.046130    0.210622    3.475233 v _1126_/X (sky130_fd_sc_hd__a21bo_1)
                                                         _0456_ (net)
                      0.046130    0.000011    3.475244 v _1196_/B1 (sky130_fd_sc_hd__a211o_1)
     2    0.007447    0.069861    0.289949    3.765193 v _1196_/X (sky130_fd_sc_hd__a211o_1)
                                                         _0524_ (net)
                      0.069861    0.000104    3.765297 v rebuffer5/A (sky130_fd_sc_hd__clkbuf_2)
     2    0.004164    0.028975    0.113447    3.878745 v rebuffer5/X (sky130_fd_sc_hd__clkbuf_2)
                                                         net121 (net)
                      0.028975    0.000004    3.878749 v _1225_/A3 (sky130_fd_sc_hd__a31o_1)
     1    0.008419    0.061400    0.231597    4.110345 v _1225_/X (sky130_fd_sc_hd__a31o_1)
                                                         _0552_ (net)
                      0.061400    0.000029    4.110374 v _1227_/B (sky130_fd_sc_hd__xor2_2)
     3    0.012935    0.203472    0.196428    4.306802 ^ _1227_/X (sky130_fd_sc_hd__xor2_2)
                                                         _0554_ (net)
                      0.203472    0.000049    4.306851 ^ _1228_/B (sky130_fd_sc_hd__xor2_1)
     2    0.004253    0.140772    0.181736    4.488587 ^ _1228_/X (sky130_fd_sc_hd__xor2_1)
                                                         _0555_ (net)
                      0.140772    0.000013    4.488600 ^ _1253_/B (sky130_fd_sc_hd__and2b_1)
     1    0.009621    0.099854    0.182114    4.670714 ^ _1253_/X (sky130_fd_sc_hd__and2b_1)
                                                         _0579_ (net)
                      0.099854    0.000035    4.670749 ^ _1254_/B1 (sky130_fd_sc_hd__o21ai_4)
     4    0.010658    0.054536    0.073405    4.744154 v _1254_/Y (sky130_fd_sc_hd__o21ai_4)
                                                         _0580_ (net)
                      0.054536    0.000040    4.744194 v _1257_/A1 (sky130_fd_sc_hd__a21oi_1)
     3    0.008444    0.215635    0.201175    4.945369 ^ _1257_/Y (sky130_fd_sc_hd__a21oi_1)
                                                         _0583_ (net)
                      0.215635    0.000019    4.945387 ^ _1271_/A2 (sky130_fd_sc_hd__o31ai_1)
     1    0.002647    0.061250    0.103450    5.048838 v _1271_/Y (sky130_fd_sc_hd__o31ai_1)
                                                         _0596_ (net)
                      0.061250    0.000006    5.048843 v _1272_/B2 (sky130_fd_sc_hd__o221a_1)
     1    0.001935    0.041115    0.199202    5.248045 v _1272_/X (sky130_fd_sc_hd__o221a_1)
                                                         _0064_ (net)
                      0.041115    0.000002    5.248047 v _1448_/D (sky130_fd_sc_hd__dfxtp_1)
                                              5.248047   data arrival time

                                 10.000000   10.000000   clock clk (rise edge)
                                  0.000000   10.000000   clock source latency
     1    0.021601    0.102883    0.071047   10.071048 ^ clk (in)
                                                         clk (net)
                      0.102899    0.000000   10.071048 ^ clkbuf_0_clk/A (sky130_fd_sc_hd__clkbuf_16)
     8    0.084380    0.101038    0.195787   10.266834 ^ clkbuf_0_clk/X (sky130_fd_sc_hd__clkbuf_16)
                                                         clknet_0_clk (net)
                      0.101041    0.000711   10.267545 ^ clkbuf_3_5__f_clk/A (sky130_fd_sc_hd__clkbuf_16)
    14    0.038852    0.058816    0.161642   10.429187 ^ clkbuf_3_5__f_clk/X (sky130_fd_sc_hd__clkbuf_16)
                                                         clknet_3_5__leaf_clk (net)
                      0.058816    0.000132   10.429319 ^ _1448_/CLK (sky130_fd_sc_hd__dfxtp_1)
                                 -0.250000   10.179319   clock uncertainty
                                  0.000000   10.179319   clock reconvergence pessimism
                                 -0.105598   10.073721   library setup time
                                             10.073721   data required time
---------------------------------------------------------------------------------------------
                                             10.073721   data required time
                                             -5.248047   data arrival time
---------------------------------------------------------------------------------------------
                                              4.825674   slack (MET)


Startpoint: _1425_ (rising edge-triggered flip-flop clocked by clk)
Endpoint: _1447_ (rising edge-triggered flip-flop clocked by clk)
Path Group: clk
Path Type: max

Fanout         Cap        Slew       Delay        Time   Description
---------------------------------------------------------------------------------------------
                                  0.000000    0.000000   clock clk (rise edge)
                                  0.000000    0.000000   clock source latency
     1    0.021601    0.102883    0.071047    0.071047 ^ clk (in)
                                                         clk (net)
                      0.102899    0.000000    0.071047 ^ clkbuf_0_clk/A (sky130_fd_sc_hd__clkbuf_16)
     8    0.084380    0.101038    0.195786    0.266833 ^ clkbuf_0_clk/X (sky130_fd_sc_hd__clkbuf_16)
                                                         clknet_0_clk (net)
                      0.101071    0.001725    0.268558 ^ clkbuf_3_1__f_clk/A (sky130_fd_sc_hd__clkbuf_16)
    13    0.038816    0.058789    0.161655    0.430214 ^ clkbuf_3_1__f_clk/X (sky130_fd_sc_hd__clkbuf_16)
                                                         clknet_3_1__leaf_clk (net)
                      0.058789    0.000110    0.430323 ^ _1425_/CLK (sky130_fd_sc_hd__dfxtp_4)
     3    0.011358    0.039341    0.347145    0.777468 v _1425_/Q (sky130_fd_sc_hd__dfxtp_4)
                                                         core_b[0] (net)
                      0.039341    0.000028    0.777497 v fanout79/A (sky130_fd_sc_hd__buf_8)
     5    0.016012    0.028363    0.118368    0.895865 v fanout79/X (sky130_fd_sc_hd__buf_8)
                                                         net79 (net)
                      0.028363    0.000143    0.896008 v _1019_/C (sky130_fd_sc_hd__and3_4)
     5    0.009757    0.039344    0.176539    1.072547 v _1019_/X (sky130_fd_sc_hd__and3_4)
                                                         _0351_ (net)
                      0.039344    0.000013    1.072560 v rebuffer13/A (sky130_fd_sc_hd__dlymetal6s4s_1)
     2    0.003398    0.042193    0.247242    1.319802 v rebuffer13/X (sky130_fd_sc_hd__dlymetal6s4s_1)
                                                         net129 (net)
                      0.042193    0.000001    1.319803 v _1065_/A1_N (sky130_fd_sc_hd__a2bb2o_1)
     1    0.003037    0.047633    0.247500    1.567303 ^ _1065_/X (sky130_fd_sc_hd__a2bb2o_1)
                                                         _0396_ (net)
                      0.047633    0.000008    1.567311 ^ _1069_/A1 (sky130_fd_sc_hd__a21o_1)
     3    0.010705    0.100440    0.147947    1.715258 ^ _1069_/X (sky130_fd_sc_hd__a21o_1)
                                                         _0400_ (net)
                      0.100440    0.000168    1.715426 ^ rebuffer3/A (sky130_fd_sc_hd__dlymetal6s2s_1)
     1    0.002179    0.051865    0.110616    1.826041 ^ rebuffer3/X (sky130_fd_sc_hd__dlymetal6s2s_1)
                                                         net119 (net)
                      0.051865    0.000005    1.826046 ^ rebuffer2/A (sky130_fd_sc_hd__dlymetal6s2s_1)
     1    0.002589    0.055345    0.097488    1.923534 ^ rebuffer2/X (sky130_fd_sc_hd__dlymetal6s2s_1)
                                                         net118 (net)
                      0.055345    0.000002    1.923535 ^ _1071_/A2 (sky130_fd_sc_hd__a21oi_1)
     2    0.005267    0.080055    0.074862    1.998397 v _1071_/Y (sky130_fd_sc_hd__a21oi_1)
                                                         _0402_ (net)
                      0.080055    0.000023    1.998420 v _1073_/B (sky130_fd_sc_hd__or3b_4)
     3    0.007283    0.071899    0.386757    2.385177 v _1073_/X (sky130_fd_sc_hd__or3b_4)
                                                         _0404_ (net)
                      0.071899    0.000025    2.385201 v _1075_/B (sky130_fd_sc_hd__and3_4)
     2    0.012088    0.042388    0.189502    2.574703 v _1075_/X (sky130_fd_sc_hd__and3_4)
                                                         _0406_ (net)
                      0.042388    0.000056    2.574760 v _1078_/A2 (sky130_fd_sc_hd__o211a_1)
     2    0.007418    0.059742    0.223189    2.797949 v _1078_/X (sky130_fd_sc_hd__o211a_1)
                                                         _0409_ (net)
                      0.059742    0.000037    2.797986 v _1079_/C1 (sky130_fd_sc_hd__a211oi_2)
     5    0.015553    0.341731    0.286517    3.084503 ^ _1079_/Y (sky130_fd_sc_hd__a211oi_2)
                                                         _0410_ (net)
                      0.341731    0.000023    3.084526 ^ _1082_/B1 (sky130_fd_sc_hd__a211o_1)
     3    0.007175    0.074482    0.180055    3.264581 ^ _1082_/X (sky130_fd_sc_hd__a211o_1)
                                                         _0413_ (net)
                      0.074482    0.000030    3.264611 ^ _1126_/B1_N (sky130_fd_sc_hd__a21bo_1)
     2    0.005174    0.046130    0.210622    3.475233 v _1126_/X (sky130_fd_sc_hd__a21bo_1)
                                                         _0456_ (net)
                      0.046130    0.000011    3.475244 v _1196_/B1 (sky130_fd_sc_hd__a211o_1)
     2    0.007447    0.069861    0.289949    3.765193 v _1196_/X (sky130_fd_sc_hd__a211o_1)
                                                         _0524_ (net)
                      0.069861    0.000104    3.765297 v rebuffer5/A (sky130_fd_sc_hd__clkbuf_2)
     2    0.004164    0.028975    0.113447    3.878745 v rebuffer5/X (sky130_fd_sc_hd__clkbuf_2)
                                                         net121 (net)
                      0.028975    0.000004    3.878749 v _1225_/A3 (sky130_fd_sc_hd__a31o_1)
     1    0.008419    0.061400    0.231597    4.110345 v _1225_/X (sky130_fd_sc_hd__a31o_1)
                                                         _0552_ (net)
                      0.061400    0.000029    4.110374 v _1227_/B (sky130_fd_sc_hd__xor2_2)
     3    0.012935    0.203472    0.196428    4.306802 ^ _1227_/X (sky130_fd_sc_hd__xor2_2)
                                                         _0554_ (net)
                      0.203472    0.000049    4.306851 ^ _1228_/B (sky130_fd_sc_hd__xor2_1)
     2    0.004253    0.140772    0.181736    4.488587 ^ _1228_/X (sky130_fd_sc_hd__xor2_1)
                                                         _0555_ (net)
                      0.140772    0.000013    4.488600 ^ _1253_/B (sky130_fd_sc_hd__and2b_1)
     1    0.009621    0.099854    0.182114    4.670714 ^ _1253_/X (sky130_fd_sc_hd__and2b_1)
                                                         _0579_ (net)
                      0.099854    0.000035    4.670749 ^ _1254_/B1 (sky130_fd_sc_hd__o21ai_4)
     4    0.010658    0.054536    0.073405    4.744154 v _1254_/Y (sky130_fd_sc_hd__o21ai_4)
                                                         _0580_ (net)
                      0.054536    0.000040    4.744194 v _1257_/A1 (sky130_fd_sc_hd__a21oi_1)
     3    0.008444    0.215635    0.201175    4.945369 ^ _1257_/Y (sky130_fd_sc_hd__a21oi_1)
                                                         _0583_ (net)
                      0.215635    0.000002    4.945371 ^ _1259_/A1 (sky130_fd_sc_hd__o21ai_1)
     1    0.002633    0.058192    0.100074    5.045444 v _1259_/Y (sky130_fd_sc_hd__o21ai_1)
                                                         _0585_ (net)
                      0.058192    0.000005    5.045449 v _1260_/C1 (sky130_fd_sc_hd__o211a_1)
     1    0.001996    0.035619    0.104608    5.150057 v _1260_/X (sky130_fd_sc_hd__o211a_1)
                                                         _0063_ (net)
                      0.035619    0.000003    5.150061 v _1447_/D (sky130_fd_sc_hd__dfxtp_1)
                                              5.150061   data arrival time

                                 10.000000   10.000000   clock clk (rise edge)
                                  0.000000   10.000000   clock source latency
     1    0.021601    0.102883    0.071047   10.071048 ^ clk (in)
                                                         clk (net)
                      0.102899    0.000000   10.071048 ^ clkbuf_0_clk/A (sky130_fd_sc_hd__clkbuf_16)
     8    0.084380    0.101038    0.195787   10.266834 ^ clkbuf_0_clk/X (sky130_fd_sc_hd__clkbuf_16)
                                                         clknet_0_clk (net)
                      0.101041    0.000711   10.267545 ^ clkbuf_3_5__f_clk/A (sky130_fd_sc_hd__clkbuf_16)
    14    0.038852    0.058816    0.161642   10.429187 ^ clkbuf_3_5__f_clk/X (sky130_fd_sc_hd__clkbuf_16)
                                                         clknet_3_5__leaf_clk (net)
                      0.058816    0.000198   10.429385 ^ _1447_/CLK (sky130_fd_sc_hd__dfxtp_1)
                                 -0.250000   10.179385   clock uncertainty
                                  0.000000   10.179385   clock reconvergence pessimism
                                 -0.103187   10.076198   library setup time
                                             10.076198   data required time
---------------------------------------------------------------------------------------------
                                             10.076198   data required time
                                             -5.150061   data arrival time
---------------------------------------------------------------------------------------------
                                              4.926137   slack (MET)


Startpoint: _1425_ (rising edge-triggered flip-flop clocked by clk)
Endpoint: _1446_ (rising edge-triggered flip-flop clocked by clk)
Path Group: clk
Path Type: max

Fanout         Cap        Slew       Delay        Time   Description
---------------------------------------------------------------------------------------------
                                  0.000000    0.000000   clock clk (rise edge)
                                  0.000000    0.000000   clock source latency
     1    0.021601    0.102883    0.071047    0.071047 ^ clk (in)
                                                         clk (net)
                      0.102899    0.000000    0.071047 ^ clkbuf_0_clk/A (sky130_fd_sc_hd__clkbuf_16)
     8    0.084380    0.101038    0.195786    0.266833 ^ clkbuf_0_clk/X (sky130_fd_sc_hd__clkbuf_16)
                                                         clknet_0_clk (net)
                      0.101071    0.001725    0.268558 ^ clkbuf_3_1__f_clk/A (sky130_fd_sc_hd__clkbuf_16)
    13    0.038816    0.058789    0.161655    0.430214 ^ clkbuf_3_1__f_clk/X (sky130_fd_sc_hd__clkbuf_16)
                                                         clknet_3_1__leaf_clk (net)
                      0.058789    0.000110    0.430323 ^ _1425_/CLK (sky130_fd_sc_hd__dfxtp_4)
     3    0.011358    0.039341    0.347145    0.777468 v _1425_/Q (sky130_fd_sc_hd__dfxtp_4)
                                                         core_b[0] (net)
                      0.039341    0.000028    0.777497 v fanout79/A (sky130_fd_sc_hd__buf_8)
     5    0.016012    0.028363    0.118368    0.895865 v fanout79/X (sky130_fd_sc_hd__buf_8)
                                                         net79 (net)
                      0.028363    0.000143    0.896008 v _1019_/C (sky130_fd_sc_hd__and3_4)
     5    0.009757    0.039344    0.176539    1.072547 v _1019_/X (sky130_fd_sc_hd__and3_4)
                                                         _0351_ (net)
                      0.039344    0.000018    1.072565 v _1023_/B (sky130_fd_sc_hd__or4bb_4)
     2    0.005061    0.086298    0.508876    1.581441 v _1023_/X (sky130_fd_sc_hd__or4bb_4)
                                                         _0355_ (net)
                      0.086298    0.000007    1.581448 v _1026_/A1 (sky130_fd_sc_hd__a21o_1)
     3    0.009832    0.061774    0.199269    1.780717 v _1026_/X (sky130_fd_sc_hd__a21o_1)
                                                         _0358_ (net)
                      0.061774    0.000047    1.780764 v _1028_/A1 (sky130_fd_sc_hd__a21o_1)
     2    0.007345    0.053543    0.178236    1.959000 v _1028_/X (sky130_fd_sc_hd__a21o_1)
                                                         _0360_ (net)
                      0.053543    0.000024    1.959024 v _1031_/A1 (sky130_fd_sc_hd__a21o_1)
     3    0.008878    0.058636    0.181799    2.140823 v _1031_/X (sky130_fd_sc_hd__a21o_1)
                                                         _0363_ (net)
                      0.058636    0.000084    2.140907 v _1032_/B (sky130_fd_sc_hd__and3_1)
     3    0.007578    0.057796    0.188371    2.329278 v _1032_/X (sky130_fd_sc_hd__and3_1)
                                                         _0364_ (net)
                      0.057796    0.000032    2.329310 v _1037_/A2 (sky130_fd_sc_hd__o211a_1)
     2    0.004876    0.049546    0.215574    2.544884 v _1037_/X (sky130_fd_sc_hd__o211a_1)
                                                         _0369_ (net)
                      0.049546    0.000005    2.544889 v _1038_/A (sky130_fd_sc_hd__or3_4)
     4    0.012952    0.082435    0.405667    2.950555 v _1038_/X (sky130_fd_sc_hd__or3_4)
                                                         _0370_ (net)
                      0.082435    0.000026    2.950581 v _1041_/A2 (sky130_fd_sc_hd__a211o_1)
     2    0.004413    0.057165    0.308486    3.259068 v _1041_/X (sky130_fd_sc_hd__a211o_1)
                                                         _0373_ (net)
                      0.057165    0.000014    3.259082 v _1125_/D (sky130_fd_sc_hd__and4b_1)
     2    0.005305    0.052167    0.213361    3.472443 v _1125_/X (sky130_fd_sc_hd__and4b_1)
                                                         _0455_ (net)
                      0.052167    0.000016    3.472459 v _1127_/A2 (sky130_fd_sc_hd__a21o_1)
     2    0.007722    0.055155    0.197824    3.670284 v _1127_/X (sky130_fd_sc_hd__a21o_1)
                                                         _0457_ (net)
                      0.055155    0.000016    3.670300 v _1128_/B (sky130_fd_sc_hd__xnor2_1)
     2    0.007804    0.220010    0.205908    3.876208 ^ _1128_/Y (sky130_fd_sc_hd__xnor2_1)
                                                         _0458_ (net)
                      0.220010    0.000017    3.876225 ^ _1130_/B (sky130_fd_sc_hd__xnor2_1)
     2    0.007480    0.081227    0.126504    4.002729 v _1130_/Y (sky130_fd_sc_hd__xnor2_1)
                                                         _0460_ (net)
                      0.081227    0.000032    4.002762 v _1132_/C1 (sky130_fd_sc_hd__a211o_1)
     2    0.007783    0.071572    0.263435    4.266196 v _1132_/X (sky130_fd_sc_hd__a211o_1)
                                                         _0462_ (net)
                      0.071572    0.000056    4.266253 v _1165_/A2 (sky130_fd_sc_hd__a21oi_2)
     3    0.016014    0.214840    0.234950    4.501203 ^ _1165_/Y (sky130_fd_sc_hd__a21oi_2)
                                                         _0494_ (net)
                      0.214840    0.000111    4.501314 ^ _1169_/B (sky130_fd_sc_hd__nor2_1)
     2    0.007910    0.071550    0.097413    4.598727 v _1169_/Y (sky130_fd_sc_hd__nor2_1)
                                                         _0497_ (net)
                      0.071550    0.000027    4.598753 v _1229_/A1 (sky130_fd_sc_hd__o21bai_1)
     1    0.005246    0.152502    0.173957    4.772710 ^ _1229_/Y (sky130_fd_sc_hd__o21bai_1)
                                                         _0556_ (net)
                      0.152502    0.000015    4.772725 ^ _1230_/B (sky130_fd_sc_hd__xnor2_1)
     1    0.002560    0.113491    0.130691    4.903416 ^ _1230_/Y (sky130_fd_sc_hd__xnor2_1)
                                                         _0557_ (net)
                      0.113491    0.000002    4.903418 ^ _1231_/B (sky130_fd_sc_hd__nand2_1)
     1    0.002481    0.048414    0.062751    4.966169 v _1231_/Y (sky130_fd_sc_hd__nand2_1)
                                                         _0558_ (net)
                      0.048414    0.000003    4.966172 v _1232_/C1 (sky130_fd_sc_hd__o211a_1)
     1    0.001835    0.034779    0.099381    5.065553 v _1232_/X (sky130_fd_sc_hd__o211a_1)
                                                         _0062_ (net)
                      0.034779    0.000001    5.065554 v _1446_/D (sky130_fd_sc_hd__dfxtp_1)
                                              5.065554   data arrival time

                                 10.000000   10.000000   clock clk (rise edge)
                                  0.000000   10.000000   clock source latency
     1    0.021601    0.102883    0.071047   10.071048 ^ clk (in)
                                                         clk (net)
                      0.102899    0.000000   10.071048 ^ clkbuf_0_clk/A (sky130_fd_sc_hd__clkbuf_16)
     8    0.084380    0.101038    0.195787   10.266834 ^ clkbuf_0_clk/X (sky130_fd_sc_hd__clkbuf_16)
                                                         clknet_0_clk (net)
                      0.101041    0.000711   10.267545 ^ clkbuf_3_5__f_clk/A (sky130_fd_sc_hd__clkbuf_16)
    14    0.038852    0.058816    0.161642   10.429187 ^ clkbuf_3_5__f_clk/X (sky130_fd_sc_hd__clkbuf_16)
                                                         clknet_3_5__leaf_clk (net)
                      0.058817    0.000258   10.429444 ^ _1446_/CLK (sky130_fd_sc_hd__dfxtp_1)
                                 -0.250000   10.179444   clock uncertainty
                                  0.000000   10.179444   clock reconvergence pessimism
                                 -0.102819   10.076625   library setup time
                                             10.076625   data required time
---------------------------------------------------------------------------------------------
                                             10.076625   data required time
                                             -5.065554   data arrival time
---------------------------------------------------------------------------------------------
                                              5.011071   slack (MET)


Startpoint: _1425_ (rising edge-triggered flip-flop clocked by clk)
Endpoint: _1445_ (rising edge-triggered flip-flop clocked by clk)
Path Group: clk
Path Type: max

Fanout         Cap        Slew       Delay        Time   Description
---------------------------------------------------------------------------------------------
                                  0.000000    0.000000   clock clk (rise edge)
                                  0.000000    0.000000   clock source latency
     1    0.021601    0.102883    0.071047    0.071047 ^ clk (in)
                                                         clk (net)
                      0.102899    0.000000    0.071047 ^ clkbuf_0_clk/A (sky130_fd_sc_hd__clkbuf_16)
     8    0.084380    0.101038    0.195786    0.266833 ^ clkbuf_0_clk/X (sky130_fd_sc_hd__clkbuf_16)
                                                         clknet_0_clk (net)
                      0.101071    0.001725    0.268558 ^ clkbuf_3_1__f_clk/A (sky130_fd_sc_hd__clkbuf_16)
    13    0.038816    0.058789    0.161655    0.430214 ^ clkbuf_3_1__f_clk/X (sky130_fd_sc_hd__clkbuf_16)
                                                         clknet_3_1__leaf_clk (net)
                      0.058789    0.000110    0.430323 ^ _1425_/CLK (sky130_fd_sc_hd__dfxtp_4)
     3    0.011358    0.039341    0.347145    0.777468 v _1425_/Q (sky130_fd_sc_hd__dfxtp_4)
                                                         core_b[0] (net)
                      0.039341    0.000028    0.777497 v fanout79/A (sky130_fd_sc_hd__buf_8)
     5    0.016012    0.028363    0.118368    0.895865 v fanout79/X (sky130_fd_sc_hd__buf_8)
                                                         net79 (net)
                      0.028363    0.000143    0.896008 v _1019_/C (sky130_fd_sc_hd__and3_4)
     5    0.009757    0.039344    0.176539    1.072547 v _1019_/X (sky130_fd_sc_hd__and3_4)
                                                         _0351_ (net)
                      0.039344    0.000018    1.072565 v _1023_/B (sky130_fd_sc_hd__or4bb_4)
     2    0.005061    0.086298    0.508876    1.581441 v _1023_/X (sky130_fd_sc_hd__or4bb_4)
                                                         _0355_ (net)
                      0.086298    0.000007    1.581448 v _1026_/A1 (sky130_fd_sc_hd__a21o_1)
     3    0.009832    0.061774    0.199269    1.780717 v _1026_/X (sky130_fd_sc_hd__a21o_1)
                                                         _0358_ (net)
                      0.061774    0.000047    1.780764 v _1028_/A1 (sky130_fd_sc_hd__a21o_1)
     2    0.007345    0.053543    0.178236    1.959000 v _1028_/X (sky130_fd_sc_hd__a21o_1)
                                                         _0360_ (net)
                      0.053543    0.000024    1.959024 v _1031_/A1 (sky130_fd_sc_hd__a21o_1)
     3    0.008878    0.058636    0.181799    2.140823 v _1031_/X (sky130_fd_sc_hd__a21o_1)
                                                         _0363_ (net)
                      0.058636    0.000084    2.140907 v _1032_/B (sky130_fd_sc_hd__and3_1)
     3    0.007578    0.057796    0.188371    2.329278 v _1032_/X (sky130_fd_sc_hd__and3_1)
                                                         _0364_ (net)
                      0.057796    0.000032    2.329310 v _1037_/A2 (sky130_fd_sc_hd__o211a_1)
     2    0.004876    0.049546    0.215574    2.544884 v _1037_/X (sky130_fd_sc_hd__o211a_1)
                                                         _0369_ (net)
                      0.049546    0.000005    2.544889 v _1038_/A (sky130_fd_sc_hd__or3_4)
     4    0.012952    0.082435    0.405667    2.950555 v _1038_/X (sky130_fd_sc_hd__or3_4)
                                                         _0370_ (net)
                      0.082435    0.000026    2.950581 v _1041_/A2 (sky130_fd_sc_hd__a211o_1)
     2    0.004413    0.057165    0.308486    3.259068 v _1041_/X (sky130_fd_sc_hd__a211o_1)
                                                         _0373_ (net)
                      0.057165    0.000014    3.259082 v _1125_/D (sky130_fd_sc_hd__and4b_1)
     2    0.005305    0.052167    0.213361    3.472443 v _1125_/X (sky130_fd_sc_hd__and4b_1)
                                                         _0455_ (net)
                      0.052167    0.000016    3.472459 v _1127_/A2 (sky130_fd_sc_hd__a21o_1)
     2    0.007722    0.055155    0.197824    3.670284 v _1127_/X (sky130_fd_sc_hd__a21o_1)
                                                         _0457_ (net)
                      0.055155    0.000016    3.670300 v _1128_/B (sky130_fd_sc_hd__xnor2_1)
     2    0.007804    0.220010    0.205908    3.876208 ^ _1128_/Y (sky130_fd_sc_hd__xnor2_1)
                                                         _0458_ (net)
                      0.220010    0.000017    3.876225 ^ _1130_/B (sky130_fd_sc_hd__xnor2_1)
     2    0.007480    0.081227    0.126504    4.002729 v _1130_/Y (sky130_fd_sc_hd__xnor2_1)
                                                         _0460_ (net)
                      0.081227    0.000032    4.002762 v _1132_/C1 (sky130_fd_sc_hd__a211o_1)
     2    0.007783    0.071572    0.263435    4.266196 v _1132_/X (sky130_fd_sc_hd__a211o_1)
                                                         _0462_ (net)
                      0.071572    0.000056    4.266253 v _1165_/A2 (sky130_fd_sc_hd__a21oi_2)
     3    0.016014    0.214840    0.234950    4.501203 ^ _1165_/Y (sky130_fd_sc_hd__a21oi_2)
                                                         _0494_ (net)
                      0.214840    0.000111    4.501314 ^ _1169_/B (sky130_fd_sc_hd__nor2_1)
     2    0.007910    0.071550    0.097413    4.598727 v _1169_/Y (sky130_fd_sc_hd__nor2_1)
                                                         _0497_ (net)
                      0.071550    0.000050    4.598777 v _1201_/A (sky130_fd_sc_hd__xnor2_1)
     1    0.002521    0.112640    0.150613    4.749390 ^ _1201_/Y (sky130_fd_sc_hd__xnor2_1)
                                                         _0529_ (net)
                      0.112640    0.000001    4.749391 ^ _1202_/B (sky130_fd_sc_hd__nand2_1)
     1    0.002366    0.047674    0.061741    4.811132 v _1202_/Y (sky130_fd_sc_hd__nand2_1)
                                                         _0530_ (net)
                      0.047674    0.000000    4.811133 v _1203_/C1 (sky130_fd_sc_hd__o211a_1)
     1    0.001835    0.034784    0.099063    4.910196 v _1203_/X (sky130_fd_sc_hd__o211a_1)
                                                         _0061_ (net)
                      0.034784    0.000001    4.910198 v _1445_/D (sky130_fd_sc_hd__dfxtp_1)
                                              4.910198   data arrival time

                                 10.000000   10.000000   clock clk (rise edge)
                                  0.000000   10.000000   clock source latency
     1    0.021601    0.102883    0.071047   10.071048 ^ clk (in)
                                                         clk (net)
                      0.102899    0.000000   10.071048 ^ clkbuf_0_clk/A (sky130_fd_sc_hd__clkbuf_16)
     8    0.084380    0.101038    0.195787   10.266834 ^ clkbuf_0_clk/X (sky130_fd_sc_hd__clkbuf_16)
                                                         clknet_0_clk (net)
                      0.101041    0.000711   10.267545 ^ clkbuf_3_5__f_clk/A (sky130_fd_sc_hd__clkbuf_16)
    14    0.038852    0.058816    0.161642   10.429187 ^ clkbuf_3_5__f_clk/X (sky130_fd_sc_hd__clkbuf_16)
                                                         clknet_3_5__leaf_clk (net)
                      0.058817    0.000269   10.429456 ^ _1445_/CLK (sky130_fd_sc_hd__dfxtp_1)
                                 -0.250000   10.179456   clock uncertainty
                                  0.000000   10.179456   clock reconvergence pessimism
                                 -0.102821   10.076635   library setup time
                                             10.076635   data required time
---------------------------------------------------------------------------------------------
                                             10.076635   data required time
                                             -4.910198   data arrival time
---------------------------------------------------------------------------------------------
                                              5.166437   slack (MET)


Startpoint: _1425_ (rising edge-triggered flip-flop clocked by clk)
Endpoint: _1444_ (rising edge-triggered flip-flop clocked by clk)
Path Group: clk
Path Type: max

Fanout         Cap        Slew       Delay        Time   Description
---------------------------------------------------------------------------------------------
                                  0.000000    0.000000   clock clk (rise edge)
                                  0.000000    0.000000   clock source latency
     1    0.021601    0.102883    0.071047    0.071047 ^ clk (in)
                                                         clk (net)
                      0.102899    0.000000    0.071047 ^ clkbuf_0_clk/A (sky130_fd_sc_hd__clkbuf_16)
     8    0.084380    0.101038    0.195786    0.266833 ^ clkbuf_0_clk/X (sky130_fd_sc_hd__clkbuf_16)
                                                         clknet_0_clk (net)
                      0.101071    0.001725    0.268558 ^ clkbuf_3_1__f_clk/A (sky130_fd_sc_hd__clkbuf_16)
    13    0.038816    0.058789    0.161655    0.430214 ^ clkbuf_3_1__f_clk/X (sky130_fd_sc_hd__clkbuf_16)
                                                         clknet_3_1__leaf_clk (net)
                      0.058789    0.000110    0.430323 ^ _1425_/CLK (sky130_fd_sc_hd__dfxtp_4)
     3    0.011358    0.039341    0.347145    0.777468 v _1425_/Q (sky130_fd_sc_hd__dfxtp_4)
                                                         core_b[0] (net)
                      0.039341    0.000028    0.777497 v fanout79/A (sky130_fd_sc_hd__buf_8)
     5    0.016012    0.028363    0.118368    0.895865 v fanout79/X (sky130_fd_sc_hd__buf_8)
                                                         net79 (net)
                      0.028363    0.000143    0.896008 v _1019_/C (sky130_fd_sc_hd__and3_4)
     5    0.009757    0.039344    0.176539    1.072547 v _1019_/X (sky130_fd_sc_hd__and3_4)
                                                         _0351_ (net)
                      0.039344    0.000018    1.072565 v _1023_/B (sky130_fd_sc_hd__or4bb_4)
     2    0.005061    0.086298    0.508876    1.581441 v _1023_/X (sky130_fd_sc_hd__or4bb_4)
                                                         _0355_ (net)
                      0.086298    0.000007    1.581448 v _1026_/A1 (sky130_fd_sc_hd__a21o_1)
     3    0.009832    0.061774    0.199269    1.780717 v _1026_/X (sky130_fd_sc_hd__a21o_1)
                                                         _0358_ (net)
                      0.061774    0.000047    1.780764 v _1028_/A1 (sky130_fd_sc_hd__a21o_1)
     2    0.007345    0.053543    0.178236    1.959000 v _1028_/X (sky130_fd_sc_hd__a21o_1)
                                                         _0360_ (net)
                      0.053543    0.000024    1.959024 v _1031_/A1 (sky130_fd_sc_hd__a21o_1)
     3    0.008878    0.058636    0.181799    2.140823 v _1031_/X (sky130_fd_sc_hd__a21o_1)
                                                         _0363_ (net)
                      0.058636    0.000084    2.140907 v _1032_/B (sky130_fd_sc_hd__and3_1)
     3    0.007578    0.057796    0.188371    2.329278 v _1032_/X (sky130_fd_sc_hd__and3_1)
                                                         _0364_ (net)
                      0.057796    0.000032    2.329310 v _1037_/A2 (sky130_fd_sc_hd__o211a_1)
     2    0.004876    0.049546    0.215574    2.544884 v _1037_/X (sky130_fd_sc_hd__o211a_1)
                                                         _0369_ (net)
                      0.049546    0.000005    2.544889 v _1038_/A (sky130_fd_sc_hd__or3_4)
     4    0.012952    0.082435    0.405667    2.950555 v _1038_/X (sky130_fd_sc_hd__or3_4)
                                                         _0370_ (net)
                      0.082435    0.000026    2.950581 v _1041_/A2 (sky130_fd_sc_hd__a211o_1)
     2    0.004413    0.057165    0.308486    3.259068 v _1041_/X (sky130_fd_sc_hd__a211o_1)
                                                         _0373_ (net)
                      0.057165    0.000014    3.259082 v _1125_/D (sky130_fd_sc_hd__and4b_1)
     2    0.005305    0.052167    0.213361    3.472443 v _1125_/X (sky130_fd_sc_hd__and4b_1)
                                                         _0455_ (net)
                      0.052167    0.000016    3.472459 v _1127_/A2 (sky130_fd_sc_hd__a21o_1)
     2    0.007722    0.055155    0.197824    3.670284 v _1127_/X (sky130_fd_sc_hd__a21o_1)
                                                         _0457_ (net)
                      0.055155    0.000016    3.670300 v _1128_/B (sky130_fd_sc_hd__xnor2_1)
     2    0.007804    0.220010    0.205908    3.876208 ^ _1128_/Y (sky130_fd_sc_hd__xnor2_1)
                                                         _0458_ (net)
                      0.220010    0.000017    3.876225 ^ _1130_/B (sky130_fd_sc_hd__xnor2_1)
     2    0.007480    0.081227    0.126504    4.002729 v _1130_/Y (sky130_fd_sc_hd__xnor2_1)
                                                         _0460_ (net)
                      0.081227    0.000032    4.002762 v _1132_/C1 (sky130_fd_sc_hd__a211o_1)
     2    0.007783    0.071572    0.263435    4.266196 v _1132_/X (sky130_fd_sc_hd__a211o_1)
                                                         _0462_ (net)
                      0.071572    0.000056    4.266253 v _1165_/A2 (sky130_fd_sc_hd__a21oi_2)
     3    0.016014    0.214840    0.234950    4.501203 ^ _1165_/Y (sky130_fd_sc_hd__a21oi_2)
                                                         _0494_ (net)
                      0.214840    0.000022    4.501225 ^ _1167_/A1 (sky130_fd_sc_hd__o21ai_1)
     1    0.002633    0.058094    0.099927    4.601151 v _1167_/Y (sky130_fd_sc_hd__o21ai_1)
                                                         _0496_ (net)
                      0.058094    0.000005    4.601157 v _1168_/C1 (sky130_fd_sc_hd__o211a_1)
     1    0.001899    0.035127    0.103990    4.705146 v _1168_/X (sky130_fd_sc_hd__o211a_1)
                                                         _0060_ (net)
                      0.035127    0.000003    4.705149 v _1444_/D (sky130_fd_sc_hd__dfxtp_1)
                                              4.705149   data arrival time

                                 10.000000   10.000000   clock clk (rise edge)
                                  0.000000   10.000000   clock source latency
     1    0.021601    0.102883    0.071047   10.071048 ^ clk (in)
                                                         clk (net)
                      0.102899    0.000000   10.071048 ^ clkbuf_0_clk/A (sky130_fd_sc_hd__clkbuf_16)
     8    0.084380    0.101038    0.195787   10.266834 ^ clkbuf_0_clk/X (sky130_fd_sc_hd__clkbuf_16)
                                                         clknet_0_clk (net)
                      0.101041    0.000711   10.267545 ^ clkbuf_3_5__f_clk/A (sky130_fd_sc_hd__clkbuf_16)
    14    0.038852    0.058816    0.161642   10.429187 ^ clkbuf_3_5__f_clk/X (sky130_fd_sc_hd__clkbuf_16)
                                                         clknet_3_5__leaf_clk (net)
                      0.058817    0.000289   10.429476 ^ _1444_/CLK (sky130_fd_sc_hd__dfxtp_1)
                                 -0.250000   10.179476   clock uncertainty
                                  0.000000   10.179476   clock reconvergence pessimism
                                 -0.102971   10.076504   library setup time
                                             10.076504   data required time
---------------------------------------------------------------------------------------------
                                             10.076504   data required time
                                             -4.705149   data arrival time
---------------------------------------------------------------------------------------------
                                              5.371355   slack (MET)


Startpoint: _1425_ (rising edge-triggered flip-flop clocked by clk)
Endpoint: _1441_ (rising edge-triggered flip-flop clocked by clk)
Path Group: clk
Path Type: max

Fanout         Cap        Slew       Delay        Time   Description
---------------------------------------------------------------------------------------------
                                  0.000000    0.000000   clock clk (rise edge)
                                  0.000000    0.000000   clock source latency
     1    0.021601    0.102883    0.071047    0.071047 ^ clk (in)
                                                         clk (net)
                      0.102899    0.000000    0.071047 ^ clkbuf_0_clk/A (sky130_fd_sc_hd__clkbuf_16)
     8    0.084380    0.101038    0.195786    0.266833 ^ clkbuf_0_clk/X (sky130_fd_sc_hd__clkbuf_16)
                                                         clknet_0_clk (net)
                      0.101071    0.001725    0.268558 ^ clkbuf_3_1__f_clk/A (sky130_fd_sc_hd__clkbuf_16)
    13    0.038816    0.058789    0.161655    0.430214 ^ clkbuf_3_1__f_clk/X (sky130_fd_sc_hd__clkbuf_16)
                                                         clknet_3_1__leaf_clk (net)
                      0.058789    0.000110    0.430323 ^ _1425_/CLK (sky130_fd_sc_hd__dfxtp_4)
     3    0.011358    0.039341    0.347145    0.777468 v _1425_/Q (sky130_fd_sc_hd__dfxtp_4)
                                                         core_b[0] (net)
                      0.039341    0.000028    0.777497 v fanout79/A (sky130_fd_sc_hd__buf_8)
     5    0.016012    0.028363    0.118368    0.895865 v fanout79/X (sky130_fd_sc_hd__buf_8)
                                                         net79 (net)
                      0.028363    0.000143    0.896008 v _1019_/C (sky130_fd_sc_hd__and3_4)
     5    0.009757    0.039344    0.176539    1.072547 v _1019_/X (sky130_fd_sc_hd__and3_4)
                                                         _0351_ (net)
                      0.039344    0.000018    1.072565 v _1023_/B (sky130_fd_sc_hd__or4bb_4)
     2    0.005061    0.086298    0.508876    1.581441 v _1023_/X (sky130_fd_sc_hd__or4bb_4)
                                                         _0355_ (net)
                      0.086298    0.000007    1.581448 v _1026_/A1 (sky130_fd_sc_hd__a21o_1)
     3    0.009832    0.061774    0.199269    1.780717 v _1026_/X (sky130_fd_sc_hd__a21o_1)
                                                         _0358_ (net)
                      0.061774    0.000047    1.780764 v _1028_/A1 (sky130_fd_sc_hd__a21o_1)
     2    0.007345    0.053543    0.178236    1.959000 v _1028_/X (sky130_fd_sc_hd__a21o_1)
                                                         _0360_ (net)
                      0.053543    0.000024    1.959024 v _1031_/A1 (sky130_fd_sc_hd__a21o_1)
     3    0.008878    0.058636    0.181799    2.140823 v _1031_/X (sky130_fd_sc_hd__a21o_1)
                                                         _0363_ (net)
                      0.058636    0.000084    2.140907 v _1032_/B (sky130_fd_sc_hd__and3_1)
     3    0.007578    0.057796    0.188371    2.329278 v _1032_/X (sky130_fd_sc_hd__and3_1)
                                                         _0364_ (net)
                      0.057796    0.000032    2.329310 v _1037_/A2 (sky130_fd_sc_hd__o211a_1)
     2    0.004876    0.049546    0.215574    2.544884 v _1037_/X (sky130_fd_sc_hd__o211a_1)
                                                         _0369_ (net)
                      0.049546    0.000005    2.544889 v _1038_/A (sky130_fd_sc_hd__or3_4)
     4    0.012952    0.082435    0.405667    2.950555 v _1038_/X (sky130_fd_sc_hd__or3_4)
                                                         _0370_ (net)
                      0.082435    0.000026    2.950581 v _1041_/A2 (sky130_fd_sc_hd__a211o_1)
     2    0.004413    0.057165    0.308486    3.259068 v _1041_/X (sky130_fd_sc_hd__a211o_1)
                                                         _0373_ (net)
                      0.057165    0.000012    3.259079 v _1042_/B (sky130_fd_sc_hd__and2b_1)
     2    0.007556    0.054058    0.178711    3.437790 v _1042_/X (sky130_fd_sc_hd__and2b_1)
                                                         _0374_ (net)
                      0.054058    0.000034    3.437825 v _1043_/B (sky130_fd_sc_hd__xor2_1)
     2    0.003370    0.054654    0.141540    3.579365 v _1043_/X (sky130_fd_sc_hd__xor2_1)
                                                         _0375_ (net)
                      0.054654    0.000004    3.579368 v _1044_/B (sky130_fd_sc_hd__and2_1)
     2    0.005741    0.048750    0.168488    3.747856 v _1044_/X (sky130_fd_sc_hd__and2_1)
                                                         _0376_ (net)
                      0.048750    0.000003    3.747859 v _1046_/A_N (sky130_fd_sc_hd__nand2b_1)
     1    0.004570    0.054423    0.148089    3.895948 v _1046_/Y (sky130_fd_sc_hd__nand2b_1)
                                                         _0378_ (net)
                      0.054423    0.000007    3.895954 v _1048_/A (sky130_fd_sc_hd__xnor2_1)
     1    0.002579    0.046062    0.121769    4.017723 v _1048_/Y (sky130_fd_sc_hd__xnor2_1)
                                                         _0380_ (net)
                      0.046062    0.000009    4.017733 v _1049_/A1 (sky130_fd_sc_hd__mux2_1)
     1    0.001668    0.050234    0.277094    4.294827 v _1049_/X (sky130_fd_sc_hd__mux2_1)
                                                         _0381_ (net)
                      0.050234    0.000001    4.294828 v _1050_/B (sky130_fd_sc_hd__and2_1)
     1    0.001913    0.032131    0.147072    4.441900 v _1050_/X (sky130_fd_sc_hd__and2_1)
                                                         _0057_ (net)
                      0.032131    0.000003    4.441903 v _1441_/D (sky130_fd_sc_hd__dfxtp_1)
                                              4.441903   data arrival time

                                 10.000000   10.000000   clock clk (rise edge)
                                  0.000000   10.000000   clock source latency
     1    0.021601    0.102883    0.071047   10.071048 ^ clk (in)
                                                         clk (net)
                      0.102899    0.000000   10.071048 ^ clkbuf_0_clk/A (sky130_fd_sc_hd__clkbuf_16)
     8    0.084380    0.101038    0.195787   10.266834 ^ clkbuf_0_clk/X (sky130_fd_sc_hd__clkbuf_16)
                                                         clknet_0_clk (net)
                      0.101044    0.000914   10.267748 ^ clkbuf_3_6__f_clk/A (sky130_fd_sc_hd__clkbuf_16)
    14    0.039871    0.059707    0.162352   10.430099 ^ clkbuf_3_6__f_clk/X (sky130_fd_sc_hd__clkbuf_16)
                                                         clknet_3_6__leaf_clk (net)
                      0.059707    0.000181   10.430281 ^ _1441_/CLK (sky130_fd_sc_hd__dfxtp_1)
                                 -0.250000   10.180281   clock uncertainty
                                  0.000000   10.180281   clock reconvergence pessimism
                                 -0.101449   10.078832   library setup time
                                             10.078832   data required time
---------------------------------------------------------------------------------------------
                                             10.078832   data required time
                                             -4.441903   data arrival time
---------------------------------------------------------------------------------------------
                                              5.636929   slack (MET)


Startpoint: _1425_ (rising edge-triggered flip-flop clocked by clk)
Endpoint: _1443_ (rising edge-triggered flip-flop clocked by clk)
Path Group: clk
Path Type: max

Fanout         Cap        Slew       Delay        Time   Description
---------------------------------------------------------------------------------------------
                                  0.000000    0.000000   clock clk (rise edge)
                                  0.000000    0.000000   clock source latency
     1    0.021601    0.102883    0.071047    0.071047 ^ clk (in)
                                                         clk (net)
                      0.102899    0.000000    0.071047 ^ clkbuf_0_clk/A (sky130_fd_sc_hd__clkbuf_16)
     8    0.084380    0.101038    0.195786    0.266833 ^ clkbuf_0_clk/X (sky130_fd_sc_hd__clkbuf_16)
                                                         clknet_0_clk (net)
                      0.101071    0.001725    0.268558 ^ clkbuf_3_1__f_clk/A (sky130_fd_sc_hd__clkbuf_16)
    13    0.038816    0.058789    0.161655    0.430214 ^ clkbuf_3_1__f_clk/X (sky130_fd_sc_hd__clkbuf_16)
                                                         clknet_3_1__leaf_clk (net)
                      0.058789    0.000110    0.430323 ^ _1425_/CLK (sky130_fd_sc_hd__dfxtp_4)
     3    0.011358    0.039341    0.347145    0.777468 v _1425_/Q (sky130_fd_sc_hd__dfxtp_4)
                                                         core_b[0] (net)
                      0.039341    0.000028    0.777497 v fanout79/A (sky130_fd_sc_hd__buf_8)
     5    0.016012    0.028363    0.118368    0.895865 v fanout79/X (sky130_fd_sc_hd__buf_8)
                                                         net79 (net)
                      0.028363    0.000143    0.896008 v _1019_/C (sky130_fd_sc_hd__and3_4)
     5    0.009757    0.039344    0.176539    1.072547 v _1019_/X (sky130_fd_sc_hd__and3_4)
                                                         _0351_ (net)
                      0.039344    0.000018    1.072565 v _1023_/B (sky130_fd_sc_hd__or4bb_4)
     2    0.005061    0.086298    0.508876    1.581441 v _1023_/X (sky130_fd_sc_hd__or4bb_4)
                                                         _0355_ (net)
                      0.086298    0.000007    1.581448 v _1026_/A1 (sky130_fd_sc_hd__a21o_1)
     3    0.009832    0.061774    0.199269    1.780717 v _1026_/X (sky130_fd_sc_hd__a21o_1)
                                                         _0358_ (net)
                      0.061774    0.000047    1.780764 v _1028_/A1 (sky130_fd_sc_hd__a21o_1)
     2    0.007345    0.053543    0.178236    1.959000 v _1028_/X (sky130_fd_sc_hd__a21o_1)
                                                         _0360_ (net)
                      0.053543    0.000024    1.959024 v _1031_/A1 (sky130_fd_sc_hd__a21o_1)
     3    0.008878    0.058636    0.181799    2.140823 v _1031_/X (sky130_fd_sc_hd__a21o_1)
                                                         _0363_ (net)
                      0.058636    0.000084    2.140907 v _1032_/B (sky130_fd_sc_hd__and3_1)
     3    0.007578    0.057796    0.188371    2.329278 v _1032_/X (sky130_fd_sc_hd__and3_1)
                                                         _0364_ (net)
                      0.057796    0.000032    2.329310 v _1037_/A2 (sky130_fd_sc_hd__o211a_1)
     2    0.004876    0.049546    0.215574    2.544884 v _1037_/X (sky130_fd_sc_hd__o211a_1)
                                                         _0369_ (net)
                      0.049546    0.000005    2.544889 v _1038_/A (sky130_fd_sc_hd__or3_4)
     4    0.012952    0.082435    0.405667    2.950555 v _1038_/X (sky130_fd_sc_hd__or3_4)
                                                         _0370_ (net)
                      0.082435    0.000026    2.950581 v _1041_/A2 (sky130_fd_sc_hd__a211o_1)
     2    0.004413    0.057165    0.308486    3.259068 v _1041_/X (sky130_fd_sc_hd__a211o_1)
                                                         _0373_ (net)
                      0.057165    0.000012    3.259079 v _1042_/B (sky130_fd_sc_hd__and2b_1)
     2    0.007556    0.054058    0.178711    3.437790 v _1042_/X (sky130_fd_sc_hd__and2b_1)
                                                         _0374_ (net)
                      0.054058    0.000034    3.437825 v _1043_/B (sky130_fd_sc_hd__xor2_1)
     2    0.003370    0.054654    0.141540    3.579365 v _1043_/X (sky130_fd_sc_hd__xor2_1)
                                                         _0375_ (net)
                      0.054654    0.000006    3.579371 v _1045_/B (sky130_fd_sc_hd__or2_1)
     2    0.007147    0.070279    0.231427    3.810797 v _1045_/X (sky130_fd_sc_hd__or2_1)
                                                         _0377_ (net)
                      0.070279    0.000010    3.810808 v _1051_/A1 (sky130_fd_sc_hd__a21oi_2)
     4    0.011814    0.176119    0.191282    4.002090 ^ _1051_/Y (sky130_fd_sc_hd__a21oi_2)
                                                         _0382_ (net)
                      0.176119    0.000060    4.002150 ^ _1131_/A1 (sky130_fd_sc_hd__a21o_1)
     1    0.005127    0.058398    0.148653    4.150803 ^ _1131_/X (sky130_fd_sc_hd__a21o_1)
                                                         _0461_ (net)
                      0.058398    0.000012    4.150815 ^ _1133_/B (sky130_fd_sc_hd__xnor2_1)
     1    0.002679    0.115857    0.107203    4.258018 ^ _1133_/Y (sky130_fd_sc_hd__xnor2_1)
                                                         _0463_ (net)
                      0.115857    0.000003    4.258020 ^ _1134_/B (sky130_fd_sc_hd__nand2_1)
     1    0.002560    0.053381    0.063870    4.321890 v _1134_/Y (sky130_fd_sc_hd__nand2_1)
                                                         _0464_ (net)
                      0.053381    0.000004    4.321895 v _1135_/C1 (sky130_fd_sc_hd__o211a_1)
     1    0.001835    0.034841    0.101510    4.423404 v _1135_/X (sky130_fd_sc_hd__o211a_1)
                                                         _0059_ (net)
                      0.034841    0.000001    4.423406 v _1443_/D (sky130_fd_sc_hd__dfxtp_1)
                                              4.423406   data arrival time

                                 10.000000   10.000000   clock clk (rise edge)
                                  0.000000   10.000000   clock source latency
     1    0.021601    0.102883    0.071047   10.071048 ^ clk (in)
                                                         clk (net)
                      0.102899    0.000000   10.071048 ^ clkbuf_0_clk/A (sky130_fd_sc_hd__clkbuf_16)
     8    0.084380    0.101038    0.195787   10.266834 ^ clkbuf_0_clk/X (sky130_fd_sc_hd__clkbuf_16)
                                                         clknet_0_clk (net)
                      0.101041    0.000711   10.267545 ^ clkbuf_3_5__f_clk/A (sky130_fd_sc_hd__clkbuf_16)
    14    0.038852    0.058816    0.161642   10.429187 ^ clkbuf_3_5__f_clk/X (sky130_fd_sc_hd__clkbuf_16)
                                                         clknet_3_5__leaf_clk (net)
                      0.058818    0.000324   10.429511 ^ _1443_/CLK (sky130_fd_sc_hd__dfxtp_1)
                                 -0.250000   10.179511   clock uncertainty
                                  0.000000   10.179511   clock reconvergence pessimism
                                 -0.102846   10.076665   library setup time
                                             10.076665   data required time
---------------------------------------------------------------------------------------------
                                             10.076665   data required time
                                             -4.423406   data arrival time
---------------------------------------------------------------------------------------------
                                              5.653259   slack (MET)


Startpoint: addr[5] (input port clocked by clk)
Endpoint: _1410_ (rising edge-triggered flip-flop clocked by clk)
Path Group: clk
Path Type: max

Fanout         Cap        Slew       Delay        Time   Description
---------------------------------------------------------------------------------------------
                                  0.000000    0.000000   clock clk (rise edge)
                                  0.000000    0.000000   clock network delay (propagated)
                                  2.000000    2.000000 v input external delay
     1    0.002548    0.008050    0.003987    2.003987 v addr[5] (in)
                                                         addr[5] (net)
                      0.008050    0.000000    2.003987 v input6/A (sky130_fd_sc_hd__clkbuf_1)
     1    0.001937    0.022876    0.067235    2.071222 v input6/X (sky130_fd_sc_hd__clkbuf_1)
                                                         net6 (net)
                      0.022876    0.000006    2.071228 v _0697_/A (sky130_fd_sc_hd__or4_1)
     2    0.003603    0.091623    0.516142    2.587370 v _0697_/X (sky130_fd_sc_hd__or4_1)
                                                         _0086_ (net)
                      0.091623    0.000016    2.587386 v _0700_/B (sky130_fd_sc_hd__or2_1)
     2    0.011534    0.086338    0.267642    2.855028 v _0700_/X (sky130_fd_sc_hd__or2_1)
                                                         _0088_ (net)
                      0.086338    0.000052    2.855080 v _0701_/D (sky130_fd_sc_hd__nor4_1)
     2    0.007140    0.379471    0.294822    3.149902 ^ _0701_/Y (sky130_fd_sc_hd__nor4_1)
                                                         _0089_ (net)
                      0.379471    0.000060    3.149962 ^ max_cap64/A (sky130_fd_sc_hd__clkbuf_2)
     5    0.018180    0.108212    0.233626    3.383589 ^ max_cap64/X (sky130_fd_sc_hd__clkbuf_2)
                                                         net64 (net)
                      0.108212    0.000024    3.383612 ^ max_cap63/A (sky130_fd_sc_hd__clkbuf_2)
     4    0.015487    0.091282    0.161999    3.545611 ^ max_cap63/X (sky130_fd_sc_hd__clkbuf_2)
                                                         net63 (net)
                      0.091282    0.000273    3.545884 ^ _0746_/A2 (sky130_fd_sc_hd__a221o_1)
     1    0.010048    0.110063    0.199054    3.744938 ^ _0746_/X (sky130_fd_sc_hd__a221o_1)
                                                         _0119_ (net)
                      0.110063    0.000318    3.745257 ^ fanout59/A (sky130_fd_sc_hd__clkbuf_4)
     8    0.039734    0.127825    0.220197    3.965453 ^ fanout59/X (sky130_fd_sc_hd__clkbuf_4)
                                                         net59 (net)
                      0.127830    0.000940    3.966393 ^ fanout58/A (sky130_fd_sc_hd__buf_2)
     9    0.033339    0.166265    0.225001    4.191395 ^ fanout58/X (sky130_fd_sc_hd__buf_2)
                                                         net58 (net)
                      0.166268    0.000974    4.192369 ^ _0767_/B1 (sky130_fd_sc_hd__o221a_1)
     1    0.001953    0.046476    0.195102    4.387471 ^ _0767_/X (sky130_fd_sc_hd__o221a_1)
                                                         _0026_ (net)
                      0.046476    0.000003    4.387474 ^ _1410_/D (sky130_fd_sc_hd__dfxtp_1)
                                              4.387474   data arrival time

                                 10.000000   10.000000   clock clk (rise edge)
                                  0.000000   10.000000   clock source latency
     1    0.021601    0.102883    0.071047   10.071048 ^ clk (in)
                                                         clk (net)
                      0.102899    0.000000   10.071048 ^ clkbuf_0_clk/A (sky130_fd_sc_hd__clkbuf_16)
     8    0.084380    0.101038    0.195787   10.266834 ^ clkbuf_0_clk/X (sky130_fd_sc_hd__clkbuf_16)
                                                         clknet_0_clk (net)
                      0.101041    0.000762   10.267596 ^ clkbuf_3_4__f_clk/A (sky130_fd_sc_hd__clkbuf_16)
    11    0.034454    0.054985    0.158439   10.426036 ^ clkbuf_3_4__f_clk/X (sky130_fd_sc_hd__clkbuf_16)
                                                         clknet_3_4__leaf_clk (net)
                      0.054985    0.000115   10.426151 ^ _1410_/CLK (sky130_fd_sc_hd__dfxtp_1)
                                 -0.250000   10.176151   clock uncertainty
                                  0.000000   10.176151   clock reconvergence pessimism
                                 -0.052909   10.123241   library setup time
                                             10.123241   data required time
---------------------------------------------------------------------------------------------
                                             10.123241   data required time
                                             -4.387474   data arrival time
---------------------------------------------------------------------------------------------
                                              5.735767   slack (MET)


Startpoint: addr[5] (input port clocked by clk)
Endpoint: _1416_ (rising edge-triggered flip-flop clocked by clk)
Path Group: clk
Path Type: max

Fanout         Cap        Slew       Delay        Time   Description
---------------------------------------------------------------------------------------------
                                  0.000000    0.000000   clock clk (rise edge)
                                  0.000000    0.000000   clock network delay (propagated)
                                  2.000000    2.000000 v input external delay
     1    0.002548    0.008050    0.003987    2.003987 v addr[5] (in)
                                                         addr[5] (net)
                      0.008050    0.000000    2.003987 v input6/A (sky130_fd_sc_hd__clkbuf_1)
     1    0.001937    0.022876    0.067235    2.071222 v input6/X (sky130_fd_sc_hd__clkbuf_1)
                                                         net6 (net)
                      0.022876    0.000006    2.071228 v _0697_/A (sky130_fd_sc_hd__or4_1)
     2    0.003603    0.091623    0.516142    2.587370 v _0697_/X (sky130_fd_sc_hd__or4_1)
                                                         _0086_ (net)
                      0.091623    0.000016    2.587386 v _0700_/B (sky130_fd_sc_hd__or2_1)
     2    0.011534    0.086338    0.267642    2.855028 v _0700_/X (sky130_fd_sc_hd__or2_1)
                                                         _0088_ (net)
                      0.086338    0.000052    2.855080 v _0701_/D (sky130_fd_sc_hd__nor4_1)
     2    0.007140    0.379471    0.294822    3.149902 ^ _0701_/Y (sky130_fd_sc_hd__nor4_1)
                                                         _0089_ (net)
                      0.379471    0.000060    3.149962 ^ max_cap64/A (sky130_fd_sc_hd__clkbuf_2)
     5    0.018180    0.108212    0.233626    3.383589 ^ max_cap64/X (sky130_fd_sc_hd__clkbuf_2)
                                                         net64 (net)
                      0.108212    0.000024    3.383612 ^ max_cap63/A (sky130_fd_sc_hd__clkbuf_2)
     4    0.015487    0.091282    0.161999    3.545611 ^ max_cap63/X (sky130_fd_sc_hd__clkbuf_2)
                                                         net63 (net)
                      0.091282    0.000273    3.545884 ^ _0746_/A2 (sky130_fd_sc_hd__a221o_1)
     1    0.010048    0.110063    0.199054    3.744938 ^ _0746_/X (sky130_fd_sc_hd__a221o_1)
                                                         _0119_ (net)
                      0.110063    0.000318    3.745257 ^ fanout59/A (sky130_fd_sc_hd__clkbuf_4)
     8    0.039734    0.127825    0.220197    3.965453 ^ fanout59/X (sky130_fd_sc_hd__clkbuf_4)
                                                         net59 (net)
                      0.127830    0.000940    3.966393 ^ fanout58/A (sky130_fd_sc_hd__buf_2)
     9    0.033339    0.166265    0.225001    4.191395 ^ fanout58/X (sky130_fd_sc_hd__buf_2)
                                                         net58 (net)
                      0.166265    0.000296    4.191690 ^ _0779_/B1 (sky130_fd_sc_hd__o221a_1)
     1    0.002262    0.049335    0.197881    4.389572 ^ _0779_/X (sky130_fd_sc_hd__o221a_1)
                                                         _0032_ (net)
                      0.049335    0.000005    4.389577 ^ _1416_/D (sky130_fd_sc_hd__dfxtp_1)
                                              4.389577   data arrival time

                                 10.000000   10.000000   clock clk (rise edge)
                                  0.000000   10.000000   clock source latency
     1    0.021601    0.102883    0.071047   10.071048 ^ clk (in)
                                                         clk (net)
                      0.102899    0.000000   10.071048 ^ clkbuf_0_clk/A (sky130_fd_sc_hd__clkbuf_16)
     8    0.084380    0.101038    0.195787   10.266834 ^ clkbuf_0_clk/X (sky130_fd_sc_hd__clkbuf_16)
                                                         clknet_0_clk (net)
                      0.101044    0.000923   10.267756 ^ clkbuf_3_7__f_clk/A (sky130_fd_sc_hd__clkbuf_16)
    10    0.038123    0.058189    0.161171   10.428927 ^ clkbuf_3_7__f_clk/X (sky130_fd_sc_hd__clkbuf_16)
                                                         clknet_3_7__leaf_clk (net)
                      0.058189    0.000121   10.429049 ^ _1416_/CLK (sky130_fd_sc_hd__dfxtp_1)
                                 -0.250000   10.179049   clock uncertainty
                                  0.000000   10.179049   clock reconvergence pessimism
                                 -0.053111   10.125937   library setup time
                                             10.125937   data required time
---------------------------------------------------------------------------------------------
                                             10.125937   data required time
                                             -4.389577   data arrival time
---------------------------------------------------------------------------------------------
                                              5.736360   slack (MET)


Startpoint: addr[5] (input port clocked by clk)
Endpoint: _1414_ (rising edge-triggered flip-flop clocked by clk)
Path Group: clk
Path Type: max

Fanout         Cap        Slew       Delay        Time   Description
---------------------------------------------------------------------------------------------
                                  0.000000    0.000000   clock clk (rise edge)
                                  0.000000    0.000000   clock network delay (propagated)
                                  2.000000    2.000000 v input external delay
     1    0.002548    0.008050    0.003987    2.003987 v addr[5] (in)
                                                         addr[5] (net)
                      0.008050    0.000000    2.003987 v input6/A (sky130_fd_sc_hd__clkbuf_1)
     1    0.001937    0.022876    0.067235    2.071222 v input6/X (sky130_fd_sc_hd__clkbuf_1)
                                                         net6 (net)
                      0.022876    0.000006    2.071228 v _0697_/A (sky130_fd_sc_hd__or4_1)
     2    0.003603    0.091623    0.516142    2.587370 v _0697_/X (sky130_fd_sc_hd__or4_1)
                                                         _0086_ (net)
                      0.091623    0.000016    2.587386 v _0700_/B (sky130_fd_sc_hd__or2_1)
     2    0.011534    0.086338    0.267642    2.855028 v _0700_/X (sky130_fd_sc_hd__or2_1)
                                                         _0088_ (net)
                      0.086338    0.000052    2.855080 v _0701_/D (sky130_fd_sc_hd__nor4_1)
     2    0.007140    0.379471    0.294822    3.149902 ^ _0701_/Y (sky130_fd_sc_hd__nor4_1)
                                                         _0089_ (net)
                      0.379471    0.000060    3.149962 ^ max_cap64/A (sky130_fd_sc_hd__clkbuf_2)
     5    0.018180    0.108212    0.233626    3.383589 ^ max_cap64/X (sky130_fd_sc_hd__clkbuf_2)
                                                         net64 (net)
                      0.108212    0.000024    3.383612 ^ max_cap63/A (sky130_fd_sc_hd__clkbuf_2)
     4    0.015487    0.091282    0.161999    3.545611 ^ max_cap63/X (sky130_fd_sc_hd__clkbuf_2)
                                                         net63 (net)
                      0.091282    0.000273    3.545884 ^ _0746_/A2 (sky130_fd_sc_hd__a221o_1)
     1    0.010048    0.110063    0.199054    3.744938 ^ _0746_/X (sky130_fd_sc_hd__a221o_1)
                                                         _0119_ (net)
                      0.110063    0.000318    3.745257 ^ fanout59/A (sky130_fd_sc_hd__clkbuf_4)
     8    0.039734    0.127825    0.220197    3.965453 ^ fanout59/X (sky130_fd_sc_hd__clkbuf_4)
                                                         net59 (net)
                      0.127830    0.000940    3.966393 ^ fanout58/A (sky130_fd_sc_hd__buf_2)
     9    0.033339    0.166265    0.225001    4.191395 ^ fanout58/X (sky130_fd_sc_hd__buf_2)
                                                         net58 (net)
                      0.166267    0.000896    4.192291 ^ _0775_/B1 (sky130_fd_sc_hd__o221a_1)
     1    0.002170    0.048479    0.197051    4.389342 ^ _0775_/X (sky130_fd_sc_hd__o221a_1)
                                                         _0030_ (net)
                      0.048479    0.000005    4.389347 ^ _1414_/D (sky130_fd_sc_hd__dfxtp_1)
                                              4.389347   data arrival time

                                 10.000000   10.000000   clock clk (rise edge)
                                  0.000000   10.000000   clock source latency
     1    0.021601    0.102883    0.071047   10.071048 ^ clk (in)
                                                         clk (net)
                      0.102899    0.000000   10.071048 ^ clkbuf_0_clk/A (sky130_fd_sc_hd__clkbuf_16)
     8    0.084380    0.101038    0.195787   10.266834 ^ clkbuf_0_clk/X (sky130_fd_sc_hd__clkbuf_16)
                                                         clknet_0_clk (net)
                      0.101044    0.000923   10.267756 ^ clkbuf_3_7__f_clk/A (sky130_fd_sc_hd__clkbuf_16)
    10    0.038123    0.058189    0.161171   10.428927 ^ clkbuf_3_7__f_clk/X (sky130_fd_sc_hd__clkbuf_16)
                                                         clknet_3_7__leaf_clk (net)
                      0.058189    0.000173   10.429101 ^ _1414_/CLK (sky130_fd_sc_hd__dfxtp_1)
                                 -0.250000   10.179101   clock uncertainty
                                  0.000000   10.179101   clock reconvergence pessimism
                                 -0.052914   10.126186   library setup time
                                             10.126186   data required time
---------------------------------------------------------------------------------------------
                                             10.126186   data required time
                                             -4.389347   data arrival time
---------------------------------------------------------------------------------------------
                                              5.736839   slack (MET)


Startpoint: addr[5] (input port clocked by clk)
Endpoint: _1412_ (rising edge-triggered flip-flop clocked by clk)
Path Group: clk
Path Type: max

Fanout         Cap        Slew       Delay        Time   Description
---------------------------------------------------------------------------------------------
                                  0.000000    0.000000   clock clk (rise edge)
                                  0.000000    0.000000   clock network delay (propagated)
                                  2.000000    2.000000 v input external delay
     1    0.002548    0.008050    0.003987    2.003987 v addr[5] (in)
                                                         addr[5] (net)
                      0.008050    0.000000    2.003987 v input6/A (sky130_fd_sc_hd__clkbuf_1)
     1    0.001937    0.022876    0.067235    2.071222 v input6/X (sky130_fd_sc_hd__clkbuf_1)
                                                         net6 (net)
                      0.022876    0.000006    2.071228 v _0697_/A (sky130_fd_sc_hd__or4_1)
     2    0.003603    0.091623    0.516142    2.587370 v _0697_/X (sky130_fd_sc_hd__or4_1)
                                                         _0086_ (net)
                      0.091623    0.000016    2.587386 v _0700_/B (sky130_fd_sc_hd__or2_1)
     2    0.011534    0.086338    0.267642    2.855028 v _0700_/X (sky130_fd_sc_hd__or2_1)
                                                         _0088_ (net)
                      0.086338    0.000052    2.855080 v _0701_/D (sky130_fd_sc_hd__nor4_1)
     2    0.007140    0.379471    0.294822    3.149902 ^ _0701_/Y (sky130_fd_sc_hd__nor4_1)
                                                         _0089_ (net)
                      0.379471    0.000060    3.149962 ^ max_cap64/A (sky130_fd_sc_hd__clkbuf_2)
     5    0.018180    0.108212    0.233626    3.383589 ^ max_cap64/X (sky130_fd_sc_hd__clkbuf_2)
                                                         net64 (net)
                      0.108212    0.000024    3.383612 ^ max_cap63/A (sky130_fd_sc_hd__clkbuf_2)
     4    0.015487    0.091282    0.161999    3.545611 ^ max_cap63/X (sky130_fd_sc_hd__clkbuf_2)
                                                         net63 (net)
                      0.091282    0.000273    3.545884 ^ _0746_/A2 (sky130_fd_sc_hd__a221o_1)
     1    0.010048    0.110063    0.199054    3.744938 ^ _0746_/X (sky130_fd_sc_hd__a221o_1)
                                                         _0119_ (net)
                      0.110063    0.000318    3.745257 ^ fanout59/A (sky130_fd_sc_hd__clkbuf_4)
     8    0.039734    0.127825    0.220197    3.965453 ^ fanout59/X (sky130_fd_sc_hd__clkbuf_4)
                                                         net59 (net)
                      0.127830    0.000940    3.966393 ^ fanout58/A (sky130_fd_sc_hd__buf_2)
     9    0.033339    0.166265    0.225001    4.191395 ^ fanout58/X (sky130_fd_sc_hd__buf_2)
                                                         net58 (net)
                      0.166268    0.000971    4.192366 ^ _0771_/B1 (sky130_fd_sc_hd__o221a_1)
     1    0.001849    0.045515    0.194168    4.386534 ^ _0771_/X (sky130_fd_sc_hd__o221a_1)
                                                         _0028_ (net)
                      0.045515    0.000001    4.386535 ^ _1412_/D (sky130_fd_sc_hd__dfxtp_1)
                                              4.386535   data arrival time

                                 10.000000   10.000000   clock clk (rise edge)
                                  0.000000   10.000000   clock source latency
     1    0.021601    0.102883    0.071047   10.071048 ^ clk (in)
                                                         clk (net)
                      0.102899    0.000000   10.071048 ^ clkbuf_0_clk/A (sky130_fd_sc_hd__clkbuf_16)
     8    0.084380    0.101038    0.195787   10.266834 ^ clkbuf_0_clk/X (sky130_fd_sc_hd__clkbuf_16)
                                                         clknet_0_clk (net)
                      0.101041    0.000762   10.267596 ^ clkbuf_3_4__f_clk/A (sky130_fd_sc_hd__clkbuf_16)
    11    0.034454    0.054985    0.158439   10.426036 ^ clkbuf_3_4__f_clk/X (sky130_fd_sc_hd__clkbuf_16)
                                                         clknet_3_4__leaf_clk (net)
                      0.054985    0.000117   10.426152 ^ _1412_/CLK (sky130_fd_sc_hd__dfxtp_1)
                                 -0.250000   10.176152   clock uncertainty
                                  0.000000   10.176152   clock reconvergence pessimism
                                 -0.052688   10.123465   library setup time
                                             10.123465   data required time
---------------------------------------------------------------------------------------------
                                             10.123465   data required time
                                             -4.386535   data arrival time
---------------------------------------------------------------------------------------------
                                              5.736930   slack (MET)


Startpoint: addr[5] (input port clocked by clk)
Endpoint: _1413_ (rising edge-triggered flip-flop clocked by clk)
Path Group: clk
Path Type: max

Fanout         Cap        Slew       Delay        Time   Description
---------------------------------------------------------------------------------------------
                                  0.000000    0.000000   clock clk (rise edge)
                                  0.000000    0.000000   clock network delay (propagated)
                                  2.000000    2.000000 v input external delay
     1    0.002548    0.008050    0.003987    2.003987 v addr[5] (in)
                                                         addr[5] (net)
                      0.008050    0.000000    2.003987 v input6/A (sky130_fd_sc_hd__clkbuf_1)
     1    0.001937    0.022876    0.067235    2.071222 v input6/X (sky130_fd_sc_hd__clkbuf_1)
                                                         net6 (net)
                      0.022876    0.000006    2.071228 v _0697_/A (sky130_fd_sc_hd__or4_1)
     2    0.003603    0.091623    0.516142    2.587370 v _0697_/X (sky130_fd_sc_hd__or4_1)
                                                         _0086_ (net)
                      0.091623    0.000016    2.587386 v _0700_/B (sky130_fd_sc_hd__or2_1)
     2    0.011534    0.086338    0.267642    2.855028 v _0700_/X (sky130_fd_sc_hd__or2_1)
                                                         _0088_ (net)
                      0.086338    0.000052    2.855080 v _0701_/D (sky130_fd_sc_hd__nor4_1)
     2    0.007140    0.379471    0.294822    3.149902 ^ _0701_/Y (sky130_fd_sc_hd__nor4_1)
                                                         _0089_ (net)
                      0.379471    0.000060    3.149962 ^ max_cap64/A (sky130_fd_sc_hd__clkbuf_2)
     5    0.018180    0.108212    0.233626    3.383589 ^ max_cap64/X (sky130_fd_sc_hd__clkbuf_2)
                                                         net64 (net)
                      0.108212    0.000024    3.383612 ^ max_cap63/A (sky130_fd_sc_hd__clkbuf_2)
     4    0.015487    0.091282    0.161999    3.545611 ^ max_cap63/X (sky130_fd_sc_hd__clkbuf_2)
                                                         net63 (net)
                      0.091282    0.000273    3.545884 ^ _0746_/A2 (sky130_fd_sc_hd__a221o_1)
     1    0.010048    0.110063    0.199054    3.744938 ^ _0746_/X (sky130_fd_sc_hd__a221o_1)
                                                         _0119_ (net)
                      0.110063    0.000318    3.745257 ^ fanout59/A (sky130_fd_sc_hd__clkbuf_4)
     8    0.039734    0.127825    0.220197    3.965453 ^ fanout59/X (sky130_fd_sc_hd__clkbuf_4)
                                                         net59 (net)
                      0.127830    0.000940    3.966393 ^ fanout58/A (sky130_fd_sc_hd__buf_2)
     9    0.033339    0.166265    0.225001    4.191395 ^ fanout58/X (sky130_fd_sc_hd__buf_2)
                                                         net58 (net)
                      0.166267    0.000941    4.192337 ^ _0773_/B1 (sky130_fd_sc_hd__o221a_1)
     1    0.001849    0.045510    0.194168    4.386505 ^ _0773_/X (sky130_fd_sc_hd__o221a_1)
                                                         _0029_ (net)
                      0.045510    0.000001    4.386506 ^ _1413_/D (sky130_fd_sc_hd__dfxtp_1)
                                              4.386506   data arrival time

                                 10.000000   10.000000   clock clk (rise edge)
                                  0.000000   10.000000   clock source latency
     1    0.021601    0.102883    0.071047   10.071048 ^ clk (in)
                                                         clk (net)
                      0.102899    0.000000   10.071048 ^ clkbuf_0_clk/A (sky130_fd_sc_hd__clkbuf_16)
     8    0.084380    0.101038    0.195787   10.266834 ^ clkbuf_0_clk/X (sky130_fd_sc_hd__clkbuf_16)
                                                         clknet_0_clk (net)
                      0.101041    0.000762   10.267596 ^ clkbuf_3_4__f_clk/A (sky130_fd_sc_hd__clkbuf_16)
    11    0.034454    0.054985    0.158439   10.426036 ^ clkbuf_3_4__f_clk/X (sky130_fd_sc_hd__clkbuf_16)
                                                         clknet_3_4__leaf_clk (net)
                      0.054985    0.000130   10.426166 ^ _1413_/CLK (sky130_fd_sc_hd__dfxtp_1)
                                 -0.250000   10.176165   clock uncertainty
                                  0.000000   10.176165   clock reconvergence pessimism
                                 -0.052686   10.123478   library setup time
                                             10.123478   data required time
---------------------------------------------------------------------------------------------
                                             10.123478   data required time
                                             -4.386506   data arrival time
---------------------------------------------------------------------------------------------
                                              5.736972   slack (MET)


Startpoint: addr[5] (input port clocked by clk)
Endpoint: _1417_ (rising edge-triggered flip-flop clocked by clk)
Path Group: clk
Path Type: max

Fanout         Cap        Slew       Delay        Time   Description
---------------------------------------------------------------------------------------------
                                  0.000000    0.000000   clock clk (rise edge)
                                  0.000000    0.000000   clock network delay (propagated)
                                  2.000000    2.000000 v input external delay
     1    0.002548    0.008050    0.003987    2.003987 v addr[5] (in)
                                                         addr[5] (net)
                      0.008050    0.000000    2.003987 v input6/A (sky130_fd_sc_hd__clkbuf_1)
     1    0.001937    0.022876    0.067235    2.071222 v input6/X (sky130_fd_sc_hd__clkbuf_1)
                                                         net6 (net)
                      0.022876    0.000006    2.071228 v _0697_/A (sky130_fd_sc_hd__or4_1)
     2    0.003603    0.091623    0.516142    2.587370 v _0697_/X (sky130_fd_sc_hd__or4_1)
                                                         _0086_ (net)
                      0.091623    0.000016    2.587386 v _0700_/B (sky130_fd_sc_hd__or2_1)
     2    0.011534    0.086338    0.267642    2.855028 v _0700_/X (sky130_fd_sc_hd__or2_1)
                                                         _0088_ (net)
                      0.086338    0.000052    2.855080 v _0701_/D (sky130_fd_sc_hd__nor4_1)
     2    0.007140    0.379471    0.294822    3.149902 ^ _0701_/Y (sky130_fd_sc_hd__nor4_1)
                                                         _0089_ (net)
                      0.379471    0.000060    3.149962 ^ max_cap64/A (sky130_fd_sc_hd__clkbuf_2)
     5    0.018180    0.108212    0.233626    3.383589 ^ max_cap64/X (sky130_fd_sc_hd__clkbuf_2)
                                                         net64 (net)
                      0.108212    0.000024    3.383612 ^ max_cap63/A (sky130_fd_sc_hd__clkbuf_2)
     4    0.015487    0.091282    0.161999    3.545611 ^ max_cap63/X (sky130_fd_sc_hd__clkbuf_2)
                                                         net63 (net)
                      0.091282    0.000273    3.545884 ^ _0746_/A2 (sky130_fd_sc_hd__a221o_1)
     1    0.010048    0.110063    0.199054    3.744938 ^ _0746_/X (sky130_fd_sc_hd__a221o_1)
                                                         _0119_ (net)
                      0.110063    0.000318    3.745257 ^ fanout59/A (sky130_fd_sc_hd__clkbuf_4)
     8    0.039734    0.127825    0.220197    3.965453 ^ fanout59/X (sky130_fd_sc_hd__clkbuf_4)
                                                         net59 (net)
                      0.127830    0.000940    3.966393 ^ fanout58/A (sky130_fd_sc_hd__buf_2)
     9    0.033339    0.166265    0.225001    4.191395 ^ fanout58/X (sky130_fd_sc_hd__buf_2)
                                                         net58 (net)
                      0.166267    0.000939    4.192334 ^ _0781_/B1 (sky130_fd_sc_hd__o221a_1)
     1    0.001849    0.045513    0.194169    4.386503 ^ _0781_/X (sky130_fd_sc_hd__o221a_1)
                                                         _0033_ (net)
                      0.045513    0.000001    4.386504 ^ _1417_/D (sky130_fd_sc_hd__dfxtp_1)
                                              4.386504   data arrival time

                                 10.000000   10.000000   clock clk (rise edge)
                                  0.000000   10.000000   clock source latency
     1    0.021601    0.102883    0.071047   10.071048 ^ clk (in)
                                                         clk (net)
                      0.102899    0.000000   10.071048 ^ clkbuf_0_clk/A (sky130_fd_sc_hd__clkbuf_16)
     8    0.084380    0.101038    0.195787   10.266834 ^ clkbuf_0_clk/X (sky130_fd_sc_hd__clkbuf_16)
                                                         clknet_0_clk (net)
                      0.101041    0.000762   10.267596 ^ clkbuf_3_4__f_clk/A (sky130_fd_sc_hd__clkbuf_16)
    11    0.034454    0.054985    0.158439   10.426036 ^ clkbuf_3_4__f_clk/X (sky130_fd_sc_hd__clkbuf_16)
                                                         clknet_3_4__leaf_clk (net)
                      0.054985    0.000128   10.426164 ^ _1417_/CLK (sky130_fd_sc_hd__dfxtp_1)
                                 -0.250000   10.176164   clock uncertainty
                                  0.000000   10.176164   clock reconvergence pessimism
                                 -0.052687   10.123476   library setup time
                                             10.123476   data required time
---------------------------------------------------------------------------------------------
                                             10.123476   data required time
                                             -4.386504   data arrival time
---------------------------------------------------------------------------------------------
                                              5.736971   slack (MET)


Startpoint: addr[5] (input port clocked by clk)
Endpoint: _1415_ (rising edge-triggered flip-flop clocked by clk)
Path Group: clk
Path Type: max

Fanout         Cap        Slew       Delay        Time   Description
---------------------------------------------------------------------------------------------
                                  0.000000    0.000000   clock clk (rise edge)
                                  0.000000    0.000000   clock network delay (propagated)
                                  2.000000    2.000000 v input external delay
     1    0.002548    0.008050    0.003987    2.003987 v addr[5] (in)
                                                         addr[5] (net)
                      0.008050    0.000000    2.003987 v input6/A (sky130_fd_sc_hd__clkbuf_1)
     1    0.001937    0.022876    0.067235    2.071222 v input6/X (sky130_fd_sc_hd__clkbuf_1)
                                                         net6 (net)
                      0.022876    0.000006    2.071228 v _0697_/A (sky130_fd_sc_hd__or4_1)
     2    0.003603    0.091623    0.516142    2.587370 v _0697_/X (sky130_fd_sc_hd__or4_1)
                                                         _0086_ (net)
                      0.091623    0.000016    2.587386 v _0700_/B (sky130_fd_sc_hd__or2_1)
     2    0.011534    0.086338    0.267642    2.855028 v _0700_/X (sky130_fd_sc_hd__or2_1)
                                                         _0088_ (net)
                      0.086338    0.000052    2.855080 v _0701_/D (sky130_fd_sc_hd__nor4_1)
     2    0.007140    0.379471    0.294822    3.149902 ^ _0701_/Y (sky130_fd_sc_hd__nor4_1)
                                                         _0089_ (net)
                      0.379471    0.000060    3.149962 ^ max_cap64/A (sky130_fd_sc_hd__clkbuf_2)
     5    0.018180    0.108212    0.233626    3.383589 ^ max_cap64/X (sky130_fd_sc_hd__clkbuf_2)
                                                         net64 (net)
                      0.108212    0.000024    3.383612 ^ max_cap63/A (sky130_fd_sc_hd__clkbuf_2)
     4    0.015487    0.091282    0.161999    3.545611 ^ max_cap63/X (sky130_fd_sc_hd__clkbuf_2)
                                                         net63 (net)
                      0.091282    0.000273    3.545884 ^ _0746_/A2 (sky130_fd_sc_hd__a221o_1)
     1    0.010048    0.110063    0.199054    3.744938 ^ _0746_/X (sky130_fd_sc_hd__a221o_1)
                                                         _0119_ (net)
                      0.110063    0.000318    3.745257 ^ fanout59/A (sky130_fd_sc_hd__clkbuf_4)
     8    0.039734    0.127825    0.220197    3.965453 ^ fanout59/X (sky130_fd_sc_hd__clkbuf_4)
                                                         net59 (net)
                      0.127830    0.000940    3.966393 ^ fanout58/A (sky130_fd_sc_hd__buf_2)
     9    0.033339    0.166265    0.225001    4.191395 ^ fanout58/X (sky130_fd_sc_hd__buf_2)
                                                         net58 (net)
                      0.166266    0.000820    4.192215 ^ _0777_/B1 (sky130_fd_sc_hd__o221a_1)
     1    0.001849    0.045510    0.194168    4.386383 ^ _0777_/X (sky130_fd_sc_hd__o221a_1)
                                                         _0031_ (net)
                      0.045510    0.000001    4.386384 ^ _1415_/D (sky130_fd_sc_hd__dfxtp_1)
                                              4.386384   data arrival time

                                 10.000000   10.000000   clock clk (rise edge)
                                  0.000000   10.000000   clock source latency
     1    0.021601    0.102883    0.071047   10.071048 ^ clk (in)
                                                         clk (net)
                      0.102899    0.000000   10.071048 ^ clkbuf_0_clk/A (sky130_fd_sc_hd__clkbuf_16)
     8    0.084380    0.101038    0.195787   10.266834 ^ clkbuf_0_clk/X (sky130_fd_sc_hd__clkbuf_16)
                                                         clknet_0_clk (net)
                      0.101044    0.000923   10.267756 ^ clkbuf_3_7__f_clk/A (sky130_fd_sc_hd__clkbuf_16)
    10    0.038123    0.058189    0.161171   10.428927 ^ clkbuf_3_7__f_clk/X (sky130_fd_sc_hd__clkbuf_16)
                                                         clknet_3_7__leaf_clk (net)
                      0.058189    0.000166   10.429093 ^ _1415_/CLK (sky130_fd_sc_hd__dfxtp_1)
                                 -0.250000   10.179093   clock uncertainty
                                  0.000000   10.179093   clock reconvergence pessimism
                                 -0.052230   10.126864   library setup time
                                             10.126864   data required time
---------------------------------------------------------------------------------------------
                                             10.126864   data required time
                                             -4.386384   data arrival time
---------------------------------------------------------------------------------------------
                                              5.740480   slack (MET)


Startpoint: addr[5] (input port clocked by clk)
Endpoint: _1401_ (rising edge-triggered flip-flop clocked by clk)
Path Group: clk
Path Type: max

Fanout         Cap        Slew       Delay        Time   Description
---------------------------------------------------------------------------------------------
                                  0.000000    0.000000   clock clk (rise edge)
                                  0.000000    0.000000   clock network delay (propagated)
                                  2.000000    2.000000 v input external delay
     1    0.002548    0.008050    0.003987    2.003987 v addr[5] (in)
                                                         addr[5] (net)
                      0.008050    0.000000    2.003987 v input6/A (sky130_fd_sc_hd__clkbuf_1)
     1    0.001937    0.022876    0.067235    2.071222 v input6/X (sky130_fd_sc_hd__clkbuf_1)
                                                         net6 (net)
                      0.022876    0.000006    2.071228 v _0697_/A (sky130_fd_sc_hd__or4_1)
     2    0.003603    0.091623    0.516142    2.587370 v _0697_/X (sky130_fd_sc_hd__or4_1)
                                                         _0086_ (net)
                      0.091623    0.000016    2.587386 v _0700_/B (sky130_fd_sc_hd__or2_1)
     2    0.011534    0.086338    0.267642    2.855028 v _0700_/X (sky130_fd_sc_hd__or2_1)
                                                         _0088_ (net)
                      0.086338    0.000052    2.855080 v _0701_/D (sky130_fd_sc_hd__nor4_1)
     2    0.007140    0.379471    0.294822    3.149902 ^ _0701_/Y (sky130_fd_sc_hd__nor4_1)
                                                         _0089_ (net)
                      0.379471    0.000060    3.149962 ^ max_cap64/A (sky130_fd_sc_hd__clkbuf_2)
     5    0.018180    0.108212    0.233626    3.383589 ^ max_cap64/X (sky130_fd_sc_hd__clkbuf_2)
                                                         net64 (net)
                      0.108212    0.000024    3.383612 ^ max_cap63/A (sky130_fd_sc_hd__clkbuf_2)
     4    0.015487    0.091282    0.161999    3.545611 ^ max_cap63/X (sky130_fd_sc_hd__clkbuf_2)
                                                         net63 (net)
                      0.091282    0.000273    3.545884 ^ _0746_/A2 (sky130_fd_sc_hd__a221o_1)
     1    0.010048    0.110063    0.199054    3.744938 ^ _0746_/X (sky130_fd_sc_hd__a221o_1)
                                                         _0119_ (net)
                      0.110063    0.000318    3.745257 ^ fanout59/A (sky130_fd_sc_hd__clkbuf_4)
     8    0.039734    0.127825    0.220197    3.965453 ^ fanout59/X (sky130_fd_sc_hd__clkbuf_4)
                                                         net59 (net)
                      0.127830    0.000940    3.966393 ^ fanout58/A (sky130_fd_sc_hd__buf_2)
     9    0.033339    0.166265    0.225001    4.191395 ^ fanout58/X (sky130_fd_sc_hd__buf_2)
                                                         net58 (net)
                      0.166265    0.000108    4.191503 ^ _0749_/B1 (sky130_fd_sc_hd__o221a_1)
     1    0.002034    0.047190    0.195830    4.387333 ^ _0749_/X (sky130_fd_sc_hd__o221a_1)
                                                         _0017_ (net)
                      0.047190    0.000004    4.387337 ^ _1401_/D (sky130_fd_sc_hd__dfxtp_1)
                                              4.387337   data arrival time

                                 10.000000   10.000000   clock clk (rise edge)
                                  0.000000   10.000000   clock source latency
     1    0.021601    0.102883    0.071047   10.071048 ^ clk (in)
                                                         clk (net)
                      0.102899    0.000000   10.071048 ^ clkbuf_0_clk/A (sky130_fd_sc_hd__clkbuf_16)
     8    0.084380    0.101038    0.195787   10.266834 ^ clkbuf_0_clk/X (sky130_fd_sc_hd__clkbuf_16)
                                                         clknet_0_clk (net)
                      0.101044    0.000914   10.267748 ^ clkbuf_3_6__f_clk/A (sky130_fd_sc_hd__clkbuf_16)
    14    0.039871    0.059707    0.162352   10.430099 ^ clkbuf_3_6__f_clk/X (sky130_fd_sc_hd__clkbuf_16)
                                                         clknet_3_6__leaf_clk (net)
                      0.059710    0.000434   10.430534 ^ _1401_/CLK (sky130_fd_sc_hd__dfxtp_1)
                                 -0.250000   10.180534   clock uncertainty
                                  0.000000   10.180534   clock reconvergence pessimism
                                 -0.052400   10.128134   library setup time
                                             10.128134   data required time
---------------------------------------------------------------------------------------------
                                             10.128134   data required time
                                             -4.387337   data arrival time
---------------------------------------------------------------------------------------------
                                              5.740798   slack (MET)


Startpoint: addr[5] (input port clocked by clk)
Endpoint: _1419_ (rising edge-triggered flip-flop clocked by clk)
Path Group: clk
Path Type: max

Fanout         Cap        Slew       Delay        Time   Description
---------------------------------------------------------------------------------------------
                                  0.000000    0.000000   clock clk (rise edge)
                                  0.000000    0.000000   clock network delay (propagated)
                                  2.000000    2.000000 v input external delay
     1    0.002548    0.008050    0.003987    2.003987 v addr[5] (in)
                                                         addr[5] (net)
                      0.008050    0.000000    2.003987 v input6/A (sky130_fd_sc_hd__clkbuf_1)
     1    0.001937    0.022876    0.067235    2.071222 v input6/X (sky130_fd_sc_hd__clkbuf_1)
                                                         net6 (net)
                      0.022876    0.000006    2.071228 v _0697_/A (sky130_fd_sc_hd__or4_1)
     2    0.003603    0.091623    0.516142    2.587370 v _0697_/X (sky130_fd_sc_hd__or4_1)
                                                         _0086_ (net)
                      0.091623    0.000016    2.587386 v _0700_/B (sky130_fd_sc_hd__or2_1)
     2    0.011534    0.086338    0.267642    2.855028 v _0700_/X (sky130_fd_sc_hd__or2_1)
                                                         _0088_ (net)
                      0.086338    0.000052    2.855080 v _0701_/D (sky130_fd_sc_hd__nor4_1)
     2    0.007140    0.379471    0.294822    3.149902 ^ _0701_/Y (sky130_fd_sc_hd__nor4_1)
                                                         _0089_ (net)
                      0.379471    0.000060    3.149962 ^ max_cap64/A (sky130_fd_sc_hd__clkbuf_2)
     5    0.018180    0.108212    0.233626    3.383589 ^ max_cap64/X (sky130_fd_sc_hd__clkbuf_2)
                                                         net64 (net)
                      0.108212    0.000024    3.383612 ^ max_cap63/A (sky130_fd_sc_hd__clkbuf_2)
     4    0.015487    0.091282    0.161999    3.545611 ^ max_cap63/X (sky130_fd_sc_hd__clkbuf_2)
                                                         net63 (net)
                      0.091282    0.000273    3.545884 ^ _0746_/A2 (sky130_fd_sc_hd__a221o_1)
     1    0.010048    0.110063    0.199054    3.744938 ^ _0746_/X (sky130_fd_sc_hd__a221o_1)
                                                         _0119_ (net)
                      0.110063    0.000318    3.745257 ^ fanout59/A (sky130_fd_sc_hd__clkbuf_4)
     8    0.039734    0.127825    0.220197    3.965453 ^ fanout59/X (sky130_fd_sc_hd__clkbuf_4)
                                                         net59 (net)
                      0.127830    0.000940    3.966393 ^ fanout58/A (sky130_fd_sc_hd__buf_2)
     9    0.033339    0.166265    0.225001    4.191395 ^ fanout58/X (sky130_fd_sc_hd__buf_2)
                                                         net58 (net)
                      0.166265    0.000154    4.191549 ^ _0785_/B1 (sky130_fd_sc_hd__o221a_1)
     1    0.001949    0.046439    0.195067    4.386616 ^ _0785_/X (sky130_fd_sc_hd__o221a_1)
                                                         _0035_ (net)
                      0.046439    0.000003    4.386619 ^ _1419_/D (sky130_fd_sc_hd__dfxtp_1)
                                              4.386619   data arrival time

                                 10.000000   10.000000   clock clk (rise edge)
                                  0.000000   10.000000   clock source latency
     1    0.021601    0.102883    0.071047   10.071048 ^ clk (in)
                                                         clk (net)
                      0.102899    0.000000   10.071048 ^ clkbuf_0_clk/A (sky130_fd_sc_hd__clkbuf_16)
     8    0.084380    0.101038    0.195787   10.266834 ^ clkbuf_0_clk/X (sky130_fd_sc_hd__clkbuf_16)
                                                         clknet_0_clk (net)
                      0.101044    0.000914   10.267748 ^ clkbuf_3_6__f_clk/A (sky130_fd_sc_hd__clkbuf_16)
    14    0.039871    0.059707    0.162352   10.430099 ^ clkbuf_3_6__f_clk/X (sky130_fd_sc_hd__clkbuf_16)
                                                         clknet_3_6__leaf_clk (net)
                      0.059710    0.000437   10.430536 ^ _1419_/CLK (sky130_fd_sc_hd__dfxtp_1)
                                 -0.250000   10.180536   clock uncertainty
                                  0.000000   10.180536   clock reconvergence pessimism
                                 -0.052227   10.128309   library setup time
                                             10.128309   data required time
---------------------------------------------------------------------------------------------
                                             10.128309   data required time
                                             -4.386619   data arrival time
---------------------------------------------------------------------------------------------
                                              5.741690   slack (MET)


Startpoint: addr[5] (input port clocked by clk)
Endpoint: _1411_ (rising edge-triggered flip-flop clocked by clk)
Path Group: clk
Path Type: max

Fanout         Cap        Slew       Delay        Time   Description
---------------------------------------------------------------------------------------------
                                  0.000000    0.000000   clock clk (rise edge)
                                  0.000000    0.000000   clock network delay (propagated)
                                  2.000000    2.000000 v input external delay
     1    0.002548    0.008050    0.003987    2.003987 v addr[5] (in)
                                                         addr[5] (net)
                      0.008050    0.000000    2.003987 v input6/A (sky130_fd_sc_hd__clkbuf_1)
     1    0.001937    0.022876    0.067235    2.071222 v input6/X (sky130_fd_sc_hd__clkbuf_1)
                                                         net6 (net)
                      0.022876    0.000006    2.071228 v _0697_/A (sky130_fd_sc_hd__or4_1)
     2    0.003603    0.091623    0.516142    2.587370 v _0697_/X (sky130_fd_sc_hd__or4_1)
                                                         _0086_ (net)
                      0.091623    0.000016    2.587386 v _0700_/B (sky130_fd_sc_hd__or2_1)
     2    0.011534    0.086338    0.267642    2.855028 v _0700_/X (sky130_fd_sc_hd__or2_1)
                                                         _0088_ (net)
                      0.086338    0.000052    2.855080 v _0701_/D (sky130_fd_sc_hd__nor4_1)
     2    0.007140    0.379471    0.294822    3.149902 ^ _0701_/Y (sky130_fd_sc_hd__nor4_1)
                                                         _0089_ (net)
                      0.379471    0.000060    3.149962 ^ max_cap64/A (sky130_fd_sc_hd__clkbuf_2)
     5    0.018180    0.108212    0.233626    3.383589 ^ max_cap64/X (sky130_fd_sc_hd__clkbuf_2)
                                                         net64 (net)
                      0.108212    0.000024    3.383612 ^ max_cap63/A (sky130_fd_sc_hd__clkbuf_2)
     4    0.015487    0.091282    0.161999    3.545611 ^ max_cap63/X (sky130_fd_sc_hd__clkbuf_2)
                                                         net63 (net)
                      0.091282    0.000273    3.545884 ^ _0746_/A2 (sky130_fd_sc_hd__a221o_1)
     1    0.010048    0.110063    0.199054    3.744938 ^ _0746_/X (sky130_fd_sc_hd__a221o_1)
                                                         _0119_ (net)
                      0.110063    0.000318    3.745257 ^ fanout59/A (sky130_fd_sc_hd__clkbuf_4)
     8    0.039734    0.127825    0.220197    3.965453 ^ fanout59/X (sky130_fd_sc_hd__clkbuf_4)
                                                         net59 (net)
                      0.127845    0.001596    3.967049 ^ fanout57/A (sky130_fd_sc_hd__clkbuf_4)
    10    0.039550    0.127261    0.226671    4.193720 ^ fanout57/X (sky130_fd_sc_hd__clkbuf_4)
                                                         net57 (net)
                      0.127261    0.000454    4.194174 ^ _0769_/B1 (sky130_fd_sc_hd__o221a_1)
     1    0.002188    0.048644    0.186545    4.380719 ^ _0769_/X (sky130_fd_sc_hd__o221a_1)
                                                         _0027_ (net)
                      0.048644    0.000006    4.380725 ^ _1411_/D (sky130_fd_sc_hd__dfxtp_1)
                                              4.380725   data arrival time

                                 10.000000   10.000000   clock clk (rise edge)
                                  0.000000   10.000000   clock source latency
     1    0.021601    0.102883    0.071047   10.071048 ^ clk (in)
                                                         clk (net)
                      0.102899    0.000000   10.071048 ^ clkbuf_0_clk/A (sky130_fd_sc_hd__clkbuf_16)
     8    0.084380    0.101038    0.195787   10.266834 ^ clkbuf_0_clk/X (sky130_fd_sc_hd__clkbuf_16)
                                                         clknet_0_clk (net)
                      0.101041    0.000762   10.267596 ^ clkbuf_3_4__f_clk/A (sky130_fd_sc_hd__clkbuf_16)
    11    0.034454    0.054985    0.158439   10.426036 ^ clkbuf_3_4__f_clk/X (sky130_fd_sc_hd__clkbuf_16)
                                                         clknet_3_4__leaf_clk (net)
                      0.054985    0.000059   10.426094 ^ _1411_/CLK (sky130_fd_sc_hd__dfxtp_1)
                                 -0.250000   10.176094   clock uncertainty
                                  0.000000   10.176094   clock reconvergence pessimism
                                 -0.053409   10.122684   library setup time
                                             10.122684   data required time
---------------------------------------------------------------------------------------------
                                             10.122684   data required time
                                             -4.380725   data arrival time
---------------------------------------------------------------------------------------------
                                              5.741960   slack (MET)


Startpoint: addr[5] (input port clocked by clk)
Endpoint: _1402_ (rising edge-triggered flip-flop clocked by clk)
Path Group: clk
Path Type: max

Fanout         Cap        Slew       Delay        Time   Description
---------------------------------------------------------------------------------------------
                                  0.000000    0.000000   clock clk (rise edge)
                                  0.000000    0.000000   clock network delay (propagated)
                                  2.000000    2.000000 v input external delay
     1    0.002548    0.008050    0.003987    2.003987 v addr[5] (in)
                                                         addr[5] (net)
                      0.008050    0.000000    2.003987 v input6/A (sky130_fd_sc_hd__clkbuf_1)
     1    0.001937    0.022876    0.067235    2.071222 v input6/X (sky130_fd_sc_hd__clkbuf_1)
                                                         net6 (net)
                      0.022876    0.000006    2.071228 v _0697_/A (sky130_fd_sc_hd__or4_1)
     2    0.003603    0.091623    0.516142    2.587370 v _0697_/X (sky130_fd_sc_hd__or4_1)
                                                         _0086_ (net)
                      0.091623    0.000016    2.587386 v _0700_/B (sky130_fd_sc_hd__or2_1)
     2    0.011534    0.086338    0.267642    2.855028 v _0700_/X (sky130_fd_sc_hd__or2_1)
                                                         _0088_ (net)
                      0.086338    0.000052    2.855080 v _0701_/D (sky130_fd_sc_hd__nor4_1)
     2    0.007140    0.379471    0.294822    3.149902 ^ _0701_/Y (sky130_fd_sc_hd__nor4_1)
                                                         _0089_ (net)
                      0.379471    0.000060    3.149962 ^ max_cap64/A (sky130_fd_sc_hd__clkbuf_2)
     5    0.018180    0.108212    0.233626    3.383589 ^ max_cap64/X (sky130_fd_sc_hd__clkbuf_2)
                                                         net64 (net)
                      0.108212    0.000024    3.383612 ^ max_cap63/A (sky130_fd_sc_hd__clkbuf_2)
     4    0.015487    0.091282    0.161999    3.545611 ^ max_cap63/X (sky130_fd_sc_hd__clkbuf_2)
                                                         net63 (net)
                      0.091282    0.000273    3.545884 ^ _0746_/A2 (sky130_fd_sc_hd__a221o_1)
     1    0.010048    0.110063    0.199054    3.744938 ^ _0746_/X (sky130_fd_sc_hd__a221o_1)
                                                         _0119_ (net)
                      0.110063    0.000318    3.745257 ^ fanout59/A (sky130_fd_sc_hd__clkbuf_4)
     8    0.039734    0.127825    0.220197    3.965453 ^ fanout59/X (sky130_fd_sc_hd__clkbuf_4)
                                                         net59 (net)
                      0.127845    0.001596    3.967049 ^ fanout57/A (sky130_fd_sc_hd__clkbuf_4)
    10    0.039550    0.127261    0.226671    4.193720 ^ fanout57/X (sky130_fd_sc_hd__clkbuf_4)
                                                         net57 (net)
                      0.127261    0.000490    4.194210 ^ _0751_/B1 (sky130_fd_sc_hd__o221a_1)
     1    0.001849    0.045493    0.183510    4.377720 ^ _0751_/X (sky130_fd_sc_hd__o221a_1)
                                                         _0018_ (net)
                      0.045493    0.000001    4.377721 ^ _1402_/D (sky130_fd_sc_hd__dfxtp_1)
                                              4.377721   data arrival time

                                 10.000000   10.000000   clock clk (rise edge)
                                  0.000000   10.000000   clock source latency
     1    0.021601    0.102883    0.071047   10.071048 ^ clk (in)
                                                         clk (net)
                      0.102899    0.000000   10.071048 ^ clkbuf_0_clk/A (sky130_fd_sc_hd__clkbuf_16)
     8    0.084380    0.101038    0.195787   10.266834 ^ clkbuf_0_clk/X (sky130_fd_sc_hd__clkbuf_16)
                                                         clknet_0_clk (net)
                      0.101041    0.000762   10.267596 ^ clkbuf_3_4__f_clk/A (sky130_fd_sc_hd__clkbuf_16)
    11    0.034454    0.054985    0.158439   10.426036 ^ clkbuf_3_4__f_clk/X (sky130_fd_sc_hd__clkbuf_16)
                                                         clknet_3_4__leaf_clk (net)
                      0.054985    0.000054   10.426089 ^ _1402_/CLK (sky130_fd_sc_hd__dfxtp_1)
                                 -0.250000   10.176089   clock uncertainty
                                  0.000000   10.176089   clock reconvergence pessimism
                                 -0.052683   10.123407   library setup time
                                             10.123407   data required time
---------------------------------------------------------------------------------------------
                                             10.123407   data required time
                                             -4.377721   data arrival time
---------------------------------------------------------------------------------------------
                                              5.745687   slack (MET)


Startpoint: addr[5] (input port clocked by clk)
Endpoint: _1406_ (rising edge-triggered flip-flop clocked by clk)
Path Group: clk
Path Type: max

Fanout         Cap        Slew       Delay        Time   Description
---------------------------------------------------------------------------------------------
                                  0.000000    0.000000   clock clk (rise edge)
                                  0.000000    0.000000   clock network delay (propagated)
                                  2.000000    2.000000 v input external delay
     1    0.002548    0.008050    0.003987    2.003987 v addr[5] (in)
                                                         addr[5] (net)
                      0.008050    0.000000    2.003987 v input6/A (sky130_fd_sc_hd__clkbuf_1)
     1    0.001937    0.022876    0.067235    2.071222 v input6/X (sky130_fd_sc_hd__clkbuf_1)
                                                         net6 (net)
                      0.022876    0.000006    2.071228 v _0697_/A (sky130_fd_sc_hd__or4_1)
     2    0.003603    0.091623    0.516142    2.587370 v _0697_/X (sky130_fd_sc_hd__or4_1)
                                                         _0086_ (net)
                      0.091623    0.000016    2.587386 v _0700_/B (sky130_fd_sc_hd__or2_1)
     2    0.011534    0.086338    0.267642    2.855028 v _0700_/X (sky130_fd_sc_hd__or2_1)
                                                         _0088_ (net)
                      0.086338    0.000052    2.855080 v _0701_/D (sky130_fd_sc_hd__nor4_1)
     2    0.007140    0.379471    0.294822    3.149902 ^ _0701_/Y (sky130_fd_sc_hd__nor4_1)
                                                         _0089_ (net)
                      0.379471    0.000060    3.149962 ^ max_cap64/A (sky130_fd_sc_hd__clkbuf_2)
     5    0.018180    0.108212    0.233626    3.383589 ^ max_cap64/X (sky130_fd_sc_hd__clkbuf_2)
                                                         net64 (net)
                      0.108212    0.000024    3.383612 ^ max_cap63/A (sky130_fd_sc_hd__clkbuf_2)
     4    0.015487    0.091282    0.161999    3.545611 ^ max_cap63/X (sky130_fd_sc_hd__clkbuf_2)
                                                         net63 (net)
                      0.091282    0.000273    3.545884 ^ _0746_/A2 (sky130_fd_sc_hd__a221o_1)
     1    0.010048    0.110063    0.199054    3.744938 ^ _0746_/X (sky130_fd_sc_hd__a221o_1)
                                                         _0119_ (net)
                      0.110063    0.000318    3.745257 ^ fanout59/A (sky130_fd_sc_hd__clkbuf_4)
     8    0.039734    0.127825    0.220197    3.965453 ^ fanout59/X (sky130_fd_sc_hd__clkbuf_4)
                                                         net59 (net)
                      0.127845    0.001596    3.967049 ^ fanout57/A (sky130_fd_sc_hd__clkbuf_4)
    10    0.039550    0.127261    0.226671    4.193720 ^ fanout57/X (sky130_fd_sc_hd__clkbuf_4)
                                                         net57 (net)
                      0.127261    0.000004    4.193724 ^ _0759_/B1 (sky130_fd_sc_hd__o221a_1)
     1    0.002170    0.048481    0.186382    4.380106 ^ _0759_/X (sky130_fd_sc_hd__o221a_1)
                                                         _0022_ (net)
                      0.048481    0.000005    4.380111 ^ _1406_/D (sky130_fd_sc_hd__dfxtp_1)
                                              4.380111   data arrival time

                                 10.000000   10.000000   clock clk (rise edge)
                                  0.000000   10.000000   clock source latency
     1    0.021601    0.102883    0.071047   10.071048 ^ clk (in)
                                                         clk (net)
                      0.102899    0.000000   10.071048 ^ clkbuf_0_clk/A (sky130_fd_sc_hd__clkbuf_16)
     8    0.084380    0.101038    0.195787   10.266834 ^ clkbuf_0_clk/X (sky130_fd_sc_hd__clkbuf_16)
                                                         clknet_0_clk (net)
                      0.101041    0.000711   10.267545 ^ clkbuf_3_5__f_clk/A (sky130_fd_sc_hd__clkbuf_16)
    14    0.038852    0.058816    0.161642   10.429187 ^ clkbuf_3_5__f_clk/X (sky130_fd_sc_hd__clkbuf_16)
                                                         clknet_3_5__leaf_clk (net)
                      0.058817    0.000309   10.429496 ^ _1406_/CLK (sky130_fd_sc_hd__dfxtp_1)
                                 -0.250000   10.179496   clock uncertainty
                                  0.000000   10.179496   clock reconvergence pessimism
                                 -0.052825   10.126671   library setup time
                                             10.126671   data required time
---------------------------------------------------------------------------------------------
                                             10.126671   data required time
                                             -4.380111   data arrival time
---------------------------------------------------------------------------------------------
                                              5.746560   slack (MET)


Startpoint: addr[5] (input port clocked by clk)
Endpoint: _1418_ (rising edge-triggered flip-flop clocked by clk)
Path Group: clk
Path Type: max

Fanout         Cap        Slew       Delay        Time   Description
---------------------------------------------------------------------------------------------
                                  0.000000    0.000000   clock clk (rise edge)
                                  0.000000    0.000000   clock network delay (propagated)
                                  2.000000    2.000000 v input external delay
     1    0.002548    0.008050    0.003987    2.003987 v addr[5] (in)
                                                         addr[5] (net)
                      0.008050    0.000000    2.003987 v input6/A (sky130_fd_sc_hd__clkbuf_1)
     1    0.001937    0.022876    0.067235    2.071222 v input6/X (sky130_fd_sc_hd__clkbuf_1)
                                                         net6 (net)
                      0.022876    0.000006    2.071228 v _0697_/A (sky130_fd_sc_hd__or4_1)
     2    0.003603    0.091623    0.516142    2.587370 v _0697_/X (sky130_fd_sc_hd__or4_1)
                                                         _0086_ (net)
                      0.091623    0.000016    2.587386 v _0700_/B (sky130_fd_sc_hd__or2_1)
     2    0.011534    0.086338    0.267642    2.855028 v _0700_/X (sky130_fd_sc_hd__or2_1)
                                                         _0088_ (net)
                      0.086338    0.000052    2.855080 v _0701_/D (sky130_fd_sc_hd__nor4_1)
     2    0.007140    0.379471    0.294822    3.149902 ^ _0701_/Y (sky130_fd_sc_hd__nor4_1)
                                                         _0089_ (net)
                      0.379471    0.000060    3.149962 ^ max_cap64/A (sky130_fd_sc_hd__clkbuf_2)
     5    0.018180    0.108212    0.233626    3.383589 ^ max_cap64/X (sky130_fd_sc_hd__clkbuf_2)
                                                         net64 (net)
                      0.108212    0.000024    3.383612 ^ max_cap63/A (sky130_fd_sc_hd__clkbuf_2)
     4    0.015487    0.091282    0.161999    3.545611 ^ max_cap63/X (sky130_fd_sc_hd__clkbuf_2)
                                                         net63 (net)
                      0.091282    0.000273    3.545884 ^ _0746_/A2 (sky130_fd_sc_hd__a221o_1)
     1    0.010048    0.110063    0.199054    3.744938 ^ _0746_/X (sky130_fd_sc_hd__a221o_1)
                                                         _0119_ (net)
                      0.110063    0.000318    3.745257 ^ fanout59/A (sky130_fd_sc_hd__clkbuf_4)
     8    0.039734    0.127825    0.220197    3.965453 ^ fanout59/X (sky130_fd_sc_hd__clkbuf_4)
                                                         net59 (net)
                      0.127845    0.001596    3.967049 ^ fanout57/A (sky130_fd_sc_hd__clkbuf_4)
    10    0.039550    0.127261    0.226671    4.193720 ^ fanout57/X (sky130_fd_sc_hd__clkbuf_4)
                                                         net57 (net)
                      0.127264    0.000837    4.194556 ^ _0783_/B1 (sky130_fd_sc_hd__o221a_1)
     1    0.002089    0.047728    0.185657    4.380213 ^ _0783_/X (sky130_fd_sc_hd__o221a_1)
                                                         _0034_ (net)
                      0.047728    0.000004    4.380218 ^ _1418_/D (sky130_fd_sc_hd__dfxtp_1)
                                              4.380218   data arrival time

                                 10.000000   10.000000   clock clk (rise edge)
                                  0.000000   10.000000   clock source latency
     1    0.021601    0.102883    0.071047   10.071048 ^ clk (in)
                                                         clk (net)
                      0.102899    0.000000   10.071048 ^ clkbuf_0_clk/A (sky130_fd_sc_hd__clkbuf_16)
     8    0.084380    0.101038    0.195787   10.266834 ^ clkbuf_0_clk/X (sky130_fd_sc_hd__clkbuf_16)
                                                         clknet_0_clk (net)
                      0.101044    0.000914   10.267748 ^ clkbuf_3_6__f_clk/A (sky130_fd_sc_hd__clkbuf_16)
    14    0.039871    0.059707    0.162352   10.430099 ^ clkbuf_3_6__f_clk/X (sky130_fd_sc_hd__clkbuf_16)
                                                         clknet_3_6__leaf_clk (net)
                      0.059710    0.000440   10.430539 ^ _1418_/CLK (sky130_fd_sc_hd__dfxtp_1)
                                 -0.250000   10.180539   clock uncertainty
                                  0.000000   10.180539   clock reconvergence pessimism
                                 -0.052524   10.128016   library setup time
                                             10.128016   data required time
---------------------------------------------------------------------------------------------
                                             10.128016   data required time
                                             -4.380218   data arrival time
---------------------------------------------------------------------------------------------
                                              5.747797   slack (MET)


Startpoint: addr[5] (input port clocked by clk)
Endpoint: _1403_ (rising edge-triggered flip-flop clocked by clk)
Path Group: clk
Path Type: max

Fanout         Cap        Slew       Delay        Time   Description
---------------------------------------------------------------------------------------------
                                  0.000000    0.000000   clock clk (rise edge)
                                  0.000000    0.000000   clock network delay (propagated)
                                  2.000000    2.000000 v input external delay
     1    0.002548    0.008050    0.003987    2.003987 v addr[5] (in)
                                                         addr[5] (net)
                      0.008050    0.000000    2.003987 v input6/A (sky130_fd_sc_hd__clkbuf_1)
     1    0.001937    0.022876    0.067235    2.071222 v input6/X (sky130_fd_sc_hd__clkbuf_1)
                                                         net6 (net)
                      0.022876    0.000006    2.071228 v _0697_/A (sky130_fd_sc_hd__or4_1)
     2    0.003603    0.091623    0.516142    2.587370 v _0697_/X (sky130_fd_sc_hd__or4_1)
                                                         _0086_ (net)
                      0.091623    0.000016    2.587386 v _0700_/B (sky130_fd_sc_hd__or2_1)
     2    0.011534    0.086338    0.267642    2.855028 v _0700_/X (sky130_fd_sc_hd__or2_1)
                                                         _0088_ (net)
                      0.086338    0.000052    2.855080 v _0701_/D (sky130_fd_sc_hd__nor4_1)
     2    0.007140    0.379471    0.294822    3.149902 ^ _0701_/Y (sky130_fd_sc_hd__nor4_1)
                                                         _0089_ (net)
                      0.379471    0.000060    3.149962 ^ max_cap64/A (sky130_fd_sc_hd__clkbuf_2)
     5    0.018180    0.108212    0.233626    3.383589 ^ max_cap64/X (sky130_fd_sc_hd__clkbuf_2)
                                                         net64 (net)
                      0.108212    0.000024    3.383612 ^ max_cap63/A (sky130_fd_sc_hd__clkbuf_2)
     4    0.015487    0.091282    0.161999    3.545611 ^ max_cap63/X (sky130_fd_sc_hd__clkbuf_2)
                                                         net63 (net)
                      0.091282    0.000273    3.545884 ^ _0746_/A2 (sky130_fd_sc_hd__a221o_1)
     1    0.010048    0.110063    0.199054    3.744938 ^ _0746_/X (sky130_fd_sc_hd__a221o_1)
                                                         _0119_ (net)
                      0.110063    0.000318    3.745257 ^ fanout59/A (sky130_fd_sc_hd__clkbuf_4)
     8    0.039734    0.127825    0.220197    3.965453 ^ fanout59/X (sky130_fd_sc_hd__clkbuf_4)
                                                         net59 (net)
                      0.127845    0.001596    3.967049 ^ fanout57/A (sky130_fd_sc_hd__clkbuf_4)
    10    0.039550    0.127261    0.226671    4.193720 ^ fanout57/X (sky130_fd_sc_hd__clkbuf_4)
                                                         net57 (net)
                      0.127261    0.000259    4.193979 ^ _0753_/B1 (sky130_fd_sc_hd__o221a_1)
     1    0.002015    0.047044    0.184997    4.378976 ^ _0753_/X (sky130_fd_sc_hd__o221a_1)
                                                         _0019_ (net)
                      0.047044    0.000004    4.378980 ^ _1403_/D (sky130_fd_sc_hd__dfxtp_1)
                                              4.378980   data arrival time

                                 10.000000   10.000000   clock clk (rise edge)
                                  0.000000   10.000000   clock source latency
     1    0.021601    0.102883    0.071047   10.071048 ^ clk (in)
                                                         clk (net)
                      0.102899    0.000000   10.071048 ^ clkbuf_0_clk/A (sky130_fd_sc_hd__clkbuf_16)
     8    0.084380    0.101038    0.195787   10.266834 ^ clkbuf_0_clk/X (sky130_fd_sc_hd__clkbuf_16)
                                                         clknet_0_clk (net)
                      0.101041    0.000711   10.267545 ^ clkbuf_3_5__f_clk/A (sky130_fd_sc_hd__clkbuf_16)
    14    0.038852    0.058816    0.161642   10.429187 ^ clkbuf_3_5__f_clk/X (sky130_fd_sc_hd__clkbuf_16)
                                                         clknet_3_5__leaf_clk (net)
                      0.058817    0.000259   10.429446 ^ _1403_/CLK (sky130_fd_sc_hd__dfxtp_1)
                                 -0.250000   10.179446   clock uncertainty
                                  0.000000   10.179446   clock reconvergence pessimism
                                 -0.052494   10.126952   library setup time
                                             10.126952   data required time
---------------------------------------------------------------------------------------------
                                             10.126952   data required time
                                             -4.378980   data arrival time
---------------------------------------------------------------------------------------------
                                              5.747972   slack (MET)


Startpoint: addr[5] (input port clocked by clk)
Endpoint: _1408_ (rising edge-triggered flip-flop clocked by clk)
Path Group: clk
Path Type: max

Fanout         Cap        Slew       Delay        Time   Description
---------------------------------------------------------------------------------------------
                                  0.000000    0.000000   clock clk (rise edge)
                                  0.000000    0.000000   clock network delay (propagated)
                                  2.000000    2.000000 v input external delay
     1    0.002548    0.008050    0.003987    2.003987 v addr[5] (in)
                                                         addr[5] (net)
                      0.008050    0.000000    2.003987 v input6/A (sky130_fd_sc_hd__clkbuf_1)
     1    0.001937    0.022876    0.067235    2.071222 v input6/X (sky130_fd_sc_hd__clkbuf_1)
                                                         net6 (net)
                      0.022876    0.000006    2.071228 v _0697_/A (sky130_fd_sc_hd__or4_1)
     2    0.003603    0.091623    0.516142    2.587370 v _0697_/X (sky130_fd_sc_hd__or4_1)
                                                         _0086_ (net)
                      0.091623    0.000016    2.587386 v _0700_/B (sky130_fd_sc_hd__or2_1)
     2    0.011534    0.086338    0.267642    2.855028 v _0700_/X (sky130_fd_sc_hd__or2_1)
                                                         _0088_ (net)
                      0.086338    0.000052    2.855080 v _0701_/D (sky130_fd_sc_hd__nor4_1)
     2    0.007140    0.379471    0.294822    3.149902 ^ _0701_/Y (sky130_fd_sc_hd__nor4_1)
                                                         _0089_ (net)
                      0.379471    0.000060    3.149962 ^ max_cap64/A (sky130_fd_sc_hd__clkbuf_2)
     5    0.018180    0.108212    0.233626    3.383589 ^ max_cap64/X (sky130_fd_sc_hd__clkbuf_2)
                                                         net64 (net)
                      0.108212    0.000024    3.383612 ^ max_cap63/A (sky130_fd_sc_hd__clkbuf_2)
     4    0.015487    0.091282    0.161999    3.545611 ^ max_cap63/X (sky130_fd_sc_hd__clkbuf_2)
                                                         net63 (net)
                      0.091282    0.000273    3.545884 ^ _0746_/A2 (sky130_fd_sc_hd__a221o_1)
     1    0.010048    0.110063    0.199054    3.744938 ^ _0746_/X (sky130_fd_sc_hd__a221o_1)
                                                         _0119_ (net)
                      0.110063    0.000318    3.745257 ^ fanout59/A (sky130_fd_sc_hd__clkbuf_4)
     8    0.039734    0.127825    0.220197    3.965453 ^ fanout59/X (sky130_fd_sc_hd__clkbuf_4)
                                                         net59 (net)
                      0.127845    0.001596    3.967049 ^ fanout57/A (sky130_fd_sc_hd__clkbuf_4)
    10    0.039550    0.127261    0.226671    4.193720 ^ fanout57/X (sky130_fd_sc_hd__clkbuf_4)
                                                         net57 (net)
                      0.127261    0.000327    4.194047 ^ _0763_/B1 (sky130_fd_sc_hd__o221a_1)
     1    0.001976    0.046676    0.184643    4.378690 ^ _0763_/X (sky130_fd_sc_hd__o221a_1)
                                                         _0024_ (net)
                      0.046676    0.000004    4.378694 ^ _1408_/D (sky130_fd_sc_hd__dfxtp_1)
                                              4.378694   data arrival time

                                 10.000000   10.000000   clock clk (rise edge)
                                  0.000000   10.000000   clock source latency
     1    0.021601    0.102883    0.071047   10.071048 ^ clk (in)
                                                         clk (net)
                      0.102899    0.000000   10.071048 ^ clkbuf_0_clk/A (sky130_fd_sc_hd__clkbuf_16)
     8    0.084380    0.101038    0.195787   10.266834 ^ clkbuf_0_clk/X (sky130_fd_sc_hd__clkbuf_16)
                                                         clknet_0_clk (net)
                      0.101041    0.000711   10.267545 ^ clkbuf_3_5__f_clk/A (sky130_fd_sc_hd__clkbuf_16)
    14    0.038852    0.058816    0.161642   10.429187 ^ clkbuf_3_5__f_clk/X (sky130_fd_sc_hd__clkbuf_16)
                                                         clknet_3_5__leaf_clk (net)
                      0.058817    0.000228   10.429415 ^ _1408_/CLK (sky130_fd_sc_hd__dfxtp_1)
                                 -0.250000   10.179415   clock uncertainty
                                  0.000000   10.179415   clock reconvergence pessimism
                                 -0.052409   10.127007   library setup time
                                             10.127007   data required time
---------------------------------------------------------------------------------------------
                                             10.127007   data required time
                                             -4.378694   data arrival time
---------------------------------------------------------------------------------------------
                                              5.748312   slack (MET)


Startpoint: addr[5] (input port clocked by clk)
Endpoint: _1407_ (rising edge-triggered flip-flop clocked by clk)
Path Group: clk
Path Type: max

Fanout         Cap        Slew       Delay        Time   Description
---------------------------------------------------------------------------------------------
                                  0.000000    0.000000   clock clk (rise edge)
                                  0.000000    0.000000   clock network delay (propagated)
                                  2.000000    2.000000 v input external delay
     1    0.002548    0.008050    0.003987    2.003987 v addr[5] (in)
                                                         addr[5] (net)
                      0.008050    0.000000    2.003987 v input6/A (sky130_fd_sc_hd__clkbuf_1)
     1    0.001937    0.022876    0.067235    2.071222 v input6/X (sky130_fd_sc_hd__clkbuf_1)
                                                         net6 (net)
                      0.022876    0.000006    2.071228 v _0697_/A (sky130_fd_sc_hd__or4_1)
     2    0.003603    0.091623    0.516142    2.587370 v _0697_/X (sky130_fd_sc_hd__or4_1)
                                                         _0086_ (net)
                      0.091623    0.000016    2.587386 v _0700_/B (sky130_fd_sc_hd__or2_1)
     2    0.011534    0.086338    0.267642    2.855028 v _0700_/X (sky130_fd_sc_hd__or2_1)
                                                         _0088_ (net)
                      0.086338    0.000052    2.855080 v _0701_/D (sky130_fd_sc_hd__nor4_1)
     2    0.007140    0.379471    0.294822    3.149902 ^ _0701_/Y (sky130_fd_sc_hd__nor4_1)
                                                         _0089_ (net)
                      0.379471    0.000060    3.149962 ^ max_cap64/A (sky130_fd_sc_hd__clkbuf_2)
     5    0.018180    0.108212    0.233626    3.383589 ^ max_cap64/X (sky130_fd_sc_hd__clkbuf_2)
                                                         net64 (net)
                      0.108212    0.000024    3.383612 ^ max_cap63/A (sky130_fd_sc_hd__clkbuf_2)
     4    0.015487    0.091282    0.161999    3.545611 ^ max_cap63/X (sky130_fd_sc_hd__clkbuf_2)
                                                         net63 (net)
                      0.091282    0.000273    3.545884 ^ _0746_/A2 (sky130_fd_sc_hd__a221o_1)
     1    0.010048    0.110063    0.199054    3.744938 ^ _0746_/X (sky130_fd_sc_hd__a221o_1)
                                                         _0119_ (net)
                      0.110063    0.000318    3.745257 ^ fanout59/A (sky130_fd_sc_hd__clkbuf_4)
     8    0.039734    0.127825    0.220197    3.965453 ^ fanout59/X (sky130_fd_sc_hd__clkbuf_4)
                                                         net59 (net)
                      0.127845    0.001596    3.967049 ^ fanout57/A (sky130_fd_sc_hd__clkbuf_4)
    10    0.039550    0.127261    0.226671    4.193720 ^ fanout57/X (sky130_fd_sc_hd__clkbuf_4)
                                                         net57 (net)
                      0.127261    0.000183    4.193902 ^ _0761_/B1 (sky130_fd_sc_hd__o221a_1)
     1    0.001936    0.046312    0.184289    4.378191 ^ _0761_/X (sky130_fd_sc_hd__o221a_1)
                                                         _0023_ (net)
                      0.046312    0.000003    4.378194 ^ _1407_/D (sky130_fd_sc_hd__dfxtp_1)
                                              4.378194   data arrival time

                                 10.000000   10.000000   clock clk (rise edge)
                                  0.000000   10.000000   clock source latency
     1    0.021601    0.102883    0.071047   10.071048 ^ clk (in)
                                                         clk (net)
                      0.102899    0.000000   10.071048 ^ clkbuf_0_clk/A (sky130_fd_sc_hd__clkbuf_16)
     8    0.084380    0.101038    0.195787   10.266834 ^ clkbuf_0_clk/X (sky130_fd_sc_hd__clkbuf_16)
                                                         clknet_0_clk (net)
                      0.101041    0.000711   10.267545 ^ clkbuf_3_5__f_clk/A (sky130_fd_sc_hd__clkbuf_16)
    14    0.038852    0.058816    0.161642   10.429187 ^ clkbuf_3_5__f_clk/X (sky130_fd_sc_hd__clkbuf_16)
                                                         clknet_3_5__leaf_clk (net)
                      0.058817    0.000280   10.429466 ^ _1407_/CLK (sky130_fd_sc_hd__dfxtp_1)
                                 -0.250000   10.179466   clock uncertainty
                                  0.000000   10.179466   clock reconvergence pessimism
                                 -0.052325   10.127141   library setup time
                                             10.127141   data required time
---------------------------------------------------------------------------------------------
                                             10.127141   data required time
                                             -4.378194   data arrival time
---------------------------------------------------------------------------------------------
                                              5.748947   slack (MET)


Startpoint: addr[5] (input port clocked by clk)
Endpoint: _1409_ (rising edge-triggered flip-flop clocked by clk)
Path Group: clk
Path Type: max

Fanout         Cap        Slew       Delay        Time   Description
---------------------------------------------------------------------------------------------
                                  0.000000    0.000000   clock clk (rise edge)
                                  0.000000    0.000000   clock network delay (propagated)
                                  2.000000    2.000000 v input external delay
     1    0.002548    0.008050    0.003987    2.003987 v addr[5] (in)
                                                         addr[5] (net)
                      0.008050    0.000000    2.003987 v input6/A (sky130_fd_sc_hd__clkbuf_1)
     1    0.001937    0.022876    0.067235    2.071222 v input6/X (sky130_fd_sc_hd__clkbuf_1)
                                                         net6 (net)
                      0.022876    0.000006    2.071228 v _0697_/A (sky130_fd_sc_hd__or4_1)
     2    0.003603    0.091623    0.516142    2.587370 v _0697_/X (sky130_fd_sc_hd__or4_1)
                                                         _0086_ (net)
                      0.091623    0.000016    2.587386 v _0700_/B (sky130_fd_sc_hd__or2_1)
     2    0.011534    0.086338    0.267642    2.855028 v _0700_/X (sky130_fd_sc_hd__or2_1)
                                                         _0088_ (net)
                      0.086338    0.000052    2.855080 v _0701_/D (sky130_fd_sc_hd__nor4_1)
     2    0.007140    0.379471    0.294822    3.149902 ^ _0701_/Y (sky130_fd_sc_hd__nor4_1)
                                                         _0089_ (net)
                      0.379471    0.000060    3.149962 ^ max_cap64/A (sky130_fd_sc_hd__clkbuf_2)
     5    0.018180    0.108212    0.233626    3.383589 ^ max_cap64/X (sky130_fd_sc_hd__clkbuf_2)
                                                         net64 (net)
                      0.108212    0.000024    3.383612 ^ max_cap63/A (sky130_fd_sc_hd__clkbuf_2)
     4    0.015487    0.091282    0.161999    3.545611 ^ max_cap63/X (sky130_fd_sc_hd__clkbuf_2)
                                                         net63 (net)
                      0.091282    0.000273    3.545884 ^ _0746_/A2 (sky130_fd_sc_hd__a221o_1)
     1    0.010048    0.110063    0.199054    3.744938 ^ _0746_/X (sky130_fd_sc_hd__a221o_1)
                                                         _0119_ (net)
                      0.110063    0.000318    3.745257 ^ fanout59/A (sky130_fd_sc_hd__clkbuf_4)
     8    0.039734    0.127825    0.220197    3.965453 ^ fanout59/X (sky130_fd_sc_hd__clkbuf_4)
                                                         net59 (net)
                      0.127845    0.001596    3.967049 ^ fanout57/A (sky130_fd_sc_hd__clkbuf_4)
    10    0.039550    0.127261    0.226671    4.193720 ^ fanout57/X (sky130_fd_sc_hd__clkbuf_4)
                                                         net57 (net)
                      0.127261    0.000411    4.194131 ^ _0765_/B1 (sky130_fd_sc_hd__o221a_1)
     1    0.001849    0.045514    0.183509    4.377640 ^ _0765_/X (sky130_fd_sc_hd__o221a_1)
                                                         _0025_ (net)
                      0.045514    0.000001    4.377642 ^ _1409_/D (sky130_fd_sc_hd__dfxtp_1)
                                              4.377642   data arrival time

                                 10.000000   10.000000   clock clk (rise edge)
                                  0.000000   10.000000   clock source latency
     1    0.021601    0.102883    0.071047   10.071048 ^ clk (in)
                                                         clk (net)
                      0.102899    0.000000   10.071048 ^ clkbuf_0_clk/A (sky130_fd_sc_hd__clkbuf_16)
     8    0.084380    0.101038    0.195787   10.266834 ^ clkbuf_0_clk/X (sky130_fd_sc_hd__clkbuf_16)
                                                         clknet_0_clk (net)
                      0.101041    0.000711   10.267545 ^ clkbuf_3_5__f_clk/A (sky130_fd_sc_hd__clkbuf_16)
    14    0.038852    0.058816    0.161642   10.429187 ^ clkbuf_3_5__f_clk/X (sky130_fd_sc_hd__clkbuf_16)
                                                         clknet_3_5__leaf_clk (net)
                      0.058816    0.000222   10.429409 ^ _1409_/CLK (sky130_fd_sc_hd__dfxtp_1)
                                 -0.250000   10.179409   clock uncertainty
                                  0.000000   10.179409   clock reconvergence pessimism
                                 -0.052141   10.127267   library setup time
                                             10.127267   data required time
---------------------------------------------------------------------------------------------
                                             10.127267   data required time
                                             -4.377642   data arrival time
---------------------------------------------------------------------------------------------
                                              5.749626   slack (MET)


Startpoint: addr[5] (input port clocked by clk)
Endpoint: _1405_ (rising edge-triggered flip-flop clocked by clk)
Path Group: clk
Path Type: max

Fanout         Cap        Slew       Delay        Time   Description
---------------------------------------------------------------------------------------------
                                  0.000000    0.000000   clock clk (rise edge)
                                  0.000000    0.000000   clock network delay (propagated)
                                  2.000000    2.000000 v input external delay
     1    0.002548    0.008050    0.003987    2.003987 v addr[5] (in)
                                                         addr[5] (net)
                      0.008050    0.000000    2.003987 v input6/A (sky130_fd_sc_hd__clkbuf_1)
     1    0.001937    0.022876    0.067235    2.071222 v input6/X (sky130_fd_sc_hd__clkbuf_1)
                                                         net6 (net)
                      0.022876    0.000006    2.071228 v _0697_/A (sky130_fd_sc_hd__or4_1)
     2    0.003603    0.091623    0.516142    2.587370 v _0697_/X (sky130_fd_sc_hd__or4_1)
                                                         _0086_ (net)
                      0.091623    0.000016    2.587386 v _0700_/B (sky130_fd_sc_hd__or2_1)
     2    0.011534    0.086338    0.267642    2.855028 v _0700_/X (sky130_fd_sc_hd__or2_1)
                                                         _0088_ (net)
                      0.086338    0.000052    2.855080 v _0701_/D (sky130_fd_sc_hd__nor4_1)
     2    0.007140    0.379471    0.294822    3.149902 ^ _0701_/Y (sky130_fd_sc_hd__nor4_1)
                                                         _0089_ (net)
                      0.379471    0.000060    3.149962 ^ max_cap64/A (sky130_fd_sc_hd__clkbuf_2)
     5    0.018180    0.108212    0.233626    3.383589 ^ max_cap64/X (sky130_fd_sc_hd__clkbuf_2)
                                                         net64 (net)
                      0.108212    0.000024    3.383612 ^ max_cap63/A (sky130_fd_sc_hd__clkbuf_2)
     4    0.015487    0.091282    0.161999    3.545611 ^ max_cap63/X (sky130_fd_sc_hd__clkbuf_2)
                                                         net63 (net)
                      0.091282    0.000273    3.545884 ^ _0746_/A2 (sky130_fd_sc_hd__a221o_1)
     1    0.010048    0.110063    0.199054    3.744938 ^ _0746_/X (sky130_fd_sc_hd__a221o_1)
                                                         _0119_ (net)
                      0.110063    0.000318    3.745257 ^ fanout59/A (sky130_fd_sc_hd__clkbuf_4)
     8    0.039734    0.127825    0.220197    3.965453 ^ fanout59/X (sky130_fd_sc_hd__clkbuf_4)
                                                         net59 (net)
                      0.127845    0.001596    3.967049 ^ fanout57/A (sky130_fd_sc_hd__clkbuf_4)
    10    0.039550    0.127261    0.226671    4.193720 ^ fanout57/X (sky130_fd_sc_hd__clkbuf_4)
                                                         net57 (net)
                      0.127261    0.000025    4.193745 ^ _0757_/B1 (sky130_fd_sc_hd__o221a_1)
     1    0.001874    0.045735    0.183729    4.377474 ^ _0757_/X (sky130_fd_sc_hd__o221a_1)
                                                         _0021_ (net)
                      0.045735    0.000002    4.377477 ^ _1405_/D (sky130_fd_sc_hd__dfxtp_1)
                                              4.377477   data arrival time

                                 10.000000   10.000000   clock clk (rise edge)
                                  0.000000   10.000000   clock source latency
     1    0.021601    0.102883    0.071047   10.071048 ^ clk (in)
                                                         clk (net)
                      0.102899    0.000000   10.071048 ^ clkbuf_0_clk/A (sky130_fd_sc_hd__clkbuf_16)
     8    0.084380    0.101038    0.195787   10.266834 ^ clkbuf_0_clk/X (sky130_fd_sc_hd__clkbuf_16)
                                                         clknet_0_clk (net)
                      0.101041    0.000711   10.267545 ^ clkbuf_3_5__f_clk/A (sky130_fd_sc_hd__clkbuf_16)
    14    0.038852    0.058816    0.161642   10.429187 ^ clkbuf_3_5__f_clk/X (sky130_fd_sc_hd__clkbuf_16)
                                                         clknet_3_5__leaf_clk (net)
                      0.058817    0.000315   10.429502 ^ _1405_/CLK (sky130_fd_sc_hd__dfxtp_1)
                                 -0.250000   10.179502   clock uncertainty
                                  0.000000   10.179502   clock reconvergence pessimism
                                 -0.052192   10.127310   library setup time
                                             10.127310   data required time
---------------------------------------------------------------------------------------------
                                             10.127310   data required time
                                             -4.377477   data arrival time
---------------------------------------------------------------------------------------------
                                              5.749833   slack (MET)


Startpoint: addr[5] (input port clocked by clk)
Endpoint: _1404_ (rising edge-triggered flip-flop clocked by clk)
Path Group: clk
Path Type: max

Fanout         Cap        Slew       Delay        Time   Description
---------------------------------------------------------------------------------------------
                                  0.000000    0.000000   clock clk (rise edge)
                                  0.000000    0.000000   clock network delay (propagated)
                                  2.000000    2.000000 v input external delay
     1    0.002548    0.008050    0.003987    2.003987 v addr[5] (in)
                                                         addr[5] (net)
                      0.008050    0.000000    2.003987 v input6/A (sky130_fd_sc_hd__clkbuf_1)
     1    0.001937    0.022876    0.067235    2.071222 v input6/X (sky130_fd_sc_hd__clkbuf_1)
                                                         net6 (net)
                      0.022876    0.000006    2.071228 v _0697_/A (sky130_fd_sc_hd__or4_1)
     2    0.003603    0.091623    0.516142    2.587370 v _0697_/X (sky130_fd_sc_hd__or4_1)
                                                         _0086_ (net)
                      0.091623    0.000016    2.587386 v _0700_/B (sky130_fd_sc_hd__or2_1)
     2    0.011534    0.086338    0.267642    2.855028 v _0700_/X (sky130_fd_sc_hd__or2_1)
                                                         _0088_ (net)
                      0.086338    0.000052    2.855080 v _0701_/D (sky130_fd_sc_hd__nor4_1)
     2    0.007140    0.379471    0.294822    3.149902 ^ _0701_/Y (sky130_fd_sc_hd__nor4_1)
                                                         _0089_ (net)
                      0.379471    0.000060    3.149962 ^ max_cap64/A (sky130_fd_sc_hd__clkbuf_2)
     5    0.018180    0.108212    0.233626    3.383589 ^ max_cap64/X (sky130_fd_sc_hd__clkbuf_2)
                                                         net64 (net)
                      0.108212    0.000024    3.383612 ^ max_cap63/A (sky130_fd_sc_hd__clkbuf_2)
     4    0.015487    0.091282    0.161999    3.545611 ^ max_cap63/X (sky130_fd_sc_hd__clkbuf_2)
                                                         net63 (net)
                      0.091282    0.000273    3.545884 ^ _0746_/A2 (sky130_fd_sc_hd__a221o_1)
     1    0.010048    0.110063    0.199054    3.744938 ^ _0746_/X (sky130_fd_sc_hd__a221o_1)
                                                         _0119_ (net)
                      0.110063    0.000318    3.745257 ^ fanout59/A (sky130_fd_sc_hd__clkbuf_4)
     8    0.039734    0.127825    0.220197    3.965453 ^ fanout59/X (sky130_fd_sc_hd__clkbuf_4)
                                                         net59 (net)
                      0.127845    0.001596    3.967049 ^ fanout57/A (sky130_fd_sc_hd__clkbuf_4)
    10    0.039550    0.127261    0.226671    4.193720 ^ fanout57/X (sky130_fd_sc_hd__clkbuf_4)
                                                         net57 (net)
                      0.127261    0.000038    4.193758 ^ _0755_/B1 (sky130_fd_sc_hd__o221a_1)
     1    0.001849    0.045513    0.183510    4.377267 ^ _0755_/X (sky130_fd_sc_hd__o221a_1)
                                                         _0020_ (net)
                      0.045513    0.000001    4.377269 ^ _1404_/D (sky130_fd_sc_hd__dfxtp_1)
                                              4.377269   data arrival time

                                 10.000000   10.000000   clock clk (rise edge)
                                  0.000000   10.000000   clock source latency
     1    0.021601    0.102883    0.071047   10.071048 ^ clk (in)
                                                         clk (net)
                      0.102899    0.000000   10.071048 ^ clkbuf_0_clk/A (sky130_fd_sc_hd__clkbuf_16)
     8    0.084380    0.101038    0.195787   10.266834 ^ clkbuf_0_clk/X (sky130_fd_sc_hd__clkbuf_16)
                                                         clknet_0_clk (net)
                      0.101041    0.000711   10.267545 ^ clkbuf_3_5__f_clk/A (sky130_fd_sc_hd__clkbuf_16)
    14    0.038852    0.058816    0.161642   10.429187 ^ clkbuf_3_5__f_clk/X (sky130_fd_sc_hd__clkbuf_16)
                                                         clknet_3_5__leaf_clk (net)
                      0.058817    0.000250   10.429437 ^ _1404_/CLK (sky130_fd_sc_hd__dfxtp_1)
                                 -0.250000   10.179437   clock uncertainty
                                  0.000000   10.179437   clock reconvergence pessimism
                                 -0.052141   10.127295   library setup time
                                             10.127295   data required time
---------------------------------------------------------------------------------------------
                                             10.127295   data required time
                                             -4.377269   data arrival time
---------------------------------------------------------------------------------------------
                                              5.750026   slack (MET)


Startpoint: _1425_ (rising edge-triggered flip-flop clocked by clk)
Endpoint: _1442_ (rising edge-triggered flip-flop clocked by clk)
Path Group: clk
Path Type: max

Fanout         Cap        Slew       Delay        Time   Description
---------------------------------------------------------------------------------------------
                                  0.000000    0.000000   clock clk (rise edge)
                                  0.000000    0.000000   clock source latency
     1    0.021601    0.102883    0.071047    0.071047 ^ clk (in)
                                                         clk (net)
                      0.102899    0.000000    0.071047 ^ clkbuf_0_clk/A (sky130_fd_sc_hd__clkbuf_16)
     8    0.084380    0.101038    0.195786    0.266833 ^ clkbuf_0_clk/X (sky130_fd_sc_hd__clkbuf_16)
                                                         clknet_0_clk (net)
                      0.101071    0.001725    0.268558 ^ clkbuf_3_1__f_clk/A (sky130_fd_sc_hd__clkbuf_16)
    13    0.038816    0.058789    0.161655    0.430214 ^ clkbuf_3_1__f_clk/X (sky130_fd_sc_hd__clkbuf_16)
                                                         clknet_3_1__leaf_clk (net)
                      0.058789    0.000110    0.430323 ^ _1425_/CLK (sky130_fd_sc_hd__dfxtp_4)
     3    0.011358    0.039341    0.347145    0.777468 v _1425_/Q (sky130_fd_sc_hd__dfxtp_4)
                                                         core_b[0] (net)
                      0.039341    0.000028    0.777497 v fanout79/A (sky130_fd_sc_hd__buf_8)
     5    0.016012    0.028363    0.118368    0.895865 v fanout79/X (sky130_fd_sc_hd__buf_8)
                                                         net79 (net)
                      0.028363    0.000143    0.896008 v _1019_/C (sky130_fd_sc_hd__and3_4)
     5    0.009757    0.039344    0.176539    1.072547 v _1019_/X (sky130_fd_sc_hd__and3_4)
                                                         _0351_ (net)
                      0.039344    0.000018    1.072565 v _1023_/B (sky130_fd_sc_hd__or4bb_4)
     2    0.005061    0.086298    0.508876    1.581441 v _1023_/X (sky130_fd_sc_hd__or4bb_4)
                                                         _0355_ (net)
                      0.086298    0.000007    1.581448 v _1026_/A1 (sky130_fd_sc_hd__a21o_1)
     3    0.009832    0.061774    0.199269    1.780717 v _1026_/X (sky130_fd_sc_hd__a21o_1)
                                                         _0358_ (net)
                      0.061774    0.000047    1.780764 v _1028_/A1 (sky130_fd_sc_hd__a21o_1)
     2    0.007345    0.053543    0.178236    1.959000 v _1028_/X (sky130_fd_sc_hd__a21o_1)
                                                         _0360_ (net)
                      0.053543    0.000024    1.959024 v _1031_/A1 (sky130_fd_sc_hd__a21o_1)
     3    0.008878    0.058636    0.181799    2.140823 v _1031_/X (sky130_fd_sc_hd__a21o_1)
                                                         _0363_ (net)
                      0.058636    0.000084    2.140907 v _1032_/B (sky130_fd_sc_hd__and3_1)
     3    0.007578    0.057796    0.188371    2.329278 v _1032_/X (sky130_fd_sc_hd__and3_1)
                                                         _0364_ (net)
                      0.057796    0.000032    2.329310 v _1037_/A2 (sky130_fd_sc_hd__o211a_1)
     2    0.004876    0.049546    0.215574    2.544884 v _1037_/X (sky130_fd_sc_hd__o211a_1)
                                                         _0369_ (net)
                      0.049546    0.000005    2.544889 v _1038_/A (sky130_fd_sc_hd__or3_4)
     4    0.012952    0.082435    0.405667    2.950555 v _1038_/X (sky130_fd_sc_hd__or3_4)
                                                         _0370_ (net)
                      0.082435    0.000026    2.950581 v _1041_/A2 (sky130_fd_sc_hd__a211o_1)
     2    0.004413    0.057165    0.308486    3.259068 v _1041_/X (sky130_fd_sc_hd__a211o_1)
                                                         _0373_ (net)
                      0.057165    0.000012    3.259079 v _1042_/B (sky130_fd_sc_hd__and2b_1)
     2    0.007556    0.054058    0.178711    3.437790 v _1042_/X (sky130_fd_sc_hd__and2b_1)
                                                         _0374_ (net)
                      0.054058    0.000034    3.437825 v _1043_/B (sky130_fd_sc_hd__xor2_1)
     2    0.003370    0.054654    0.141540    3.579365 v _1043_/X (sky130_fd_sc_hd__xor2_1)
                                                         _0375_ (net)
                      0.054654    0.000006    3.579371 v _1045_/B (sky130_fd_sc_hd__or2_1)
     2    0.007147    0.070279    0.231427    3.810797 v _1045_/X (sky130_fd_sc_hd__or2_1)
                                                         _0377_ (net)
                      0.070279    0.000010    3.810808 v _1051_/A1 (sky130_fd_sc_hd__a21oi_2)
     4    0.011814    0.176119    0.191282    4.002090 ^ _1051_/Y (sky130_fd_sc_hd__a21oi_2)
                                                         _0382_ (net)
                      0.176119    0.000037    4.002127 ^ _1089_/B1 (sky130_fd_sc_hd__o21a_1)
     1    0.002692    0.042577    0.142852    4.144979 ^ _1089_/X (sky130_fd_sc_hd__o21a_1)
                                                         _0420_ (net)
                      0.042577    0.000004    4.144983 ^ _1091_/A1 (sky130_fd_sc_hd__o21ai_1)
     1    0.002514    0.054171    0.059888    4.204870 v _1091_/Y (sky130_fd_sc_hd__o21ai_1)
                                                         _0422_ (net)
                      0.054171    0.000004    4.204874 v _1092_/C1 (sky130_fd_sc_hd__o211a_1)
     1    0.002550    0.038519    0.106110    4.310984 v _1092_/X (sky130_fd_sc_hd__o211a_1)
                                                         _0058_ (net)
                      0.038519    0.000009    4.310993 v _1442_/D (sky130_fd_sc_hd__dfxtp_1)
                                              4.310993   data arrival time

                                 10.000000   10.000000   clock clk (rise edge)
                                  0.000000   10.000000   clock source latency
     1    0.021601    0.102883    0.071047   10.071048 ^ clk (in)
                                                         clk (net)
                      0.102899    0.000000   10.071048 ^ clkbuf_0_clk/A (sky130_fd_sc_hd__clkbuf_16)
     8    0.084380    0.101038    0.195787   10.266834 ^ clkbuf_0_clk/X (sky130_fd_sc_hd__clkbuf_16)
                                                         clknet_0_clk (net)
                      0.101041    0.000711   10.267545 ^ clkbuf_3_5__f_clk/A (sky130_fd_sc_hd__clkbuf_16)
    14    0.038852    0.058816    0.161642   10.429187 ^ clkbuf_3_5__f_clk/X (sky130_fd_sc_hd__clkbuf_16)
                                                         clknet_3_5__leaf_clk (net)
                      0.058818    0.000336   10.429523 ^ _1442_/CLK (sky130_fd_sc_hd__dfxtp_1)
                                 -0.250000   10.179523   clock uncertainty
                                  0.000000   10.179523   clock reconvergence pessimism
                                 -0.104459   10.075063   library setup time
                                             10.075063   data required time
---------------------------------------------------------------------------------------------
                                             10.075063   data required time
                                             -4.310993   data arrival time
---------------------------------------------------------------------------------------------
                                              5.764070   slack (MET)


Startpoint: addr[5] (input port clocked by clk)
Endpoint: _1385_ (rising edge-triggered flip-flop clocked by clk)
Path Group: clk
Path Type: max

Fanout         Cap        Slew       Delay        Time   Description
---------------------------------------------------------------------------------------------
                                  0.000000    0.000000   clock clk (rise edge)
                                  0.000000    0.000000   clock network delay (propagated)
                                  2.000000    2.000000 v input external delay
     1    0.002548    0.008050    0.003987    2.003987 v addr[5] (in)
                                                         addr[5] (net)
                      0.008050    0.000000    2.003987 v input6/A (sky130_fd_sc_hd__clkbuf_1)
     1    0.001937    0.022876    0.067235    2.071222 v input6/X (sky130_fd_sc_hd__clkbuf_1)
                                                         net6 (net)
                      0.022876    0.000006    2.071228 v _0697_/A (sky130_fd_sc_hd__or4_1)
     2    0.003603    0.091623    0.516142    2.587370 v _0697_/X (sky130_fd_sc_hd__or4_1)
                                                         _0086_ (net)
                      0.091623    0.000016    2.587386 v _0700_/B (sky130_fd_sc_hd__or2_1)
     2    0.011534    0.086338    0.267642    2.855028 v _0700_/X (sky130_fd_sc_hd__or2_1)
                                                         _0088_ (net)
                      0.086338    0.000052    2.855080 v _0701_/D (sky130_fd_sc_hd__nor4_1)
     2    0.007140    0.379471    0.294822    3.149902 ^ _0701_/Y (sky130_fd_sc_hd__nor4_1)
                                                         _0089_ (net)
                      0.379471    0.000060    3.149962 ^ max_cap64/A (sky130_fd_sc_hd__clkbuf_2)
     5    0.018180    0.108212    0.233626    3.383589 ^ max_cap64/X (sky130_fd_sc_hd__clkbuf_2)
                                                         net64 (net)
                      0.108212    0.000311    3.383900 ^ _0702_/C (sky130_fd_sc_hd__and3_4)
     8    0.037178    0.128131    0.268004    3.651903 ^ _0702_/X (sky130_fd_sc_hd__and3_4)
                                                         _0090_ (net)
                      0.128131    0.000110    3.652013 ^ _0703_/S (sky130_fd_sc_hd__mux2_1)
     1    0.001813    0.051085    0.321292    3.973305 v _0703_/X (sky130_fd_sc_hd__mux2_1)
                                                         _0091_ (net)
                      0.051085    0.000004    3.973309 v _0704_/B (sky130_fd_sc_hd__and2_1)
     1    0.001843    0.031818    0.147034    4.120342 v _0704_/X (sky130_fd_sc_hd__and2_1)
                                                         _0001_ (net)
                      0.031818    0.000001    4.120344 v _1385_/D (sky130_fd_sc_hd__dfxtp_1)
                                              4.120344   data arrival time

                                 10.000000   10.000000   clock clk (rise edge)
                                  0.000000   10.000000   clock source latency
     1    0.021601    0.102883    0.071047   10.071048 ^ clk (in)
                                                         clk (net)
                      0.102899    0.000000   10.071048 ^ clkbuf_0_clk/A (sky130_fd_sc_hd__clkbuf_16)
     8    0.084380    0.101038    0.195787   10.266834 ^ clkbuf_0_clk/X (sky130_fd_sc_hd__clkbuf_16)
                                                         clknet_0_clk (net)
                      0.101069    0.001692   10.268526 ^ clkbuf_3_0__f_clk/A (sky130_fd_sc_hd__clkbuf_16)
     9    0.033720    0.054343    0.157879   10.426405 ^ clkbuf_3_0__f_clk/X (sky130_fd_sc_hd__clkbuf_16)
                                                         clknet_3_0__leaf_clk (net)
                      0.054343    0.000134   10.426539 ^ _1385_/CLK (sky130_fd_sc_hd__dfxtp_1)
                                 -0.250000   10.176539   clock uncertainty
                                  0.000000   10.176539   clock reconvergence pessimism
                                 -0.102564   10.073975   library setup time
                                             10.073975   data required time
---------------------------------------------------------------------------------------------
                                             10.073975   data required time
                                             -4.120344   data arrival time
---------------------------------------------------------------------------------------------
                                              5.953631   slack (MET)


Startpoint: addr[5] (input port clocked by clk)
Endpoint: _1386_ (rising edge-triggered flip-flop clocked by clk)
Path Group: clk
Path Type: max

Fanout         Cap        Slew       Delay        Time   Description
---------------------------------------------------------------------------------------------
                                  0.000000    0.000000   clock clk (rise edge)
                                  0.000000    0.000000   clock network delay (propagated)
                                  2.000000    2.000000 v input external delay
     1    0.002548    0.008050    0.003987    2.003987 v addr[5] (in)
                                                         addr[5] (net)
                      0.008050    0.000000    2.003987 v input6/A (sky130_fd_sc_hd__clkbuf_1)
     1    0.001937    0.022876    0.067235    2.071222 v input6/X (sky130_fd_sc_hd__clkbuf_1)
                                                         net6 (net)
                      0.022876    0.000006    2.071228 v _0697_/A (sky130_fd_sc_hd__or4_1)
     2    0.003603    0.091623    0.516142    2.587370 v _0697_/X (sky130_fd_sc_hd__or4_1)
                                                         _0086_ (net)
                      0.091623    0.000016    2.587386 v _0700_/B (sky130_fd_sc_hd__or2_1)
     2    0.011534    0.086338    0.267642    2.855028 v _0700_/X (sky130_fd_sc_hd__or2_1)
                                                         _0088_ (net)
                      0.086338    0.000052    2.855080 v _0701_/D (sky130_fd_sc_hd__nor4_1)
     2    0.007140    0.379471    0.294822    3.149902 ^ _0701_/Y (sky130_fd_sc_hd__nor4_1)
                                                         _0089_ (net)
                      0.379471    0.000060    3.149962 ^ max_cap64/A (sky130_fd_sc_hd__clkbuf_2)
     5    0.018180    0.108212    0.233626    3.383589 ^ max_cap64/X (sky130_fd_sc_hd__clkbuf_2)
                                                         net64 (net)
                      0.108212    0.000311    3.383900 ^ _0702_/C (sky130_fd_sc_hd__and3_4)
     8    0.037178    0.128131    0.268004    3.651903 ^ _0702_/X (sky130_fd_sc_hd__and3_4)
                                                         _0090_ (net)
                      0.128131    0.000192    3.652095 ^ _0705_/S (sky130_fd_sc_hd__mux2_1)
     1    0.001773    0.050857    0.320919    3.973014 v _0705_/X (sky130_fd_sc_hd__mux2_1)
                                                         _0092_ (net)
                      0.050857    0.000003    3.973017 v _0706_/B (sky130_fd_sc_hd__and2_1)
     1    0.001843    0.031818    0.146934    4.119951 v _0706_/X (sky130_fd_sc_hd__and2_1)
                                                         _0002_ (net)
                      0.031818    0.000001    4.119952 v _1386_/D (sky130_fd_sc_hd__dfxtp_1)
                                              4.119952   data arrival time

                                 10.000000   10.000000   clock clk (rise edge)
                                  0.000000   10.000000   clock source latency
     1    0.021601    0.102883    0.071047   10.071048 ^ clk (in)
                                                         clk (net)
                      0.102899    0.000000   10.071048 ^ clkbuf_0_clk/A (sky130_fd_sc_hd__clkbuf_16)
     8    0.084380    0.101038    0.195787   10.266834 ^ clkbuf_0_clk/X (sky130_fd_sc_hd__clkbuf_16)
                                                         clknet_0_clk (net)
                      0.101069    0.001692   10.268526 ^ clkbuf_3_0__f_clk/A (sky130_fd_sc_hd__clkbuf_16)
     9    0.033720    0.054343    0.157879   10.426405 ^ clkbuf_3_0__f_clk/X (sky130_fd_sc_hd__clkbuf_16)
                                                         clknet_3_0__leaf_clk (net)
                      0.054343    0.000068   10.426474 ^ _1386_/CLK (sky130_fd_sc_hd__dfxtp_1)
                                 -0.250000   10.176474   clock uncertainty
                                  0.000000   10.176474   clock reconvergence pessimism
                                 -0.102564   10.073910   library setup time
                                             10.073910   data required time
---------------------------------------------------------------------------------------------
                                             10.073910   data required time
                                             -4.119952   data arrival time
---------------------------------------------------------------------------------------------
                                              5.953958   slack (MET)


Startpoint: addr[5] (input port clocked by clk)
Endpoint: _1390_ (rising edge-triggered flip-flop clocked by clk)
Path Group: clk
Path Type: max

Fanout         Cap        Slew       Delay        Time   Description
---------------------------------------------------------------------------------------------
                                  0.000000    0.000000   clock clk (rise edge)
                                  0.000000    0.000000   clock network delay (propagated)
                                  2.000000    2.000000 v input external delay
     1    0.002548    0.008050    0.003987    2.003987 v addr[5] (in)
                                                         addr[5] (net)
                      0.008050    0.000000    2.003987 v input6/A (sky130_fd_sc_hd__clkbuf_1)
     1    0.001937    0.022876    0.067235    2.071222 v input6/X (sky130_fd_sc_hd__clkbuf_1)
                                                         net6 (net)
                      0.022876    0.000006    2.071228 v _0697_/A (sky130_fd_sc_hd__or4_1)
     2    0.003603    0.091623    0.516142    2.587370 v _0697_/X (sky130_fd_sc_hd__or4_1)
                                                         _0086_ (net)
                      0.091623    0.000016    2.587386 v _0700_/B (sky130_fd_sc_hd__or2_1)
     2    0.011534    0.086338    0.267642    2.855028 v _0700_/X (sky130_fd_sc_hd__or2_1)
                                                         _0088_ (net)
                      0.086338    0.000052    2.855080 v _0701_/D (sky130_fd_sc_hd__nor4_1)
     2    0.007140    0.379471    0.294822    3.149902 ^ _0701_/Y (sky130_fd_sc_hd__nor4_1)
                                                         _0089_ (net)
                      0.379471    0.000060    3.149962 ^ max_cap64/A (sky130_fd_sc_hd__clkbuf_2)
     5    0.018180    0.108212    0.233626    3.383589 ^ max_cap64/X (sky130_fd_sc_hd__clkbuf_2)
                                                         net64 (net)
                      0.108212    0.000311    3.383900 ^ _0702_/C (sky130_fd_sc_hd__and3_4)
     8    0.037178    0.128131    0.268004    3.651903 ^ _0702_/X (sky130_fd_sc_hd__and3_4)
                                                         _0090_ (net)
                      0.128131    0.000465    3.652369 ^ _0713_/S (sky130_fd_sc_hd__mux2_1)
     1    0.001971    0.051996    0.322784    3.975153 v _0713_/X (sky130_fd_sc_hd__mux2_1)
                                                         _0096_ (net)
                      0.051996    0.000004    3.975157 v _0714_/B (sky130_fd_sc_hd__and2_1)
     1    0.001843    0.031821    0.147433    4.122591 v _0714_/X (sky130_fd_sc_hd__and2_1)
                                                         _0006_ (net)
                      0.031821    0.000001    4.122591 v _1390_/D (sky130_fd_sc_hd__dfxtp_1)
                                              4.122591   data arrival time

                                 10.000000   10.000000   clock clk (rise edge)
                                  0.000000   10.000000   clock source latency
     1    0.021601    0.102883    0.071047   10.071048 ^ clk (in)
                                                         clk (net)
                      0.102899    0.000000   10.071048 ^ clkbuf_0_clk/A (sky130_fd_sc_hd__clkbuf_16)
     8    0.084380    0.101038    0.195787   10.266834 ^ clkbuf_0_clk/X (sky130_fd_sc_hd__clkbuf_16)
                                                         clknet_0_clk (net)
                      0.101071    0.001725   10.268559 ^ clkbuf_3_1__f_clk/A (sky130_fd_sc_hd__clkbuf_16)
    13    0.038816    0.058789    0.161656   10.430214 ^ clkbuf_3_1__f_clk/X (sky130_fd_sc_hd__clkbuf_16)
                                                         clknet_3_1__leaf_clk (net)
                      0.058789    0.000246   10.430460 ^ _1390_/CLK (sky130_fd_sc_hd__dfxtp_1)
                                 -0.250000   10.180460   clock uncertainty
                                  0.000000   10.180460   clock reconvergence pessimism
                                 -0.101527   10.078933   library setup time
                                             10.078933   data required time
---------------------------------------------------------------------------------------------
                                             10.078933   data required time
                                             -4.122591   data arrival time
---------------------------------------------------------------------------------------------
                                              5.956341   slack (MET)


Startpoint: addr[5] (input port clocked by clk)
Endpoint: _1392_ (rising edge-triggered flip-flop clocked by clk)
Path Group: clk
Path Type: max

Fanout         Cap        Slew       Delay        Time   Description
---------------------------------------------------------------------------------------------
                                  0.000000    0.000000   clock clk (rise edge)
                                  0.000000    0.000000   clock network delay (propagated)
                                  2.000000    2.000000 v input external delay
     1    0.002548    0.008050    0.003987    2.003987 v addr[5] (in)
                                                         addr[5] (net)
                      0.008050    0.000000    2.003987 v input6/A (sky130_fd_sc_hd__clkbuf_1)
     1    0.001937    0.022876    0.067235    2.071222 v input6/X (sky130_fd_sc_hd__clkbuf_1)
                                                         net6 (net)
                      0.022876    0.000006    2.071228 v _0697_/A (sky130_fd_sc_hd__or4_1)
     2    0.003603    0.091623    0.516142    2.587370 v _0697_/X (sky130_fd_sc_hd__or4_1)
                                                         _0086_ (net)
                      0.091623    0.000016    2.587386 v _0700_/B (sky130_fd_sc_hd__or2_1)
     2    0.011534    0.086338    0.267642    2.855028 v _0700_/X (sky130_fd_sc_hd__or2_1)
                                                         _0088_ (net)
                      0.086338    0.000052    2.855080 v _0701_/D (sky130_fd_sc_hd__nor4_1)
     2    0.007140    0.379471    0.294822    3.149902 ^ _0701_/Y (sky130_fd_sc_hd__nor4_1)
                                                         _0089_ (net)
                      0.379471    0.000060    3.149962 ^ max_cap64/A (sky130_fd_sc_hd__clkbuf_2)
     5    0.018180    0.108212    0.233626    3.383589 ^ max_cap64/X (sky130_fd_sc_hd__clkbuf_2)
                                                         net64 (net)
                      0.108212    0.000311    3.383900 ^ _0702_/C (sky130_fd_sc_hd__and3_4)
     8    0.037178    0.128131    0.268004    3.651903 ^ _0702_/X (sky130_fd_sc_hd__and3_4)
                                                         _0090_ (net)
                      0.128131    0.000531    3.652435 ^ _0717_/S (sky130_fd_sc_hd__mux2_1)
     1    0.001671    0.050266    0.319950    3.972384 v _0717_/X (sky130_fd_sc_hd__mux2_1)
                                                         _0098_ (net)
                      0.050266    0.000001    3.972386 v _0718_/B (sky130_fd_sc_hd__and2_1)
     1    0.001885    0.032005    0.146921    4.119307 v _0718_/X (sky130_fd_sc_hd__and2_1)
                                                         _0008_ (net)
                      0.032005    0.000002    4.119309 v _1392_/D (sky130_fd_sc_hd__dfxtp_2)
                                              4.119309   data arrival time

                                 10.000000   10.000000   clock clk (rise edge)
                                  0.000000   10.000000   clock source latency
     1    0.021601    0.102883    0.071047   10.071048 ^ clk (in)
                                                         clk (net)
                      0.102899    0.000000   10.071048 ^ clkbuf_0_clk/A (sky130_fd_sc_hd__clkbuf_16)
     8    0.084380    0.101038    0.195787   10.266834 ^ clkbuf_0_clk/X (sky130_fd_sc_hd__clkbuf_16)
                                                         clknet_0_clk (net)
                      0.101071    0.001725   10.268559 ^ clkbuf_3_1__f_clk/A (sky130_fd_sc_hd__clkbuf_16)
    13    0.038816    0.058789    0.161656   10.430214 ^ clkbuf_3_1__f_clk/X (sky130_fd_sc_hd__clkbuf_16)
                                                         clknet_3_1__leaf_clk (net)
                      0.058790    0.000306   10.430520 ^ _1392_/CLK (sky130_fd_sc_hd__dfxtp_2)
                                 -0.250000   10.180520   clock uncertainty
                                  0.000000   10.180520   clock reconvergence pessimism
                                 -0.103995   10.076526   library setup time
                                             10.076526   data required time
---------------------------------------------------------------------------------------------
                                             10.076526   data required time
                                             -4.119309   data arrival time
---------------------------------------------------------------------------------------------
                                              5.957217   slack (MET)


Startpoint: addr[5] (input port clocked by clk)
Endpoint: _1388_ (rising edge-triggered flip-flop clocked by clk)
Path Group: clk
Path Type: max

Fanout         Cap        Slew       Delay        Time   Description
---------------------------------------------------------------------------------------------
                                  0.000000    0.000000   clock clk (rise edge)
                                  0.000000    0.000000   clock network delay (propagated)
                                  2.000000    2.000000 v input external delay
     1    0.002548    0.008050    0.003987    2.003987 v addr[5] (in)
                                                         addr[5] (net)
                      0.008050    0.000000    2.003987 v input6/A (sky130_fd_sc_hd__clkbuf_1)
     1    0.001937    0.022876    0.067235    2.071222 v input6/X (sky130_fd_sc_hd__clkbuf_1)
                                                         net6 (net)
                      0.022876    0.000006    2.071228 v _0697_/A (sky130_fd_sc_hd__or4_1)
     2    0.003603    0.091623    0.516142    2.587370 v _0697_/X (sky130_fd_sc_hd__or4_1)
                                                         _0086_ (net)
                      0.091623    0.000016    2.587386 v _0700_/B (sky130_fd_sc_hd__or2_1)
     2    0.011534    0.086338    0.267642    2.855028 v _0700_/X (sky130_fd_sc_hd__or2_1)
                                                         _0088_ (net)
                      0.086338    0.000052    2.855080 v _0701_/D (sky130_fd_sc_hd__nor4_1)
     2    0.007140    0.379471    0.294822    3.149902 ^ _0701_/Y (sky130_fd_sc_hd__nor4_1)
                                                         _0089_ (net)
                      0.379471    0.000060    3.149962 ^ max_cap64/A (sky130_fd_sc_hd__clkbuf_2)
     5    0.018180    0.108212    0.233626    3.383589 ^ max_cap64/X (sky130_fd_sc_hd__clkbuf_2)
                                                         net64 (net)
                      0.108212    0.000311    3.383900 ^ _0702_/C (sky130_fd_sc_hd__and3_4)
     8    0.037178    0.128131    0.268004    3.651903 ^ _0702_/X (sky130_fd_sc_hd__and3_4)
                                                         _0090_ (net)
                      0.128131    0.000095    3.651998 ^ _0709_/S (sky130_fd_sc_hd__mux2_1)
     1    0.001898    0.051573    0.322091    3.974089 v _0709_/X (sky130_fd_sc_hd__mux2_1)
                                                         _0094_ (net)
                      0.051573    0.000004    3.974093 v _0710_/B (sky130_fd_sc_hd__and2_1)
     1    0.001843    0.031820    0.147248    4.121341 v _0710_/X (sky130_fd_sc_hd__and2_1)
                                                         _0004_ (net)
                      0.031820    0.000001    4.121343 v _1388_/D (sky130_fd_sc_hd__dfxtp_1)
                                              4.121343   data arrival time

                                 10.000000   10.000000   clock clk (rise edge)
                                  0.000000   10.000000   clock source latency
     1    0.021601    0.102883    0.071047   10.071048 ^ clk (in)
                                                         clk (net)
                      0.102899    0.000000   10.071048 ^ clkbuf_0_clk/A (sky130_fd_sc_hd__clkbuf_16)
     8    0.084380    0.101038    0.195787   10.266834 ^ clkbuf_0_clk/X (sky130_fd_sc_hd__clkbuf_16)
                                                         clknet_0_clk (net)
                      0.101071    0.001725   10.268559 ^ clkbuf_3_1__f_clk/A (sky130_fd_sc_hd__clkbuf_16)
    13    0.038816    0.058789    0.161656   10.430214 ^ clkbuf_3_1__f_clk/X (sky130_fd_sc_hd__clkbuf_16)
                                                         clknet_3_1__leaf_clk (net)
                      0.058790    0.000317   10.430532 ^ _1388_/CLK (sky130_fd_sc_hd__dfxtp_1)
                                 -0.250000   10.180532   clock uncertainty
                                  0.000000   10.180532   clock reconvergence pessimism
                                 -0.101527   10.079004   library setup time
                                             10.079004   data required time
---------------------------------------------------------------------------------------------
                                             10.079004   data required time
                                             -4.121343   data arrival time
---------------------------------------------------------------------------------------------
                                              5.957662   slack (MET)


Startpoint: addr[5] (input port clocked by clk)
Endpoint: _1389_ (rising edge-triggered flip-flop clocked by clk)
Path Group: clk
Path Type: max

Fanout         Cap        Slew       Delay        Time   Description
---------------------------------------------------------------------------------------------
                                  0.000000    0.000000   clock clk (rise edge)
                                  0.000000    0.000000   clock network delay (propagated)
                                  2.000000    2.000000 v input external delay
     1    0.002548    0.008050    0.003987    2.003987 v addr[5] (in)
                                                         addr[5] (net)
                      0.008050    0.000000    2.003987 v input6/A (sky130_fd_sc_hd__clkbuf_1)
     1    0.001937    0.022876    0.067235    2.071222 v input6/X (sky130_fd_sc_hd__clkbuf_1)
                                                         net6 (net)
                      0.022876    0.000006    2.071228 v _0697_/A (sky130_fd_sc_hd__or4_1)
     2    0.003603    0.091623    0.516142    2.587370 v _0697_/X (sky130_fd_sc_hd__or4_1)
                                                         _0086_ (net)
                      0.091623    0.000016    2.587386 v _0700_/B (sky130_fd_sc_hd__or2_1)
     2    0.011534    0.086338    0.267642    2.855028 v _0700_/X (sky130_fd_sc_hd__or2_1)
                                                         _0088_ (net)
                      0.086338    0.000052    2.855080 v _0701_/D (sky130_fd_sc_hd__nor4_1)
     2    0.007140    0.379471    0.294822    3.149902 ^ _0701_/Y (sky130_fd_sc_hd__nor4_1)
                                                         _0089_ (net)
                      0.379471    0.000060    3.149962 ^ max_cap64/A (sky130_fd_sc_hd__clkbuf_2)
     5    0.018180    0.108212    0.233626    3.383589 ^ max_cap64/X (sky130_fd_sc_hd__clkbuf_2)
                                                         net64 (net)
                      0.108212    0.000311    3.383900 ^ _0702_/C (sky130_fd_sc_hd__and3_4)
     8    0.037178    0.128131    0.268004    3.651903 ^ _0702_/X (sky130_fd_sc_hd__and3_4)
                                                         _0090_ (net)
                      0.128131    0.000396    3.652299 ^ _0711_/S (sky130_fd_sc_hd__mux2_1)
     1    0.001827    0.051162    0.321419    3.973718 v _0711_/X (sky130_fd_sc_hd__mux2_1)
                                                         _0095_ (net)
                      0.051162    0.000003    3.973721 v _0712_/B (sky130_fd_sc_hd__and2_1)
     1    0.001873    0.031956    0.147246    4.120967 v _0712_/X (sky130_fd_sc_hd__and2_1)
                                                         _0005_ (net)
                      0.031956    0.000002    4.120969 v _1389_/D (sky130_fd_sc_hd__dfxtp_1)
                                              4.120969   data arrival time

                                 10.000000   10.000000   clock clk (rise edge)
                                  0.000000   10.000000   clock source latency
     1    0.021601    0.102883    0.071047   10.071048 ^ clk (in)
                                                         clk (net)
                      0.102899    0.000000   10.071048 ^ clkbuf_0_clk/A (sky130_fd_sc_hd__clkbuf_16)
     8    0.084380    0.101038    0.195787   10.266834 ^ clkbuf_0_clk/X (sky130_fd_sc_hd__clkbuf_16)
                                                         clknet_0_clk (net)
                      0.101071    0.001725   10.268559 ^ clkbuf_3_1__f_clk/A (sky130_fd_sc_hd__clkbuf_16)
    13    0.038816    0.058789    0.161656   10.430214 ^ clkbuf_3_1__f_clk/X (sky130_fd_sc_hd__clkbuf_16)
                                                         clknet_3_1__leaf_clk (net)
                      0.058789    0.000113   10.430327 ^ _1389_/CLK (sky130_fd_sc_hd__dfxtp_1)
                                 -0.250000   10.180327   clock uncertainty
                                  0.000000   10.180327   clock reconvergence pessimism
                                 -0.101586   10.078741   library setup time
                                             10.078741   data required time
---------------------------------------------------------------------------------------------
                                             10.078741   data required time
                                             -4.120969   data arrival time
---------------------------------------------------------------------------------------------
                                              5.957771   slack (MET)


Startpoint: addr[5] (input port clocked by clk)
Endpoint: _1387_ (rising edge-triggered flip-flop clocked by clk)
Path Group: clk
Path Type: max

Fanout         Cap        Slew       Delay        Time   Description
---------------------------------------------------------------------------------------------
                                  0.000000    0.000000   clock clk (rise edge)
                                  0.000000    0.000000   clock network delay (propagated)
                                  2.000000    2.000000 v input external delay
     1    0.002548    0.008050    0.003987    2.003987 v addr[5] (in)
                                                         addr[5] (net)
                      0.008050    0.000000    2.003987 v input6/A (sky130_fd_sc_hd__clkbuf_1)
     1    0.001937    0.022876    0.067235    2.071222 v input6/X (sky130_fd_sc_hd__clkbuf_1)
                                                         net6 (net)
                      0.022876    0.000006    2.071228 v _0697_/A (sky130_fd_sc_hd__or4_1)
     2    0.003603    0.091623    0.516142    2.587370 v _0697_/X (sky130_fd_sc_hd__or4_1)
                                                         _0086_ (net)
                      0.091623    0.000016    2.587386 v _0700_/B (sky130_fd_sc_hd__or2_1)
     2    0.011534    0.086338    0.267642    2.855028 v _0700_/X (sky130_fd_sc_hd__or2_1)
                                                         _0088_ (net)
                      0.086338    0.000052    2.855080 v _0701_/D (sky130_fd_sc_hd__nor4_1)
     2    0.007140    0.379471    0.294822    3.149902 ^ _0701_/Y (sky130_fd_sc_hd__nor4_1)
                                                         _0089_ (net)
                      0.379471    0.000060    3.149962 ^ max_cap64/A (sky130_fd_sc_hd__clkbuf_2)
     5    0.018180    0.108212    0.233626    3.383589 ^ max_cap64/X (sky130_fd_sc_hd__clkbuf_2)
                                                         net64 (net)
                      0.108212    0.000311    3.383900 ^ _0702_/C (sky130_fd_sc_hd__and3_4)
     8    0.037178    0.128131    0.268004    3.651903 ^ _0702_/X (sky130_fd_sc_hd__and3_4)
                                                         _0090_ (net)
                      0.128131    0.000043    3.651946 ^ _0707_/S (sky130_fd_sc_hd__mux2_1)
     1    0.001671    0.050266    0.319950    3.971896 v _0707_/X (sky130_fd_sc_hd__mux2_1)
                                                         _0093_ (net)
                      0.050266    0.000001    3.971897 v _0708_/B (sky130_fd_sc_hd__and2_1)
     1    0.001885    0.032005    0.146921    4.118818 v _0708_/X (sky130_fd_sc_hd__and2_1)
                                                         _0003_ (net)
                      0.032005    0.000002    4.118821 v _1387_/D (sky130_fd_sc_hd__dfxtp_1)
                                              4.118821   data arrival time

                                 10.000000   10.000000   clock clk (rise edge)
                                  0.000000   10.000000   clock source latency
     1    0.021601    0.102883    0.071047   10.071048 ^ clk (in)
                                                         clk (net)
                      0.102899    0.000000   10.071048 ^ clkbuf_0_clk/A (sky130_fd_sc_hd__clkbuf_16)
     8    0.084380    0.101038    0.195787   10.266834 ^ clkbuf_0_clk/X (sky130_fd_sc_hd__clkbuf_16)
                                                         clknet_0_clk (net)
                      0.101071    0.001725   10.268559 ^ clkbuf_3_1__f_clk/A (sky130_fd_sc_hd__clkbuf_16)
    13    0.038816    0.058789    0.161656   10.430214 ^ clkbuf_3_1__f_clk/X (sky130_fd_sc_hd__clkbuf_16)
                                                         clknet_3_1__leaf_clk (net)
                      0.058789    0.000122   10.430336 ^ _1387_/CLK (sky130_fd_sc_hd__dfxtp_1)
                                 -0.250000   10.180336   clock uncertainty
                                  0.000000   10.180336   clock reconvergence pessimism
                                 -0.101608   10.078728   library setup time
                                             10.078728   data required time
---------------------------------------------------------------------------------------------
                                             10.078728   data required time
                                             -4.118821   data arrival time
---------------------------------------------------------------------------------------------
                                              5.959907   slack (MET)


Startpoint: addr[5] (input port clocked by clk)
Endpoint: _1391_ (rising edge-triggered flip-flop clocked by clk)
Path Group: clk
Path Type: max

Fanout         Cap        Slew       Delay        Time   Description
---------------------------------------------------------------------------------------------
                                  0.000000    0.000000   clock clk (rise edge)
                                  0.000000    0.000000   clock network delay (propagated)
                                  2.000000    2.000000 v input external delay
     1    0.002548    0.008050    0.003987    2.003987 v addr[5] (in)
                                                         addr[5] (net)
                      0.008050    0.000000    2.003987 v input6/A (sky130_fd_sc_hd__clkbuf_1)
     1    0.001937    0.022876    0.067235    2.071222 v input6/X (sky130_fd_sc_hd__clkbuf_1)
                                                         net6 (net)
                      0.022876    0.000006    2.071228 v _0697_/A (sky130_fd_sc_hd__or4_1)
     2    0.003603    0.091623    0.516142    2.587370 v _0697_/X (sky130_fd_sc_hd__or4_1)
                                                         _0086_ (net)
                      0.091623    0.000016    2.587386 v _0700_/B (sky130_fd_sc_hd__or2_1)
     2    0.011534    0.086338    0.267642    2.855028 v _0700_/X (sky130_fd_sc_hd__or2_1)
                                                         _0088_ (net)
                      0.086338    0.000052    2.855080 v _0701_/D (sky130_fd_sc_hd__nor4_1)
     2    0.007140    0.379471    0.294822    3.149902 ^ _0701_/Y (sky130_fd_sc_hd__nor4_1)
                                                         _0089_ (net)
                      0.379471    0.000060    3.149962 ^ max_cap64/A (sky130_fd_sc_hd__clkbuf_2)
     5    0.018180    0.108212    0.233626    3.383589 ^ max_cap64/X (sky130_fd_sc_hd__clkbuf_2)
                                                         net64 (net)
                      0.108212    0.000311    3.383900 ^ _0702_/C (sky130_fd_sc_hd__and3_4)
     8    0.037178    0.128131    0.268004    3.651903 ^ _0702_/X (sky130_fd_sc_hd__and3_4)
                                                         _0090_ (net)
                      0.128131    0.000532    3.652435 ^ _0715_/S (sky130_fd_sc_hd__mux2_1)
     1    0.001655    0.050173    0.319798    3.972234 v _0715_/X (sky130_fd_sc_hd__mux2_1)
                                                         _0097_ (net)
                      0.050173    0.000002    3.972236 v _0716_/B (sky130_fd_sc_hd__and2_1)
     1    0.001843    0.031816    0.146635    4.118871 v _0716_/X (sky130_fd_sc_hd__and2_1)
                                                         _0007_ (net)
                      0.031816    0.000001    4.118872 v _1391_/D (sky130_fd_sc_hd__dfxtp_1)
                                              4.118872   data arrival time

                                 10.000000   10.000000   clock clk (rise edge)
                                  0.000000   10.000000   clock source latency
     1    0.021601    0.102883    0.071047   10.071048 ^ clk (in)
                                                         clk (net)
                      0.102899    0.000000   10.071048 ^ clkbuf_0_clk/A (sky130_fd_sc_hd__clkbuf_16)
     8    0.084380    0.101038    0.195787   10.266834 ^ clkbuf_0_clk/X (sky130_fd_sc_hd__clkbuf_16)
                                                         clknet_0_clk (net)
                      0.101071    0.001725   10.268559 ^ clkbuf_3_1__f_clk/A (sky130_fd_sc_hd__clkbuf_16)
    13    0.038816    0.058789    0.161656   10.430214 ^ clkbuf_3_1__f_clk/X (sky130_fd_sc_hd__clkbuf_16)
                                                         clknet_3_1__leaf_clk (net)
                      0.058790    0.000299   10.430513 ^ _1391_/CLK (sky130_fd_sc_hd__dfxtp_1)
                                 -0.250000   10.180513   clock uncertainty
                                  0.000000   10.180513   clock reconvergence pessimism
                                 -0.101525   10.078989   library setup time
                                             10.078989   data required time
---------------------------------------------------------------------------------------------
                                             10.078989   data required time
                                             -4.118872   data arrival time
---------------------------------------------------------------------------------------------
                                              5.960116   slack (MET)


Startpoint: addr[5] (input port clocked by clk)
Endpoint: _1423_ (rising edge-triggered flip-flop clocked by clk)
Path Group: clk
Path Type: max

Fanout         Cap        Slew       Delay        Time   Description
---------------------------------------------------------------------------------------------
                                  0.000000    0.000000   clock clk (rise edge)
                                  0.000000    0.000000   clock network delay (propagated)
                                  2.000000    2.000000 v input external delay
     1    0.002548    0.008050    0.003987    2.003987 v addr[5] (in)
                                                         addr[5] (net)
                      0.008050    0.000000    2.003987 v input6/A (sky130_fd_sc_hd__clkbuf_1)
     1    0.001937    0.022876    0.067235    2.071222 v input6/X (sky130_fd_sc_hd__clkbuf_1)
                                                         net6 (net)
                      0.022876    0.000006    2.071228 v _0697_/A (sky130_fd_sc_hd__or4_1)
     2    0.003603    0.091623    0.516142    2.587370 v _0697_/X (sky130_fd_sc_hd__or4_1)
                                                         _0086_ (net)
                      0.091623    0.000016    2.587386 v _0700_/B (sky130_fd_sc_hd__or2_1)
     2    0.011534    0.086338    0.267642    2.855028 v _0700_/X (sky130_fd_sc_hd__or2_1)
                                                         _0088_ (net)
                      0.086338    0.000052    2.855080 v _0701_/D (sky130_fd_sc_hd__nor4_1)
     2    0.007140    0.379471    0.294822    3.149902 ^ _0701_/Y (sky130_fd_sc_hd__nor4_1)
                                                         _0089_ (net)
                      0.379471    0.000060    3.149962 ^ max_cap64/A (sky130_fd_sc_hd__clkbuf_2)
     5    0.018180    0.108212    0.233626    3.383589 ^ max_cap64/X (sky130_fd_sc_hd__clkbuf_2)
                                                         net64 (net)
                      0.108212    0.000024    3.383612 ^ max_cap63/A (sky130_fd_sc_hd__clkbuf_2)
     4    0.015487    0.091282    0.161999    3.545611 ^ max_cap63/X (sky130_fd_sc_hd__clkbuf_2)
                                                         net63 (net)
                      0.091282    0.000273    3.545884 ^ _0746_/A2 (sky130_fd_sc_hd__a221o_1)
     1    0.010048    0.110063    0.199054    3.744938 ^ _0746_/X (sky130_fd_sc_hd__a221o_1)
                                                         _0119_ (net)
                      0.110063    0.000318    3.745257 ^ fanout59/A (sky130_fd_sc_hd__clkbuf_4)
     8    0.039734    0.127825    0.220197    3.965453 ^ fanout59/X (sky130_fd_sc_hd__clkbuf_4)
                                                         net59 (net)
                      0.127825    0.000385    3.965838 ^ _0793_/B1 (sky130_fd_sc_hd__o221a_1)
     1    0.002209    0.048842    0.186891    4.152729 ^ _0793_/X (sky130_fd_sc_hd__o221a_1)
                                                         _0039_ (net)
                      0.048842    0.000005    4.152734 ^ _1423_/D (sky130_fd_sc_hd__dfxtp_1)
                                              4.152734   data arrival time

                                 10.000000   10.000000   clock clk (rise edge)
                                  0.000000   10.000000   clock source latency
     1    0.021601    0.102883    0.071047   10.071048 ^ clk (in)
                                                         clk (net)
                      0.102899    0.000000   10.071048 ^ clkbuf_0_clk/A (sky130_fd_sc_hd__clkbuf_16)
     8    0.084380    0.101038    0.195787   10.266834 ^ clkbuf_0_clk/X (sky130_fd_sc_hd__clkbuf_16)
                                                         clknet_0_clk (net)
                      0.101049    0.001116   10.267949 ^ clkbuf_3_3__f_clk/A (sky130_fd_sc_hd__clkbuf_16)
     7    0.032771    0.053517    0.157145   10.425095 ^ clkbuf_3_3__f_clk/X (sky130_fd_sc_hd__clkbuf_16)
                                                         clknet_3_3__leaf_clk (net)
                      0.053517    0.000316   10.425411 ^ _1423_/CLK (sky130_fd_sc_hd__dfxtp_1)
                                 -0.250000   10.175411   clock uncertainty
                                  0.000000   10.175411   clock reconvergence pessimism
                                 -0.053664   10.121746   library setup time
                                             10.121746   data required time
---------------------------------------------------------------------------------------------
                                             10.121746   data required time
                                             -4.152734   data arrival time
---------------------------------------------------------------------------------------------
                                              5.969012   slack (MET)


Startpoint: addr[5] (input port clocked by clk)
Endpoint: _1424_ (rising edge-triggered flip-flop clocked by clk)
Path Group: clk
Path Type: max

Fanout         Cap        Slew       Delay        Time   Description
---------------------------------------------------------------------------------------------
                                  0.000000    0.000000   clock clk (rise edge)
                                  0.000000    0.000000   clock network delay (propagated)
                                  2.000000    2.000000 v input external delay
     1    0.002548    0.008050    0.003987    2.003987 v addr[5] (in)
                                                         addr[5] (net)
                      0.008050    0.000000    2.003987 v input6/A (sky130_fd_sc_hd__clkbuf_1)
     1    0.001937    0.022876    0.067235    2.071222 v input6/X (sky130_fd_sc_hd__clkbuf_1)
                                                         net6 (net)
                      0.022876    0.000006    2.071228 v _0697_/A (sky130_fd_sc_hd__or4_1)
     2    0.003603    0.091623    0.516142    2.587370 v _0697_/X (sky130_fd_sc_hd__or4_1)
                                                         _0086_ (net)
                      0.091623    0.000016    2.587386 v _0700_/B (sky130_fd_sc_hd__or2_1)
     2    0.011534    0.086338    0.267642    2.855028 v _0700_/X (sky130_fd_sc_hd__or2_1)
                                                         _0088_ (net)
                      0.086338    0.000052    2.855080 v _0701_/D (sky130_fd_sc_hd__nor4_1)
     2    0.007140    0.379471    0.294822    3.149902 ^ _0701_/Y (sky130_fd_sc_hd__nor4_1)
                                                         _0089_ (net)
                      0.379471    0.000060    3.149962 ^ max_cap64/A (sky130_fd_sc_hd__clkbuf_2)
     5    0.018180    0.108212    0.233626    3.383589 ^ max_cap64/X (sky130_fd_sc_hd__clkbuf_2)
                                                         net64 (net)
                      0.108212    0.000024    3.383612 ^ max_cap63/A (sky130_fd_sc_hd__clkbuf_2)
     4    0.015487    0.091282    0.161999    3.545611 ^ max_cap63/X (sky130_fd_sc_hd__clkbuf_2)
                                                         net63 (net)
                      0.091282    0.000273    3.545884 ^ _0746_/A2 (sky130_fd_sc_hd__a221o_1)
     1    0.010048    0.110063    0.199054    3.744938 ^ _0746_/X (sky130_fd_sc_hd__a221o_1)
                                                         _0119_ (net)
                      0.110063    0.000318    3.745257 ^ fanout59/A (sky130_fd_sc_hd__clkbuf_4)
     8    0.039734    0.127825    0.220197    3.965453 ^ fanout59/X (sky130_fd_sc_hd__clkbuf_4)
                                                         net59 (net)
                      0.127825    0.000118    3.965571 ^ _0795_/B1 (sky130_fd_sc_hd__o221a_1)
     1    0.001914    0.046104    0.184242    4.149814 ^ _0795_/X (sky130_fd_sc_hd__o221a_1)
                                                         _0040_ (net)
                      0.046104    0.000003    4.149816 ^ _1424_/D (sky130_fd_sc_hd__dfxtp_1)
                                              4.149816   data arrival time

                                 10.000000   10.000000   clock clk (rise edge)
                                  0.000000   10.000000   clock source latency
     1    0.021601    0.102883    0.071047   10.071048 ^ clk (in)
                                                         clk (net)
                      0.102899    0.000000   10.071048 ^ clkbuf_0_clk/A (sky130_fd_sc_hd__clkbuf_16)
     8    0.084380    0.101038    0.195787   10.266834 ^ clkbuf_0_clk/X (sky130_fd_sc_hd__clkbuf_16)
                                                         clknet_0_clk (net)
                      0.101049    0.001116   10.267949 ^ clkbuf_3_3__f_clk/A (sky130_fd_sc_hd__clkbuf_16)
     7    0.032771    0.053517    0.157145   10.425095 ^ clkbuf_3_3__f_clk/X (sky130_fd_sc_hd__clkbuf_16)
                                                         clknet_3_3__leaf_clk (net)
                      0.053517    0.000249   10.425344 ^ _1424_/CLK (sky130_fd_sc_hd__dfxtp_1)
                                 -0.250000   10.175344   clock uncertainty
                                  0.000000   10.175344   clock reconvergence pessimism
                                 -0.053033   10.122311   library setup time
                                             10.122311   data required time
---------------------------------------------------------------------------------------------
                                             10.122311   data required time
                                             -4.149816   data arrival time
---------------------------------------------------------------------------------------------
                                              5.972494   slack (MET)


Startpoint: addr[5] (input port clocked by clk)
Endpoint: _1421_ (rising edge-triggered flip-flop clocked by clk)
Path Group: clk
Path Type: max

Fanout         Cap        Slew       Delay        Time   Description
---------------------------------------------------------------------------------------------
                                  0.000000    0.000000   clock clk (rise edge)
                                  0.000000    0.000000   clock network delay (propagated)
                                  2.000000    2.000000 v input external delay
     1    0.002548    0.008050    0.003987    2.003987 v addr[5] (in)
                                                         addr[5] (net)
                      0.008050    0.000000    2.003987 v input6/A (sky130_fd_sc_hd__clkbuf_1)
     1    0.001937    0.022876    0.067235    2.071222 v input6/X (sky130_fd_sc_hd__clkbuf_1)
                                                         net6 (net)
                      0.022876    0.000006    2.071228 v _0697_/A (sky130_fd_sc_hd__or4_1)
     2    0.003603    0.091623    0.516142    2.587370 v _0697_/X (sky130_fd_sc_hd__or4_1)
                                                         _0086_ (net)
                      0.091623    0.000016    2.587386 v _0700_/B (sky130_fd_sc_hd__or2_1)
     2    0.011534    0.086338    0.267642    2.855028 v _0700_/X (sky130_fd_sc_hd__or2_1)
                                                         _0088_ (net)
                      0.086338    0.000052    2.855080 v _0701_/D (sky130_fd_sc_hd__nor4_1)
     2    0.007140    0.379471    0.294822    3.149902 ^ _0701_/Y (sky130_fd_sc_hd__nor4_1)
                                                         _0089_ (net)
                      0.379471    0.000060    3.149962 ^ max_cap64/A (sky130_fd_sc_hd__clkbuf_2)
     5    0.018180    0.108212    0.233626    3.383589 ^ max_cap64/X (sky130_fd_sc_hd__clkbuf_2)
                                                         net64 (net)
                      0.108212    0.000024    3.383612 ^ max_cap63/A (sky130_fd_sc_hd__clkbuf_2)
     4    0.015487    0.091282    0.161999    3.545611 ^ max_cap63/X (sky130_fd_sc_hd__clkbuf_2)
                                                         net63 (net)
                      0.091282    0.000273    3.545884 ^ _0746_/A2 (sky130_fd_sc_hd__a221o_1)
     1    0.010048    0.110063    0.199054    3.744938 ^ _0746_/X (sky130_fd_sc_hd__a221o_1)
                                                         _0119_ (net)
                      0.110063    0.000318    3.745257 ^ fanout59/A (sky130_fd_sc_hd__clkbuf_4)
     8    0.039734    0.127825    0.220197    3.965453 ^ fanout59/X (sky130_fd_sc_hd__clkbuf_4)
                                                         net59 (net)
                      0.127829    0.000878    3.966331 ^ _0789_/B1 (sky130_fd_sc_hd__o221a_1)
     1    0.002015    0.047051    0.185153    4.151484 ^ _0789_/X (sky130_fd_sc_hd__o221a_1)
                                                         _0037_ (net)
                      0.047051    0.000004    4.151488 ^ _1421_/D (sky130_fd_sc_hd__dfxtp_1)
                                              4.151488   data arrival time

                                 10.000000   10.000000   clock clk (rise edge)
                                  0.000000   10.000000   clock source latency
     1    0.021601    0.102883    0.071047   10.071048 ^ clk (in)
                                                         clk (net)
                      0.102899    0.000000   10.071048 ^ clkbuf_0_clk/A (sky130_fd_sc_hd__clkbuf_16)
     8    0.084380    0.101038    0.195787   10.266834 ^ clkbuf_0_clk/X (sky130_fd_sc_hd__clkbuf_16)
                                                         clknet_0_clk (net)
                      0.101044    0.000914   10.267748 ^ clkbuf_3_6__f_clk/A (sky130_fd_sc_hd__clkbuf_16)
    14    0.039871    0.059707    0.162352   10.430099 ^ clkbuf_3_6__f_clk/X (sky130_fd_sc_hd__clkbuf_16)
                                                         clknet_3_6__leaf_clk (net)
                      0.059710    0.000471   10.430571 ^ _1421_/CLK (sky130_fd_sc_hd__dfxtp_1)
                                 -0.250000   10.180571   clock uncertainty
                                  0.000000   10.180571   clock reconvergence pessimism
                                 -0.052368   10.128202   library setup time
                                             10.128202   data required time
---------------------------------------------------------------------------------------------
                                             10.128202   data required time
                                             -4.151488   data arrival time
---------------------------------------------------------------------------------------------
                                              5.976715   slack (MET)


Startpoint: addr[5] (input port clocked by clk)
Endpoint: _1420_ (rising edge-triggered flip-flop clocked by clk)
Path Group: clk
Path Type: max

Fanout         Cap        Slew       Delay        Time   Description
---------------------------------------------------------------------------------------------
                                  0.000000    0.000000   clock clk (rise edge)
                                  0.000000    0.000000   clock network delay (propagated)
                                  2.000000    2.000000 v input external delay
     1    0.002548    0.008050    0.003987    2.003987 v addr[5] (in)
                                                         addr[5] (net)
                      0.008050    0.000000    2.003987 v input6/A (sky130_fd_sc_hd__clkbuf_1)
     1    0.001937    0.022876    0.067235    2.071222 v input6/X (sky130_fd_sc_hd__clkbuf_1)
                                                         net6 (net)
                      0.022876    0.000006    2.071228 v _0697_/A (sky130_fd_sc_hd__or4_1)
     2    0.003603    0.091623    0.516142    2.587370 v _0697_/X (sky130_fd_sc_hd__or4_1)
                                                         _0086_ (net)
                      0.091623    0.000016    2.587386 v _0700_/B (sky130_fd_sc_hd__or2_1)
     2    0.011534    0.086338    0.267642    2.855028 v _0700_/X (sky130_fd_sc_hd__or2_1)
                                                         _0088_ (net)
                      0.086338    0.000052    2.855080 v _0701_/D (sky130_fd_sc_hd__nor4_1)
     2    0.007140    0.379471    0.294822    3.149902 ^ _0701_/Y (sky130_fd_sc_hd__nor4_1)
                                                         _0089_ (net)
                      0.379471    0.000060    3.149962 ^ max_cap64/A (sky130_fd_sc_hd__clkbuf_2)
     5    0.018180    0.108212    0.233626    3.383589 ^ max_cap64/X (sky130_fd_sc_hd__clkbuf_2)
                                                         net64 (net)
                      0.108212    0.000024    3.383612 ^ max_cap63/A (sky130_fd_sc_hd__clkbuf_2)
     4    0.015487    0.091282    0.161999    3.545611 ^ max_cap63/X (sky130_fd_sc_hd__clkbuf_2)
                                                         net63 (net)
                      0.091282    0.000273    3.545884 ^ _0746_/A2 (sky130_fd_sc_hd__a221o_1)
     1    0.010048    0.110063    0.199054    3.744938 ^ _0746_/X (sky130_fd_sc_hd__a221o_1)
                                                         _0119_ (net)
                      0.110063    0.000318    3.745257 ^ fanout59/A (sky130_fd_sc_hd__clkbuf_4)
     8    0.039734    0.127825    0.220197    3.965453 ^ fanout59/X (sky130_fd_sc_hd__clkbuf_4)
                                                         net59 (net)
                      0.127830    0.000993    3.966446 ^ _0787_/B1 (sky130_fd_sc_hd__o221a_1)
     1    0.001970    0.046629    0.184748    4.151195 ^ _0787_/X (sky130_fd_sc_hd__o221a_1)
                                                         _0036_ (net)
                      0.046629    0.000003    4.151198 ^ _1420_/D (sky130_fd_sc_hd__dfxtp_1)
                                              4.151198   data arrival time

                                 10.000000   10.000000   clock clk (rise edge)
                                  0.000000   10.000000   clock source latency
     1    0.021601    0.102883    0.071047   10.071048 ^ clk (in)
                                                         clk (net)
                      0.102899    0.000000   10.071048 ^ clkbuf_0_clk/A (sky130_fd_sc_hd__clkbuf_16)
     8    0.084380    0.101038    0.195787   10.266834 ^ clkbuf_0_clk/X (sky130_fd_sc_hd__clkbuf_16)
                                                         clknet_0_clk (net)
                      0.101044    0.000914   10.267748 ^ clkbuf_3_6__f_clk/A (sky130_fd_sc_hd__clkbuf_16)
    14    0.039871    0.059707    0.162352   10.430099 ^ clkbuf_3_6__f_clk/X (sky130_fd_sc_hd__clkbuf_16)
                                                         clknet_3_6__leaf_clk (net)
                      0.059711    0.000485   10.430585 ^ _1420_/CLK (sky130_fd_sc_hd__dfxtp_1)
                                 -0.250000   10.180585   clock uncertainty
                                  0.000000   10.180585   clock reconvergence pessimism
                                 -0.052271   10.128314   library setup time
                                             10.128314   data required time
---------------------------------------------------------------------------------------------
                                             10.128314   data required time
                                             -4.151198   data arrival time
---------------------------------------------------------------------------------------------
                                              5.977116   slack (MET)


Startpoint: addr[5] (input port clocked by clk)
Endpoint: _1422_ (rising edge-triggered flip-flop clocked by clk)
Path Group: clk
Path Type: max

Fanout         Cap        Slew       Delay        Time   Description
---------------------------------------------------------------------------------------------
                                  0.000000    0.000000   clock clk (rise edge)
                                  0.000000    0.000000   clock network delay (propagated)
                                  2.000000    2.000000 v input external delay
     1    0.002548    0.008050    0.003987    2.003987 v addr[5] (in)
                                                         addr[5] (net)
                      0.008050    0.000000    2.003987 v input6/A (sky130_fd_sc_hd__clkbuf_1)
     1    0.001937    0.022876    0.067235    2.071222 v input6/X (sky130_fd_sc_hd__clkbuf_1)
                                                         net6 (net)
                      0.022876    0.000006    2.071228 v _0697_/A (sky130_fd_sc_hd__or4_1)
     2    0.003603    0.091623    0.516142    2.587370 v _0697_/X (sky130_fd_sc_hd__or4_1)
                                                         _0086_ (net)
                      0.091623    0.000016    2.587386 v _0700_/B (sky130_fd_sc_hd__or2_1)
     2    0.011534    0.086338    0.267642    2.855028 v _0700_/X (sky130_fd_sc_hd__or2_1)
                                                         _0088_ (net)
                      0.086338    0.000052    2.855080 v _0701_/D (sky130_fd_sc_hd__nor4_1)
     2    0.007140    0.379471    0.294822    3.149902 ^ _0701_/Y (sky130_fd_sc_hd__nor4_1)
                                                         _0089_ (net)
                      0.379471    0.000060    3.149962 ^ max_cap64/A (sky130_fd_sc_hd__clkbuf_2)
     5    0.018180    0.108212    0.233626    3.383589 ^ max_cap64/X (sky130_fd_sc_hd__clkbuf_2)
                                                         net64 (net)
                      0.108212    0.000024    3.383612 ^ max_cap63/A (sky130_fd_sc_hd__clkbuf_2)
     4    0.015487    0.091282    0.161999    3.545611 ^ max_cap63/X (sky130_fd_sc_hd__clkbuf_2)
                                                         net63 (net)
                      0.091282    0.000273    3.545884 ^ _0746_/A2 (sky130_fd_sc_hd__a221o_1)
     1    0.010048    0.110063    0.199054    3.744938 ^ _0746_/X (sky130_fd_sc_hd__a221o_1)
                                                         _0119_ (net)
                      0.110063    0.000318    3.745257 ^ fanout59/A (sky130_fd_sc_hd__clkbuf_4)
     8    0.039734    0.127825    0.220197    3.965453 ^ fanout59/X (sky130_fd_sc_hd__clkbuf_4)
                                                         net59 (net)
                      0.127826    0.000682    3.966135 ^ _0791_/B1 (sky130_fd_sc_hd__o221a_1)
     1    0.001930    0.046266    0.184393    4.150528 ^ _0791_/X (sky130_fd_sc_hd__o221a_1)
                                                         _0038_ (net)
                      0.046266    0.000003    4.150531 ^ _1422_/D (sky130_fd_sc_hd__dfxtp_1)
                                              4.150531   data arrival time

                                 10.000000   10.000000   clock clk (rise edge)
                                  0.000000   10.000000   clock source latency
     1    0.021601    0.102883    0.071047   10.071048 ^ clk (in)
                                                         clk (net)
                      0.102899    0.000000   10.071048 ^ clkbuf_0_clk/A (sky130_fd_sc_hd__clkbuf_16)
     8    0.084380    0.101038    0.195787   10.266834 ^ clkbuf_0_clk/X (sky130_fd_sc_hd__clkbuf_16)
                                                         clknet_0_clk (net)
                      0.101044    0.000914   10.267748 ^ clkbuf_3_6__f_clk/A (sky130_fd_sc_hd__clkbuf_16)
    14    0.039871    0.059707    0.162352   10.430099 ^ clkbuf_3_6__f_clk/X (sky130_fd_sc_hd__clkbuf_16)
                                                         clknet_3_6__leaf_clk (net)
                      0.059712    0.000523   10.430623 ^ _1422_/CLK (sky130_fd_sc_hd__dfxtp_1)
                                 -0.250000   10.180623   clock uncertainty
                                  0.000000   10.180623   clock reconvergence pessimism
                                 -0.052187   10.128436   library setup time
                                             10.128436   data required time
---------------------------------------------------------------------------------------------
                                             10.128436   data required time
                                             -4.150531   data arrival time
---------------------------------------------------------------------------------------------
                                              5.977905   slack (MET)


Startpoint: addr[5] (input port clocked by clk)
Endpoint: _1400_ (rising edge-triggered flip-flop clocked by clk)
Path Group: clk
Path Type: max

Fanout         Cap        Slew       Delay        Time   Description
---------------------------------------------------------------------------------------------
                                  0.000000    0.000000   clock clk (rise edge)
                                  0.000000    0.000000   clock network delay (propagated)
                                  2.000000    2.000000 v input external delay
     1    0.002548    0.008050    0.003987    2.003987 v addr[5] (in)
                                                         addr[5] (net)
                      0.008050    0.000000    2.003987 v input6/A (sky130_fd_sc_hd__clkbuf_1)
     1    0.001937    0.022876    0.067235    2.071222 v input6/X (sky130_fd_sc_hd__clkbuf_1)
                                                         net6 (net)
                      0.022876    0.000006    2.071228 v _0697_/A (sky130_fd_sc_hd__or4_1)
     2    0.003603    0.091623    0.516142    2.587370 v _0697_/X (sky130_fd_sc_hd__or4_1)
                                                         _0086_ (net)
                      0.091623    0.000016    2.587386 v _0700_/B (sky130_fd_sc_hd__or2_1)
     2    0.011534    0.086338    0.267642    2.855028 v _0700_/X (sky130_fd_sc_hd__or2_1)
                                                         _0088_ (net)
                      0.086338    0.000052    2.855080 v _0701_/D (sky130_fd_sc_hd__nor4_1)
     2    0.007140    0.379471    0.294822    3.149902 ^ _0701_/Y (sky130_fd_sc_hd__nor4_1)
                                                         _0089_ (net)
                      0.379471    0.000060    3.149962 ^ max_cap64/A (sky130_fd_sc_hd__clkbuf_2)
     5    0.018180    0.108212    0.233626    3.383589 ^ max_cap64/X (sky130_fd_sc_hd__clkbuf_2)
                                                         net64 (net)
                      0.108212    0.000024    3.383612 ^ max_cap63/A (sky130_fd_sc_hd__clkbuf_2)
     4    0.015487    0.091282    0.161999    3.545611 ^ max_cap63/X (sky130_fd_sc_hd__clkbuf_2)
                                                         net63 (net)
                      0.091282    0.000273    3.545884 ^ _0746_/A2 (sky130_fd_sc_hd__a221o_1)
     1    0.010048    0.110063    0.199054    3.744938 ^ _0746_/X (sky130_fd_sc_hd__a221o_1)
                                                         _0119_ (net)
                      0.110063    0.000318    3.745257 ^ fanout59/A (sky130_fd_sc_hd__clkbuf_4)
     8    0.039734    0.127825    0.220197    3.965453 ^ fanout59/X (sky130_fd_sc_hd__clkbuf_4)
                                                         net59 (net)
                      0.127828    0.000796    3.966250 ^ _0747_/B2 (sky130_fd_sc_hd__o221a_1)
     1    0.001930    0.046199    0.178069    4.144319 ^ _0747_/X (sky130_fd_sc_hd__o221a_1)
                                                         _0016_ (net)
                      0.046199    0.000003    4.144321 ^ _1400_/D (sky130_fd_sc_hd__dfxtp_1)
                                              4.144321   data arrival time

                                 10.000000   10.000000   clock clk (rise edge)
                                  0.000000   10.000000   clock source latency
     1    0.021601    0.102883    0.071047   10.071048 ^ clk (in)
                                                         clk (net)
                      0.102899    0.000000   10.071048 ^ clkbuf_0_clk/A (sky130_fd_sc_hd__clkbuf_16)
     8    0.084380    0.101038    0.195787   10.266834 ^ clkbuf_0_clk/X (sky130_fd_sc_hd__clkbuf_16)
                                                         clknet_0_clk (net)
                      0.101044    0.000914   10.267748 ^ clkbuf_3_6__f_clk/A (sky130_fd_sc_hd__clkbuf_16)
    14    0.039871    0.059707    0.162352   10.430099 ^ clkbuf_3_6__f_clk/X (sky130_fd_sc_hd__clkbuf_16)
                                                         clknet_3_6__leaf_clk (net)
                      0.059711    0.000518   10.430617 ^ _1400_/CLK (sky130_fd_sc_hd__dfxtp_1)
                                 -0.250000   10.180617   clock uncertainty
                                  0.000000   10.180617   clock reconvergence pessimism
                                 -0.052172   10.128446   library setup time
                                             10.128446   data required time
---------------------------------------------------------------------------------------------
                                             10.128446   data required time
                                             -4.144321   data arrival time
---------------------------------------------------------------------------------------------
                                              5.984125   slack (MET)


Startpoint: _1425_ (rising edge-triggered flip-flop clocked by clk)
Endpoint: _1440_ (rising edge-triggered flip-flop clocked by clk)
Path Group: clk
Path Type: max

Fanout         Cap        Slew       Delay        Time   Description
---------------------------------------------------------------------------------------------
                                  0.000000    0.000000   clock clk (rise edge)
                                  0.000000    0.000000   clock source latency
     1    0.021601    0.102883    0.071047    0.071047 ^ clk (in)
                                                         clk (net)
                      0.102899    0.000000    0.071047 ^ clkbuf_0_clk/A (sky130_fd_sc_hd__clkbuf_16)
     8    0.084380    0.101038    0.195786    0.266833 ^ clkbuf_0_clk/X (sky130_fd_sc_hd__clkbuf_16)
                                                         clknet_0_clk (net)
                      0.101071    0.001725    0.268558 ^ clkbuf_3_1__f_clk/A (sky130_fd_sc_hd__clkbuf_16)
    13    0.038816    0.058789    0.161655    0.430214 ^ clkbuf_3_1__f_clk/X (sky130_fd_sc_hd__clkbuf_16)
                                                         clknet_3_1__leaf_clk (net)
                      0.058789    0.000110    0.430323 ^ _1425_/CLK (sky130_fd_sc_hd__dfxtp_4)
     3    0.011358    0.039341    0.347145    0.777468 v _1425_/Q (sky130_fd_sc_hd__dfxtp_4)
                                                         core_b[0] (net)
                      0.039341    0.000028    0.777497 v fanout79/A (sky130_fd_sc_hd__buf_8)
     5    0.016012    0.028363    0.118368    0.895865 v fanout79/X (sky130_fd_sc_hd__buf_8)
                                                         net79 (net)
                      0.028363    0.000080    0.895945 v fanout78/A (sky130_fd_sc_hd__buf_2)
    10    0.028202    0.076421    0.162017    1.057962 v fanout78/X (sky130_fd_sc_hd__buf_2)
                                                         net78 (net)
                      0.076421    0.000065    1.058027 v _0930_/A (sky130_fd_sc_hd__and4_1)
     4    0.007798    0.060865    0.181111    1.239138 v _0930_/X (sky130_fd_sc_hd__and4_1)
                                                         _0264_ (net)
                      0.060865    0.000017    1.239155 v _0933_/B (sky130_fd_sc_hd__or3_1)
     2    0.005630    0.083387    0.366560    1.605714 v _0933_/X (sky130_fd_sc_hd__or3_1)
                                                         _0267_ (net)
                      0.083387    0.000026    1.605740 v _0937_/A1 (sky130_fd_sc_hd__a21o_1)
     3    0.009946    0.062235    0.198457    1.804197 v _0937_/X (sky130_fd_sc_hd__a21o_1)
                                                         _0271_ (net)
                      0.062235    0.000105    1.804303 v _0939_/A2 (sky130_fd_sc_hd__a21o_1)
     2    0.007412    0.052868    0.200334    2.004637 v _0939_/X (sky130_fd_sc_hd__a21o_1)
                                                         _0273_ (net)
                      0.052868    0.000032    2.004669 v _0942_/A2 (sky130_fd_sc_hd__a21o_1)
     3    0.007217    0.051976    0.195726    2.200395 v _0942_/X (sky130_fd_sc_hd__a21o_1)
                                                         _0276_ (net)
                      0.051976    0.000031    2.200426 v _0943_/C (sky130_fd_sc_hd__and3_1)
     2    0.006788    0.055569    0.196824    2.397250 v _0943_/X (sky130_fd_sc_hd__and3_1)
                                                         _0277_ (net)
                      0.055569    0.000009    2.397259 v _0947_/A1 (sky130_fd_sc_hd__o211a_1)
     2    0.004616    0.046650    0.230817    2.628077 v _0947_/X (sky130_fd_sc_hd__o211a_1)
                                                         _0281_ (net)
                      0.046650    0.000013    2.628090 v _0948_/C (sky130_fd_sc_hd__or3_1)
     3    0.006980    0.090959    0.335215    2.963304 v _0948_/X (sky130_fd_sc_hd__or3_1)
                                                         _0282_ (net)
                      0.090959    0.000015    2.963320 v _0959_/B1_N (sky130_fd_sc_hd__a21bo_1)
     3    0.008670    0.082112    0.223953    3.187273 ^ _0959_/X (sky130_fd_sc_hd__a21bo_1)
                                                         _0292_ (net)
                      0.082112    0.000029    3.187302 ^ _0995_/A (sky130_fd_sc_hd__nand3_1)
     2    0.004468    0.070998    0.082184    3.269485 v _0995_/Y (sky130_fd_sc_hd__nand3_1)
                                                         _0328_ (net)
                      0.070998    0.000008    3.269494 v _0997_/B (sky130_fd_sc_hd__and3_1)
     3    0.005940    0.051865    0.185999    3.455493 v _0997_/X (sky130_fd_sc_hd__and3_1)
                                                         _0330_ (net)
                      0.051865    0.000016    3.455508 v _1000_/A (sky130_fd_sc_hd__or3_1)
     1    0.002938    0.067442    0.364630    3.820138 v _1000_/X (sky130_fd_sc_hd__or3_1)
                                                         _0333_ (net)
                      0.067442    0.000008    3.820147 v _1002_/A1 (sky130_fd_sc_hd__a21bo_1)
     1    0.003237    0.036320    0.172678    3.992825 v _1002_/X (sky130_fd_sc_hd__a21bo_1)
                                                         _0335_ (net)
                      0.036320    0.000014    3.992840 v _1003_/C1 (sky130_fd_sc_hd__o211a_1)
     1    0.001877    0.035032    0.094454    4.087293 v _1003_/X (sky130_fd_sc_hd__o211a_1)
                                                         _0056_ (net)
                      0.035032    0.000002    4.087296 v _1440_/D (sky130_fd_sc_hd__dfxtp_1)
                                              4.087296   data arrival time

                                 10.000000   10.000000   clock clk (rise edge)
                                  0.000000   10.000000   clock source latency
     1    0.021601    0.102883    0.071047   10.071048 ^ clk (in)
                                                         clk (net)
                      0.102899    0.000000   10.071048 ^ clkbuf_0_clk/A (sky130_fd_sc_hd__clkbuf_16)
     8    0.084380    0.101038    0.195787   10.266834 ^ clkbuf_0_clk/X (sky130_fd_sc_hd__clkbuf_16)
                                                         clknet_0_clk (net)
                      0.101044    0.000914   10.267748 ^ clkbuf_3_6__f_clk/A (sky130_fd_sc_hd__clkbuf_16)
    14    0.039871    0.059707    0.162352   10.430099 ^ clkbuf_3_6__f_clk/X (sky130_fd_sc_hd__clkbuf_16)
                                                         clknet_3_6__leaf_clk (net)
                      0.059707    0.000222   10.430322 ^ _1440_/CLK (sky130_fd_sc_hd__dfxtp_1)
                                 -0.250000   10.180322   clock uncertainty
                                  0.000000   10.180322   clock reconvergence pessimism
                                 -0.102722   10.077600   library setup time
                                             10.077600   data required time
---------------------------------------------------------------------------------------------
                                             10.077600   data required time
                                             -4.087296   data arrival time
---------------------------------------------------------------------------------------------
                                              5.990305   slack (MET)


Startpoint: addr[5] (input port clocked by clk)
Endpoint: _1399_ (rising edge-triggered flip-flop clocked by clk)
Path Group: clk
Path Type: max

Fanout         Cap        Slew       Delay        Time   Description
---------------------------------------------------------------------------------------------
                                  0.000000    0.000000   clock clk (rise edge)
                                  0.000000    0.000000   clock network delay (propagated)
                                  2.000000    2.000000 v input external delay
     1    0.002548    0.008050    0.003987    2.003987 v addr[5] (in)
                                                         addr[5] (net)
                      0.008050    0.000000    2.003987 v input6/A (sky130_fd_sc_hd__clkbuf_1)
     1    0.001937    0.022876    0.067235    2.071222 v input6/X (sky130_fd_sc_hd__clkbuf_1)
                                                         net6 (net)
                      0.022876    0.000006    2.071228 v _0697_/A (sky130_fd_sc_hd__or4_1)
     2    0.003603    0.091623    0.516142    2.587370 v _0697_/X (sky130_fd_sc_hd__or4_1)
                                                         _0086_ (net)
                      0.091623    0.000016    2.587386 v _0700_/B (sky130_fd_sc_hd__or2_1)
     2    0.011534    0.086338    0.267642    2.855028 v _0700_/X (sky130_fd_sc_hd__or2_1)
                                                         _0088_ (net)
                      0.086338    0.000052    2.855080 v _0701_/D (sky130_fd_sc_hd__nor4_1)
     2    0.007140    0.379471    0.294822    3.149902 ^ _0701_/Y (sky130_fd_sc_hd__nor4_1)
                                                         _0089_ (net)
                      0.379471    0.000060    3.149962 ^ max_cap64/A (sky130_fd_sc_hd__clkbuf_2)
     5    0.018180    0.108212    0.233626    3.383589 ^ max_cap64/X (sky130_fd_sc_hd__clkbuf_2)
                                                         net64 (net)
                      0.108212    0.000024    3.383612 ^ max_cap63/A (sky130_fd_sc_hd__clkbuf_2)
     4    0.015487    0.091282    0.161999    3.545611 ^ max_cap63/X (sky130_fd_sc_hd__clkbuf_2)
                                                         net63 (net)
                      0.091282    0.000236    3.545847 ^ _0742_/A2 (sky130_fd_sc_hd__a22o_1)
     1    0.006073    0.074152    0.163293    3.709140 ^ _0742_/X (sky130_fd_sc_hd__a22o_1)
                                                         _0116_ (net)
                      0.074152    0.000104    3.709244 ^ _0743_/B1 (sky130_fd_sc_hd__a211o_1)
     1    0.002826    0.041773    0.098825    3.808068 ^ _0743_/X (sky130_fd_sc_hd__a211o_1)
                                                         _0117_ (net)
                      0.041773    0.000008    3.808076 ^ _0744_/B1 (sky130_fd_sc_hd__o211a_1)
     1    0.002072    0.038775    0.128900    3.936976 ^ _0744_/X (sky130_fd_sc_hd__o211a_1)
                                                         _0015_ (net)
                      0.038775    0.000004    3.936980 ^ _1399_/D (sky130_fd_sc_hd__dfxtp_1)
                                              3.936980   data arrival time

                                 10.000000   10.000000   clock clk (rise edge)
                                  0.000000   10.000000   clock source latency
     1    0.021601    0.102883    0.071047   10.071048 ^ clk (in)
                                                         clk (net)
                      0.102899    0.000000   10.071048 ^ clkbuf_0_clk/A (sky130_fd_sc_hd__clkbuf_16)
     8    0.084380    0.101038    0.195787   10.266834 ^ clkbuf_0_clk/X (sky130_fd_sc_hd__clkbuf_16)
                                                         clknet_0_clk (net)
                      0.101049    0.001116   10.267949 ^ clkbuf_3_3__f_clk/A (sky130_fd_sc_hd__clkbuf_16)
     7    0.032771    0.053517    0.157145   10.425095 ^ clkbuf_3_3__f_clk/X (sky130_fd_sc_hd__clkbuf_16)
                                                         clknet_3_3__leaf_clk (net)
                      0.053517    0.000228   10.425323 ^ _1399_/CLK (sky130_fd_sc_hd__dfxtp_1)
                                 -0.250000   10.175323   clock uncertainty
                                  0.000000   10.175323   clock reconvergence pessimism
                                 -0.051342   10.123981   library setup time
                                             10.123981   data required time
---------------------------------------------------------------------------------------------
                                             10.123981   data required time
                                             -3.936980   data arrival time
---------------------------------------------------------------------------------------------
                                              6.187001   slack (MET)


Startpoint: addr[5] (input port clocked by clk)
Endpoint: _1398_ (rising edge-triggered flip-flop clocked by clk)
Path Group: clk
Path Type: max

Fanout         Cap        Slew       Delay        Time   Description
---------------------------------------------------------------------------------------------
                                  0.000000    0.000000   clock clk (rise edge)
                                  0.000000    0.000000   clock network delay (propagated)
                                  2.000000    2.000000 v input external delay
     1    0.002548    0.008050    0.003987    2.003987 v addr[5] (in)
                                                         addr[5] (net)
                      0.008050    0.000000    2.003987 v input6/A (sky130_fd_sc_hd__clkbuf_1)
     1    0.001937    0.022876    0.067235    2.071222 v input6/X (sky130_fd_sc_hd__clkbuf_1)
                                                         net6 (net)
                      0.022876    0.000006    2.071228 v _0697_/A (sky130_fd_sc_hd__or4_1)
     2    0.003603    0.091623    0.516142    2.587370 v _0697_/X (sky130_fd_sc_hd__or4_1)
                                                         _0086_ (net)
                      0.091623    0.000016    2.587386 v _0700_/B (sky130_fd_sc_hd__or2_1)
     2    0.011534    0.086338    0.267642    2.855028 v _0700_/X (sky130_fd_sc_hd__or2_1)
                                                         _0088_ (net)
                      0.086338    0.000052    2.855080 v _0701_/D (sky130_fd_sc_hd__nor4_1)
     2    0.007140    0.379471    0.294822    3.149902 ^ _0701_/Y (sky130_fd_sc_hd__nor4_1)
                                                         _0089_ (net)
                      0.379471    0.000060    3.149962 ^ max_cap64/A (sky130_fd_sc_hd__clkbuf_2)
     5    0.018180    0.108212    0.233626    3.383589 ^ max_cap64/X (sky130_fd_sc_hd__clkbuf_2)
                                                         net64 (net)
                      0.108212    0.000024    3.383612 ^ max_cap63/A (sky130_fd_sc_hd__clkbuf_2)
     4    0.015487    0.091282    0.161999    3.545611 ^ max_cap63/X (sky130_fd_sc_hd__clkbuf_2)
                                                         net63 (net)
                      0.091282    0.000226    3.545837 ^ _0739_/A2 (sky130_fd_sc_hd__a22o_1)
     1    0.005165    0.066451    0.157166    3.703002 ^ _0739_/X (sky130_fd_sc_hd__a22o_1)
                                                         _0114_ (net)
                      0.066451    0.000068    3.703070 ^ _0740_/B1 (sky130_fd_sc_hd__a211o_1)
     1    0.003687    0.046921    0.101853    3.804923 ^ _0740_/X (sky130_fd_sc_hd__a211o_1)
                                                         _0115_ (net)
                      0.046921    0.000016    3.804940 ^ _0741_/B1 (sky130_fd_sc_hd__o211a_1)
     1    0.001870    0.037220    0.128802    3.933742 ^ _0741_/X (sky130_fd_sc_hd__o211a_1)
                                                         _0014_ (net)
                      0.037220    0.000002    3.933744 ^ _1398_/D (sky130_fd_sc_hd__dfxtp_1)
                                              3.933744   data arrival time

                                 10.000000   10.000000   clock clk (rise edge)
                                  0.000000   10.000000   clock source latency
     1    0.021601    0.102883    0.071047   10.071048 ^ clk (in)
                                                         clk (net)
                      0.102899    0.000000   10.071048 ^ clkbuf_0_clk/A (sky130_fd_sc_hd__clkbuf_16)
     8    0.084380    0.101038    0.195787   10.266834 ^ clkbuf_0_clk/X (sky130_fd_sc_hd__clkbuf_16)
                                                         clknet_0_clk (net)
                      0.101052    0.001244   10.268078 ^ clkbuf_3_2__f_clk/A (sky130_fd_sc_hd__clkbuf_16)
     9    0.034525    0.055033    0.158459   10.426538 ^ clkbuf_3_2__f_clk/X (sky130_fd_sc_hd__clkbuf_16)
                                                         clknet_3_2__leaf_clk (net)
                      0.055033    0.000174   10.426711 ^ _1398_/CLK (sky130_fd_sc_hd__dfxtp_1)
                                 -0.250000   10.176711   clock uncertainty
                                  0.000000   10.176711   clock reconvergence pessimism
                                 -0.050768   10.125943   library setup time
                                             10.125943   data required time
---------------------------------------------------------------------------------------------
                                             10.125943   data required time
                                             -3.933744   data arrival time
---------------------------------------------------------------------------------------------
                                              6.192199   slack (MET)


Startpoint: addr[5] (input port clocked by clk)
Endpoint: _1397_ (rising edge-triggered flip-flop clocked by clk)
Path Group: clk
Path Type: max

Fanout         Cap        Slew       Delay        Time   Description
---------------------------------------------------------------------------------------------
                                  0.000000    0.000000   clock clk (rise edge)
                                  0.000000    0.000000   clock network delay (propagated)
                                  2.000000    2.000000 v input external delay
     1    0.002548    0.008050    0.003987    2.003987 v addr[5] (in)
                                                         addr[5] (net)
                      0.008050    0.000000    2.003987 v input6/A (sky130_fd_sc_hd__clkbuf_1)
     1    0.001937    0.022876    0.067235    2.071222 v input6/X (sky130_fd_sc_hd__clkbuf_1)
                                                         net6 (net)
                      0.022876    0.000006    2.071228 v _0697_/A (sky130_fd_sc_hd__or4_1)
     2    0.003603    0.091623    0.516142    2.587370 v _0697_/X (sky130_fd_sc_hd__or4_1)
                                                         _0086_ (net)
                      0.091623    0.000016    2.587386 v _0700_/B (sky130_fd_sc_hd__or2_1)
     2    0.011534    0.086338    0.267642    2.855028 v _0700_/X (sky130_fd_sc_hd__or2_1)
                                                         _0088_ (net)
                      0.086338    0.000052    2.855080 v _0701_/D (sky130_fd_sc_hd__nor4_1)
     2    0.007140    0.379471    0.294822    3.149902 ^ _0701_/Y (sky130_fd_sc_hd__nor4_1)
                                                         _0089_ (net)
                      0.379471    0.000060    3.149962 ^ max_cap64/A (sky130_fd_sc_hd__clkbuf_2)
     5    0.018180    0.108212    0.233626    3.383589 ^ max_cap64/X (sky130_fd_sc_hd__clkbuf_2)
                                                         net64 (net)
                      0.108212    0.000024    3.383612 ^ max_cap63/A (sky130_fd_sc_hd__clkbuf_2)
     4    0.015487    0.091282    0.161999    3.545611 ^ max_cap63/X (sky130_fd_sc_hd__clkbuf_2)
                                                         net63 (net)
                      0.091282    0.000054    3.545665 ^ _0736_/A2 (sky130_fd_sc_hd__a22o_1)
     1    0.004321    0.059432    0.151474    3.697138 ^ _0736_/X (sky130_fd_sc_hd__a22o_1)
                                                         _0112_ (net)
                      0.059432    0.000041    3.697179 ^ _0737_/B1 (sky130_fd_sc_hd__a211o_1)
     1    0.003043    0.043493    0.095379    3.792557 ^ _0737_/X (sky130_fd_sc_hd__a211o_1)
                                                         _0113_ (net)
                      0.043493    0.000009    3.792566 ^ _0738_/B1 (sky130_fd_sc_hd__o211a_1)
     1    0.001909    0.037522    0.128128    3.920695 ^ _0738_/X (sky130_fd_sc_hd__o211a_1)
                                                         _0013_ (net)
                      0.037522    0.000003    3.920697 ^ _1397_/D (sky130_fd_sc_hd__dfxtp_1)
                                              3.920697   data arrival time

                                 10.000000   10.000000   clock clk (rise edge)
                                  0.000000   10.000000   clock source latency
     1    0.021601    0.102883    0.071047   10.071048 ^ clk (in)
                                                         clk (net)
                      0.102899    0.000000   10.071048 ^ clkbuf_0_clk/A (sky130_fd_sc_hd__clkbuf_16)
     8    0.084380    0.101038    0.195787   10.266834 ^ clkbuf_0_clk/X (sky130_fd_sc_hd__clkbuf_16)
                                                         clknet_0_clk (net)
                      0.101052    0.001244   10.268078 ^ clkbuf_3_2__f_clk/A (sky130_fd_sc_hd__clkbuf_16)
     9    0.034525    0.055033    0.158459   10.426538 ^ clkbuf_3_2__f_clk/X (sky130_fd_sc_hd__clkbuf_16)
                                                         clknet_3_2__leaf_clk (net)
                      0.055033    0.000282   10.426820 ^ _1397_/CLK (sky130_fd_sc_hd__dfxtp_1)
                                 -0.250000   10.176820   clock uncertainty
                                  0.000000   10.176820   clock reconvergence pessimism
                                 -0.050838   10.125982   library setup time
                                             10.125982   data required time
---------------------------------------------------------------------------------------------
                                             10.125982   data required time
                                             -3.920697   data arrival time
---------------------------------------------------------------------------------------------
                                              6.205285   slack (MET)


Startpoint: addr[5] (input port clocked by clk)
Endpoint: _1428_ (rising edge-triggered flip-flop clocked by clk)
Path Group: clk
Path Type: max

Fanout         Cap        Slew       Delay        Time   Description
---------------------------------------------------------------------------------------------
                                  0.000000    0.000000   clock clk (rise edge)
                                  0.000000    0.000000   clock network delay (propagated)
                                  2.000000    2.000000 v input external delay
     1    0.002548    0.008050    0.003987    2.003987 v addr[5] (in)
                                                         addr[5] (net)
                      0.008050    0.000000    2.003987 v input6/A (sky130_fd_sc_hd__clkbuf_1)
     1    0.001937    0.022876    0.067235    2.071222 v input6/X (sky130_fd_sc_hd__clkbuf_1)
                                                         net6 (net)
                      0.022876    0.000006    2.071228 v _0697_/A (sky130_fd_sc_hd__or4_1)
     2    0.003603    0.091623    0.516142    2.587370 v _0697_/X (sky130_fd_sc_hd__or4_1)
                                                         _0086_ (net)
                      0.091623    0.000016    2.587386 v _0700_/B (sky130_fd_sc_hd__or2_1)
     2    0.011534    0.086338    0.267642    2.855028 v _0700_/X (sky130_fd_sc_hd__or2_1)
                                                         _0088_ (net)
                      0.086338    0.000049    2.855077 v _0720_/A (sky130_fd_sc_hd__nor2_4)
     9    0.034480    0.229108    0.237371    3.092447 ^ _0720_/Y (sky130_fd_sc_hd__nor2_4)
                                                         _0100_ (net)
                      0.229110    0.000501    3.092948 ^ _0796_/C (sky130_fd_sc_hd__and3_4)
     8    0.036546    0.126977    0.292943    3.385891 ^ _0796_/X (sky130_fd_sc_hd__and3_4)
                                                         _0144_ (net)
                      0.126978    0.000649    3.386540 ^ _0803_/S (sky130_fd_sc_hd__mux2_1)
     1    0.001937    0.051801    0.322298    3.708838 v _0803_/X (sky130_fd_sc_hd__mux2_1)
                                                         _0148_ (net)
                      0.051801    0.000005    3.708843 v _0804_/B (sky130_fd_sc_hd__and2_1)
     1    0.001843    0.031820    0.147348    3.856191 v _0804_/X (sky130_fd_sc_hd__and2_1)
                                                         _0044_ (net)
                      0.031820    0.000001    3.856192 v _1428_/D (sky130_fd_sc_hd__dfxtp_2)
                                              3.856192   data arrival time

                                 10.000000   10.000000   clock clk (rise edge)
                                  0.000000   10.000000   clock source latency
     1    0.021601    0.102883    0.071047   10.071048 ^ clk (in)
                                                         clk (net)
                      0.102899    0.000000   10.071048 ^ clkbuf_0_clk/A (sky130_fd_sc_hd__clkbuf_16)
     8    0.084380    0.101038    0.195787   10.266834 ^ clkbuf_0_clk/X (sky130_fd_sc_hd__clkbuf_16)
                                                         clknet_0_clk (net)
                      0.101069    0.001692   10.268526 ^ clkbuf_3_0__f_clk/A (sky130_fd_sc_hd__clkbuf_16)
     9    0.033720    0.054343    0.157879   10.426405 ^ clkbuf_3_0__f_clk/X (sky130_fd_sc_hd__clkbuf_16)
                                                         clknet_3_0__leaf_clk (net)
                      0.054343    0.000242   10.426647 ^ _1428_/CLK (sky130_fd_sc_hd__dfxtp_2)
                                 -0.250000   10.176647   clock uncertainty
                                  0.000000   10.176647   clock reconvergence pessimism
                                 -0.104952   10.071695   library setup time
                                             10.071695   data required time
---------------------------------------------------------------------------------------------
                                             10.071695   data required time
                                             -3.856192   data arrival time
---------------------------------------------------------------------------------------------
                                              6.215504   slack (MET)


Startpoint: addr[5] (input port clocked by clk)
Endpoint: _1427_ (rising edge-triggered flip-flop clocked by clk)
Path Group: clk
Path Type: max

Fanout         Cap        Slew       Delay        Time   Description
---------------------------------------------------------------------------------------------
                                  0.000000    0.000000   clock clk (rise edge)
                                  0.000000    0.000000   clock network delay (propagated)
                                  2.000000    2.000000 v input external delay
     1    0.002548    0.008050    0.003987    2.003987 v addr[5] (in)
                                                         addr[5] (net)
                      0.008050    0.000000    2.003987 v input6/A (sky130_fd_sc_hd__clkbuf_1)
     1    0.001937    0.022876    0.067235    2.071222 v input6/X (sky130_fd_sc_hd__clkbuf_1)
                                                         net6 (net)
                      0.022876    0.000006    2.071228 v _0697_/A (sky130_fd_sc_hd__or4_1)
     2    0.003603    0.091623    0.516142    2.587370 v _0697_/X (sky130_fd_sc_hd__or4_1)
                                                         _0086_ (net)
                      0.091623    0.000016    2.587386 v _0700_/B (sky130_fd_sc_hd__or2_1)
     2    0.011534    0.086338    0.267642    2.855028 v _0700_/X (sky130_fd_sc_hd__or2_1)
                                                         _0088_ (net)
                      0.086338    0.000049    2.855077 v _0720_/A (sky130_fd_sc_hd__nor2_4)
     9    0.034480    0.229108    0.237371    3.092447 ^ _0720_/Y (sky130_fd_sc_hd__nor2_4)
                                                         _0100_ (net)
                      0.229110    0.000501    3.092948 ^ _0796_/C (sky130_fd_sc_hd__and3_4)
     8    0.036546    0.126977    0.292943    3.385891 ^ _0796_/X (sky130_fd_sc_hd__and3_4)
                                                         _0144_ (net)
                      0.126977    0.000230    3.386121 ^ _0801_/S (sky130_fd_sc_hd__mux2_1)
     1    0.001665    0.050234    0.319731    3.705852 v _0801_/X (sky130_fd_sc_hd__mux2_1)
                                                         _0147_ (net)
                      0.050234    0.000002    3.705855 v _0802_/B (sky130_fd_sc_hd__and2_1)
     1    0.001962    0.032353    0.147360    3.853215 v _0802_/X (sky130_fd_sc_hd__and2_1)
                                                         _0043_ (net)
                      0.032353    0.000002    3.853217 v _1427_/D (sky130_fd_sc_hd__dfxtp_1)
                                              3.853217   data arrival time

                                 10.000000   10.000000   clock clk (rise edge)
                                  0.000000   10.000000   clock source latency
     1    0.021601    0.102883    0.071047   10.071048 ^ clk (in)
                                                         clk (net)
                      0.102899    0.000000   10.071048 ^ clkbuf_0_clk/A (sky130_fd_sc_hd__clkbuf_16)
     8    0.084380    0.101038    0.195787   10.266834 ^ clkbuf_0_clk/X (sky130_fd_sc_hd__clkbuf_16)
                                                         clknet_0_clk (net)
                      0.101069    0.001692   10.268526 ^ clkbuf_3_0__f_clk/A (sky130_fd_sc_hd__clkbuf_16)
     9    0.033720    0.054343    0.157879   10.426405 ^ clkbuf_3_0__f_clk/X (sky130_fd_sc_hd__clkbuf_16)
                                                         clknet_3_0__leaf_clk (net)
                      0.054343    0.000216   10.426620 ^ _1427_/CLK (sky130_fd_sc_hd__dfxtp_1)
                                 -0.250000   10.176620   clock uncertainty
                                  0.000000   10.176620   clock reconvergence pessimism
                                 -0.102798   10.073822   library setup time
                                             10.073822   data required time
---------------------------------------------------------------------------------------------
                                             10.073822   data required time
                                             -3.853217   data arrival time
---------------------------------------------------------------------------------------------
                                              6.220605   slack (MET)


Startpoint: addr[5] (input port clocked by clk)
Endpoint: _1429_ (rising edge-triggered flip-flop clocked by clk)
Path Group: clk
Path Type: max

Fanout         Cap        Slew       Delay        Time   Description
---------------------------------------------------------------------------------------------
                                  0.000000    0.000000   clock clk (rise edge)
                                  0.000000    0.000000   clock network delay (propagated)
                                  2.000000    2.000000 v input external delay
     1    0.002548    0.008050    0.003987    2.003987 v addr[5] (in)
                                                         addr[5] (net)
                      0.008050    0.000000    2.003987 v input6/A (sky130_fd_sc_hd__clkbuf_1)
     1    0.001937    0.022876    0.067235    2.071222 v input6/X (sky130_fd_sc_hd__clkbuf_1)
                                                         net6 (net)
                      0.022876    0.000006    2.071228 v _0697_/A (sky130_fd_sc_hd__or4_1)
     2    0.003603    0.091623    0.516142    2.587370 v _0697_/X (sky130_fd_sc_hd__or4_1)
                                                         _0086_ (net)
                      0.091623    0.000016    2.587386 v _0700_/B (sky130_fd_sc_hd__or2_1)
     2    0.011534    0.086338    0.267642    2.855028 v _0700_/X (sky130_fd_sc_hd__or2_1)
                                                         _0088_ (net)
                      0.086338    0.000049    2.855077 v _0720_/A (sky130_fd_sc_hd__nor2_4)
     9    0.034480    0.229108    0.237371    3.092447 ^ _0720_/Y (sky130_fd_sc_hd__nor2_4)
                                                         _0100_ (net)
                      0.229110    0.000501    3.092948 ^ _0796_/C (sky130_fd_sc_hd__and3_4)
     8    0.036546    0.126977    0.292943    3.385891 ^ _0796_/X (sky130_fd_sc_hd__and3_4)
                                                         _0144_ (net)
                      0.126977    0.000581    3.386472 ^ _0805_/S (sky130_fd_sc_hd__mux2_1)
     1    0.001892    0.051541    0.321873    3.708345 v _0805_/X (sky130_fd_sc_hd__mux2_1)
                                                         _0149_ (net)
                      0.051541    0.000004    3.708349 v _0806_/B (sky130_fd_sc_hd__and2_1)
     1    0.001843    0.031819    0.147234    3.855582 v _0806_/X (sky130_fd_sc_hd__and2_1)
                                                         _0045_ (net)
                      0.031819    0.000001    3.855583 v _1429_/D (sky130_fd_sc_hd__dfxtp_1)
                                              3.855583   data arrival time

                                 10.000000   10.000000   clock clk (rise edge)
                                  0.000000   10.000000   clock source latency
     1    0.021601    0.102883    0.071047   10.071048 ^ clk (in)
                                                         clk (net)
                      0.102899    0.000000   10.071048 ^ clkbuf_0_clk/A (sky130_fd_sc_hd__clkbuf_16)
     8    0.084380    0.101038    0.195787   10.266834 ^ clkbuf_0_clk/X (sky130_fd_sc_hd__clkbuf_16)
                                                         clknet_0_clk (net)
                      0.101071    0.001725   10.268559 ^ clkbuf_3_1__f_clk/A (sky130_fd_sc_hd__clkbuf_16)
    13    0.038816    0.058789    0.161656   10.430214 ^ clkbuf_3_1__f_clk/X (sky130_fd_sc_hd__clkbuf_16)
                                                         clknet_3_1__leaf_clk (net)
                      0.058790    0.000304   10.430518 ^ _1429_/CLK (sky130_fd_sc_hd__dfxtp_1)
                                 -0.250000   10.180518   clock uncertainty
                                  0.000000   10.180518   clock reconvergence pessimism
                                 -0.101527   10.078991   library setup time
                                             10.078991   data required time
---------------------------------------------------------------------------------------------
                                             10.078991   data required time
                                             -3.855583   data arrival time
---------------------------------------------------------------------------------------------
                                              6.223408   slack (MET)


Startpoint: addr[5] (input port clocked by clk)
Endpoint: _1432_ (rising edge-triggered flip-flop clocked by clk)
Path Group: clk
Path Type: max

Fanout         Cap        Slew       Delay        Time   Description
---------------------------------------------------------------------------------------------
                                  0.000000    0.000000   clock clk (rise edge)
                                  0.000000    0.000000   clock network delay (propagated)
                                  2.000000    2.000000 v input external delay
     1    0.002548    0.008050    0.003987    2.003987 v addr[5] (in)
                                                         addr[5] (net)
                      0.008050    0.000000    2.003987 v input6/A (sky130_fd_sc_hd__clkbuf_1)
     1    0.001937    0.022876    0.067235    2.071222 v input6/X (sky130_fd_sc_hd__clkbuf_1)
                                                         net6 (net)
                      0.022876    0.000006    2.071228 v _0697_/A (sky130_fd_sc_hd__or4_1)
     2    0.003603    0.091623    0.516142    2.587370 v _0697_/X (sky130_fd_sc_hd__or4_1)
                                                         _0086_ (net)
                      0.091623    0.000016    2.587386 v _0700_/B (sky130_fd_sc_hd__or2_1)
     2    0.011534    0.086338    0.267642    2.855028 v _0700_/X (sky130_fd_sc_hd__or2_1)
                                                         _0088_ (net)
                      0.086338    0.000049    2.855077 v _0720_/A (sky130_fd_sc_hd__nor2_4)
     9    0.034480    0.229108    0.237371    3.092447 ^ _0720_/Y (sky130_fd_sc_hd__nor2_4)
                                                         _0100_ (net)
                      0.229110    0.000501    3.092948 ^ _0796_/C (sky130_fd_sc_hd__and3_4)
     8    0.036546    0.126977    0.292943    3.385891 ^ _0796_/X (sky130_fd_sc_hd__and3_4)
                                                         _0144_ (net)
                      0.126978    0.000692    3.386583 ^ _0811_/S (sky130_fd_sc_hd__mux2_1)
     1    0.001552    0.049583    0.318664    3.705247 v _0811_/X (sky130_fd_sc_hd__mux2_1)
                                                         _0152_ (net)
                      0.049583    0.000000    3.705248 v _0812_/B (sky130_fd_sc_hd__and2_1)
     1    0.001964    0.032361    0.147088    3.852336 v _0812_/X (sky130_fd_sc_hd__and2_1)
                                                         _0048_ (net)
                      0.032361    0.000003    3.852339 v _1432_/D (sky130_fd_sc_hd__dfxtp_2)
                                              3.852339   data arrival time

                                 10.000000   10.000000   clock clk (rise edge)
                                  0.000000   10.000000   clock source latency
     1    0.021601    0.102883    0.071047   10.071048 ^ clk (in)
                                                         clk (net)
                      0.102899    0.000000   10.071048 ^ clkbuf_0_clk/A (sky130_fd_sc_hd__clkbuf_16)
     8    0.084380    0.101038    0.195787   10.266834 ^ clkbuf_0_clk/X (sky130_fd_sc_hd__clkbuf_16)
                                                         clknet_0_clk (net)
                      0.101071    0.001725   10.268559 ^ clkbuf_3_1__f_clk/A (sky130_fd_sc_hd__clkbuf_16)
    13    0.038816    0.058789    0.161656   10.430214 ^ clkbuf_3_1__f_clk/X (sky130_fd_sc_hd__clkbuf_16)
                                                         clknet_3_1__leaf_clk (net)
                      0.058790    0.000319   10.430533 ^ _1432_/CLK (sky130_fd_sc_hd__dfxtp_2)
                                 -0.250000   10.180533   clock uncertainty
                                  0.000000   10.180533   clock reconvergence pessimism
                                 -0.104150   10.076384   library setup time
                                             10.076384   data required time
---------------------------------------------------------------------------------------------
                                             10.076384   data required time
                                             -3.852339   data arrival time
---------------------------------------------------------------------------------------------
                                              6.224045   slack (MET)


Startpoint: addr[5] (input port clocked by clk)
Endpoint: _1430_ (rising edge-triggered flip-flop clocked by clk)
Path Group: clk
Path Type: max

Fanout         Cap        Slew       Delay        Time   Description
---------------------------------------------------------------------------------------------
                                  0.000000    0.000000   clock clk (rise edge)
                                  0.000000    0.000000   clock network delay (propagated)
                                  2.000000    2.000000 v input external delay
     1    0.002548    0.008050    0.003987    2.003987 v addr[5] (in)
                                                         addr[5] (net)
                      0.008050    0.000000    2.003987 v input6/A (sky130_fd_sc_hd__clkbuf_1)
     1    0.001937    0.022876    0.067235    2.071222 v input6/X (sky130_fd_sc_hd__clkbuf_1)
                                                         net6 (net)
                      0.022876    0.000006    2.071228 v _0697_/A (sky130_fd_sc_hd__or4_1)
     2    0.003603    0.091623    0.516142    2.587370 v _0697_/X (sky130_fd_sc_hd__or4_1)
                                                         _0086_ (net)
                      0.091623    0.000016    2.587386 v _0700_/B (sky130_fd_sc_hd__or2_1)
     2    0.011534    0.086338    0.267642    2.855028 v _0700_/X (sky130_fd_sc_hd__or2_1)
                                                         _0088_ (net)
                      0.086338    0.000049    2.855077 v _0720_/A (sky130_fd_sc_hd__nor2_4)
     9    0.034480    0.229108    0.237371    3.092447 ^ _0720_/Y (sky130_fd_sc_hd__nor2_4)
                                                         _0100_ (net)
                      0.229110    0.000501    3.092948 ^ _0796_/C (sky130_fd_sc_hd__and3_4)
     8    0.036546    0.126977    0.292943    3.385891 ^ _0796_/X (sky130_fd_sc_hd__and3_4)
                                                         _0144_ (net)
                      0.126977    0.000485    3.386376 ^ _0807_/S (sky130_fd_sc_hd__mux2_1)
     1    0.001736    0.050645    0.320404    3.706780 v _0807_/X (sky130_fd_sc_hd__mux2_1)
                                                         _0150_ (net)
                      0.050645    0.000003    3.706783 v _0808_/B (sky130_fd_sc_hd__and2_1)
     1    0.001975    0.032413    0.147617    3.854400 v _0808_/X (sky130_fd_sc_hd__and2_1)
                                                         _0046_ (net)
                      0.032413    0.000004    3.854403 v _1430_/D (sky130_fd_sc_hd__dfxtp_1)
                                              3.854403   data arrival time

                                 10.000000   10.000000   clock clk (rise edge)
                                  0.000000   10.000000   clock source latency
     1    0.021601    0.102883    0.071047   10.071048 ^ clk (in)
                                                         clk (net)
                      0.102899    0.000000   10.071048 ^ clkbuf_0_clk/A (sky130_fd_sc_hd__clkbuf_16)
     8    0.084380    0.101038    0.195787   10.266834 ^ clkbuf_0_clk/X (sky130_fd_sc_hd__clkbuf_16)
                                                         clknet_0_clk (net)
                      0.101071    0.001725   10.268559 ^ clkbuf_3_1__f_clk/A (sky130_fd_sc_hd__clkbuf_16)
    13    0.038816    0.058789    0.161656   10.430214 ^ clkbuf_3_1__f_clk/X (sky130_fd_sc_hd__clkbuf_16)
                                                         clknet_3_1__leaf_clk (net)
                      0.058789    0.000100   10.430315 ^ _1430_/CLK (sky130_fd_sc_hd__dfxtp_1)
                                 -0.250000   10.180315   clock uncertainty
                                  0.000000   10.180315   clock reconvergence pessimism
                                 -0.101787   10.078527   library setup time
                                             10.078527   data required time
---------------------------------------------------------------------------------------------
                                             10.078527   data required time
                                             -3.854403   data arrival time
---------------------------------------------------------------------------------------------
                                              6.224124   slack (MET)


Startpoint: addr[5] (input port clocked by clk)
Endpoint: _1425_ (rising edge-triggered flip-flop clocked by clk)
Path Group: clk
Path Type: max

Fanout         Cap        Slew       Delay        Time   Description
---------------------------------------------------------------------------------------------
                                  0.000000    0.000000   clock clk (rise edge)
                                  0.000000    0.000000   clock network delay (propagated)
                                  2.000000    2.000000 v input external delay
     1    0.002548    0.008050    0.003987    2.003987 v addr[5] (in)
                                                         addr[5] (net)
                      0.008050    0.000000    2.003987 v input6/A (sky130_fd_sc_hd__clkbuf_1)
     1    0.001937    0.022876    0.067235    2.071222 v input6/X (sky130_fd_sc_hd__clkbuf_1)
                                                         net6 (net)
                      0.022876    0.000006    2.071228 v _0697_/A (sky130_fd_sc_hd__or4_1)
     2    0.003603    0.091623    0.516142    2.587370 v _0697_/X (sky130_fd_sc_hd__or4_1)
                                                         _0086_ (net)
                      0.091623    0.000016    2.587386 v _0700_/B (sky130_fd_sc_hd__or2_1)
     2    0.011534    0.086338    0.267642    2.855028 v _0700_/X (sky130_fd_sc_hd__or2_1)
                                                         _0088_ (net)
                      0.086338    0.000049    2.855077 v _0720_/A (sky130_fd_sc_hd__nor2_4)
     9    0.034480    0.229108    0.237371    3.092447 ^ _0720_/Y (sky130_fd_sc_hd__nor2_4)
                                                         _0100_ (net)
                      0.229110    0.000501    3.092948 ^ _0796_/C (sky130_fd_sc_hd__and3_4)
     8    0.036546    0.126977    0.292943    3.385891 ^ _0796_/X (sky130_fd_sc_hd__and3_4)
                                                         _0144_ (net)
                      0.126977    0.000247    3.386138 ^ _0797_/S (sky130_fd_sc_hd__mux2_1)
     1    0.001734    0.050630    0.320379    3.706517 v _0797_/X (sky130_fd_sc_hd__mux2_1)
                                                         _0145_ (net)
                      0.050630    0.000003    3.706520 v _0798_/B (sky130_fd_sc_hd__and2_1)
     1    0.001678    0.031070    0.145862    3.852382 v _0798_/X (sky130_fd_sc_hd__and2_1)
                                                         _0041_ (net)
                      0.031070    0.000001    3.852383 v _1425_/D (sky130_fd_sc_hd__dfxtp_4)
                                              3.852383   data arrival time

                                 10.000000   10.000000   clock clk (rise edge)
                                  0.000000   10.000000   clock source latency
     1    0.021601    0.102883    0.071047   10.071048 ^ clk (in)
                                                         clk (net)
                      0.102899    0.000000   10.071048 ^ clkbuf_0_clk/A (sky130_fd_sc_hd__clkbuf_16)
     8    0.084380    0.101038    0.195787   10.266834 ^ clkbuf_0_clk/X (sky130_fd_sc_hd__clkbuf_16)
                                                         clknet_0_clk (net)
                      0.101071    0.001725   10.268559 ^ clkbuf_3_1__f_clk/A (sky130_fd_sc_hd__clkbuf_16)
    13    0.038816    0.058789    0.161656   10.430214 ^ clkbuf_3_1__f_clk/X (sky130_fd_sc_hd__clkbuf_16)
                                                         clknet_3_1__leaf_clk (net)
                      0.058789    0.000109   10.430324 ^ _1425_/CLK (sky130_fd_sc_hd__dfxtp_4)
                                 -0.250000   10.180324   clock uncertainty
                                  0.000000   10.180324   clock reconvergence pessimism
                                 -0.102726   10.077598   library setup time
                                             10.077598   data required time
---------------------------------------------------------------------------------------------
                                             10.077598   data required time
                                             -3.852383   data arrival time
---------------------------------------------------------------------------------------------
                                              6.225214   slack (MET)


Startpoint: addr[5] (input port clocked by clk)
Endpoint: _1431_ (rising edge-triggered flip-flop clocked by clk)
Path Group: clk
Path Type: max

Fanout         Cap        Slew       Delay        Time   Description
---------------------------------------------------------------------------------------------
                                  0.000000    0.000000   clock clk (rise edge)
                                  0.000000    0.000000   clock network delay (propagated)
                                  2.000000    2.000000 v input external delay
     1    0.002548    0.008050    0.003987    2.003987 v addr[5] (in)
                                                         addr[5] (net)
                      0.008050    0.000000    2.003987 v input6/A (sky130_fd_sc_hd__clkbuf_1)
     1    0.001937    0.022876    0.067235    2.071222 v input6/X (sky130_fd_sc_hd__clkbuf_1)
                                                         net6 (net)
                      0.022876    0.000006    2.071228 v _0697_/A (sky130_fd_sc_hd__or4_1)
     2    0.003603    0.091623    0.516142    2.587370 v _0697_/X (sky130_fd_sc_hd__or4_1)
                                                         _0086_ (net)
                      0.091623    0.000016    2.587386 v _0700_/B (sky130_fd_sc_hd__or2_1)
     2    0.011534    0.086338    0.267642    2.855028 v _0700_/X (sky130_fd_sc_hd__or2_1)
                                                         _0088_ (net)
                      0.086338    0.000049    2.855077 v _0720_/A (sky130_fd_sc_hd__nor2_4)
     9    0.034480    0.229108    0.237371    3.092447 ^ _0720_/Y (sky130_fd_sc_hd__nor2_4)
                                                         _0100_ (net)
                      0.229110    0.000501    3.092948 ^ _0796_/C (sky130_fd_sc_hd__and3_4)
     8    0.036546    0.126977    0.292943    3.385891 ^ _0796_/X (sky130_fd_sc_hd__and3_4)
                                                         _0144_ (net)
                      0.126978    0.000692    3.386583 ^ _0809_/S (sky130_fd_sc_hd__mux2_1)
     1    0.001618    0.049961    0.319284    3.705867 v _0809_/X (sky130_fd_sc_hd__mux2_1)
                                                         _0151_ (net)
                      0.049961    0.000002    3.705869 v _0810_/B (sky130_fd_sc_hd__and2_1)
     1    0.001947    0.032284    0.147153    3.853022 v _0810_/X (sky130_fd_sc_hd__and2_1)
                                                         _0047_ (net)
                      0.032284    0.000003    3.853025 v _1431_/D (sky130_fd_sc_hd__dfxtp_1)
                                              3.853025   data arrival time

                                 10.000000   10.000000   clock clk (rise edge)
                                  0.000000   10.000000   clock source latency
     1    0.021601    0.102883    0.071047   10.071048 ^ clk (in)
                                                         clk (net)
                      0.102899    0.000000   10.071048 ^ clkbuf_0_clk/A (sky130_fd_sc_hd__clkbuf_16)
     8    0.084380    0.101038    0.195787   10.266834 ^ clkbuf_0_clk/X (sky130_fd_sc_hd__clkbuf_16)
                                                         clknet_0_clk (net)
                      0.101071    0.001725   10.268559 ^ clkbuf_3_1__f_clk/A (sky130_fd_sc_hd__clkbuf_16)
    13    0.038816    0.058789    0.161656   10.430214 ^ clkbuf_3_1__f_clk/X (sky130_fd_sc_hd__clkbuf_16)
                                                         clknet_3_1__leaf_clk (net)
                      0.058790    0.000314   10.430528 ^ _1431_/CLK (sky130_fd_sc_hd__dfxtp_1)
                                 -0.250000   10.180528   clock uncertainty
                                  0.000000   10.180528   clock reconvergence pessimism
                                 -0.101731   10.078797   library setup time
                                             10.078797   data required time
---------------------------------------------------------------------------------------------
                                             10.078797   data required time
                                             -3.853025   data arrival time
---------------------------------------------------------------------------------------------
                                              6.225773   slack (MET)


Startpoint: addr[5] (input port clocked by clk)
Endpoint: _1426_ (rising edge-triggered flip-flop clocked by clk)
Path Group: clk
Path Type: max

Fanout         Cap        Slew       Delay        Time   Description
---------------------------------------------------------------------------------------------
                                  0.000000    0.000000   clock clk (rise edge)
                                  0.000000    0.000000   clock network delay (propagated)
                                  2.000000    2.000000 v input external delay
     1    0.002548    0.008050    0.003987    2.003987 v addr[5] (in)
                                                         addr[5] (net)
                      0.008050    0.000000    2.003987 v input6/A (sky130_fd_sc_hd__clkbuf_1)
     1    0.001937    0.022876    0.067235    2.071222 v input6/X (sky130_fd_sc_hd__clkbuf_1)
                                                         net6 (net)
                      0.022876    0.000006    2.071228 v _0697_/A (sky130_fd_sc_hd__or4_1)
     2    0.003603    0.091623    0.516142    2.587370 v _0697_/X (sky130_fd_sc_hd__or4_1)
                                                         _0086_ (net)
                      0.091623    0.000016    2.587386 v _0700_/B (sky130_fd_sc_hd__or2_1)
     2    0.011534    0.086338    0.267642    2.855028 v _0700_/X (sky130_fd_sc_hd__or2_1)
                                                         _0088_ (net)
                      0.086338    0.000049    2.855077 v _0720_/A (sky130_fd_sc_hd__nor2_4)
     9    0.034480    0.229108    0.237371    3.092447 ^ _0720_/Y (sky130_fd_sc_hd__nor2_4)
                                                         _0100_ (net)
                      0.229110    0.000501    3.092948 ^ _0796_/C (sky130_fd_sc_hd__and3_4)
     8    0.036546    0.126977    0.292943    3.385891 ^ _0796_/X (sky130_fd_sc_hd__and3_4)
                                                         _0144_ (net)
                      0.126977    0.000345    3.386236 ^ _0799_/S (sky130_fd_sc_hd__mux2_1)
     1    0.001655    0.050174    0.319633    3.705869 v _0799_/X (sky130_fd_sc_hd__mux2_1)
                                                         _0146_ (net)
                      0.050174    0.000002    3.705871 v _0800_/B (sky130_fd_sc_hd__and2_1)
     1    0.001843    0.031816    0.146635    3.852506 v _0800_/X (sky130_fd_sc_hd__and2_1)
                                                         _0042_ (net)
                      0.031816    0.000001    3.852507 v _1426_/D (sky130_fd_sc_hd__dfxtp_1)
                                              3.852507   data arrival time

                                 10.000000   10.000000   clock clk (rise edge)
                                  0.000000   10.000000   clock source latency
     1    0.021601    0.102883    0.071047   10.071048 ^ clk (in)
                                                         clk (net)
                      0.102899    0.000000   10.071048 ^ clkbuf_0_clk/A (sky130_fd_sc_hd__clkbuf_16)
     8    0.084380    0.101038    0.195787   10.266834 ^ clkbuf_0_clk/X (sky130_fd_sc_hd__clkbuf_16)
                                                         clknet_0_clk (net)
                      0.101071    0.001725   10.268559 ^ clkbuf_3_1__f_clk/A (sky130_fd_sc_hd__clkbuf_16)
    13    0.038816    0.058789    0.161656   10.430214 ^ clkbuf_3_1__f_clk/X (sky130_fd_sc_hd__clkbuf_16)
                                                         clknet_3_1__leaf_clk (net)
                      0.058789    0.000088   10.430303 ^ _1426_/CLK (sky130_fd_sc_hd__dfxtp_1)
                                 -0.250000   10.180303   clock uncertainty
                                  0.000000   10.180303   clock reconvergence pessimism
                                 -0.101525   10.078777   library setup time
                                             10.078777   data required time
---------------------------------------------------------------------------------------------
                                             10.078777   data required time
                                             -3.852507   data arrival time
---------------------------------------------------------------------------------------------
                                              6.226270   slack (MET)


Startpoint: _1425_ (rising edge-triggered flip-flop clocked by clk)
Endpoint: _1439_ (rising edge-triggered flip-flop clocked by clk)
Path Group: clk
Path Type: max

Fanout         Cap        Slew       Delay        Time   Description
---------------------------------------------------------------------------------------------
                                  0.000000    0.000000   clock clk (rise edge)
                                  0.000000    0.000000   clock source latency
     1    0.021601    0.102883    0.071047    0.071047 ^ clk (in)
                                                         clk (net)
                      0.102899    0.000000    0.071047 ^ clkbuf_0_clk/A (sky130_fd_sc_hd__clkbuf_16)
     8    0.084380    0.101038    0.195786    0.266833 ^ clkbuf_0_clk/X (sky130_fd_sc_hd__clkbuf_16)
                                                         clknet_0_clk (net)
                      0.101071    0.001725    0.268558 ^ clkbuf_3_1__f_clk/A (sky130_fd_sc_hd__clkbuf_16)
    13    0.038816    0.058789    0.161655    0.430214 ^ clkbuf_3_1__f_clk/X (sky130_fd_sc_hd__clkbuf_16)
                                                         clknet_3_1__leaf_clk (net)
                      0.058789    0.000110    0.430323 ^ _1425_/CLK (sky130_fd_sc_hd__dfxtp_4)
     3    0.011358    0.039341    0.347145    0.777468 v _1425_/Q (sky130_fd_sc_hd__dfxtp_4)
                                                         core_b[0] (net)
                      0.039341    0.000028    0.777497 v fanout79/A (sky130_fd_sc_hd__buf_8)
     5    0.016012    0.028363    0.118368    0.895865 v fanout79/X (sky130_fd_sc_hd__buf_8)
                                                         net79 (net)
                      0.028363    0.000080    0.895945 v fanout78/A (sky130_fd_sc_hd__buf_2)
    10    0.028202    0.076421    0.162017    1.057962 v fanout78/X (sky130_fd_sc_hd__buf_2)
                                                         net78 (net)
                      0.076421    0.000065    1.058027 v _0930_/A (sky130_fd_sc_hd__and4_1)
     4    0.007798    0.060865    0.181111    1.239138 v _0930_/X (sky130_fd_sc_hd__and4_1)
                                                         _0264_ (net)
                      0.060865    0.000017    1.239155 v _0933_/B (sky130_fd_sc_hd__or3_1)
     2    0.005630    0.083387    0.366560    1.605714 v _0933_/X (sky130_fd_sc_hd__or3_1)
                                                         _0267_ (net)
                      0.083387    0.000026    1.605740 v _0937_/A1 (sky130_fd_sc_hd__a21o_1)
     3    0.009946    0.062235    0.198457    1.804197 v _0937_/X (sky130_fd_sc_hd__a21o_1)
                                                         _0271_ (net)
                      0.062235    0.000105    1.804303 v _0939_/A2 (sky130_fd_sc_hd__a21o_1)
     2    0.007412    0.052868    0.200334    2.004637 v _0939_/X (sky130_fd_sc_hd__a21o_1)
                                                         _0273_ (net)
                      0.052868    0.000032    2.004669 v _0942_/A2 (sky130_fd_sc_hd__a21o_1)
     3    0.007217    0.051976    0.195726    2.200395 v _0942_/X (sky130_fd_sc_hd__a21o_1)
                                                         _0276_ (net)
                      0.051976    0.000031    2.200426 v _0943_/C (sky130_fd_sc_hd__and3_1)
     2    0.006788    0.055569    0.196824    2.397250 v _0943_/X (sky130_fd_sc_hd__and3_1)
                                                         _0277_ (net)
                      0.055569    0.000009    2.397259 v _0947_/A1 (sky130_fd_sc_hd__o211a_1)
     2    0.004616    0.046650    0.230817    2.628077 v _0947_/X (sky130_fd_sc_hd__o211a_1)
                                                         _0281_ (net)
                      0.046650    0.000013    2.628090 v _0948_/C (sky130_fd_sc_hd__or3_1)
     3    0.006980    0.090959    0.335215    2.963304 v _0948_/X (sky130_fd_sc_hd__or3_1)
                                                         _0282_ (net)
                      0.090959    0.000020    2.963324 v _0950_/A1 (sky130_fd_sc_hd__a21o_1)
     2    0.004460    0.041502    0.177127    3.140451 v _0950_/X (sky130_fd_sc_hd__a21o_1)
                                                         _0284_ (net)
                      0.041502    0.000013    3.140464 v _0952_/B (sky130_fd_sc_hd__and3_1)
     2    0.006182    0.052962    0.174160    3.314624 v _0952_/X (sky130_fd_sc_hd__and3_1)
                                                         _0286_ (net)
                      0.052962    0.000009    3.314633 v _0954_/A_N (sky130_fd_sc_hd__and2b_1)
     1    0.005296    0.063651    0.201640    3.516273 ^ _0954_/X (sky130_fd_sc_hd__and2b_1)
                                                         _0288_ (net)
                      0.063651    0.000016    3.516289 ^ _0956_/A (sky130_fd_sc_hd__xnor2_1)
     1    0.002664    0.115589    0.109724    3.626013 ^ _0956_/Y (sky130_fd_sc_hd__xnor2_1)
                                                         _0290_ (net)
                      0.115589    0.000004    3.626017 ^ _0957_/B (sky130_fd_sc_hd__nand2_1)
     1    0.002366    0.053670    0.062425    3.688442 v _0957_/Y (sky130_fd_sc_hd__nand2_1)
                                                         _0291_ (net)
                      0.053670    0.000000    3.688442 v _0958_/C1 (sky130_fd_sc_hd__o211a_1)
     1    0.002158    0.036527    0.103560    3.792002 v _0958_/X (sky130_fd_sc_hd__o211a_1)
                                                         _0055_ (net)
                      0.036527    0.000005    3.792007 v _1439_/D (sky130_fd_sc_hd__dfxtp_1)
                                              3.792007   data arrival time

                                 10.000000   10.000000   clock clk (rise edge)
                                  0.000000   10.000000   clock source latency
     1    0.021601    0.102883    0.071047   10.071048 ^ clk (in)
                                                         clk (net)
                      0.102899    0.000000   10.071048 ^ clkbuf_0_clk/A (sky130_fd_sc_hd__clkbuf_16)
     8    0.084380    0.101038    0.195787   10.266834 ^ clkbuf_0_clk/X (sky130_fd_sc_hd__clkbuf_16)
                                                         clknet_0_clk (net)
                      0.101049    0.001116   10.267949 ^ clkbuf_3_3__f_clk/A (sky130_fd_sc_hd__clkbuf_16)
     7    0.032771    0.053517    0.157145   10.425095 ^ clkbuf_3_3__f_clk/X (sky130_fd_sc_hd__clkbuf_16)
                                                         clknet_3_3__leaf_clk (net)
                      0.053517    0.000269   10.425364 ^ _1439_/CLK (sky130_fd_sc_hd__dfxtp_1)
                                 -0.250000   10.175364   clock uncertainty
                                  0.000000   10.175364   clock reconvergence pessimism
                                 -0.104823   10.070541   library setup time
                                             10.070541   data required time
---------------------------------------------------------------------------------------------
                                             10.070541   data required time
                                             -3.792007   data arrival time
---------------------------------------------------------------------------------------------
                                              6.278534   slack (MET)


Startpoint: addr[5] (input port clocked by clk)
Endpoint: _1394_ (rising edge-triggered flip-flop clocked by clk)
Path Group: clk
Path Type: max

Fanout         Cap        Slew       Delay        Time   Description
---------------------------------------------------------------------------------------------
                                  0.000000    0.000000   clock clk (rise edge)
                                  0.000000    0.000000   clock network delay (propagated)
                                  2.000000    2.000000 v input external delay
     1    0.002548    0.008050    0.003987    2.003987 v addr[5] (in)
                                                         addr[5] (net)
                      0.008050    0.000000    2.003987 v input6/A (sky130_fd_sc_hd__clkbuf_1)
     1    0.001937    0.022876    0.067235    2.071222 v input6/X (sky130_fd_sc_hd__clkbuf_1)
                                                         net6 (net)
                      0.022876    0.000006    2.071228 v _0697_/A (sky130_fd_sc_hd__or4_1)
     2    0.003603    0.091623    0.516142    2.587370 v _0697_/X (sky130_fd_sc_hd__or4_1)
                                                         _0086_ (net)
                      0.091623    0.000016    2.587386 v _0700_/B (sky130_fd_sc_hd__or2_1)
     2    0.011534    0.086338    0.267642    2.855028 v _0700_/X (sky130_fd_sc_hd__or2_1)
                                                         _0088_ (net)
                      0.086338    0.000052    2.855080 v _0701_/D (sky130_fd_sc_hd__nor4_1)
     2    0.007140    0.379471    0.294822    3.149902 ^ _0701_/Y (sky130_fd_sc_hd__nor4_1)
                                                         _0089_ (net)
                      0.379471    0.000060    3.149962 ^ max_cap64/A (sky130_fd_sc_hd__clkbuf_2)
     5    0.018180    0.108212    0.233626    3.383589 ^ max_cap64/X (sky130_fd_sc_hd__clkbuf_2)
                                                         net64 (net)
                      0.108212    0.000264    3.383853 ^ _0727_/A2 (sky130_fd_sc_hd__a22o_1)
     1    0.003053    0.050930    0.147600    3.531453 ^ _0727_/X (sky130_fd_sc_hd__a22o_1)
                                                         _0106_ (net)
                      0.050930    0.000008    3.531461 ^ _0728_/B1 (sky130_fd_sc_hd__a211o_1)
     1    0.002538    0.039489    0.089162    3.620622 ^ _0728_/X (sky130_fd_sc_hd__a211o_1)
                                                         _0107_ (net)
                      0.039489    0.000002    3.620624 ^ _0729_/B1 (sky130_fd_sc_hd__o211a_1)
     1    0.001828    0.036702    0.126352    3.746975 ^ _0729_/X (sky130_fd_sc_hd__o211a_1)
                                                         _0010_ (net)
                      0.036702    0.000001    3.746977 ^ _1394_/D (sky130_fd_sc_hd__dfxtp_1)
                                              3.746977   data arrival time

                                 10.000000   10.000000   clock clk (rise edge)
                                  0.000000   10.000000   clock source latency
     1    0.021601    0.102883    0.071047   10.071048 ^ clk (in)
                                                         clk (net)
                      0.102899    0.000000   10.071048 ^ clkbuf_0_clk/A (sky130_fd_sc_hd__clkbuf_16)
     8    0.084380    0.101038    0.195787   10.266834 ^ clkbuf_0_clk/X (sky130_fd_sc_hd__clkbuf_16)
                                                         clknet_0_clk (net)
                      0.101069    0.001692   10.268526 ^ clkbuf_3_0__f_clk/A (sky130_fd_sc_hd__clkbuf_16)
     9    0.033720    0.054343    0.157879   10.426405 ^ clkbuf_3_0__f_clk/X (sky130_fd_sc_hd__clkbuf_16)
                                                         clknet_3_0__leaf_clk (net)
                      0.054343    0.000202   10.426606 ^ _1394_/CLK (sky130_fd_sc_hd__dfxtp_1)
                                 -0.250000   10.176606   clock uncertainty
                                  0.000000   10.176606   clock reconvergence pessimism
                                 -0.050746   10.125860   library setup time
                                             10.125860   data required time
---------------------------------------------------------------------------------------------
                                             10.125860   data required time
                                             -3.746977   data arrival time
---------------------------------------------------------------------------------------------
                                              6.378884   slack (MET)


Startpoint: addr[5] (input port clocked by clk)
Endpoint: _1395_ (rising edge-triggered flip-flop clocked by clk)
Path Group: clk
Path Type: max

Fanout         Cap        Slew       Delay        Time   Description
---------------------------------------------------------------------------------------------
                                  0.000000    0.000000   clock clk (rise edge)
                                  0.000000    0.000000   clock network delay (propagated)
                                  2.000000    2.000000 v input external delay
     1    0.002548    0.008050    0.003987    2.003987 v addr[5] (in)
                                                         addr[5] (net)
                      0.008050    0.000000    2.003987 v input6/A (sky130_fd_sc_hd__clkbuf_1)
     1    0.001937    0.022876    0.067235    2.071222 v input6/X (sky130_fd_sc_hd__clkbuf_1)
                                                         net6 (net)
                      0.022876    0.000006    2.071228 v _0697_/A (sky130_fd_sc_hd__or4_1)
     2    0.003603    0.091623    0.516142    2.587370 v _0697_/X (sky130_fd_sc_hd__or4_1)
                                                         _0086_ (net)
                      0.091623    0.000016    2.587386 v _0700_/B (sky130_fd_sc_hd__or2_1)
     2    0.011534    0.086338    0.267642    2.855028 v _0700_/X (sky130_fd_sc_hd__or2_1)
                                                         _0088_ (net)
                      0.086338    0.000052    2.855080 v _0701_/D (sky130_fd_sc_hd__nor4_1)
     2    0.007140    0.379471    0.294822    3.149902 ^ _0701_/Y (sky130_fd_sc_hd__nor4_1)
                                                         _0089_ (net)
                      0.379471    0.000060    3.149962 ^ max_cap64/A (sky130_fd_sc_hd__clkbuf_2)
     5    0.018180    0.108212    0.233626    3.383589 ^ max_cap64/X (sky130_fd_sc_hd__clkbuf_2)
                                                         net64 (net)
                      0.108212    0.000164    3.383753 ^ _0730_/A2 (sky130_fd_sc_hd__a22o_1)
     1    0.002628    0.047448    0.144369    3.528121 ^ _0730_/X (sky130_fd_sc_hd__a22o_1)
                                                         _0108_ (net)
                      0.047448    0.000001    3.528123 ^ _0731_/B1 (sky130_fd_sc_hd__a211o_1)
     1    0.002578    0.039803    0.088147    3.616270 ^ _0731_/X (sky130_fd_sc_hd__a211o_1)
                                                         _0109_ (net)
                      0.039803    0.000002    3.616272 ^ _0732_/B1 (sky130_fd_sc_hd__o211a_1)
     1    0.002112    0.039080    0.128645    3.744916 ^ _0732_/X (sky130_fd_sc_hd__o211a_1)
                                                         _0011_ (net)
                      0.039080    0.000004    3.744921 ^ _1395_/D (sky130_fd_sc_hd__dfxtp_1)
                                              3.744921   data arrival time

                                 10.000000   10.000000   clock clk (rise edge)
                                  0.000000   10.000000   clock source latency
     1    0.021601    0.102883    0.071047   10.071048 ^ clk (in)
                                                         clk (net)
                      0.102899    0.000000   10.071048 ^ clkbuf_0_clk/A (sky130_fd_sc_hd__clkbuf_16)
     8    0.084380    0.101038    0.195787   10.266834 ^ clkbuf_0_clk/X (sky130_fd_sc_hd__clkbuf_16)
                                                         clknet_0_clk (net)
                      0.101052    0.001244   10.268078 ^ clkbuf_3_2__f_clk/A (sky130_fd_sc_hd__clkbuf_16)
     9    0.034525    0.055033    0.158459   10.426538 ^ clkbuf_3_2__f_clk/X (sky130_fd_sc_hd__clkbuf_16)
                                                         clknet_3_2__leaf_clk (net)
                      0.055033    0.000206   10.426744 ^ _1395_/CLK (sky130_fd_sc_hd__dfxtp_1)
                                 -0.250000   10.176744   clock uncertainty
                                  0.000000   10.176744   clock reconvergence pessimism
                                 -0.051197   10.125546   library setup time
                                             10.125546   data required time
---------------------------------------------------------------------------------------------
                                             10.125546   data required time
                                             -3.744921   data arrival time
---------------------------------------------------------------------------------------------
                                              6.380625   slack (MET)


Startpoint: addr[5] (input port clocked by clk)
Endpoint: _1393_ (rising edge-triggered flip-flop clocked by clk)
Path Group: clk
Path Type: max

Fanout         Cap        Slew       Delay        Time   Description
---------------------------------------------------------------------------------------------
                                  0.000000    0.000000   clock clk (rise edge)
                                  0.000000    0.000000   clock network delay (propagated)
                                  2.000000    2.000000 v input external delay
     1    0.002548    0.008050    0.003987    2.003987 v addr[5] (in)
                                                         addr[5] (net)
                      0.008050    0.000000    2.003987 v input6/A (sky130_fd_sc_hd__clkbuf_1)
     1    0.001937    0.022876    0.067235    2.071222 v input6/X (sky130_fd_sc_hd__clkbuf_1)
                                                         net6 (net)
                      0.022876    0.000006    2.071228 v _0697_/A (sky130_fd_sc_hd__or4_1)
     2    0.003603    0.091623    0.516142    2.587370 v _0697_/X (sky130_fd_sc_hd__or4_1)
                                                         _0086_ (net)
                      0.091623    0.000016    2.587386 v _0700_/B (sky130_fd_sc_hd__or2_1)
     2    0.011534    0.086338    0.267642    2.855028 v _0700_/X (sky130_fd_sc_hd__or2_1)
                                                         _0088_ (net)
                      0.086338    0.000052    2.855080 v _0701_/D (sky130_fd_sc_hd__nor4_1)
     2    0.007140    0.379471    0.294822    3.149902 ^ _0701_/Y (sky130_fd_sc_hd__nor4_1)
                                                         _0089_ (net)
                      0.379471    0.000060    3.149962 ^ max_cap64/A (sky130_fd_sc_hd__clkbuf_2)
     5    0.018180    0.108212    0.233626    3.383589 ^ max_cap64/X (sky130_fd_sc_hd__clkbuf_2)
                                                         net64 (net)
                      0.108212    0.000273    3.383862 ^ _0724_/A2 (sky130_fd_sc_hd__a22o_1)
     1    0.002561    0.045464    0.143861    3.527722 ^ _0724_/X (sky130_fd_sc_hd__a22o_1)
                                                         _0104_ (net)
                      0.045464    0.000000    3.527723 ^ _0725_/C1 (sky130_fd_sc_hd__a211o_1)
     1    0.003022    0.044458    0.086323    3.614046 ^ _0725_/X (sky130_fd_sc_hd__a211o_1)
                                                         _0105_ (net)
                      0.044458    0.000010    3.614056 ^ _0726_/B1 (sky130_fd_sc_hd__o211a_1)
     1    0.001870    0.037027    0.128099    3.742156 ^ _0726_/X (sky130_fd_sc_hd__o211a_1)
                                                         _0009_ (net)
                      0.037027    0.000002    3.742158 ^ _1393_/D (sky130_fd_sc_hd__dfxtp_1)
                                              3.742158   data arrival time

                                 10.000000   10.000000   clock clk (rise edge)
                                  0.000000   10.000000   clock source latency
     1    0.021601    0.102883    0.071047   10.071048 ^ clk (in)
                                                         clk (net)
                      0.102899    0.000000   10.071048 ^ clkbuf_0_clk/A (sky130_fd_sc_hd__clkbuf_16)
     8    0.084380    0.101038    0.195787   10.266834 ^ clkbuf_0_clk/X (sky130_fd_sc_hd__clkbuf_16)
                                                         clknet_0_clk (net)
                      0.101069    0.001692   10.268526 ^ clkbuf_3_0__f_clk/A (sky130_fd_sc_hd__clkbuf_16)
     9    0.033720    0.054343    0.157879   10.426405 ^ clkbuf_3_0__f_clk/X (sky130_fd_sc_hd__clkbuf_16)
                                                         clknet_3_0__leaf_clk (net)
                      0.054343    0.000175   10.426579 ^ _1393_/CLK (sky130_fd_sc_hd__dfxtp_1)
                                 -0.250000   10.176579   clock uncertainty
                                  0.000000   10.176579   clock reconvergence pessimism
                                 -0.050822   10.125758   library setup time
                                             10.125758   data required time
---------------------------------------------------------------------------------------------
                                             10.125758   data required time
                                             -3.742158   data arrival time
---------------------------------------------------------------------------------------------
                                              6.383601   slack (MET)


Startpoint: addr[5] (input port clocked by clk)
Endpoint: _1396_ (rising edge-triggered flip-flop clocked by clk)
Path Group: clk
Path Type: max

Fanout         Cap        Slew       Delay        Time   Description
---------------------------------------------------------------------------------------------
                                  0.000000    0.000000   clock clk (rise edge)
                                  0.000000    0.000000   clock network delay (propagated)
                                  2.000000    2.000000 v input external delay
     1    0.002548    0.008050    0.003987    2.003987 v addr[5] (in)
                                                         addr[5] (net)
                      0.008050    0.000000    2.003987 v input6/A (sky130_fd_sc_hd__clkbuf_1)
     1    0.001937    0.022876    0.067235    2.071222 v input6/X (sky130_fd_sc_hd__clkbuf_1)
                                                         net6 (net)
                      0.022876    0.000006    2.071228 v _0697_/A (sky130_fd_sc_hd__or4_1)
     2    0.003603    0.091623    0.516142    2.587370 v _0697_/X (sky130_fd_sc_hd__or4_1)
                                                         _0086_ (net)
                      0.091623    0.000015    2.587385 v _0698_/B (sky130_fd_sc_hd__or2_1)
     2    0.006790    0.067919    0.243747    2.831132 v _0698_/X (sky130_fd_sc_hd__or2_1)
                                                         _0087_ (net)
                      0.067919    0.000012    2.831145 v _0723_/A (sky130_fd_sc_hd__nor2_2)
     5    0.025909    0.292549    0.274057    3.105202 ^ _0723_/Y (sky130_fd_sc_hd__nor2_2)
                                                         _0103_ (net)
                      0.292549    0.000176    3.105378 ^ fanout62/A (sky130_fd_sc_hd__clkbuf_4)
    10    0.036888    0.121223    0.275281    3.380659 ^ fanout62/X (sky130_fd_sc_hd__clkbuf_4)
                                                         net62 (net)
                      0.121223    0.000222    3.380881 ^ _0733_/B1 (sky130_fd_sc_hd__a22o_1)
     1    0.002561    0.045034    0.134209    3.515090 ^ _0733_/X (sky130_fd_sc_hd__a22o_1)
                                                         _0110_ (net)
                      0.045034    0.000000    3.515091 ^ _0734_/C1 (sky130_fd_sc_hd__a211o_1)
     1    0.003237    0.047929    0.087600    3.602691 ^ _0734_/X (sky130_fd_sc_hd__a211o_1)
                                                         _0111_ (net)
                      0.047929    0.000011    3.602702 ^ _0735_/B1 (sky130_fd_sc_hd__o211a_1)
     1    0.002191    0.039691    0.131584    3.734286 ^ _0735_/X (sky130_fd_sc_hd__o211a_1)
                                                         _0012_ (net)
                      0.039691    0.000005    3.734291 ^ _1396_/D (sky130_fd_sc_hd__dfxtp_1)
                                              3.734291   data arrival time

                                 10.000000   10.000000   clock clk (rise edge)
                                  0.000000   10.000000   clock source latency
     1    0.021601    0.102883    0.071047   10.071048 ^ clk (in)
                                                         clk (net)
                      0.102899    0.000000   10.071048 ^ clkbuf_0_clk/A (sky130_fd_sc_hd__clkbuf_16)
     8    0.084380    0.101038    0.195787   10.266834 ^ clkbuf_0_clk/X (sky130_fd_sc_hd__clkbuf_16)
                                                         clknet_0_clk (net)
                      0.101052    0.001244   10.268078 ^ clkbuf_3_2__f_clk/A (sky130_fd_sc_hd__clkbuf_16)
     9    0.034525    0.055033    0.158459   10.426538 ^ clkbuf_3_2__f_clk/X (sky130_fd_sc_hd__clkbuf_16)
                                                         clknet_3_2__leaf_clk (net)
                      0.055033    0.000167   10.426704 ^ _1396_/CLK (sky130_fd_sc_hd__dfxtp_1)
                                 -0.250000   10.176704   clock uncertainty
                                  0.000000   10.176704   clock reconvergence pessimism
                                 -0.051338   10.125366   library setup time
                                             10.125366   data required time
---------------------------------------------------------------------------------------------
                                             10.125366   data required time
                                             -3.734291   data arrival time
---------------------------------------------------------------------------------------------
                                              6.391076   slack (MET)


Startpoint: _1425_ (rising edge-triggered flip-flop clocked by clk)
Endpoint: _1438_ (rising edge-triggered flip-flop clocked by clk)
Path Group: clk
Path Type: max

Fanout         Cap        Slew       Delay        Time   Description
---------------------------------------------------------------------------------------------
                                  0.000000    0.000000   clock clk (rise edge)
                                  0.000000    0.000000   clock source latency
     1    0.021601    0.102883    0.071047    0.071047 ^ clk (in)
                                                         clk (net)
                      0.102899    0.000000    0.071047 ^ clkbuf_0_clk/A (sky130_fd_sc_hd__clkbuf_16)
     8    0.084380    0.101038    0.195786    0.266833 ^ clkbuf_0_clk/X (sky130_fd_sc_hd__clkbuf_16)
                                                         clknet_0_clk (net)
                      0.101071    0.001725    0.268558 ^ clkbuf_3_1__f_clk/A (sky130_fd_sc_hd__clkbuf_16)
    13    0.038816    0.058789    0.161655    0.430214 ^ clkbuf_3_1__f_clk/X (sky130_fd_sc_hd__clkbuf_16)
                                                         clknet_3_1__leaf_clk (net)
                      0.058789    0.000110    0.430323 ^ _1425_/CLK (sky130_fd_sc_hd__dfxtp_4)
     3    0.012347    0.052883    0.352996    0.783319 ^ _1425_/Q (sky130_fd_sc_hd__dfxtp_4)
                                                         core_b[0] (net)
                      0.052883    0.000028    0.783347 ^ clone16/A (sky130_fd_sc_hd__clkbuf_1)
     5    0.016439    0.201524    0.191468    0.974815 ^ clone16/X (sky130_fd_sc_hd__clkbuf_1)
                                                         net132 (net)
                      0.201524    0.000031    0.974846 ^ rebuffer15/A (sky130_fd_sc_hd__dlygate4sd1_1)
     1    0.006931    0.076686    0.252218    1.227064 ^ rebuffer15/X (sky130_fd_sc_hd__dlygate4sd1_1)
                                                         net131 (net)
                      0.076686    0.000098    1.227161 ^ _0866_/A1 (sky130_fd_sc_hd__a22oi_2)
     3    0.006693    0.065063    0.083196    1.310358 v _0866_/Y (sky130_fd_sc_hd__a22oi_2)
                                                         _0202_ (net)
                      0.065063    0.000025    1.310383 v _0867_/C (sky130_fd_sc_hd__or3_1)
     2    0.005247    0.081193    0.327374    1.637757 v _0867_/X (sky130_fd_sc_hd__or3_1)
                                                         _0203_ (net)
                      0.081193    0.000017    1.637774 v _0871_/A1 (sky130_fd_sc_hd__a21o_1)
     3    0.008163    0.056322    0.189964    1.827738 v _0871_/X (sky130_fd_sc_hd__a21o_1)
                                                         _0207_ (net)
                      0.056322    0.000031    1.827768 v _0873_/A2 (sky130_fd_sc_hd__a21o_1)
     2    0.004387    0.041267    0.183815    2.011583 v _0873_/X (sky130_fd_sc_hd__a21o_1)
                                                         _0209_ (net)
                      0.041267    0.000004    2.011587 v _0875_/B (sky130_fd_sc_hd__and3_1)
     4    0.009226    0.063765    0.188513    2.200100 v _0875_/X (sky130_fd_sc_hd__and3_1)
                                                         _0211_ (net)
                      0.063765    0.000013    2.200113 v _0877_/A (sky130_fd_sc_hd__or3b_2)
     5    0.012650    0.110366    0.519019    2.719132 v _0877_/X (sky130_fd_sc_hd__or3b_2)
                                                         _0213_ (net)
                      0.110366    0.000046    2.719178 v _0911_/A (sky130_fd_sc_hd__or2_1)
     2    0.004243    0.056715    0.253874    2.973052 v _0911_/X (sky130_fd_sc_hd__or2_1)
                                                         _0246_ (net)
                      0.056715    0.000005    2.973057 v _0912_/D (sky130_fd_sc_hd__and4_1)
     2    0.004077    0.045496    0.204621    3.177678 v _0912_/X (sky130_fd_sc_hd__and4_1)
                                                         _0247_ (net)
                      0.045496    0.000006    3.177684 v _0914_/A_N (sky130_fd_sc_hd__nand2b_1)
     1    0.004904    0.056568    0.148686    3.326369 v _0914_/Y (sky130_fd_sc_hd__nand2b_1)
                                                         _0249_ (net)
                      0.056568    0.000016    3.326385 v _0916_/A (sky130_fd_sc_hd__xor2_1)
     1    0.002802    0.113779    0.146067    3.472451 ^ _0916_/X (sky130_fd_sc_hd__xor2_1)
                                                         _0251_ (net)
                      0.113779    0.000005    3.472457 ^ _0917_/B (sky130_fd_sc_hd__nand2_1)
     1    0.002381    0.051932    0.062111    3.534568 v _0917_/Y (sky130_fd_sc_hd__nand2_1)
                                                         _0252_ (net)
                      0.051932    0.000000    3.534569 v _0918_/C1 (sky130_fd_sc_hd__o211a_1)
     1    0.002220    0.036845    0.103176    3.637745 v _0918_/X (sky130_fd_sc_hd__o211a_1)
                                                         _0054_ (net)
                      0.036845    0.000006    3.637751 v _1438_/D (sky130_fd_sc_hd__dfxtp_1)
                                              3.637751   data arrival time

                                 10.000000   10.000000   clock clk (rise edge)
                                  0.000000   10.000000   clock source latency
     1    0.021601    0.102883    0.071047   10.071048 ^ clk (in)
                                                         clk (net)
                      0.102899    0.000000   10.071048 ^ clkbuf_0_clk/A (sky130_fd_sc_hd__clkbuf_16)
     8    0.084380    0.101038    0.195787   10.266834 ^ clkbuf_0_clk/X (sky130_fd_sc_hd__clkbuf_16)
                                                         clknet_0_clk (net)
                      0.101049    0.001116   10.267949 ^ clkbuf_3_3__f_clk/A (sky130_fd_sc_hd__clkbuf_16)
     7    0.032771    0.053517    0.157145   10.425095 ^ clkbuf_3_3__f_clk/X (sky130_fd_sc_hd__clkbuf_16)
                                                         clknet_3_3__leaf_clk (net)
                      0.053517    0.000226   10.425322 ^ _1438_/CLK (sky130_fd_sc_hd__dfxtp_1)
                                 -0.250000   10.175322   clock uncertainty
                                  0.000000   10.175322   clock reconvergence pessimism
                                 -0.104962   10.070359   library setup time
                                             10.070359   data required time
---------------------------------------------------------------------------------------------
                                             10.070359   data required time
                                             -3.637751   data arrival time
---------------------------------------------------------------------------------------------
                                              6.432609   slack (MET)


Startpoint: _1425_ (rising edge-triggered flip-flop clocked by clk)
Endpoint: _1437_ (rising edge-triggered flip-flop clocked by clk)
Path Group: clk
Path Type: max

Fanout         Cap        Slew       Delay        Time   Description
---------------------------------------------------------------------------------------------
                                  0.000000    0.000000   clock clk (rise edge)
                                  0.000000    0.000000   clock source latency
     1    0.021601    0.102883    0.071047    0.071047 ^ clk (in)
                                                         clk (net)
                      0.102899    0.000000    0.071047 ^ clkbuf_0_clk/A (sky130_fd_sc_hd__clkbuf_16)
     8    0.084380    0.101038    0.195786    0.266833 ^ clkbuf_0_clk/X (sky130_fd_sc_hd__clkbuf_16)
                                                         clknet_0_clk (net)
                      0.101071    0.001725    0.268558 ^ clkbuf_3_1__f_clk/A (sky130_fd_sc_hd__clkbuf_16)
    13    0.038816    0.058789    0.161655    0.430214 ^ clkbuf_3_1__f_clk/X (sky130_fd_sc_hd__clkbuf_16)
                                                         clknet_3_1__leaf_clk (net)
                      0.058789    0.000110    0.430323 ^ _1425_/CLK (sky130_fd_sc_hd__dfxtp_4)
     3    0.012347    0.052883    0.352996    0.783319 ^ _1425_/Q (sky130_fd_sc_hd__dfxtp_4)
                                                         core_b[0] (net)
                      0.052883    0.000028    0.783347 ^ clone16/A (sky130_fd_sc_hd__clkbuf_1)
     5    0.016439    0.201524    0.191468    0.974815 ^ clone16/X (sky130_fd_sc_hd__clkbuf_1)
                                                         net132 (net)
                      0.201524    0.000031    0.974846 ^ rebuffer15/A (sky130_fd_sc_hd__dlygate4sd1_1)
     1    0.006931    0.076686    0.252218    1.227064 ^ rebuffer15/X (sky130_fd_sc_hd__dlygate4sd1_1)
                                                         net131 (net)
                      0.076686    0.000098    1.227161 ^ _0866_/A1 (sky130_fd_sc_hd__a22oi_2)
     3    0.006693    0.065063    0.083196    1.310358 v _0866_/Y (sky130_fd_sc_hd__a22oi_2)
                                                         _0202_ (net)
                      0.065063    0.000025    1.310383 v _0867_/C (sky130_fd_sc_hd__or3_1)
     2    0.005247    0.081193    0.327374    1.637757 v _0867_/X (sky130_fd_sc_hd__or3_1)
                                                         _0203_ (net)
                      0.081193    0.000017    1.637774 v _0871_/A1 (sky130_fd_sc_hd__a21o_1)
     3    0.008163    0.056322    0.189964    1.827738 v _0871_/X (sky130_fd_sc_hd__a21o_1)
                                                         _0207_ (net)
                      0.056322    0.000031    1.827768 v _0873_/A2 (sky130_fd_sc_hd__a21o_1)
     2    0.004387    0.041267    0.183815    2.011583 v _0873_/X (sky130_fd_sc_hd__a21o_1)
                                                         _0209_ (net)
                      0.041267    0.000004    2.011587 v _0875_/B (sky130_fd_sc_hd__and3_1)
     4    0.009226    0.063765    0.188513    2.200100 v _0875_/X (sky130_fd_sc_hd__and3_1)
                                                         _0211_ (net)
                      0.063765    0.000013    2.200113 v _0877_/A (sky130_fd_sc_hd__or3b_2)
     5    0.012650    0.110366    0.519019    2.719132 v _0877_/X (sky130_fd_sc_hd__or3b_2)
                                                         _0213_ (net)
                      0.110366    0.000011    2.719143 v _0879_/B (sky130_fd_sc_hd__and3_1)
     2    0.004369    0.045083    0.196122    2.915265 v _0879_/X (sky130_fd_sc_hd__and3_1)
                                                         _0215_ (net)
                      0.045083    0.000009    2.915273 v _0881_/A_N (sky130_fd_sc_hd__nand2b_1)
     1    0.005058    0.057560    0.149429    3.064703 v _0881_/Y (sky130_fd_sc_hd__nand2b_1)
                                                         _0217_ (net)
                      0.057560    0.000017    3.064719 v _0883_/A (sky130_fd_sc_hd__xnor2_1)
     1    0.002310    0.042874    0.121406    3.186126 v _0883_/Y (sky130_fd_sc_hd__xnor2_1)
                                                         _0219_ (net)
                      0.042874    0.000007    3.186132 v _0884_/A1 (sky130_fd_sc_hd__mux2_1)
     1    0.001734    0.050603    0.276859    3.462991 v _0884_/X (sky130_fd_sc_hd__mux2_1)
                                                         _0220_ (net)
                      0.050603    0.000003    3.462994 v _0885_/B (sky130_fd_sc_hd__and2_1)
     1    0.001843    0.031817    0.146823    3.609818 v _0885_/X (sky130_fd_sc_hd__and2_1)
                                                         _0053_ (net)
                      0.031817    0.000001    3.609818 v _1437_/D (sky130_fd_sc_hd__dfxtp_1)
                                              3.609818   data arrival time

                                 10.000000   10.000000   clock clk (rise edge)
                                  0.000000   10.000000   clock source latency
     1    0.021601    0.102883    0.071047   10.071048 ^ clk (in)
                                                         clk (net)
                      0.102899    0.000000   10.071048 ^ clkbuf_0_clk/A (sky130_fd_sc_hd__clkbuf_16)
     8    0.084380    0.101038    0.195787   10.266834 ^ clkbuf_0_clk/X (sky130_fd_sc_hd__clkbuf_16)
                                                         clknet_0_clk (net)
                      0.101052    0.001244   10.268078 ^ clkbuf_3_2__f_clk/A (sky130_fd_sc_hd__clkbuf_16)
     9    0.034525    0.055033    0.158459   10.426538 ^ clkbuf_3_2__f_clk/X (sky130_fd_sc_hd__clkbuf_16)
                                                         clknet_3_2__leaf_clk (net)
                      0.055033    0.000288   10.426825 ^ _1437_/CLK (sky130_fd_sc_hd__dfxtp_1)
                                 -0.250000   10.176825   clock uncertainty
                                  0.000000   10.176825   clock reconvergence pessimism
                                 -0.102402   10.074423   library setup time
                                             10.074423   data required time
---------------------------------------------------------------------------------------------
                                             10.074423   data required time
                                             -3.609818   data arrival time
---------------------------------------------------------------------------------------------
                                              6.464604   slack (MET)


Startpoint: _1399_ (rising edge-triggered flip-flop clocked by clk)
Endpoint: rdata[6] (output port clocked by clk)
Path Group: clk
Path Type: max

Fanout         Cap        Slew       Delay        Time   Description
---------------------------------------------------------------------------------------------
                                  0.000000    0.000000   clock clk (rise edge)
                                  0.000000    0.000000   clock source latency
     1    0.021601    0.102883    0.071047    0.071047 ^ clk (in)
                                                         clk (net)
                      0.102899    0.000000    0.071047 ^ clkbuf_0_clk/A (sky130_fd_sc_hd__clkbuf_16)
     8    0.084380    0.101038    0.195786    0.266833 ^ clkbuf_0_clk/X (sky130_fd_sc_hd__clkbuf_16)
                                                         clknet_0_clk (net)
                      0.101049    0.001116    0.267949 ^ clkbuf_3_3__f_clk/A (sky130_fd_sc_hd__clkbuf_16)
     7    0.032771    0.053517    0.157146    0.425095 ^ clkbuf_3_3__f_clk/X (sky130_fd_sc_hd__clkbuf_16)
                                                         clknet_3_3__leaf_clk (net)
                      0.053517    0.000228    0.425323 ^ _1399_/CLK (sky130_fd_sc_hd__dfxtp_1)
     2    0.006090    0.068607    0.324696    0.750019 ^ _1399_/Q (sky130_fd_sc_hd__dfxtp_1)
                                                         net48 (net)
                      0.068607    0.000046    0.750065 ^ output48/A (sky130_fd_sc_hd__buf_2)
     1    0.034472    0.171146    0.207768    0.957832 ^ output48/X (sky130_fd_sc_hd__buf_2)
                                                         rdata[6] (net)
                      0.171146    0.000227    0.958060 ^ rdata[6] (out)
                                              0.958060   data arrival time

                                 10.000000   10.000000   clock clk (rise edge)
                                  0.000000   10.000000   clock network delay (propagated)
                                 -0.250000    9.750000   clock uncertainty
                                  0.000000    9.750000   clock reconvergence pessimism
                                 -2.000000    7.750000   output external delay
                                              7.750000   data required time
---------------------------------------------------------------------------------------------
                                              7.750000   data required time
                                             -0.958060   data arrival time
---------------------------------------------------------------------------------------------
                                              6.791941   slack (MET)


Startpoint: _1404_ (rising edge-triggered flip-flop clocked by clk)
Endpoint: rdata[11] (output port clocked by clk)
Path Group: clk
Path Type: max

Fanout         Cap        Slew       Delay        Time   Description
---------------------------------------------------------------------------------------------
                                  0.000000    0.000000   clock clk (rise edge)
                                  0.000000    0.000000   clock source latency
     1    0.021601    0.102883    0.071047    0.071047 ^ clk (in)
                                                         clk (net)
                      0.102899    0.000000    0.071047 ^ clkbuf_0_clk/A (sky130_fd_sc_hd__clkbuf_16)
     8    0.084380    0.101038    0.195786    0.266833 ^ clkbuf_0_clk/X (sky130_fd_sc_hd__clkbuf_16)
                                                         clknet_0_clk (net)
                      0.101041    0.000711    0.267544 ^ clkbuf_3_5__f_clk/A (sky130_fd_sc_hd__clkbuf_16)
    14    0.038852    0.058816    0.161642    0.429186 ^ clkbuf_3_5__f_clk/X (sky130_fd_sc_hd__clkbuf_16)
                                                         clknet_3_5__leaf_clk (net)
                      0.058817    0.000250    0.429436 ^ _1404_/CLK (sky130_fd_sc_hd__dfxtp_1)
     2    0.005190    0.060794    0.320754    0.750190 ^ _1404_/Q (sky130_fd_sc_hd__dfxtp_1)
                                                         net22 (net)
                      0.060794    0.000017    0.750207 ^ output22/A (sky130_fd_sc_hd__buf_2)
     1    0.034438    0.170934    0.204807    0.955014 ^ output22/X (sky130_fd_sc_hd__buf_2)
                                                         rdata[11] (net)
                      0.170934    0.000184    0.955198 ^ rdata[11] (out)
                                              0.955198   data arrival time

                                 10.000000   10.000000   clock clk (rise edge)
                                  0.000000   10.000000   clock network delay (propagated)
                                 -0.250000    9.750000   clock uncertainty
                                  0.000000    9.750000   clock reconvergence pessimism
                                 -2.000000    7.750000   output external delay
                                              7.750000   data required time
---------------------------------------------------------------------------------------------
                                              7.750000   data required time
                                             -0.955198   data arrival time
---------------------------------------------------------------------------------------------
                                              6.794801   slack (MET)


Startpoint: _1420_ (rising edge-triggered flip-flop clocked by clk)
Endpoint: rdata[27] (output port clocked by clk)
Path Group: clk
Path Type: max

Fanout         Cap        Slew       Delay        Time   Description
---------------------------------------------------------------------------------------------
                                  0.000000    0.000000   clock clk (rise edge)
                                  0.000000    0.000000   clock source latency
     1    0.021601    0.102883    0.071047    0.071047 ^ clk (in)
                                                         clk (net)
                      0.102899    0.000000    0.071047 ^ clkbuf_0_clk/A (sky130_fd_sc_hd__clkbuf_16)
     8    0.084380    0.101038    0.195786    0.266833 ^ clkbuf_0_clk/X (sky130_fd_sc_hd__clkbuf_16)
                                                         clknet_0_clk (net)
                      0.101044    0.000915    0.267748 ^ clkbuf_3_6__f_clk/A (sky130_fd_sc_hd__clkbuf_16)
    14    0.039871    0.059707    0.162352    0.430100 ^ clkbuf_3_6__f_clk/X (sky130_fd_sc_hd__clkbuf_16)
                                                         clknet_3_6__leaf_clk (net)
                      0.059711    0.000485    0.430584 ^ _1420_/CLK (sky130_fd_sc_hd__dfxtp_1)
     2    0.004866    0.060074    0.318952    0.749536 ^ _1420_/Q (sky130_fd_sc_hd__dfxtp_1)
                                                         net39 (net)
                      0.060074    0.000015    0.749551 ^ output39/A (sky130_fd_sc_hd__buf_2)
     1    0.034423    0.170869    0.204467    0.954019 ^ output39/X (sky130_fd_sc_hd__buf_2)
                                                         rdata[27] (net)
                      0.170869    0.000220    0.954239 ^ rdata[27] (out)
                                              0.954239   data arrival time

                                 10.000000   10.000000   clock clk (rise edge)
                                  0.000000   10.000000   clock network delay (propagated)
                                 -0.250000    9.750000   clock uncertainty
                                  0.000000    9.750000   clock reconvergence pessimism
                                 -2.000000    7.750000   output external delay
                                              7.750000   data required time
---------------------------------------------------------------------------------------------
                                              7.750000   data required time
                                             -0.954239   data arrival time
---------------------------------------------------------------------------------------------
                                              6.795761   slack (MET)


Startpoint: _1418_ (rising edge-triggered flip-flop clocked by clk)
Endpoint: rdata[25] (output port clocked by clk)
Path Group: clk
Path Type: max

Fanout         Cap        Slew       Delay        Time   Description
---------------------------------------------------------------------------------------------
                                  0.000000    0.000000   clock clk (rise edge)
                                  0.000000    0.000000   clock source latency
     1    0.021601    0.102883    0.071047    0.071047 ^ clk (in)
                                                         clk (net)
                      0.102899    0.000000    0.071047 ^ clkbuf_0_clk/A (sky130_fd_sc_hd__clkbuf_16)
     8    0.084380    0.101038    0.195786    0.266833 ^ clkbuf_0_clk/X (sky130_fd_sc_hd__clkbuf_16)
                                                         clknet_0_clk (net)
                      0.101044    0.000915    0.267748 ^ clkbuf_3_6__f_clk/A (sky130_fd_sc_hd__clkbuf_16)
    14    0.039871    0.059707    0.162352    0.430100 ^ clkbuf_3_6__f_clk/X (sky130_fd_sc_hd__clkbuf_16)
                                                         clknet_3_6__leaf_clk (net)
                      0.059710    0.000439    0.430539 ^ _1418_/CLK (sky130_fd_sc_hd__dfxtp_1)
     2    0.004501    0.056867    0.316549    0.747088 ^ _1418_/Q (sky130_fd_sc_hd__dfxtp_1)
                                                         net37 (net)
                      0.056867    0.000012    0.747100 ^ output37/A (sky130_fd_sc_hd__buf_2)
     1    0.034670    0.172007    0.204080    0.951180 ^ output37/X (sky130_fd_sc_hd__buf_2)
                                                         rdata[25] (net)
                      0.172007    0.000256    0.951436 ^ rdata[25] (out)
                                              0.951436   data arrival time

                                 10.000000   10.000000   clock clk (rise edge)
                                  0.000000   10.000000   clock network delay (propagated)
                                 -0.250000    9.750000   clock uncertainty
                                  0.000000    9.750000   clock reconvergence pessimism
                                 -2.000000    7.750000   output external delay
                                              7.750000   data required time
---------------------------------------------------------------------------------------------
                                              7.750000   data required time
                                             -0.951436   data arrival time
---------------------------------------------------------------------------------------------
                                              6.798564   slack (MET)


Startpoint: _1397_ (rising edge-triggered flip-flop clocked by clk)
Endpoint: rdata[4] (output port clocked by clk)
Path Group: clk
Path Type: max

Fanout         Cap        Slew       Delay        Time   Description
---------------------------------------------------------------------------------------------
                                  0.000000    0.000000   clock clk (rise edge)
                                  0.000000    0.000000   clock source latency
     1    0.021601    0.102883    0.071047    0.071047 ^ clk (in)
                                                         clk (net)
                      0.102899    0.000000    0.071047 ^ clkbuf_0_clk/A (sky130_fd_sc_hd__clkbuf_16)
     8    0.084380    0.101038    0.195786    0.266833 ^ clkbuf_0_clk/X (sky130_fd_sc_hd__clkbuf_16)
                                                         clknet_0_clk (net)
                      0.101052    0.001244    0.268078 ^ clkbuf_3_2__f_clk/A (sky130_fd_sc_hd__clkbuf_16)
     9    0.034525    0.055033    0.158459    0.426537 ^ clkbuf_3_2__f_clk/X (sky130_fd_sc_hd__clkbuf_16)
                                                         clknet_3_2__leaf_clk (net)
                      0.055033    0.000283    0.426820 ^ _1397_/CLK (sky130_fd_sc_hd__dfxtp_1)
     2    0.005280    0.063731    0.319934    0.746754 ^ _1397_/Q (sky130_fd_sc_hd__dfxtp_1)
                                                         net46 (net)
                      0.063731    0.000013    0.746768 ^ output46/A (sky130_fd_sc_hd__buf_2)
     1    0.033936    0.171075    0.204354    0.951121 ^ output46/X (sky130_fd_sc_hd__buf_2)
                                                         rdata[4] (net)
                      0.171075    0.000070    0.951192 ^ rdata[4] (out)
                                              0.951192   data arrival time

                                 10.000000   10.000000   clock clk (rise edge)
                                  0.000000   10.000000   clock network delay (propagated)
                                 -0.250000    9.750000   clock uncertainty
                                  0.000000    9.750000   clock reconvergence pessimism
                                 -2.000000    7.750000   output external delay
                                              7.750000   data required time
---------------------------------------------------------------------------------------------
                                              7.750000   data required time
                                             -0.951192   data arrival time
---------------------------------------------------------------------------------------------
                                              6.798809   slack (MET)


Startpoint: _1419_ (rising edge-triggered flip-flop clocked by clk)
Endpoint: rdata[26] (output port clocked by clk)
Path Group: clk
Path Type: max

Fanout         Cap        Slew       Delay        Time   Description
---------------------------------------------------------------------------------------------
                                  0.000000    0.000000   clock clk (rise edge)
                                  0.000000    0.000000   clock source latency
     1    0.021601    0.102883    0.071047    0.071047 ^ clk (in)
                                                         clk (net)
                      0.102899    0.000000    0.071047 ^ clkbuf_0_clk/A (sky130_fd_sc_hd__clkbuf_16)
     8    0.084380    0.101038    0.195786    0.266833 ^ clkbuf_0_clk/X (sky130_fd_sc_hd__clkbuf_16)
                                                         clknet_0_clk (net)
                      0.101044    0.000915    0.267748 ^ clkbuf_3_6__f_clk/A (sky130_fd_sc_hd__clkbuf_16)
    14    0.039871    0.059707    0.162352    0.430100 ^ clkbuf_3_6__f_clk/X (sky130_fd_sc_hd__clkbuf_16)
                                                         clknet_3_6__leaf_clk (net)
                      0.059710    0.000437    0.430536 ^ _1419_/CLK (sky130_fd_sc_hd__dfxtp_1)
     2    0.004447    0.056392    0.316192    0.746729 ^ _1419_/Q (sky130_fd_sc_hd__dfxtp_1)
                                                         net38 (net)
                      0.056392    0.000008    0.746737 ^ output38/A (sky130_fd_sc_hd__buf_2)
     1    0.034423    0.170848    0.203110    0.949847 ^ output38/X (sky130_fd_sc_hd__buf_2)
                                                         rdata[26] (net)
                      0.170848    0.000220    0.950067 ^ rdata[26] (out)
                                              0.950067   data arrival time

                                 10.000000   10.000000   clock clk (rise edge)
                                  0.000000   10.000000   clock network delay (propagated)
                                 -0.250000    9.750000   clock uncertainty
                                  0.000000    9.750000   clock reconvergence pessimism
                                 -2.000000    7.750000   output external delay
                                              7.750000   data required time
---------------------------------------------------------------------------------------------
                                              7.750000   data required time
                                             -0.950067   data arrival time
---------------------------------------------------------------------------------------------
                                              6.799932   slack (MET)


Startpoint: _1422_ (rising edge-triggered flip-flop clocked by clk)
Endpoint: rdata[29] (output port clocked by clk)
Path Group: clk
Path Type: max

Fanout         Cap        Slew       Delay        Time   Description
---------------------------------------------------------------------------------------------
                                  0.000000    0.000000   clock clk (rise edge)
                                  0.000000    0.000000   clock source latency
     1    0.021601    0.102883    0.071047    0.071047 ^ clk (in)
                                                         clk (net)
                      0.102899    0.000000    0.071047 ^ clkbuf_0_clk/A (sky130_fd_sc_hd__clkbuf_16)
     8    0.084380    0.101038    0.195786    0.266833 ^ clkbuf_0_clk/X (sky130_fd_sc_hd__clkbuf_16)
                                                         clknet_0_clk (net)
                      0.101044    0.000915    0.267748 ^ clkbuf_3_6__f_clk/A (sky130_fd_sc_hd__clkbuf_16)
    14    0.039871    0.059707    0.162352    0.430100 ^ clkbuf_3_6__f_clk/X (sky130_fd_sc_hd__clkbuf_16)
                                                         clknet_3_6__leaf_clk (net)
                      0.059712    0.000523    0.430623 ^ _1422_/CLK (sky130_fd_sc_hd__dfxtp_1)
     2    0.004418    0.056132    0.315999    0.746622 ^ _1422_/Q (sky130_fd_sc_hd__dfxtp_1)
                                                         net41 (net)
                      0.056132    0.000015    0.746637 ^ output41/A (sky130_fd_sc_hd__buf_2)
     1    0.034423    0.170846    0.203015    0.949651 ^ output41/X (sky130_fd_sc_hd__buf_2)
                                                         rdata[29] (net)
                      0.170846    0.000220    0.949872 ^ rdata[29] (out)
                                              0.949872   data arrival time

                                 10.000000   10.000000   clock clk (rise edge)
                                  0.000000   10.000000   clock network delay (propagated)
                                 -0.250000    9.750000   clock uncertainty
                                  0.000000    9.750000   clock reconvergence pessimism
                                 -2.000000    7.750000   output external delay
                                              7.750000   data required time
---------------------------------------------------------------------------------------------
                                              7.750000   data required time
                                             -0.949872   data arrival time
---------------------------------------------------------------------------------------------
                                              6.800128   slack (MET)


Startpoint: _1406_ (rising edge-triggered flip-flop clocked by clk)
Endpoint: rdata[13] (output port clocked by clk)
Path Group: clk
Path Type: max

Fanout         Cap        Slew       Delay        Time   Description
---------------------------------------------------------------------------------------------
                                  0.000000    0.000000   clock clk (rise edge)
                                  0.000000    0.000000   clock source latency
     1    0.021601    0.102883    0.071047    0.071047 ^ clk (in)
                                                         clk (net)
                      0.102899    0.000000    0.071047 ^ clkbuf_0_clk/A (sky130_fd_sc_hd__clkbuf_16)
     8    0.084380    0.101038    0.195786    0.266833 ^ clkbuf_0_clk/X (sky130_fd_sc_hd__clkbuf_16)
                                                         clknet_0_clk (net)
                      0.101041    0.000711    0.267544 ^ clkbuf_3_5__f_clk/A (sky130_fd_sc_hd__clkbuf_16)
    14    0.038852    0.058816    0.161642    0.429186 ^ clkbuf_3_5__f_clk/X (sky130_fd_sc_hd__clkbuf_16)
                                                         clknet_3_5__leaf_clk (net)
                      0.058817    0.000309    0.429495 ^ _1406_/CLK (sky130_fd_sc_hd__dfxtp_1)
     2    0.004504    0.056886    0.316228    0.745723 ^ _1406_/Q (sky130_fd_sc_hd__dfxtp_1)
                                                         net24 (net)
                      0.056886    0.000019    0.745742 ^ output24/A (sky130_fd_sc_hd__buf_2)
     1    0.034506    0.171227    0.203607    0.949349 ^ output24/X (sky130_fd_sc_hd__buf_2)
                                                         rdata[13] (net)
                      0.171227    0.000167    0.949516 ^ rdata[13] (out)
                                              0.949516   data arrival time

                                 10.000000   10.000000   clock clk (rise edge)
                                  0.000000   10.000000   clock network delay (propagated)
                                 -0.250000    9.750000   clock uncertainty
                                  0.000000    9.750000   clock reconvergence pessimism
                                 -2.000000    7.750000   output external delay
                                              7.750000   data required time
---------------------------------------------------------------------------------------------
                                              7.750000   data required time
                                             -0.949516   data arrival time
---------------------------------------------------------------------------------------------
                                              6.800484   slack (MET)


Startpoint: _1400_ (rising edge-triggered flip-flop clocked by clk)
Endpoint: rdata[7] (output port clocked by clk)
Path Group: clk
Path Type: max

Fanout         Cap        Slew       Delay        Time   Description
---------------------------------------------------------------------------------------------
                                  0.000000    0.000000   clock clk (rise edge)
                                  0.000000    0.000000   clock source latency
     1    0.021601    0.102883    0.071047    0.071047 ^ clk (in)
                                                         clk (net)
                      0.102899    0.000000    0.071047 ^ clkbuf_0_clk/A (sky130_fd_sc_hd__clkbuf_16)
     8    0.084380    0.101038    0.195786    0.266833 ^ clkbuf_0_clk/X (sky130_fd_sc_hd__clkbuf_16)
                                                         clknet_0_clk (net)
                      0.101044    0.000915    0.267748 ^ clkbuf_3_6__f_clk/A (sky130_fd_sc_hd__clkbuf_16)
    14    0.039871    0.059707    0.162352    0.430100 ^ clkbuf_3_6__f_clk/X (sky130_fd_sc_hd__clkbuf_16)
                                                         clknet_3_6__leaf_clk (net)
                      0.059711    0.000518    0.430618 ^ _1400_/CLK (sky130_fd_sc_hd__dfxtp_1)
     2    0.004323    0.055297    0.315373    0.745990 ^ _1400_/Q (sky130_fd_sc_hd__dfxtp_1)
                                                         net49 (net)
                      0.055297    0.000006    0.745997 ^ output49/A (sky130_fd_sc_hd__buf_2)
     1    0.034472    0.171069    0.202863    0.948860 ^ output49/X (sky130_fd_sc_hd__buf_2)
                                                         rdata[7] (net)
                      0.171069    0.000227    0.949087 ^ rdata[7] (out)
                                              0.949087   data arrival time

                                 10.000000   10.000000   clock clk (rise edge)
                                  0.000000   10.000000   clock network delay (propagated)
                                 -0.250000    9.750000   clock uncertainty
                                  0.000000    9.750000   clock reconvergence pessimism
                                 -2.000000    7.750000   output external delay
                                              7.750000   data required time
---------------------------------------------------------------------------------------------
                                              7.750000   data required time
                                             -0.949087   data arrival time
---------------------------------------------------------------------------------------------
                                              6.800913   slack (MET)


Startpoint: _1424_ (rising edge-triggered flip-flop clocked by clk)
Endpoint: rdata[31] (output port clocked by clk)
Path Group: clk
Path Type: max

Fanout         Cap        Slew       Delay        Time   Description
---------------------------------------------------------------------------------------------
                                  0.000000    0.000000   clock clk (rise edge)
                                  0.000000    0.000000   clock source latency
     1    0.021601    0.102883    0.071047    0.071047 ^ clk (in)
                                                         clk (net)
                      0.102899    0.000000    0.071047 ^ clkbuf_0_clk/A (sky130_fd_sc_hd__clkbuf_16)
     8    0.084380    0.101038    0.195786    0.266833 ^ clkbuf_0_clk/X (sky130_fd_sc_hd__clkbuf_16)
                                                         clknet_0_clk (net)
                      0.101049    0.001116    0.267949 ^ clkbuf_3_3__f_clk/A (sky130_fd_sc_hd__clkbuf_16)
     7    0.032771    0.053517    0.157146    0.425095 ^ clkbuf_3_3__f_clk/X (sky130_fd_sc_hd__clkbuf_16)
                                                         clknet_3_3__leaf_clk (net)
                      0.053517    0.000249    0.425343 ^ _1424_/CLK (sky130_fd_sc_hd__dfxtp_1)
     2    0.005178    0.060694    0.318686    0.744029 ^ _1424_/Q (sky130_fd_sc_hd__dfxtp_1)
                                                         net44 (net)
                      0.060694    0.000020    0.744049 ^ output44/A (sky130_fd_sc_hd__buf_2)
     1    0.034423    0.170873    0.204696    0.948745 ^ output44/X (sky130_fd_sc_hd__buf_2)
                                                         rdata[31] (net)
                      0.170873    0.000220    0.948965 ^ rdata[31] (out)
                                              0.948965   data arrival time

                                 10.000000   10.000000   clock clk (rise edge)
                                  0.000000   10.000000   clock network delay (propagated)
                                 -0.250000    9.750000   clock uncertainty
                                  0.000000    9.750000   clock reconvergence pessimism
                                 -2.000000    7.750000   output external delay
                                              7.750000   data required time
---------------------------------------------------------------------------------------------
                                              7.750000   data required time
                                             -0.948965   data arrival time
---------------------------------------------------------------------------------------------
                                              6.801034   slack (MET)


Startpoint: _1403_ (rising edge-triggered flip-flop clocked by clk)
Endpoint: rdata[10] (output port clocked by clk)
Path Group: clk
Path Type: max

Fanout         Cap        Slew       Delay        Time   Description
---------------------------------------------------------------------------------------------
                                  0.000000    0.000000   clock clk (rise edge)
                                  0.000000    0.000000   clock source latency
     1    0.021601    0.102883    0.071047    0.071047 ^ clk (in)
                                                         clk (net)
                      0.102899    0.000000    0.071047 ^ clkbuf_0_clk/A (sky130_fd_sc_hd__clkbuf_16)
     8    0.084380    0.101038    0.195786    0.266833 ^ clkbuf_0_clk/X (sky130_fd_sc_hd__clkbuf_16)
                                                         clknet_0_clk (net)
                      0.101041    0.000711    0.267544 ^ clkbuf_3_5__f_clk/A (sky130_fd_sc_hd__clkbuf_16)
    14    0.038852    0.058816    0.161642    0.429186 ^ clkbuf_3_5__f_clk/X (sky130_fd_sc_hd__clkbuf_16)
                                                         clknet_3_5__leaf_clk (net)
                      0.058817    0.000259    0.429445 ^ _1403_/CLK (sky130_fd_sc_hd__dfxtp_1)
     2    0.004429    0.056228    0.315734    0.745180 ^ _1403_/Q (sky130_fd_sc_hd__dfxtp_1)
                                                         net21 (net)
                      0.056228    0.000010    0.745190 ^ output21/A (sky130_fd_sc_hd__buf_2)
     1    0.034543    0.171401    0.203455    0.948645 ^ output21/X (sky130_fd_sc_hd__buf_2)
                                                         rdata[10] (net)
                      0.171401    0.000209    0.948854 ^ rdata[10] (out)
                                              0.948854   data arrival time

                                 10.000000   10.000000   clock clk (rise edge)
                                  0.000000   10.000000   clock network delay (propagated)
                                 -0.250000    9.750000   clock uncertainty
                                  0.000000    9.750000   clock reconvergence pessimism
                                 -2.000000    7.750000   output external delay
                                              7.750000   data required time
---------------------------------------------------------------------------------------------
                                              7.750000   data required time
                                             -0.948854   data arrival time
---------------------------------------------------------------------------------------------
                                              6.801146   slack (MET)


Startpoint: _1423_ (rising edge-triggered flip-flop clocked by clk)
Endpoint: rdata[30] (output port clocked by clk)
Path Group: clk
Path Type: max

Fanout         Cap        Slew       Delay        Time   Description
---------------------------------------------------------------------------------------------
                                  0.000000    0.000000   clock clk (rise edge)
                                  0.000000    0.000000   clock source latency
     1    0.021601    0.102883    0.071047    0.071047 ^ clk (in)
                                                         clk (net)
                      0.102899    0.000000    0.071047 ^ clkbuf_0_clk/A (sky130_fd_sc_hd__clkbuf_16)
     8    0.084380    0.101038    0.195786    0.266833 ^ clkbuf_0_clk/X (sky130_fd_sc_hd__clkbuf_16)
                                                         clknet_0_clk (net)
                      0.101049    0.001116    0.267949 ^ clkbuf_3_3__f_clk/A (sky130_fd_sc_hd__clkbuf_16)
     7    0.032771    0.053517    0.157146    0.425095 ^ clkbuf_3_3__f_clk/X (sky130_fd_sc_hd__clkbuf_16)
                                                         clknet_3_3__leaf_clk (net)
                      0.053517    0.000316    0.425410 ^ _1423_/CLK (sky130_fd_sc_hd__dfxtp_1)
     2    0.004956    0.060872    0.317223    0.742633 ^ _1423_/Q (sky130_fd_sc_hd__dfxtp_1)
                                                         net43 (net)
                      0.060872    0.000017    0.742650 ^ output43/A (sky130_fd_sc_hd__buf_2)
     1    0.034423    0.170874    0.204761    0.947411 ^ output43/X (sky130_fd_sc_hd__buf_2)
                                                         rdata[30] (net)
                      0.170874    0.000220    0.947632 ^ rdata[30] (out)
                                              0.947632   data arrival time

                                 10.000000   10.000000   clock clk (rise edge)
                                  0.000000   10.000000   clock network delay (propagated)
                                 -0.250000    9.750000   clock uncertainty
                                  0.000000    9.750000   clock reconvergence pessimism
                                 -2.000000    7.750000   output external delay
                                              7.750000   data required time
---------------------------------------------------------------------------------------------
                                              7.750000   data required time
                                             -0.947632   data arrival time
---------------------------------------------------------------------------------------------
                                              6.802368   slack (MET)


Startpoint: _1421_ (rising edge-triggered flip-flop clocked by clk)
Endpoint: rdata[28] (output port clocked by clk)
Path Group: clk
Path Type: max

Fanout         Cap        Slew       Delay        Time   Description
---------------------------------------------------------------------------------------------
                                  0.000000    0.000000   clock clk (rise edge)
                                  0.000000    0.000000   clock source latency
     1    0.021601    0.102883    0.071047    0.071047 ^ clk (in)
                                                         clk (net)
                      0.102899    0.000000    0.071047 ^ clkbuf_0_clk/A (sky130_fd_sc_hd__clkbuf_16)
     8    0.084380    0.101038    0.195786    0.266833 ^ clkbuf_0_clk/X (sky130_fd_sc_hd__clkbuf_16)
                                                         clknet_0_clk (net)
                      0.101044    0.000915    0.267748 ^ clkbuf_3_6__f_clk/A (sky130_fd_sc_hd__clkbuf_16)
    14    0.039871    0.059707    0.162352    0.430100 ^ clkbuf_3_6__f_clk/X (sky130_fd_sc_hd__clkbuf_16)
                                                         clknet_3_6__leaf_clk (net)
                      0.059710    0.000471    0.430570 ^ _1421_/CLK (sky130_fd_sc_hd__dfxtp_1)
     2    0.004144    0.053718    0.314189    0.744760 ^ _1421_/Q (sky130_fd_sc_hd__dfxtp_1)
                                                         net40 (net)
                      0.053718    0.000003    0.744763 ^ output40/A (sky130_fd_sc_hd__buf_2)
     1    0.034423    0.170832    0.202125    0.946889 ^ output40/X (sky130_fd_sc_hd__buf_2)
                                                         rdata[28] (net)
                      0.170832    0.000220    0.947109 ^ rdata[28] (out)
                                              0.947109   data arrival time

                                 10.000000   10.000000   clock clk (rise edge)
                                  0.000000   10.000000   clock network delay (propagated)
                                 -0.250000    9.750000   clock uncertainty
                                  0.000000    9.750000   clock reconvergence pessimism
                                 -2.000000    7.750000   output external delay
                                              7.750000   data required time
---------------------------------------------------------------------------------------------
                                              7.750000   data required time
                                             -0.947109   data arrival time
---------------------------------------------------------------------------------------------
                                              6.802891   slack (MET)


Startpoint: _1401_ (rising edge-triggered flip-flop clocked by clk)
Endpoint: rdata[8] (output port clocked by clk)
Path Group: clk
Path Type: max

Fanout         Cap        Slew       Delay        Time   Description
---------------------------------------------------------------------------------------------
                                  0.000000    0.000000   clock clk (rise edge)
                                  0.000000    0.000000   clock source latency
     1    0.021601    0.102883    0.071047    0.071047 ^ clk (in)
                                                         clk (net)
                      0.102899    0.000000    0.071047 ^ clkbuf_0_clk/A (sky130_fd_sc_hd__clkbuf_16)
     8    0.084380    0.101038    0.195786    0.266833 ^ clkbuf_0_clk/X (sky130_fd_sc_hd__clkbuf_16)
                                                         clknet_0_clk (net)
                      0.101044    0.000915    0.267748 ^ clkbuf_3_6__f_clk/A (sky130_fd_sc_hd__clkbuf_16)
    14    0.039871    0.059707    0.162352    0.430100 ^ clkbuf_3_6__f_clk/X (sky130_fd_sc_hd__clkbuf_16)
                                                         clknet_3_6__leaf_clk (net)
                      0.059710    0.000434    0.430534 ^ _1401_/CLK (sky130_fd_sc_hd__dfxtp_1)
     2    0.004104    0.053370    0.313928    0.744462 ^ _1401_/Q (sky130_fd_sc_hd__dfxtp_1)
                                                         net50 (net)
                      0.053370    0.000003    0.744465 ^ output50/A (sky130_fd_sc_hd__buf_2)
     1    0.034502    0.171202    0.202252    0.946717 ^ output50/X (sky130_fd_sc_hd__buf_2)
                                                         rdata[8] (net)
                      0.171202    0.000232    0.946949 ^ rdata[8] (out)
                                              0.946949   data arrival time

                                 10.000000   10.000000   clock clk (rise edge)
                                  0.000000   10.000000   clock network delay (propagated)
                                 -0.250000    9.750000   clock uncertainty
                                  0.000000    9.750000   clock reconvergence pessimism
                                 -2.000000    7.750000   output external delay
                                              7.750000   data required time
---------------------------------------------------------------------------------------------
                                              7.750000   data required time
                                             -0.946949   data arrival time
---------------------------------------------------------------------------------------------
                                              6.803051   slack (MET)


Startpoint: _1416_ (rising edge-triggered flip-flop clocked by clk)
Endpoint: rdata[23] (output port clocked by clk)
Path Group: clk
Path Type: max

Fanout         Cap        Slew       Delay        Time   Description
---------------------------------------------------------------------------------------------
                                  0.000000    0.000000   clock clk (rise edge)
                                  0.000000    0.000000   clock source latency
     1    0.021601    0.102883    0.071047    0.071047 ^ clk (in)
                                                         clk (net)
                      0.102899    0.000000    0.071047 ^ clkbuf_0_clk/A (sky130_fd_sc_hd__clkbuf_16)
     8    0.084380    0.101038    0.195786    0.266833 ^ clkbuf_0_clk/X (sky130_fd_sc_hd__clkbuf_16)
                                                         clknet_0_clk (net)
                      0.101044    0.000924    0.267757 ^ clkbuf_3_7__f_clk/A (sky130_fd_sc_hd__clkbuf_16)
    10    0.038123    0.058189    0.161170    0.428927 ^ clkbuf_3_7__f_clk/X (sky130_fd_sc_hd__clkbuf_16)
                                                         clknet_3_7__leaf_clk (net)
                      0.058189    0.000121    0.429048 ^ _1416_/CLK (sky130_fd_sc_hd__dfxtp_1)
     2    0.004335    0.055400    0.314878    0.743926 ^ _1416_/Q (sky130_fd_sc_hd__dfxtp_1)
                                                         net35 (net)
                      0.055400    0.000009    0.743935 ^ output35/A (sky130_fd_sc_hd__buf_2)
     1    0.034423    0.170842    0.202745    0.946679 ^ output35/X (sky130_fd_sc_hd__buf_2)
                                                         rdata[23] (net)
                      0.170842    0.000220    0.946900 ^ rdata[23] (out)
                                              0.946900   data arrival time

                                 10.000000   10.000000   clock clk (rise edge)
                                  0.000000   10.000000   clock network delay (propagated)
                                 -0.250000    9.750000   clock uncertainty
                                  0.000000    9.750000   clock reconvergence pessimism
                                 -2.000000    7.750000   output external delay
                                              7.750000   data required time
---------------------------------------------------------------------------------------------
                                              7.750000   data required time
                                             -0.946900   data arrival time
---------------------------------------------------------------------------------------------
                                              6.803100   slack (MET)


Startpoint: _1405_ (rising edge-triggered flip-flop clocked by clk)
Endpoint: rdata[12] (output port clocked by clk)
Path Group: clk
Path Type: max

Fanout         Cap        Slew       Delay        Time   Description
---------------------------------------------------------------------------------------------
                                  0.000000    0.000000   clock clk (rise edge)
                                  0.000000    0.000000   clock source latency
     1    0.021601    0.102883    0.071047    0.071047 ^ clk (in)
                                                         clk (net)
                      0.102899    0.000000    0.071047 ^ clkbuf_0_clk/A (sky130_fd_sc_hd__clkbuf_16)
     8    0.084380    0.101038    0.195786    0.266833 ^ clkbuf_0_clk/X (sky130_fd_sc_hd__clkbuf_16)
                                                         clknet_0_clk (net)
                      0.101041    0.000711    0.267544 ^ clkbuf_3_5__f_clk/A (sky130_fd_sc_hd__clkbuf_16)
    14    0.038852    0.058816    0.161642    0.429186 ^ clkbuf_3_5__f_clk/X (sky130_fd_sc_hd__clkbuf_16)
                                                         clknet_3_5__leaf_clk (net)
                      0.058817    0.000315    0.429502 ^ _1405_/CLK (sky130_fd_sc_hd__dfxtp_1)
     2    0.004259    0.054730    0.314612    0.744114 ^ _1405_/Q (sky130_fd_sc_hd__dfxtp_1)
                                                         net23 (net)
                      0.054730    0.000004    0.744118 ^ output23/A (sky130_fd_sc_hd__buf_2)
     1    0.034333    0.170407    0.202243    0.946361 ^ output23/X (sky130_fd_sc_hd__buf_2)
                                                         rdata[12] (net)
                      0.170407    0.000160    0.946521 ^ rdata[12] (out)
                                              0.946521   data arrival time

                                 10.000000   10.000000   clock clk (rise edge)
                                  0.000000   10.000000   clock network delay (propagated)
                                 -0.250000    9.750000   clock uncertainty
                                  0.000000    9.750000   clock reconvergence pessimism
                                 -2.000000    7.750000   output external delay
                                              7.750000   data required time
---------------------------------------------------------------------------------------------
                                              7.750000   data required time
                                             -0.946521   data arrival time
---------------------------------------------------------------------------------------------
                                              6.803479   slack (MET)


Startpoint: _1398_ (rising edge-triggered flip-flop clocked by clk)
Endpoint: rdata[5] (output port clocked by clk)
Path Group: clk
Path Type: max

Fanout         Cap        Slew       Delay        Time   Description
---------------------------------------------------------------------------------------------
                                  0.000000    0.000000   clock clk (rise edge)
                                  0.000000    0.000000   clock source latency
     1    0.021601    0.102883    0.071047    0.071047 ^ clk (in)
                                                         clk (net)
                      0.102899    0.000000    0.071047 ^ clkbuf_0_clk/A (sky130_fd_sc_hd__clkbuf_16)
     8    0.084380    0.101038    0.195786    0.266833 ^ clkbuf_0_clk/X (sky130_fd_sc_hd__clkbuf_16)
                                                         clknet_0_clk (net)
                      0.101052    0.001244    0.268078 ^ clkbuf_3_2__f_clk/A (sky130_fd_sc_hd__clkbuf_16)
     9    0.034525    0.055033    0.158459    0.426537 ^ clkbuf_3_2__f_clk/X (sky130_fd_sc_hd__clkbuf_16)
                                                         clknet_3_2__leaf_clk (net)
                      0.055033    0.000174    0.426711 ^ _1398_/CLK (sky130_fd_sc_hd__dfxtp_1)
     2    0.004774    0.059267    0.316589    0.743301 ^ _1398_/Q (sky130_fd_sc_hd__dfxtp_1)
                                                         net47 (net)
                      0.059267    0.000014    0.743315 ^ output47/A (sky130_fd_sc_hd__buf_2)
     1    0.033989    0.168809    0.202824    0.946139 ^ output47/X (sky130_fd_sc_hd__buf_2)
                                                         rdata[5] (net)
                      0.168809    0.000083    0.946221 ^ rdata[5] (out)
                                              0.946221   data arrival time

                                 10.000000   10.000000   clock clk (rise edge)
                                  0.000000   10.000000   clock network delay (propagated)
                                 -0.250000    9.750000   clock uncertainty
                                  0.000000    9.750000   clock reconvergence pessimism
                                 -2.000000    7.750000   output external delay
                                              7.750000   data required time
---------------------------------------------------------------------------------------------
                                              7.750000   data required time
                                             -0.946221   data arrival time
---------------------------------------------------------------------------------------------
                                              6.803779   slack (MET)


Startpoint: _1402_ (rising edge-triggered flip-flop clocked by clk)
Endpoint: rdata[9] (output port clocked by clk)
Path Group: clk
Path Type: max

Fanout         Cap        Slew       Delay        Time   Description
---------------------------------------------------------------------------------------------
                                  0.000000    0.000000   clock clk (rise edge)
                                  0.000000    0.000000   clock source latency
     1    0.021601    0.102883    0.071047    0.071047 ^ clk (in)
                                                         clk (net)
                      0.102899    0.000000    0.071047 ^ clkbuf_0_clk/A (sky130_fd_sc_hd__clkbuf_16)
     8    0.084380    0.101038    0.195786    0.266833 ^ clkbuf_0_clk/X (sky130_fd_sc_hd__clkbuf_16)
                                                         clknet_0_clk (net)
                      0.101041    0.000763    0.267596 ^ clkbuf_3_4__f_clk/A (sky130_fd_sc_hd__clkbuf_16)
    11    0.034454    0.054985    0.158439    0.426035 ^ clkbuf_3_4__f_clk/X (sky130_fd_sc_hd__clkbuf_16)
                                                         clknet_3_4__leaf_clk (net)
                      0.054985    0.000055    0.426090 ^ _1402_/CLK (sky130_fd_sc_hd__dfxtp_1)
     2    0.004761    0.059161    0.316492    0.742582 ^ _1402_/Q (sky130_fd_sc_hd__dfxtp_1)
                                                         net51 (net)
                      0.059161    0.000016    0.742598 ^ output51/A (sky130_fd_sc_hd__buf_2)
     1    0.034037    0.169033    0.202938    0.945537 ^ output51/X (sky130_fd_sc_hd__buf_2)
                                                         rdata[9] (net)
                      0.169033    0.000091    0.945628 ^ rdata[9] (out)
                                              0.945628   data arrival time

                                 10.000000   10.000000   clock clk (rise edge)
                                  0.000000   10.000000   clock network delay (propagated)
                                 -0.250000    9.750000   clock uncertainty
                                  0.000000    9.750000   clock reconvergence pessimism
                                 -2.000000    7.750000   output external delay
                                              7.750000   data required time
---------------------------------------------------------------------------------------------
                                              7.750000   data required time
                                             -0.945628   data arrival time
---------------------------------------------------------------------------------------------
                                              6.804372   slack (MET)


Startpoint: _1409_ (rising edge-triggered flip-flop clocked by clk)
Endpoint: rdata[16] (output port clocked by clk)
Path Group: clk
Path Type: max

Fanout         Cap        Slew       Delay        Time   Description
---------------------------------------------------------------------------------------------
                                  0.000000    0.000000   clock clk (rise edge)
                                  0.000000    0.000000   clock source latency
     1    0.021601    0.102883    0.071047    0.071047 ^ clk (in)
                                                         clk (net)
                      0.102899    0.000000    0.071047 ^ clkbuf_0_clk/A (sky130_fd_sc_hd__clkbuf_16)
     8    0.084380    0.101038    0.195786    0.266833 ^ clkbuf_0_clk/X (sky130_fd_sc_hd__clkbuf_16)
                                                         clknet_0_clk (net)
                      0.101041    0.000711    0.267544 ^ clkbuf_3_5__f_clk/A (sky130_fd_sc_hd__clkbuf_16)
    14    0.038852    0.058816    0.161642    0.429186 ^ clkbuf_3_5__f_clk/X (sky130_fd_sc_hd__clkbuf_16)
                                                         clknet_3_5__leaf_clk (net)
                      0.058816    0.000222    0.429408 ^ _1409_/CLK (sky130_fd_sc_hd__dfxtp_1)
     2    0.004121    0.053520    0.313705    0.743113 ^ _1409_/Q (sky130_fd_sc_hd__dfxtp_1)
                                                         net27 (net)
                      0.053520    0.000009    0.743122 ^ output27/A (sky130_fd_sc_hd__buf_2)
     1    0.034429    0.170840    0.202127    0.945249 ^ output27/X (sky130_fd_sc_hd__buf_2)
                                                         rdata[16] (net)
                      0.170840    0.000142    0.945390 ^ rdata[16] (out)
                                              0.945390   data arrival time

                                 10.000000   10.000000   clock clk (rise edge)
                                  0.000000   10.000000   clock network delay (propagated)
                                 -0.250000    9.750000   clock uncertainty
                                  0.000000    9.750000   clock reconvergence pessimism
                                 -2.000000    7.750000   output external delay
                                              7.750000   data required time
---------------------------------------------------------------------------------------------
                                              7.750000   data required time
                                             -0.945390   data arrival time
---------------------------------------------------------------------------------------------
                                              6.804609   slack (MET)


Startpoint: _1417_ (rising edge-triggered flip-flop clocked by clk)
Endpoint: rdata[24] (output port clocked by clk)
Path Group: clk
Path Type: max

Fanout         Cap        Slew       Delay        Time   Description
---------------------------------------------------------------------------------------------
                                  0.000000    0.000000   clock clk (rise edge)
                                  0.000000    0.000000   clock source latency
     1    0.021601    0.102883    0.071047    0.071047 ^ clk (in)
                                                         clk (net)
                      0.102899    0.000000    0.071047 ^ clkbuf_0_clk/A (sky130_fd_sc_hd__clkbuf_16)
     8    0.084380    0.101038    0.195786    0.266833 ^ clkbuf_0_clk/X (sky130_fd_sc_hd__clkbuf_16)
                                                         clknet_0_clk (net)
                      0.101041    0.000763    0.267596 ^ clkbuf_3_4__f_clk/A (sky130_fd_sc_hd__clkbuf_16)
    11    0.034454    0.054985    0.158439    0.426035 ^ clkbuf_3_4__f_clk/X (sky130_fd_sc_hd__clkbuf_16)
                                                         clknet_3_4__leaf_clk (net)
                      0.054985    0.000128    0.426163 ^ _1417_/CLK (sky130_fd_sc_hd__dfxtp_1)
     2    0.004694    0.058569    0.316048    0.742211 ^ _1417_/Q (sky130_fd_sc_hd__dfxtp_1)
                                                         net36 (net)
                      0.058569    0.000008    0.742219 ^ output36/A (sky130_fd_sc_hd__buf_2)
     1    0.034141    0.169523    0.203050    0.945270 ^ output36/X (sky130_fd_sc_hd__buf_2)
                                                         rdata[24] (net)
                      0.169523    0.000115    0.945385 ^ rdata[24] (out)
                                              0.945385   data arrival time

                                 10.000000   10.000000   clock clk (rise edge)
                                  0.000000   10.000000   clock network delay (propagated)
                                 -0.250000    9.750000   clock uncertainty
                                  0.000000    9.750000   clock reconvergence pessimism
                                 -2.000000    7.750000   output external delay
                                              7.750000   data required time
---------------------------------------------------------------------------------------------
                                              7.750000   data required time
                                             -0.945385   data arrival time
---------------------------------------------------------------------------------------------
                                              6.804615   slack (MET)


Startpoint: _1407_ (rising edge-triggered flip-flop clocked by clk)
Endpoint: rdata[14] (output port clocked by clk)
Path Group: clk
Path Type: max

Fanout         Cap        Slew       Delay        Time   Description
---------------------------------------------------------------------------------------------
                                  0.000000    0.000000   clock clk (rise edge)
                                  0.000000    0.000000   clock source latency
     1    0.021601    0.102883    0.071047    0.071047 ^ clk (in)
                                                         clk (net)
                      0.102899    0.000000    0.071047 ^ clkbuf_0_clk/A (sky130_fd_sc_hd__clkbuf_16)
     8    0.084380    0.101038    0.195786    0.266833 ^ clkbuf_0_clk/X (sky130_fd_sc_hd__clkbuf_16)
                                                         clknet_0_clk (net)
                      0.101041    0.000711    0.267544 ^ clkbuf_3_5__f_clk/A (sky130_fd_sc_hd__clkbuf_16)
    14    0.038852    0.058816    0.161642    0.429186 ^ clkbuf_3_5__f_clk/X (sky130_fd_sc_hd__clkbuf_16)
                                                         clknet_3_5__leaf_clk (net)
                      0.058817    0.000280    0.429466 ^ _1407_/CLK (sky130_fd_sc_hd__dfxtp_1)
     2    0.004090    0.053243    0.313498    0.742964 ^ _1407_/Q (sky130_fd_sc_hd__dfxtp_1)
                                                         net25 (net)
                      0.053243    0.000004    0.742968 ^ output25/A (sky130_fd_sc_hd__buf_2)
     1    0.034440    0.170895    0.202040    0.945008 ^ output25/X (sky130_fd_sc_hd__buf_2)
                                                         rdata[14] (net)
                      0.170895    0.000170    0.945178 ^ rdata[14] (out)
                                              0.945178   data arrival time

                                 10.000000   10.000000   clock clk (rise edge)
                                  0.000000   10.000000   clock network delay (propagated)
                                 -0.250000    9.750000   clock uncertainty
                                  0.000000    9.750000   clock reconvergence pessimism
                                 -2.000000    7.750000   output external delay
                                              7.750000   data required time
---------------------------------------------------------------------------------------------
                                              7.750000   data required time
                                             -0.945178   data arrival time
---------------------------------------------------------------------------------------------
                                              6.804822   slack (MET)


Startpoint: _1414_ (rising edge-triggered flip-flop clocked by clk)
Endpoint: rdata[21] (output port clocked by clk)
Path Group: clk
Path Type: max

Fanout         Cap        Slew       Delay        Time   Description
---------------------------------------------------------------------------------------------
                                  0.000000    0.000000   clock clk (rise edge)
                                  0.000000    0.000000   clock source latency
     1    0.021601    0.102883    0.071047    0.071047 ^ clk (in)
                                                         clk (net)
                      0.102899    0.000000    0.071047 ^ clkbuf_0_clk/A (sky130_fd_sc_hd__clkbuf_16)
     8    0.084380    0.101038    0.195786    0.266833 ^ clkbuf_0_clk/X (sky130_fd_sc_hd__clkbuf_16)
                                                         clknet_0_clk (net)
                      0.101044    0.000924    0.267757 ^ clkbuf_3_7__f_clk/A (sky130_fd_sc_hd__clkbuf_16)
    10    0.038123    0.058189    0.161170    0.428927 ^ clkbuf_3_7__f_clk/X (sky130_fd_sc_hd__clkbuf_16)
                                                         clknet_3_7__leaf_clk (net)
                      0.058189    0.000174    0.429101 ^ _1414_/CLK (sky130_fd_sc_hd__dfxtp_1)
     2    0.004074    0.053107    0.313160    0.742261 ^ _1414_/Q (sky130_fd_sc_hd__dfxtp_1)
                                                         net33 (net)
                      0.053107    0.000007    0.742268 ^ output33/A (sky130_fd_sc_hd__buf_2)
     1    0.034298    0.170231    0.201533    0.943801 ^ output33/X (sky130_fd_sc_hd__buf_2)
                                                         rdata[21] (net)
                      0.170231    0.000152    0.943953 ^ rdata[21] (out)
                                              0.943953   data arrival time

                                 10.000000   10.000000   clock clk (rise edge)
                                  0.000000   10.000000   clock network delay (propagated)
                                 -0.250000    9.750000   clock uncertainty
                                  0.000000    9.750000   clock reconvergence pessimism
                                 -2.000000    7.750000   output external delay
                                              7.750000   data required time
---------------------------------------------------------------------------------------------
                                              7.750000   data required time
                                             -0.943953   data arrival time
---------------------------------------------------------------------------------------------
                                              6.806047   slack (MET)


Startpoint: _1408_ (rising edge-triggered flip-flop clocked by clk)
Endpoint: rdata[15] (output port clocked by clk)
Path Group: clk
Path Type: max

Fanout         Cap        Slew       Delay        Time   Description
---------------------------------------------------------------------------------------------
                                  0.000000    0.000000   clock clk (rise edge)
                                  0.000000    0.000000   clock source latency
     1    0.021601    0.102883    0.071047    0.071047 ^ clk (in)
                                                         clk (net)
                      0.102899    0.000000    0.071047 ^ clkbuf_0_clk/A (sky130_fd_sc_hd__clkbuf_16)
     8    0.084380    0.101038    0.195786    0.266833 ^ clkbuf_0_clk/X (sky130_fd_sc_hd__clkbuf_16)
                                                         clknet_0_clk (net)
                      0.101041    0.000711    0.267544 ^ clkbuf_3_5__f_clk/A (sky130_fd_sc_hd__clkbuf_16)
    14    0.038852    0.058816    0.161642    0.429186 ^ clkbuf_3_5__f_clk/X (sky130_fd_sc_hd__clkbuf_16)
                                                         clknet_3_5__leaf_clk (net)
                      0.058817    0.000229    0.429415 ^ _1408_/CLK (sky130_fd_sc_hd__dfxtp_1)
     2    0.004046    0.052860    0.313210    0.742625 ^ _1408_/Q (sky130_fd_sc_hd__dfxtp_1)
                                                         net26 (net)
                      0.052860    0.000009    0.742634 ^ output26/A (sky130_fd_sc_hd__buf_2)
     1    0.034020    0.168920    0.200559    0.943193 ^ output26/X (sky130_fd_sc_hd__buf_2)
                                                         rdata[15] (net)
                      0.168920    0.000087    0.943280 ^ rdata[15] (out)
                                              0.943280   data arrival time

                                 10.000000   10.000000   clock clk (rise edge)
                                  0.000000   10.000000   clock network delay (propagated)
                                 -0.250000    9.750000   clock uncertainty
                                  0.000000    9.750000   clock reconvergence pessimism
                                 -2.000000    7.750000   output external delay
                                              7.750000   data required time
---------------------------------------------------------------------------------------------
                                              7.750000   data required time
                                             -0.943280   data arrival time
---------------------------------------------------------------------------------------------
                                              6.806720   slack (MET)


Startpoint: _1395_ (rising edge-triggered flip-flop clocked by clk)
Endpoint: rdata[2] (output port clocked by clk)
Path Group: clk
Path Type: max

Fanout         Cap        Slew       Delay        Time   Description
---------------------------------------------------------------------------------------------
                                  0.000000    0.000000   clock clk (rise edge)
                                  0.000000    0.000000   clock source latency
     1    0.021601    0.102883    0.071047    0.071047 ^ clk (in)
                                                         clk (net)
                      0.102899    0.000000    0.071047 ^ clkbuf_0_clk/A (sky130_fd_sc_hd__clkbuf_16)
     8    0.084380    0.101038    0.195786    0.266833 ^ clkbuf_0_clk/X (sky130_fd_sc_hd__clkbuf_16)
                                                         clknet_0_clk (net)
                      0.101052    0.001244    0.268078 ^ clkbuf_3_2__f_clk/A (sky130_fd_sc_hd__clkbuf_16)
     9    0.034525    0.055033    0.158459    0.426537 ^ clkbuf_3_2__f_clk/X (sky130_fd_sc_hd__clkbuf_16)
                                                         clknet_3_2__leaf_clk (net)
                      0.055033    0.000206    0.426743 ^ _1395_/CLK (sky130_fd_sc_hd__dfxtp_1)
     2    0.004399    0.055971    0.314119    0.740862 ^ _1395_/Q (sky130_fd_sc_hd__dfxtp_1)
                                                         net42 (net)
                      0.055971    0.000017    0.740879 ^ output42/A (sky130_fd_sc_hd__buf_2)
     1    0.034110    0.169362    0.201993    0.942872 ^ output42/X (sky130_fd_sc_hd__buf_2)
                                                         rdata[2] (net)
                      0.169362    0.000111    0.942983 ^ rdata[2] (out)
                                              0.942983   data arrival time

                                 10.000000   10.000000   clock clk (rise edge)
                                  0.000000   10.000000   clock network delay (propagated)
                                 -0.250000    9.750000   clock uncertainty
                                  0.000000    9.750000   clock reconvergence pessimism
                                 -2.000000    7.750000   output external delay
                                              7.750000   data required time
---------------------------------------------------------------------------------------------
                                              7.750000   data required time
                                             -0.942983   data arrival time
---------------------------------------------------------------------------------------------
                                              6.807017   slack (MET)


Startpoint: _1394_ (rising edge-triggered flip-flop clocked by clk)
Endpoint: rdata[1] (output port clocked by clk)
Path Group: clk
Path Type: max

Fanout         Cap        Slew       Delay        Time   Description
---------------------------------------------------------------------------------------------
                                  0.000000    0.000000   clock clk (rise edge)
                                  0.000000    0.000000   clock source latency
     1    0.021601    0.102883    0.071047    0.071047 ^ clk (in)
                                                         clk (net)
                      0.102899    0.000000    0.071047 ^ clkbuf_0_clk/A (sky130_fd_sc_hd__clkbuf_16)
     8    0.084380    0.101038    0.195786    0.266833 ^ clkbuf_0_clk/X (sky130_fd_sc_hd__clkbuf_16)
                                                         clknet_0_clk (net)
                      0.101069    0.001692    0.268525 ^ clkbuf_3_0__f_clk/A (sky130_fd_sc_hd__clkbuf_16)
     9    0.033720    0.054343    0.157879    0.426405 ^ clkbuf_3_0__f_clk/X (sky130_fd_sc_hd__clkbuf_16)
                                                         clknet_3_0__leaf_clk (net)
                      0.054343    0.000202    0.426607 ^ _1394_/CLK (sky130_fd_sc_hd__dfxtp_1)
     2    0.004373    0.055739    0.313686    0.740293 ^ _1394_/Q (sky130_fd_sc_hd__dfxtp_1)
                                                         net31 (net)
                      0.055739    0.000005    0.740298 ^ output31/A (sky130_fd_sc_hd__buf_2)
     1    0.034058    0.169114    0.201742    0.942040 ^ output31/X (sky130_fd_sc_hd__buf_2)
                                                         rdata[1] (net)
                      0.169114    0.000099    0.942139 ^ rdata[1] (out)
                                              0.942139   data arrival time

                                 10.000000   10.000000   clock clk (rise edge)
                                  0.000000   10.000000   clock network delay (propagated)
                                 -0.250000    9.750000   clock uncertainty
                                  0.000000    9.750000   clock reconvergence pessimism
                                 -2.000000    7.750000   output external delay
                                              7.750000   data required time
---------------------------------------------------------------------------------------------
                                              7.750000   data required time
                                             -0.942139   data arrival time
---------------------------------------------------------------------------------------------
                                              6.807861   slack (MET)


Startpoint: _1413_ (rising edge-triggered flip-flop clocked by clk)
Endpoint: rdata[20] (output port clocked by clk)
Path Group: clk
Path Type: max

Fanout         Cap        Slew       Delay        Time   Description
---------------------------------------------------------------------------------------------
                                  0.000000    0.000000   clock clk (rise edge)
                                  0.000000    0.000000   clock source latency
     1    0.021601    0.102883    0.071047    0.071047 ^ clk (in)
                                                         clk (net)
                      0.102899    0.000000    0.071047 ^ clkbuf_0_clk/A (sky130_fd_sc_hd__clkbuf_16)
     8    0.084380    0.101038    0.195786    0.266833 ^ clkbuf_0_clk/X (sky130_fd_sc_hd__clkbuf_16)
                                                         clknet_0_clk (net)
                      0.101041    0.000763    0.267596 ^ clkbuf_3_4__f_clk/A (sky130_fd_sc_hd__clkbuf_16)
    11    0.034454    0.054985    0.158439    0.426035 ^ clkbuf_3_4__f_clk/X (sky130_fd_sc_hd__clkbuf_16)
                                                         clknet_3_4__leaf_clk (net)
                      0.054985    0.000130    0.426165 ^ _1413_/CLK (sky130_fd_sc_hd__dfxtp_1)
     2    0.004121    0.053523    0.312267    0.738432 ^ _1413_/Q (sky130_fd_sc_hd__dfxtp_1)
                                                         net32 (net)
                      0.053523    0.000009    0.738441 ^ output32/A (sky130_fd_sc_hd__buf_2)
     1    0.034429    0.170840    0.202128    0.940569 ^ output32/X (sky130_fd_sc_hd__buf_2)
                                                         rdata[20] (net)
                      0.170840    0.000142    0.940711 ^ rdata[20] (out)
                                              0.940711   data arrival time

                                 10.000000   10.000000   clock clk (rise edge)
                                  0.000000   10.000000   clock network delay (propagated)
                                 -0.250000    9.750000   clock uncertainty
                                  0.000000    9.750000   clock reconvergence pessimism
                                 -2.000000    7.750000   output external delay
                                              7.750000   data required time
---------------------------------------------------------------------------------------------
                                              7.750000   data required time
                                             -0.940711   data arrival time
---------------------------------------------------------------------------------------------
                                              6.809289   slack (MET)


Startpoint: _1415_ (rising edge-triggered flip-flop clocked by clk)
Endpoint: rdata[22] (output port clocked by clk)
Path Group: clk
Path Type: max

Fanout         Cap        Slew       Delay        Time   Description
---------------------------------------------------------------------------------------------
                                  0.000000    0.000000   clock clk (rise edge)
                                  0.000000    0.000000   clock source latency
     1    0.021601    0.102883    0.071047    0.071047 ^ clk (in)
                                                         clk (net)
                      0.102899    0.000000    0.071047 ^ clkbuf_0_clk/A (sky130_fd_sc_hd__clkbuf_16)
     8    0.084380    0.101038    0.195786    0.266833 ^ clkbuf_0_clk/X (sky130_fd_sc_hd__clkbuf_16)
                                                         clknet_0_clk (net)
                      0.101044    0.000924    0.267757 ^ clkbuf_3_7__f_clk/A (sky130_fd_sc_hd__clkbuf_16)
    10    0.038123    0.058189    0.161170    0.428927 ^ clkbuf_3_7__f_clk/X (sky130_fd_sc_hd__clkbuf_16)
                                                         clknet_3_7__leaf_clk (net)
                      0.058189    0.000166    0.429093 ^ _1415_/CLK (sky130_fd_sc_hd__dfxtp_1)
     2    0.003819    0.050858    0.311474    0.740567 ^ _1415_/Q (sky130_fd_sc_hd__dfxtp_1)
                                                         net34 (net)
                      0.050858    0.000005    0.740572 ^ output34/A (sky130_fd_sc_hd__buf_2)
     1    0.033967    0.171154    0.199680    0.940252 ^ output34/X (sky130_fd_sc_hd__buf_2)
                                                         rdata[22] (net)
                      0.171154    0.000075    0.940327 ^ rdata[22] (out)
                                              0.940327   data arrival time

                                 10.000000   10.000000   clock clk (rise edge)
                                  0.000000   10.000000   clock network delay (propagated)
                                 -0.250000    9.750000   clock uncertainty
                                  0.000000    9.750000   clock reconvergence pessimism
                                 -2.000000    7.750000   output external delay
                                              7.750000   data required time
---------------------------------------------------------------------------------------------
                                              7.750000   data required time
                                             -0.940327   data arrival time
---------------------------------------------------------------------------------------------
                                              6.809673   slack (MET)


Startpoint: _1410_ (rising edge-triggered flip-flop clocked by clk)
Endpoint: rdata[17] (output port clocked by clk)
Path Group: clk
Path Type: max

Fanout         Cap        Slew       Delay        Time   Description
---------------------------------------------------------------------------------------------
                                  0.000000    0.000000   clock clk (rise edge)
                                  0.000000    0.000000   clock source latency
     1    0.021601    0.102883    0.071047    0.071047 ^ clk (in)
                                                         clk (net)
                      0.102899    0.000000    0.071047 ^ clkbuf_0_clk/A (sky130_fd_sc_hd__clkbuf_16)
     8    0.084380    0.101038    0.195786    0.266833 ^ clkbuf_0_clk/X (sky130_fd_sc_hd__clkbuf_16)
                                                         clknet_0_clk (net)
                      0.101041    0.000763    0.267596 ^ clkbuf_3_4__f_clk/A (sky130_fd_sc_hd__clkbuf_16)
    11    0.034454    0.054985    0.158439    0.426035 ^ clkbuf_3_4__f_clk/X (sky130_fd_sc_hd__clkbuf_16)
                                                         clknet_3_4__leaf_clk (net)
                      0.054985    0.000115    0.426151 ^ _1410_/CLK (sky130_fd_sc_hd__dfxtp_1)
     2    0.004180    0.054045    0.312658    0.738809 ^ _1410_/Q (sky130_fd_sc_hd__dfxtp_1)
                                                         net28 (net)
                      0.054045    0.000008    0.738817 ^ output28/A (sky130_fd_sc_hd__buf_2)
     1    0.034020    0.168924    0.201000    0.939816 ^ output28/X (sky130_fd_sc_hd__buf_2)
                                                         rdata[17] (net)
                      0.168924    0.000087    0.939903 ^ rdata[17] (out)
                                              0.939903   data arrival time

                                 10.000000   10.000000   clock clk (rise edge)
                                  0.000000   10.000000   clock network delay (propagated)
                                 -0.250000    9.750000   clock uncertainty
                                  0.000000    9.750000   clock reconvergence pessimism
                                 -2.000000    7.750000   output external delay
                                              7.750000   data required time
---------------------------------------------------------------------------------------------
                                              7.750000   data required time
                                             -0.939903   data arrival time
---------------------------------------------------------------------------------------------
                                              6.810097   slack (MET)


Startpoint: _1412_ (rising edge-triggered flip-flop clocked by clk)
Endpoint: rdata[19] (output port clocked by clk)
Path Group: clk
Path Type: max

Fanout         Cap        Slew       Delay        Time   Description
---------------------------------------------------------------------------------------------
                                  0.000000    0.000000   clock clk (rise edge)
                                  0.000000    0.000000   clock source latency
     1    0.021601    0.102883    0.071047    0.071047 ^ clk (in)
                                                         clk (net)
                      0.102899    0.000000    0.071047 ^ clkbuf_0_clk/A (sky130_fd_sc_hd__clkbuf_16)
     8    0.084380    0.101038    0.195786    0.266833 ^ clkbuf_0_clk/X (sky130_fd_sc_hd__clkbuf_16)
                                                         clknet_0_clk (net)
                      0.101041    0.000763    0.267596 ^ clkbuf_3_4__f_clk/A (sky130_fd_sc_hd__clkbuf_16)
    11    0.034454    0.054985    0.158439    0.426035 ^ clkbuf_3_4__f_clk/X (sky130_fd_sc_hd__clkbuf_16)
                                                         clknet_3_4__leaf_clk (net)
                      0.054985    0.000117    0.426152 ^ _1412_/CLK (sky130_fd_sc_hd__dfxtp_1)
     2    0.004076    0.053121    0.311966    0.738118 ^ _1412_/Q (sky130_fd_sc_hd__dfxtp_1)
                                                         net30 (net)
                      0.053121    0.000005    0.738123 ^ output30/A (sky130_fd_sc_hd__buf_2)
     1    0.034089    0.169245    0.200878    0.939000 ^ output30/X (sky130_fd_sc_hd__buf_2)
                                                         rdata[19] (net)
                      0.169245    0.000103    0.939103 ^ rdata[19] (out)
                                              0.939103   data arrival time

                                 10.000000   10.000000   clock clk (rise edge)
                                  0.000000   10.000000   clock network delay (propagated)
                                 -0.250000    9.750000   clock uncertainty
                                  0.000000    9.750000   clock reconvergence pessimism
                                 -2.000000    7.750000   output external delay
                                              7.750000   data required time
---------------------------------------------------------------------------------------------
                                              7.750000   data required time
                                             -0.939103   data arrival time
---------------------------------------------------------------------------------------------
                                              6.810896   slack (MET)


Startpoint: _1393_ (rising edge-triggered flip-flop clocked by clk)
Endpoint: rdata[0] (output port clocked by clk)
Path Group: clk
Path Type: max

Fanout         Cap        Slew       Delay        Time   Description
---------------------------------------------------------------------------------------------
                                  0.000000    0.000000   clock clk (rise edge)
                                  0.000000    0.000000   clock source latency
     1    0.021601    0.102883    0.071047    0.071047 ^ clk (in)
                                                         clk (net)
                      0.102899    0.000000    0.071047 ^ clkbuf_0_clk/A (sky130_fd_sc_hd__clkbuf_16)
     8    0.084380    0.101038    0.195786    0.266833 ^ clkbuf_0_clk/X (sky130_fd_sc_hd__clkbuf_16)
                                                         clknet_0_clk (net)
                      0.101069    0.001692    0.268525 ^ clkbuf_3_0__f_clk/A (sky130_fd_sc_hd__clkbuf_16)
     9    0.033720    0.054343    0.157879    0.426405 ^ clkbuf_3_0__f_clk/X (sky130_fd_sc_hd__clkbuf_16)
                                                         clknet_3_0__leaf_clk (net)
                      0.054343    0.000175    0.426580 ^ _1393_/CLK (sky130_fd_sc_hd__dfxtp_1)
     2    0.004021    0.052642    0.311366    0.737945 ^ _1393_/Q (sky130_fd_sc_hd__dfxtp_1)
                                                         net20 (net)
                      0.052642    0.000006    0.737951 ^ output20/A (sky130_fd_sc_hd__buf_2)
     1    0.033953    0.171075    0.200317    0.938268 ^ output20/X (sky130_fd_sc_hd__buf_2)
                                                         rdata[0] (net)
                      0.171075    0.000074    0.938342 ^ rdata[0] (out)
                                              0.938342   data arrival time

                                 10.000000   10.000000   clock clk (rise edge)
                                  0.000000   10.000000   clock network delay (propagated)
                                 -0.250000    9.750000   clock uncertainty
                                  0.000000    9.750000   clock reconvergence pessimism
                                 -2.000000    7.750000   output external delay
                                              7.750000   data required time
---------------------------------------------------------------------------------------------
                                              7.750000   data required time
                                             -0.938342   data arrival time
---------------------------------------------------------------------------------------------
                                              6.811658   slack (MET)


Startpoint: _1411_ (rising edge-triggered flip-flop clocked by clk)
Endpoint: rdata[18] (output port clocked by clk)
Path Group: clk
Path Type: max

Fanout         Cap        Slew       Delay        Time   Description
---------------------------------------------------------------------------------------------
                                  0.000000    0.000000   clock clk (rise edge)
                                  0.000000    0.000000   clock source latency
     1    0.021601    0.102883    0.071047    0.071047 ^ clk (in)
                                                         clk (net)
                      0.102899    0.000000    0.071047 ^ clkbuf_0_clk/A (sky130_fd_sc_hd__clkbuf_16)
     8    0.084380    0.101038    0.195786    0.266833 ^ clkbuf_0_clk/X (sky130_fd_sc_hd__clkbuf_16)
                                                         clknet_0_clk (net)
                      0.101041    0.000763    0.267596 ^ clkbuf_3_4__f_clk/A (sky130_fd_sc_hd__clkbuf_16)
    11    0.034454    0.054985    0.158439    0.426035 ^ clkbuf_3_4__f_clk/X (sky130_fd_sc_hd__clkbuf_16)
                                                         clknet_3_4__leaf_clk (net)
                      0.054985    0.000059    0.426094 ^ _1411_/CLK (sky130_fd_sc_hd__dfxtp_1)
     2    0.004007    0.052514    0.311511    0.737605 ^ _1411_/Q (sky130_fd_sc_hd__dfxtp_1)
                                                         net29 (net)
                      0.052514    0.000008    0.737613 ^ output29/A (sky130_fd_sc_hd__buf_2)
     1    0.033967    0.171142    0.200315    0.937928 ^ output29/X (sky130_fd_sc_hd__buf_2)
                                                         rdata[18] (net)
                      0.171142    0.000075    0.938003 ^ rdata[18] (out)
                                              0.938003   data arrival time

                                 10.000000   10.000000   clock clk (rise edge)
                                  0.000000   10.000000   clock network delay (propagated)
                                 -0.250000    9.750000   clock uncertainty
                                  0.000000    9.750000   clock reconvergence pessimism
                                 -2.000000    7.750000   output external delay
                                              7.750000   data required time
---------------------------------------------------------------------------------------------
                                              7.750000   data required time
                                             -0.938003   data arrival time
---------------------------------------------------------------------------------------------
                                              6.811997   slack (MET)


Startpoint: _1396_ (rising edge-triggered flip-flop clocked by clk)
Endpoint: rdata[3] (output port clocked by clk)
Path Group: clk
Path Type: max

Fanout         Cap        Slew       Delay        Time   Description
---------------------------------------------------------------------------------------------
                                  0.000000    0.000000   clock clk (rise edge)
                                  0.000000    0.000000   clock source latency
     1    0.021601    0.102883    0.071047    0.071047 ^ clk (in)
                                                         clk (net)
                      0.102899    0.000000    0.071047 ^ clkbuf_0_clk/A (sky130_fd_sc_hd__clkbuf_16)
     8    0.084380    0.101038    0.195786    0.266833 ^ clkbuf_0_clk/X (sky130_fd_sc_hd__clkbuf_16)
                                                         clknet_0_clk (net)
                      0.101052    0.001244    0.268078 ^ clkbuf_3_2__f_clk/A (sky130_fd_sc_hd__clkbuf_16)
     9    0.034525    0.055033    0.158459    0.426537 ^ clkbuf_3_2__f_clk/X (sky130_fd_sc_hd__clkbuf_16)
                                                         clknet_3_2__leaf_clk (net)
                      0.055033    0.000167    0.426704 ^ _1396_/CLK (sky130_fd_sc_hd__dfxtp_1)
     2    0.003898    0.051559    0.310813    0.737518 ^ _1396_/Q (sky130_fd_sc_hd__dfxtp_1)
                                                         net45 (net)
                      0.051559    0.000005    0.737523 ^ output45/A (sky130_fd_sc_hd__buf_2)
     1    0.034093    0.169269    0.200291    0.937814 ^ output45/X (sky130_fd_sc_hd__buf_2)
                                                         rdata[3] (net)
                      0.169269    0.000107    0.937920 ^ rdata[3] (out)
                                              0.937920   data arrival time

                                 10.000000   10.000000   clock clk (rise edge)
                                  0.000000   10.000000   clock network delay (propagated)
                                 -0.250000    9.750000   clock uncertainty
                                  0.000000    9.750000   clock reconvergence pessimism
                                 -2.000000    7.750000   output external delay
                                              7.750000   data required time
---------------------------------------------------------------------------------------------
                                              7.750000   data required time
                                             -0.937920   data arrival time
---------------------------------------------------------------------------------------------
                                              6.812079   slack (MET)


Startpoint: write (input port clocked by clk)
Endpoint: _1384_ (rising edge-triggered flip-flop clocked by clk)
Path Group: clk
Path Type: max

Fanout         Cap        Slew       Delay        Time   Description
---------------------------------------------------------------------------------------------
                                  0.000000    0.000000   clock clk (rise edge)
                                  0.000000    0.000000   clock network delay (propagated)
                                  2.000000    2.000000 ^ input external delay
     1    0.002782    0.019655    0.010229    2.010229 ^ write (in)
                                                         write (net)
                      0.019655    0.000000    2.010229 ^ input19/A (sky130_fd_sc_hd__buf_1)
     5    0.012046    0.151137    0.145124    2.155353 ^ input19/X (sky130_fd_sc_hd__buf_1)
                                                         net19 (net)
                      0.151137    0.000010    2.155363 ^ _0695_/C (sky130_fd_sc_hd__and3_1)
     1    0.006380    0.080295    0.197178    2.352540 ^ _0695_/X (sky130_fd_sc_hd__and3_1)
                                                         _0084_ (net)
                      0.080295    0.000131    2.352671 ^ _0696_/D_N (sky130_fd_sc_hd__or4b_1)
     1    0.003093    0.086985    0.435927    2.788598 v _0696_/X (sky130_fd_sc_hd__or4b_1)
                                                         _0085_ (net)
                      0.086985    0.000014    2.788612 v _0699_/B (sky130_fd_sc_hd__nor3_1)
     1    0.001955    0.126941    0.159188    2.947799 ^ _0699_/Y (sky130_fd_sc_hd__nor3_1)
                                                         _0000_ (net)
                      0.126941    0.000003    2.947803 ^ _1384_/D (sky130_fd_sc_hd__dfxtp_1)
                                              2.947803   data arrival time

                                 10.000000   10.000000   clock clk (rise edge)
                                  0.000000   10.000000   clock source latency
     1    0.021601    0.102883    0.071047   10.071048 ^ clk (in)
                                                         clk (net)
                      0.102899    0.000000   10.071048 ^ clkbuf_0_clk/A (sky130_fd_sc_hd__clkbuf_16)
     8    0.084380    0.101038    0.195787   10.266834 ^ clkbuf_0_clk/X (sky130_fd_sc_hd__clkbuf_16)
                                                         clknet_0_clk (net)
                      0.101052    0.001244   10.268078 ^ clkbuf_3_2__f_clk/A (sky130_fd_sc_hd__clkbuf_16)
     9    0.034525    0.055033    0.158459   10.426538 ^ clkbuf_3_2__f_clk/X (sky130_fd_sc_hd__clkbuf_16)
                                                         clknet_3_2__leaf_clk (net)
                      0.055033    0.000273   10.426810 ^ _1384_/CLK (sky130_fd_sc_hd__dfxtp_1)
                                 -0.250000   10.176810   clock uncertainty
                                  0.000000   10.176810   clock reconvergence pessimism
                                 -0.071460   10.105350   library setup time
                                             10.105350   data required time
---------------------------------------------------------------------------------------------
                                             10.105350   data required time
                                             -2.947803   data arrival time
---------------------------------------------------------------------------------------------
                                              7.157548   slack (MET)


Startpoint: _1425_ (rising edge-triggered flip-flop clocked by clk)
Endpoint: _1436_ (rising edge-triggered flip-flop clocked by clk)
Path Group: clk
Path Type: max

Fanout         Cap        Slew       Delay        Time   Description
---------------------------------------------------------------------------------------------
                                  0.000000    0.000000   clock clk (rise edge)
                                  0.000000    0.000000   clock source latency
     1    0.021601    0.102883    0.071047    0.071047 ^ clk (in)
                                                         clk (net)
                      0.102899    0.000000    0.071047 ^ clkbuf_0_clk/A (sky130_fd_sc_hd__clkbuf_16)
     8    0.084380    0.101038    0.195786    0.266833 ^ clkbuf_0_clk/X (sky130_fd_sc_hd__clkbuf_16)
                                                         clknet_0_clk (net)
                      0.101071    0.001725    0.268558 ^ clkbuf_3_1__f_clk/A (sky130_fd_sc_hd__clkbuf_16)
    13    0.038816    0.058789    0.161655    0.430214 ^ clkbuf_3_1__f_clk/X (sky130_fd_sc_hd__clkbuf_16)
                                                         clknet_3_1__leaf_clk (net)
                      0.058789    0.000110    0.430323 ^ _1425_/CLK (sky130_fd_sc_hd__dfxtp_4)
     3    0.011358    0.039341    0.347145    0.777468 v _1425_/Q (sky130_fd_sc_hd__dfxtp_4)
                                                         core_b[0] (net)
                      0.039341    0.000028    0.777497 v fanout79/A (sky130_fd_sc_hd__buf_8)
     5    0.016012    0.028363    0.118368    0.895865 v fanout79/X (sky130_fd_sc_hd__buf_8)
                                                         net79 (net)
                      0.028363    0.000080    0.895945 v fanout78/A (sky130_fd_sc_hd__buf_2)
    10    0.028202    0.076421    0.162017    1.057962 v fanout78/X (sky130_fd_sc_hd__buf_2)
                                                         net78 (net)
                      0.076421    0.000148    1.058110 v _0842_/B (sky130_fd_sc_hd__and4_1)
     3    0.006759    0.055060    0.201561    1.259671 v _0842_/X (sky130_fd_sc_hd__and4_1)
                                                         _0179_ (net)
                      0.055060    0.000041    1.259711 v _0844_/B (sky130_fd_sc_hd__or3_1)
     2    0.005181    0.080819    0.361160    1.620871 v _0844_/X (sky130_fd_sc_hd__or3_1)
                                                         _0181_ (net)
                      0.080819    0.000011    1.620883 v _0848_/A1 (sky130_fd_sc_hd__a21o_1)
     2    0.005494    0.044369    0.177652    1.798535 v _0848_/X (sky130_fd_sc_hd__a21o_1)
                                                         _0185_ (net)
                      0.044369    0.000026    1.798560 v _0850_/B2 (sky130_fd_sc_hd__a22o_1)
     2    0.004206    0.048304    0.200180    1.998741 v _0850_/X (sky130_fd_sc_hd__a22o_1)
                                                         _0187_ (net)
                      0.048304    0.000006    1.998747 v _0851_/C (sky130_fd_sc_hd__and3_1)
     3    0.006749    0.055397    0.195046    2.193792 v _0851_/X (sky130_fd_sc_hd__and3_1)
                                                         _0188_ (net)
                      0.055397    0.000013    2.193805 v _0853_/A (sky130_fd_sc_hd__nor2_1)
     2    0.005016    0.115286    0.127607    2.321413 ^ _0853_/Y (sky130_fd_sc_hd__nor2_1)
                                                         _0190_ (net)
                      0.115286    0.000010    2.321422 ^ _0855_/B (sky130_fd_sc_hd__or2_1)
     2    0.005395    0.064251    0.128206    2.449629 ^ _0855_/X (sky130_fd_sc_hd__or2_1)
                                                         _0192_ (net)
                      0.064251    0.000008    2.449637 ^ _0856_/B (sky130_fd_sc_hd__nand2_1)
     1    0.004634    0.044791    0.063036    2.512673 v _0856_/Y (sky130_fd_sc_hd__nand2_1)
                                                         _0193_ (net)
                      0.044791    0.000013    2.512685 v _0858_/A (sky130_fd_sc_hd__xor2_1)
     1    0.003156    0.120334    0.145964    2.658649 ^ _0858_/X (sky130_fd_sc_hd__xor2_1)
                                                         _0195_ (net)
                      0.120334    0.000012    2.658660 ^ _0859_/B (sky130_fd_sc_hd__nand2_1)
     1    0.002366    0.053669    0.063523    2.722184 v _0859_/Y (sky130_fd_sc_hd__nand2_1)
                                                         _0196_ (net)
                      0.053669    0.000000    2.722184 v _0860_/C1 (sky130_fd_sc_hd__o211a_1)
     1    0.002062    0.036033    0.102987    2.825172 v _0860_/X (sky130_fd_sc_hd__o211a_1)
                                                         _0052_ (net)
                      0.036033    0.000004    2.825176 v _1436_/D (sky130_fd_sc_hd__dfxtp_1)
                                              2.825176   data arrival time

                                 10.000000   10.000000   clock clk (rise edge)
                                  0.000000   10.000000   clock source latency
     1    0.021601    0.102883    0.071047   10.071048 ^ clk (in)
                                                         clk (net)
                      0.102899    0.000000   10.071048 ^ clkbuf_0_clk/A (sky130_fd_sc_hd__clkbuf_16)
     8    0.084380    0.101038    0.195787   10.266834 ^ clkbuf_0_clk/X (sky130_fd_sc_hd__clkbuf_16)
                                                         clknet_0_clk (net)
                      0.101052    0.001244   10.268078 ^ clkbuf_3_2__f_clk/A (sky130_fd_sc_hd__clkbuf_16)
     9    0.034525    0.055033    0.158459   10.426538 ^ clkbuf_3_2__f_clk/X (sky130_fd_sc_hd__clkbuf_16)
                                                         clknet_3_2__leaf_clk (net)
                      0.055033    0.000242   10.426779 ^ _1436_/CLK (sky130_fd_sc_hd__dfxtp_1)
                                 -0.250000   10.176779   clock uncertainty
                                  0.000000   10.176779   clock reconvergence pessimism
                                 -0.104252   10.072527   library setup time
                                             10.072527   data required time
---------------------------------------------------------------------------------------------
                                             10.072527   data required time
                                             -2.825176   data arrival time
---------------------------------------------------------------------------------------------
                                              7.247351   slack (MET)


Startpoint: rst (input port clocked by clk)
Endpoint: _1435_ (rising edge-triggered flip-flop clocked by clk)
Path Group: clk
Path Type: max

Fanout         Cap        Slew       Delay        Time   Description
---------------------------------------------------------------------------------------------
                                  0.000000    0.000000   clock clk (rise edge)
                                  0.000000    0.000000   clock network delay (propagated)
                                  2.000000    2.000000 v input external delay
     1    0.002978    0.009044    0.004716    2.004716 v rst (in)
                                                         rst (net)
                      0.009044    0.000000    2.004716 v input9/A (sky130_fd_sc_hd__clkbuf_4)
     8    0.040044    0.090176    0.175425    2.180141 v input9/X (sky130_fd_sc_hd__clkbuf_4)
                                                         net9 (net)
                      0.090214    0.001716    2.181856 v _0694_/A (sky130_fd_sc_hd__inv_2)
     2    0.013693    0.070527    0.095354    2.277211 ^ _0694_/Y (sky130_fd_sc_hd__inv_2)
                                                         _0083_ (net)
                      0.070527    0.000095    2.277306 ^ fanout111/A (sky130_fd_sc_hd__buf_2)
     6    0.027973    0.140879    0.186843    2.464149 ^ fanout111/X (sky130_fd_sc_hd__buf_2)
                                                         net111 (net)
                      0.140879    0.000054    2.464203 ^ fanout110/A (sky130_fd_sc_hd__buf_2)
    10    0.032862    0.163968    0.227299    2.691503 ^ fanout110/X (sky130_fd_sc_hd__buf_2)
                                                         net110 (net)
                      0.163968    0.000288    2.691791 ^ _0840_/B1 (sky130_fd_sc_hd__o211a_1)
     1    0.002068    0.038745    0.161431    2.853222 ^ _0840_/X (sky130_fd_sc_hd__o211a_1)
                                                         _0051_ (net)
                      0.038745    0.000004    2.853226 ^ _1435_/D (sky130_fd_sc_hd__dfxtp_1)
                                              2.853226   data arrival time

                                 10.000000   10.000000   clock clk (rise edge)
                                  0.000000   10.000000   clock source latency
     1    0.021601    0.102883    0.071047   10.071048 ^ clk (in)
                                                         clk (net)
                      0.102899    0.000000   10.071048 ^ clkbuf_0_clk/A (sky130_fd_sc_hd__clkbuf_16)
     8    0.084380    0.101038    0.195787   10.266834 ^ clkbuf_0_clk/X (sky130_fd_sc_hd__clkbuf_16)
                                                         clknet_0_clk (net)
                      0.101052    0.001244   10.268078 ^ clkbuf_3_2__f_clk/A (sky130_fd_sc_hd__clkbuf_16)
     9    0.034525    0.055033    0.158459   10.426538 ^ clkbuf_3_2__f_clk/X (sky130_fd_sc_hd__clkbuf_16)
                                                         clknet_3_2__leaf_clk (net)
                      0.055033    0.000197   10.426734 ^ _1435_/CLK (sky130_fd_sc_hd__dfxtp_1)
                                 -0.250000   10.176734   clock uncertainty
                                  0.000000   10.176734   clock reconvergence pessimism
                                 -0.051119   10.125615   library setup time
                                             10.125615   data required time
---------------------------------------------------------------------------------------------
                                             10.125615   data required time
                                             -2.853226   data arrival time
---------------------------------------------------------------------------------------------
                                              7.272389   slack (MET)


Startpoint: rst (input port clocked by clk)
Endpoint: _1433_ (rising edge-triggered flip-flop clocked by clk)
Path Group: clk
Path Type: max

Fanout         Cap        Slew       Delay        Time   Description
---------------------------------------------------------------------------------------------
                                  0.000000    0.000000   clock clk (rise edge)
                                  0.000000    0.000000   clock network delay (propagated)
                                  2.000000    2.000000 v input external delay
     1    0.002978    0.009044    0.004716    2.004716 v rst (in)
                                                         rst (net)
                      0.009044    0.000000    2.004716 v input9/A (sky130_fd_sc_hd__clkbuf_4)
     8    0.040044    0.090176    0.175425    2.180141 v input9/X (sky130_fd_sc_hd__clkbuf_4)
                                                         net9 (net)
                      0.090214    0.001716    2.181856 v _0694_/A (sky130_fd_sc_hd__inv_2)
     2    0.013693    0.070527    0.095354    2.277211 ^ _0694_/Y (sky130_fd_sc_hd__inv_2)
                                                         _0083_ (net)
                      0.070527    0.000095    2.277306 ^ fanout111/A (sky130_fd_sc_hd__buf_2)
     6    0.027973    0.140879    0.186843    2.464149 ^ fanout111/X (sky130_fd_sc_hd__buf_2)
                                                         net111 (net)
                      0.140879    0.000356    2.464506 ^ fanout109/A (sky130_fd_sc_hd__buf_2)
    10    0.029441    0.148054    0.215866    2.680372 ^ fanout109/X (sky130_fd_sc_hd__buf_2)
                                                         net109 (net)
                      0.148054    0.000055    2.680427 ^ _0816_/A (sky130_fd_sc_hd__and3_1)
     1    0.001933    0.043895    0.157978    2.838405 ^ _0816_/X (sky130_fd_sc_hd__and3_1)
                                                         _0049_ (net)
                      0.043895    0.000003    2.838408 ^ _1433_/D (sky130_fd_sc_hd__dfxtp_1)
                                              2.838408   data arrival time

                                 10.000000   10.000000   clock clk (rise edge)
                                  0.000000   10.000000   clock source latency
     1    0.021601    0.102883    0.071047   10.071048 ^ clk (in)
                                                         clk (net)
                      0.102899    0.000000   10.071048 ^ clkbuf_0_clk/A (sky130_fd_sc_hd__clkbuf_16)
     8    0.084380    0.101038    0.195787   10.266834 ^ clkbuf_0_clk/X (sky130_fd_sc_hd__clkbuf_16)
                                                         clknet_0_clk (net)
                      0.101069    0.001692   10.268526 ^ clkbuf_3_0__f_clk/A (sky130_fd_sc_hd__clkbuf_16)
     9    0.033720    0.054343    0.157879   10.426405 ^ clkbuf_3_0__f_clk/X (sky130_fd_sc_hd__clkbuf_16)
                                                         clknet_3_0__leaf_clk (net)
                      0.054343    0.000024   10.426429 ^ _1433_/CLK (sky130_fd_sc_hd__dfxtp_1)
                                 -0.250000   10.176429   clock uncertainty
                                  0.000000   10.176429   clock reconvergence pessimism
                                 -0.052406   10.124022   library setup time
                                             10.124022   data required time
---------------------------------------------------------------------------------------------
                                             10.124022   data required time
                                             -2.838408   data arrival time
---------------------------------------------------------------------------------------------
                                              7.285615   slack (MET)


Startpoint: rst (input port clocked by clk)
Endpoint: _1434_ (rising edge-triggered flip-flop clocked by clk)
Path Group: clk
Path Type: max

Fanout         Cap        Slew       Delay        Time   Description
---------------------------------------------------------------------------------------------
                                  0.000000    0.000000   clock clk (rise edge)
                                  0.000000    0.000000   clock network delay (propagated)
                                  2.000000    2.000000 v input external delay
     1    0.002978    0.009044    0.004716    2.004716 v rst (in)
                                                         rst (net)
                      0.009044    0.000000    2.004716 v input9/A (sky130_fd_sc_hd__clkbuf_4)
     8    0.040044    0.090176    0.175425    2.180141 v input9/X (sky130_fd_sc_hd__clkbuf_4)
                                                         net9 (net)
                      0.090214    0.001716    2.181856 v _0694_/A (sky130_fd_sc_hd__inv_2)
     2    0.013693    0.070527    0.095354    2.277211 ^ _0694_/Y (sky130_fd_sc_hd__inv_2)
                                                         _0083_ (net)
                      0.070527    0.000095    2.277306 ^ fanout111/A (sky130_fd_sc_hd__buf_2)
     6    0.027973    0.140879    0.186843    2.464149 ^ fanout111/X (sky130_fd_sc_hd__buf_2)
                                                         net111 (net)
                      0.140879    0.000356    2.464506 ^ fanout109/A (sky130_fd_sc_hd__buf_2)
    10    0.029441    0.148054    0.215866    2.680372 ^ fanout109/X (sky130_fd_sc_hd__buf_2)
                                                         net109 (net)
                      0.148054    0.000088    2.680460 ^ _0825_/B1 (sky130_fd_sc_hd__o211a_1)
     1    0.002147    0.039312    0.158357    2.838817 ^ _0825_/X (sky130_fd_sc_hd__o211a_1)
                                                         _0050_ (net)
                      0.039312    0.000005    2.838821 ^ _1434_/D (sky130_fd_sc_hd__dfxtp_1)
                                              2.838821   data arrival time

                                 10.000000   10.000000   clock clk (rise edge)
                                  0.000000   10.000000   clock source latency
     1    0.021601    0.102883    0.071047   10.071048 ^ clk (in)
                                                         clk (net)
                      0.102899    0.000000   10.071048 ^ clkbuf_0_clk/A (sky130_fd_sc_hd__clkbuf_16)
     8    0.084380    0.101038    0.195787   10.266834 ^ clkbuf_0_clk/X (sky130_fd_sc_hd__clkbuf_16)
                                                         clknet_0_clk (net)
                      0.101069    0.001692   10.268526 ^ clkbuf_3_0__f_clk/A (sky130_fd_sc_hd__clkbuf_16)
     9    0.033720    0.054343    0.157879   10.426405 ^ clkbuf_3_0__f_clk/X (sky130_fd_sc_hd__clkbuf_16)
                                                         clknet_3_0__leaf_clk (net)
                      0.054343    0.000214   10.426619 ^ _1434_/CLK (sky130_fd_sc_hd__dfxtp_1)
                                 -0.250000   10.176619   clock uncertainty
                                  0.000000   10.176619   clock reconvergence pessimism
                                 -0.051349   10.125271   library setup time
                                             10.125271   data required time
---------------------------------------------------------------------------------------------
                                             10.125271   data required time
                                             -2.838821   data arrival time
---------------------------------------------------------------------------------------------
                                              7.286449   slack (MET)



