
===========================================================================
report_checks -path_delay max (Setup)
============================================================================
======================= nom_ff_n40C_1v95 Corner ===================================

Startpoint: _1425_ (rising edge-triggered flip-flop clocked by clk)
Endpoint: _1456_ (rising edge-triggered flip-flop clocked by clk)
Path Group: clk
Path Type: max

Fanout         Cap        Slew       Delay        Time   Description
---------------------------------------------------------------------------------------------
                      0.150000    0.000000    0.000000   clock clk (rise edge)
                                  0.000000    0.000000   clock network delay (ideal)
                      0.150000    0.000000    0.000000 ^ _1425_/CLK (sky130_fd_sc_hd__dfxtp_2)
    22    0.058072    0.097120    0.294589    0.294589 v _1425_/Q (sky130_fd_sc_hd__dfxtp_2)
                                                         core_b[0] (net)
                      0.097120    0.000000    0.294589 v _1019_/B (sky130_fd_sc_hd__and3_2)
     7    0.014159    0.048659    0.170922    0.465511 v _1019_/X (sky130_fd_sc_hd__and3_2)
                                                         _0351_ (net)
                      0.048659    0.000000    0.465511 v _1023_/A (sky130_fd_sc_hd__or4bb_2)
     2    0.006549    0.072531    0.372299    0.837810 v _1023_/X (sky130_fd_sc_hd__or4bb_2)
                                                         _0355_ (net)
                      0.072531    0.000000    0.837810 v _1026_/A2 (sky130_fd_sc_hd__a21o_2)
     3    0.008754    0.036577    0.158347    0.996156 v _1026_/X (sky130_fd_sc_hd__a21o_2)
                                                         _0358_ (net)
                      0.036577    0.000000    0.996156 v _1028_/A2 (sky130_fd_sc_hd__a21o_2)
     2    0.006549    0.032697    0.140470    1.136626 v _1028_/X (sky130_fd_sc_hd__a21o_2)
                                                         _0360_ (net)
                      0.032697    0.000000    1.136626 v _1031_/A2 (sky130_fd_sc_hd__a21o_2)
     3    0.010443    0.039523    0.148001    1.284627 v _1031_/X (sky130_fd_sc_hd__a21o_2)
                                                         _0363_ (net)
                      0.039523    0.000000    1.284627 v _1032_/C (sky130_fd_sc_hd__and3_2)
     3    0.008688    0.039243    0.144289    1.428916 v _1032_/X (sky130_fd_sc_hd__and3_2)
                                                         _0364_ (net)
                      0.039243    0.000000    1.428916 v _1037_/A1 (sky130_fd_sc_hd__o211a_2)
     2    0.005471    0.036387    0.165967    1.594883 v _1037_/X (sky130_fd_sc_hd__o211a_2)
                                                         _0369_ (net)
                      0.036387    0.000000    1.594883 v _1038_/C (sky130_fd_sc_hd__or3_2)
     4    0.011077    0.071335    0.256200    1.851083 v _1038_/X (sky130_fd_sc_hd__or3_2)
                                                         _0370_ (net)
                      0.071335    0.000000    1.851083 v _1082_/A2 (sky130_fd_sc_hd__a211o_2)
     3    0.007155    0.043804    0.224618    2.075701 v _1082_/X (sky130_fd_sc_hd__a211o_2)
                                                         _0413_ (net)
                      0.043804    0.000000    2.075701 v _1125_/D (sky130_fd_sc_hd__and4b_2)
     2    0.004455    0.035859    0.154130    2.229831 v _1125_/X (sky130_fd_sc_hd__and4b_2)
                                                         _0455_ (net)
                      0.035859    0.000000    2.229831 v _1196_/A2 (sky130_fd_sc_hd__a211o_2)
     3    0.008745    0.047099    0.217130    2.446960 v _1196_/X (sky130_fd_sc_hd__a211o_2)
                                                         _0524_ (net)
                      0.047099    0.000000    2.446960 v _1234_/A2 (sky130_fd_sc_hd__a31o_2)
     2    0.012882    0.047196    0.172846    2.619807 v _1234_/X (sky130_fd_sc_hd__a31o_2)
                                                         _0560_ (net)
                      0.047196    0.000000    2.619807 v _1247_/A (sky130_fd_sc_hd__nand2_2)
     1    0.002470    0.030875    0.037597    2.657404 ^ _1247_/Y (sky130_fd_sc_hd__nand2_2)
                                                         _0573_ (net)
                      0.030875    0.000000    2.657404 ^ _1266_/B1 (sky130_fd_sc_hd__o211a_2)
    36    0.180648    0.784864    0.589778    3.247182 ^ _1266_/X (sky130_fd_sc_hd__o211a_2)
                                                         _0591_ (net)
                      0.784864    0.000000    3.247182 ^ _1281_/B (sky130_fd_sc_hd__xnor2_2)
     3    0.010568    0.125919    0.026444    3.273625 v _1281_/Y (sky130_fd_sc_hd__xnor2_2)
                                                         _0604_ (net)
                      0.125919    0.000000    3.273625 v _1299_/B (sky130_fd_sc_hd__or4_2)
     1    0.002112    0.063170    0.378789    3.652415 v _1299_/X (sky130_fd_sc_hd__or4_2)
                                                         _0619_ (net)
                      0.063170    0.000000    3.652415 v _1300_/C1 (sky130_fd_sc_hd__a311o_2)
     2    0.003785    0.041450    0.129981    3.782395 v _1300_/X (sky130_fd_sc_hd__a311o_2)
                                                         _0620_ (net)
                      0.041450    0.000000    3.782395 v _1303_/A (sky130_fd_sc_hd__and2_2)
     2    0.005618    0.032614    0.111911    3.894307 v _1303_/X (sky130_fd_sc_hd__and2_2)
                                                         _0623_ (net)
                      0.032614    0.000000    3.894307 v _1304_/B (sky130_fd_sc_hd__or2_2)
     3    0.005372    0.043181    0.164146    4.058453 v _1304_/X (sky130_fd_sc_hd__or2_2)
                                                         _0624_ (net)
                      0.043181    0.000000    4.058453 v _1317_/B1 (sky130_fd_sc_hd__a2bb2o_2)
     2    0.010268    0.046154    0.178312    4.236764 v _1317_/X (sky130_fd_sc_hd__a2bb2o_2)
                                                         _0635_ (net)
                      0.046154    0.000000    4.236764 v _1322_/A2 (sky130_fd_sc_hd__o21a_2)
     1    0.008002    0.034735    0.133435    4.370199 v _1322_/X (sky130_fd_sc_hd__o21a_2)
                                                         _0639_ (net)
                      0.034735    0.000000    4.370199 v _1323_/B (sky130_fd_sc_hd__xnor2_2)
     1    0.004182    0.044151    0.080660    4.450860 v _1323_/Y (sky130_fd_sc_hd__xnor2_2)
                                                         _0640_ (net)
                      0.044151    0.000000    4.450860 v _1325_/A2 (sky130_fd_sc_hd__a211oi_2)
     1    0.001748    0.092064    0.130581    4.581441 ^ _1325_/Y (sky130_fd_sc_hd__a211oi_2)
                                                         _0072_ (net)
                      0.092064    0.000000    4.581441 ^ _1456_/D (sky130_fd_sc_hd__dfxtp_2)
                                              4.581441   data arrival time

                      0.150000   10.000000   10.000000   clock clk (rise edge)
                                  0.000000   10.000000   clock network delay (ideal)
                                 -0.250000    9.750000   clock uncertainty
                                  0.000000    9.750000   clock reconvergence pessimism
                                              9.750000 ^ _1456_/CLK (sky130_fd_sc_hd__dfxtp_2)
                                 -0.033209    9.716791   library setup time
                                              9.716791   data required time
---------------------------------------------------------------------------------------------
                                              9.716791   data required time
                                             -4.581441   data arrival time
---------------------------------------------------------------------------------------------
                                              5.135351   slack (MET)


Startpoint: _1425_ (rising edge-triggered flip-flop clocked by clk)
Endpoint: _1460_ (rising edge-triggered flip-flop clocked by clk)
Path Group: clk
Path Type: max

Fanout         Cap        Slew       Delay        Time   Description
---------------------------------------------------------------------------------------------
                      0.150000    0.000000    0.000000   clock clk (rise edge)
                                  0.000000    0.000000   clock network delay (ideal)
                      0.150000    0.000000    0.000000 ^ _1425_/CLK (sky130_fd_sc_hd__dfxtp_2)
    22    0.058072    0.097120    0.294589    0.294589 v _1425_/Q (sky130_fd_sc_hd__dfxtp_2)
                                                         core_b[0] (net)
                      0.097120    0.000000    0.294589 v _1019_/B (sky130_fd_sc_hd__and3_2)
     7    0.014159    0.048659    0.170922    0.465511 v _1019_/X (sky130_fd_sc_hd__and3_2)
                                                         _0351_ (net)
                      0.048659    0.000000    0.465511 v _1023_/A (sky130_fd_sc_hd__or4bb_2)
     2    0.006549    0.072531    0.372299    0.837810 v _1023_/X (sky130_fd_sc_hd__or4bb_2)
                                                         _0355_ (net)
                      0.072531    0.000000    0.837810 v _1026_/A2 (sky130_fd_sc_hd__a21o_2)
     3    0.008754    0.036577    0.158347    0.996156 v _1026_/X (sky130_fd_sc_hd__a21o_2)
                                                         _0358_ (net)
                      0.036577    0.000000    0.996156 v _1028_/A2 (sky130_fd_sc_hd__a21o_2)
     2    0.006549    0.032697    0.140470    1.136626 v _1028_/X (sky130_fd_sc_hd__a21o_2)
                                                         _0360_ (net)
                      0.032697    0.000000    1.136626 v _1031_/A2 (sky130_fd_sc_hd__a21o_2)
     3    0.010443    0.039523    0.148001    1.284627 v _1031_/X (sky130_fd_sc_hd__a21o_2)
                                                         _0363_ (net)
                      0.039523    0.000000    1.284627 v _1032_/C (sky130_fd_sc_hd__and3_2)
     3    0.008688    0.039243    0.144289    1.428916 v _1032_/X (sky130_fd_sc_hd__and3_2)
                                                         _0364_ (net)
                      0.039243    0.000000    1.428916 v _1037_/A1 (sky130_fd_sc_hd__o211a_2)
     2    0.005471    0.036387    0.165967    1.594883 v _1037_/X (sky130_fd_sc_hd__o211a_2)
                                                         _0369_ (net)
                      0.036387    0.000000    1.594883 v _1038_/C (sky130_fd_sc_hd__or3_2)
     4    0.011077    0.071335    0.256200    1.851083 v _1038_/X (sky130_fd_sc_hd__or3_2)
                                                         _0370_ (net)
                      0.071335    0.000000    1.851083 v _1082_/A2 (sky130_fd_sc_hd__a211o_2)
     3    0.007155    0.043804    0.224618    2.075701 v _1082_/X (sky130_fd_sc_hd__a211o_2)
                                                         _0413_ (net)
                      0.043804    0.000000    2.075701 v _1125_/D (sky130_fd_sc_hd__and4b_2)
     2    0.004455    0.035859    0.154130    2.229831 v _1125_/X (sky130_fd_sc_hd__and4b_2)
                                                         _0455_ (net)
                      0.035859    0.000000    2.229831 v _1196_/A2 (sky130_fd_sc_hd__a211o_2)
     3    0.008745    0.047099    0.217130    2.446960 v _1196_/X (sky130_fd_sc_hd__a211o_2)
                                                         _0524_ (net)
                      0.047099    0.000000    2.446960 v _1234_/A2 (sky130_fd_sc_hd__a31o_2)
     2    0.012882    0.047196    0.172846    2.619807 v _1234_/X (sky130_fd_sc_hd__a31o_2)
                                                         _0560_ (net)
                      0.047196    0.000000    2.619807 v _1247_/A (sky130_fd_sc_hd__nand2_2)
     1    0.002470    0.030875    0.037597    2.657404 ^ _1247_/Y (sky130_fd_sc_hd__nand2_2)
                                                         _0573_ (net)
                      0.030875    0.000000    2.657404 ^ _1266_/B1 (sky130_fd_sc_hd__o211a_2)
    36    0.180648    0.784864    0.589778    3.247182 ^ _1266_/X (sky130_fd_sc_hd__o211a_2)
                                                         _0591_ (net)
                      0.784864    0.000000    3.247182 ^ _1281_/B (sky130_fd_sc_hd__xnor2_2)
     3    0.010568    0.125919    0.026444    3.273625 v _1281_/Y (sky130_fd_sc_hd__xnor2_2)
                                                         _0604_ (net)
                      0.125919    0.000000    3.273625 v _1299_/B (sky130_fd_sc_hd__or4_2)
     1    0.002112    0.063170    0.378789    3.652415 v _1299_/X (sky130_fd_sc_hd__or4_2)
                                                         _0619_ (net)
                      0.063170    0.000000    3.652415 v _1300_/C1 (sky130_fd_sc_hd__a311o_2)
     2    0.003785    0.041450    0.129981    3.782395 v _1300_/X (sky130_fd_sc_hd__a311o_2)
                                                         _0620_ (net)
                      0.041450    0.000000    3.782395 v _1329_/A1 (sky130_fd_sc_hd__a21o_2)
     3    0.011102    0.040778    0.136259    3.918655 v _1329_/X (sky130_fd_sc_hd__a21o_2)
                                                         _0645_ (net)
                      0.040778    0.000000    3.918655 v _1330_/A2 (sky130_fd_sc_hd__a21o_2)
     3    0.005594    0.031017    0.139819    4.058474 v _1330_/X (sky130_fd_sc_hd__a21o_2)
                                                         _0646_ (net)
                      0.031017    0.000000    4.058474 v _1343_/B1 (sky130_fd_sc_hd__a2bb2o_2)
     2    0.012130    0.049687    0.178815    4.237288 v _1343_/X (sky130_fd_sc_hd__a2bb2o_2)
                                                         _0657_ (net)
                      0.049687    0.000000    4.237288 v _1348_/A2 (sky130_fd_sc_hd__o21ai_2)
     1    0.008409    0.102941    0.103793    4.341082 ^ _1348_/Y (sky130_fd_sc_hd__o21ai_2)
                                                         _0661_ (net)
                      0.102941    0.000000    4.341082 ^ _1349_/B (sky130_fd_sc_hd__xor2_2)
     1    0.004579    0.085798    0.091984    4.433066 ^ _1349_/X (sky130_fd_sc_hd__xor2_2)
                                                         _0662_ (net)
                      0.085798    0.000000    4.433066 ^ _1351_/A2 (sky130_fd_sc_hd__a211oi_2)
     1    0.001783    0.115652    0.040720    4.473786 v _1351_/Y (sky130_fd_sc_hd__a211oi_2)
                                                         _0076_ (net)
                      0.115652    0.000000    4.473786 v _1460_/D (sky130_fd_sc_hd__dfxtp_2)
                                              4.473786   data arrival time

                      0.150000   10.000000   10.000000   clock clk (rise edge)
                                  0.000000   10.000000   clock network delay (ideal)
                                 -0.250000    9.750000   clock uncertainty
                                  0.000000    9.750000   clock reconvergence pessimism
                                              9.750000 ^ _1460_/CLK (sky130_fd_sc_hd__dfxtp_2)
                                 -0.089593    9.660407   library setup time
                                              9.660407   data required time
---------------------------------------------------------------------------------------------
                                              9.660407   data required time
                                             -4.473786   data arrival time
---------------------------------------------------------------------------------------------
                                              5.186621   slack (MET)


Startpoint: _1425_ (rising edge-triggered flip-flop clocked by clk)
Endpoint: _1463_ (rising edge-triggered flip-flop clocked by clk)
Path Group: clk
Path Type: max

Fanout         Cap        Slew       Delay        Time   Description
---------------------------------------------------------------------------------------------
                      0.150000    0.000000    0.000000   clock clk (rise edge)
                                  0.000000    0.000000   clock network delay (ideal)
                      0.150000    0.000000    0.000000 ^ _1425_/CLK (sky130_fd_sc_hd__dfxtp_2)
    22    0.058072    0.097120    0.294589    0.294589 v _1425_/Q (sky130_fd_sc_hd__dfxtp_2)
                                                         core_b[0] (net)
                      0.097120    0.000000    0.294589 v _1019_/B (sky130_fd_sc_hd__and3_2)
     7    0.014159    0.048659    0.170922    0.465511 v _1019_/X (sky130_fd_sc_hd__and3_2)
                                                         _0351_ (net)
                      0.048659    0.000000    0.465511 v _1023_/A (sky130_fd_sc_hd__or4bb_2)
     2    0.006549    0.072531    0.372299    0.837810 v _1023_/X (sky130_fd_sc_hd__or4bb_2)
                                                         _0355_ (net)
                      0.072531    0.000000    0.837810 v _1026_/A2 (sky130_fd_sc_hd__a21o_2)
     3    0.008754    0.036577    0.158347    0.996156 v _1026_/X (sky130_fd_sc_hd__a21o_2)
                                                         _0358_ (net)
                      0.036577    0.000000    0.996156 v _1028_/A2 (sky130_fd_sc_hd__a21o_2)
     2    0.006549    0.032697    0.140470    1.136626 v _1028_/X (sky130_fd_sc_hd__a21o_2)
                                                         _0360_ (net)
                      0.032697    0.000000    1.136626 v _1031_/A2 (sky130_fd_sc_hd__a21o_2)
     3    0.010443    0.039523    0.148001    1.284627 v _1031_/X (sky130_fd_sc_hd__a21o_2)
                                                         _0363_ (net)
                      0.039523    0.000000    1.284627 v _1032_/C (sky130_fd_sc_hd__and3_2)
     3    0.008688    0.039243    0.144289    1.428916 v _1032_/X (sky130_fd_sc_hd__and3_2)
                                                         _0364_ (net)
                      0.039243    0.000000    1.428916 v _1037_/A1 (sky130_fd_sc_hd__o211a_2)
     2    0.005471    0.036387    0.165967    1.594883 v _1037_/X (sky130_fd_sc_hd__o211a_2)
                                                         _0369_ (net)
                      0.036387    0.000000    1.594883 v _1038_/C (sky130_fd_sc_hd__or3_2)
     4    0.011077    0.071335    0.256200    1.851083 v _1038_/X (sky130_fd_sc_hd__or3_2)
                                                         _0370_ (net)
                      0.071335    0.000000    1.851083 v _1082_/A2 (sky130_fd_sc_hd__a211o_2)
     3    0.007155    0.043804    0.224618    2.075701 v _1082_/X (sky130_fd_sc_hd__a211o_2)
                                                         _0413_ (net)
                      0.043804    0.000000    2.075701 v _1125_/D (sky130_fd_sc_hd__and4b_2)
     2    0.004455    0.035859    0.154130    2.229831 v _1125_/X (sky130_fd_sc_hd__and4b_2)
                                                         _0455_ (net)
                      0.035859    0.000000    2.229831 v _1196_/A2 (sky130_fd_sc_hd__a211o_2)
     3    0.008745    0.047099    0.217130    2.446960 v _1196_/X (sky130_fd_sc_hd__a211o_2)
                                                         _0524_ (net)
                      0.047099    0.000000    2.446960 v _1234_/A2 (sky130_fd_sc_hd__a31o_2)
     2    0.012882    0.047196    0.172846    2.619807 v _1234_/X (sky130_fd_sc_hd__a31o_2)
                                                         _0560_ (net)
                      0.047196    0.000000    2.619807 v _1247_/A (sky130_fd_sc_hd__nand2_2)
     1    0.002470    0.030875    0.037597    2.657404 ^ _1247_/Y (sky130_fd_sc_hd__nand2_2)
                                                         _0573_ (net)
                      0.030875    0.000000    2.657404 ^ _1266_/B1 (sky130_fd_sc_hd__o211a_2)
    36    0.180648    0.784864    0.589778    3.247182 ^ _1266_/X (sky130_fd_sc_hd__o211a_2)
                                                         _0591_ (net)
                      0.784864    0.000000    3.247182 ^ _1281_/B (sky130_fd_sc_hd__xnor2_2)
     3    0.010568    0.125919    0.026444    3.273625 v _1281_/Y (sky130_fd_sc_hd__xnor2_2)
                                                         _0604_ (net)
                      0.125919    0.000000    3.273625 v _1299_/B (sky130_fd_sc_hd__or4_2)
     1    0.002112    0.063170    0.378789    3.652415 v _1299_/X (sky130_fd_sc_hd__or4_2)
                                                         _0619_ (net)
                      0.063170    0.000000    3.652415 v _1300_/C1 (sky130_fd_sc_hd__a311o_2)
     2    0.003785    0.041450    0.129981    3.782395 v _1300_/X (sky130_fd_sc_hd__a311o_2)
                                                         _0620_ (net)
                      0.041450    0.000000    3.782395 v _1329_/A1 (sky130_fd_sc_hd__a21o_2)
     3    0.011102    0.040778    0.136259    3.918655 v _1329_/X (sky130_fd_sc_hd__a21o_2)
                                                         _0645_ (net)
                      0.040778    0.000000    3.918655 v _1353_/A2 (sky130_fd_sc_hd__a21oi_2)
     2    0.009228    0.108497    0.121974    4.040628 ^ _1353_/Y (sky130_fd_sc_hd__a21oi_2)
                                                         _0665_ (net)
                      0.108497    0.000000    4.040628 ^ _1372_/A1 (sky130_fd_sc_hd__o211ai_2)
     2    0.005831    0.053433    0.061526    4.102155 v _1372_/Y (sky130_fd_sc_hd__o211ai_2)
                                                         _0682_ (net)
                      0.053433    0.000000    4.102155 v _1375_/B (sky130_fd_sc_hd__and3_2)
     1    0.001395    0.024686    0.119813    4.221967 v _1375_/X (sky130_fd_sc_hd__and3_2)
                                                         _0685_ (net)
                      0.024686    0.000000    4.221967 v _1376_/B (sky130_fd_sc_hd__or2_2)
     1    0.004182    0.040439    0.157969    4.379937 v _1376_/X (sky130_fd_sc_hd__or2_2)
                                                         _0686_ (net)
                      0.040439    0.000000    4.379937 v _1378_/A2 (sky130_fd_sc_hd__a211oi_2)
     1    0.001748    0.092054    0.129297    4.509234 ^ _1378_/Y (sky130_fd_sc_hd__a211oi_2)
                                                         _0079_ (net)
                      0.092054    0.000000    4.509234 ^ _1463_/D (sky130_fd_sc_hd__dfxtp_2)
                                              4.509234   data arrival time

                      0.150000   10.000000   10.000000   clock clk (rise edge)
                                  0.000000   10.000000   clock network delay (ideal)
                                 -0.250000    9.750000   clock uncertainty
                                  0.000000    9.750000   clock reconvergence pessimism
                                              9.750000 ^ _1463_/CLK (sky130_fd_sc_hd__dfxtp_2)
                                 -0.033208    9.716792   library setup time
                                              9.716792   data required time
---------------------------------------------------------------------------------------------
                                              9.716792   data required time
                                             -4.509234   data arrival time
---------------------------------------------------------------------------------------------
                                              5.207558   slack (MET)


Startpoint: _1425_ (rising edge-triggered flip-flop clocked by clk)
Endpoint: _1459_ (rising edge-triggered flip-flop clocked by clk)
Path Group: clk
Path Type: max

Fanout         Cap        Slew       Delay        Time   Description
---------------------------------------------------------------------------------------------
                      0.150000    0.000000    0.000000   clock clk (rise edge)
                                  0.000000    0.000000   clock network delay (ideal)
                      0.150000    0.000000    0.000000 ^ _1425_/CLK (sky130_fd_sc_hd__dfxtp_2)
    22    0.058072    0.097120    0.294589    0.294589 v _1425_/Q (sky130_fd_sc_hd__dfxtp_2)
                                                         core_b[0] (net)
                      0.097120    0.000000    0.294589 v _1019_/B (sky130_fd_sc_hd__and3_2)
     7    0.014159    0.048659    0.170922    0.465511 v _1019_/X (sky130_fd_sc_hd__and3_2)
                                                         _0351_ (net)
                      0.048659    0.000000    0.465511 v _1023_/A (sky130_fd_sc_hd__or4bb_2)
     2    0.006549    0.072531    0.372299    0.837810 v _1023_/X (sky130_fd_sc_hd__or4bb_2)
                                                         _0355_ (net)
                      0.072531    0.000000    0.837810 v _1026_/A2 (sky130_fd_sc_hd__a21o_2)
     3    0.008754    0.036577    0.158347    0.996156 v _1026_/X (sky130_fd_sc_hd__a21o_2)
                                                         _0358_ (net)
                      0.036577    0.000000    0.996156 v _1028_/A2 (sky130_fd_sc_hd__a21o_2)
     2    0.006549    0.032697    0.140470    1.136626 v _1028_/X (sky130_fd_sc_hd__a21o_2)
                                                         _0360_ (net)
                      0.032697    0.000000    1.136626 v _1031_/A2 (sky130_fd_sc_hd__a21o_2)
     3    0.010443    0.039523    0.148001    1.284627 v _1031_/X (sky130_fd_sc_hd__a21o_2)
                                                         _0363_ (net)
                      0.039523    0.000000    1.284627 v _1032_/C (sky130_fd_sc_hd__and3_2)
     3    0.008688    0.039243    0.144289    1.428916 v _1032_/X (sky130_fd_sc_hd__and3_2)
                                                         _0364_ (net)
                      0.039243    0.000000    1.428916 v _1037_/A1 (sky130_fd_sc_hd__o211a_2)
     2    0.005471    0.036387    0.165967    1.594883 v _1037_/X (sky130_fd_sc_hd__o211a_2)
                                                         _0369_ (net)
                      0.036387    0.000000    1.594883 v _1038_/C (sky130_fd_sc_hd__or3_2)
     4    0.011077    0.071335    0.256200    1.851083 v _1038_/X (sky130_fd_sc_hd__or3_2)
                                                         _0370_ (net)
                      0.071335    0.000000    1.851083 v _1082_/A2 (sky130_fd_sc_hd__a211o_2)
     3    0.007155    0.043804    0.224618    2.075701 v _1082_/X (sky130_fd_sc_hd__a211o_2)
                                                         _0413_ (net)
                      0.043804    0.000000    2.075701 v _1125_/D (sky130_fd_sc_hd__and4b_2)
     2    0.004455    0.035859    0.154130    2.229831 v _1125_/X (sky130_fd_sc_hd__and4b_2)
                                                         _0455_ (net)
                      0.035859    0.000000    2.229831 v _1196_/A2 (sky130_fd_sc_hd__a211o_2)
     3    0.008745    0.047099    0.217130    2.446960 v _1196_/X (sky130_fd_sc_hd__a211o_2)
                                                         _0524_ (net)
                      0.047099    0.000000    2.446960 v _1234_/A2 (sky130_fd_sc_hd__a31o_2)
     2    0.012882    0.047196    0.172846    2.619807 v _1234_/X (sky130_fd_sc_hd__a31o_2)
                                                         _0560_ (net)
                      0.047196    0.000000    2.619807 v _1247_/A (sky130_fd_sc_hd__nand2_2)
     1    0.002470    0.030875    0.037597    2.657404 ^ _1247_/Y (sky130_fd_sc_hd__nand2_2)
                                                         _0573_ (net)
                      0.030875    0.000000    2.657404 ^ _1266_/B1 (sky130_fd_sc_hd__o211a_2)
    36    0.180648    0.784864    0.589778    3.247182 ^ _1266_/X (sky130_fd_sc_hd__o211a_2)
                                                         _0591_ (net)
                      0.784864    0.000000    3.247182 ^ _1281_/B (sky130_fd_sc_hd__xnor2_2)
     3    0.010568    0.125919    0.026444    3.273625 v _1281_/Y (sky130_fd_sc_hd__xnor2_2)
                                                         _0604_ (net)
                      0.125919    0.000000    3.273625 v _1299_/B (sky130_fd_sc_hd__or4_2)
     1    0.002112    0.063170    0.378789    3.652415 v _1299_/X (sky130_fd_sc_hd__or4_2)
                                                         _0619_ (net)
                      0.063170    0.000000    3.652415 v _1300_/C1 (sky130_fd_sc_hd__a311o_2)
     2    0.003785    0.041450    0.129981    3.782395 v _1300_/X (sky130_fd_sc_hd__a311o_2)
                                                         _0620_ (net)
                      0.041450    0.000000    3.782395 v _1329_/A1 (sky130_fd_sc_hd__a21o_2)
     3    0.011102    0.040778    0.136259    3.918655 v _1329_/X (sky130_fd_sc_hd__a21o_2)
                                                         _0645_ (net)
                      0.040778    0.000000    3.918655 v _1330_/A2 (sky130_fd_sc_hd__a21o_2)
     3    0.005594    0.031017    0.139819    4.058474 v _1330_/X (sky130_fd_sc_hd__a21o_2)
                                                         _0646_ (net)
                      0.031017    0.000000    4.058474 v _1343_/B1 (sky130_fd_sc_hd__a2bb2o_2)
     2    0.012130    0.049687    0.178815    4.237288 v _1343_/X (sky130_fd_sc_hd__a2bb2o_2)
                                                         _0657_ (net)
                      0.049687    0.000000    4.237288 v _1344_/B (sky130_fd_sc_hd__xnor2_2)
     1    0.004614    0.091487    0.092391    4.329679 ^ _1344_/Y (sky130_fd_sc_hd__xnor2_2)
                                                         _0658_ (net)
                      0.091487    0.000000    4.329679 ^ _1345_/B (sky130_fd_sc_hd__nand2_2)
     1    0.002351    0.097224    0.027912    4.357592 v _1345_/Y (sky130_fd_sc_hd__nand2_2)
                                                         _0659_ (net)
                      0.097224    0.000000    4.357592 v _1346_/C1 (sky130_fd_sc_hd__o211a_2)
     1    0.001783    0.029392    0.094739    4.452331 v _1346_/X (sky130_fd_sc_hd__o211a_2)
                                                         _0075_ (net)
                      0.029392    0.000000    4.452331 v _1459_/D (sky130_fd_sc_hd__dfxtp_2)
                                              4.452331   data arrival time

                      0.150000   10.000000   10.000000   clock clk (rise edge)
                                  0.000000   10.000000   clock network delay (ideal)
                                 -0.250000    9.750000   clock uncertainty
                                  0.000000    9.750000   clock reconvergence pessimism
                                              9.750000 ^ _1459_/CLK (sky130_fd_sc_hd__dfxtp_2)
                                 -0.058942    9.691058   library setup time
                                              9.691058   data required time
---------------------------------------------------------------------------------------------
                                              9.691058   data required time
                                             -4.452331   data arrival time
---------------------------------------------------------------------------------------------
                                              5.238727   slack (MET)


Startpoint: _1425_ (rising edge-triggered flip-flop clocked by clk)
Endpoint: _1455_ (rising edge-triggered flip-flop clocked by clk)
Path Group: clk
Path Type: max

Fanout         Cap        Slew       Delay        Time   Description
---------------------------------------------------------------------------------------------
                      0.150000    0.000000    0.000000   clock clk (rise edge)
                                  0.000000    0.000000   clock network delay (ideal)
                      0.150000    0.000000    0.000000 ^ _1425_/CLK (sky130_fd_sc_hd__dfxtp_2)
    22    0.058072    0.097120    0.294589    0.294589 v _1425_/Q (sky130_fd_sc_hd__dfxtp_2)
                                                         core_b[0] (net)
                      0.097120    0.000000    0.294589 v _1019_/B (sky130_fd_sc_hd__and3_2)
     7    0.014159    0.048659    0.170922    0.465511 v _1019_/X (sky130_fd_sc_hd__and3_2)
                                                         _0351_ (net)
                      0.048659    0.000000    0.465511 v _1023_/A (sky130_fd_sc_hd__or4bb_2)
     2    0.006549    0.072531    0.372299    0.837810 v _1023_/X (sky130_fd_sc_hd__or4bb_2)
                                                         _0355_ (net)
                      0.072531    0.000000    0.837810 v _1026_/A2 (sky130_fd_sc_hd__a21o_2)
     3    0.008754    0.036577    0.158347    0.996156 v _1026_/X (sky130_fd_sc_hd__a21o_2)
                                                         _0358_ (net)
                      0.036577    0.000000    0.996156 v _1028_/A2 (sky130_fd_sc_hd__a21o_2)
     2    0.006549    0.032697    0.140470    1.136626 v _1028_/X (sky130_fd_sc_hd__a21o_2)
                                                         _0360_ (net)
                      0.032697    0.000000    1.136626 v _1031_/A2 (sky130_fd_sc_hd__a21o_2)
     3    0.010443    0.039523    0.148001    1.284627 v _1031_/X (sky130_fd_sc_hd__a21o_2)
                                                         _0363_ (net)
                      0.039523    0.000000    1.284627 v _1032_/C (sky130_fd_sc_hd__and3_2)
     3    0.008688    0.039243    0.144289    1.428916 v _1032_/X (sky130_fd_sc_hd__and3_2)
                                                         _0364_ (net)
                      0.039243    0.000000    1.428916 v _1037_/A1 (sky130_fd_sc_hd__o211a_2)
     2    0.005471    0.036387    0.165967    1.594883 v _1037_/X (sky130_fd_sc_hd__o211a_2)
                                                         _0369_ (net)
                      0.036387    0.000000    1.594883 v _1038_/C (sky130_fd_sc_hd__or3_2)
     4    0.011077    0.071335    0.256200    1.851083 v _1038_/X (sky130_fd_sc_hd__or3_2)
                                                         _0370_ (net)
                      0.071335    0.000000    1.851083 v _1082_/A2 (sky130_fd_sc_hd__a211o_2)
     3    0.007155    0.043804    0.224618    2.075701 v _1082_/X (sky130_fd_sc_hd__a211o_2)
                                                         _0413_ (net)
                      0.043804    0.000000    2.075701 v _1125_/D (sky130_fd_sc_hd__and4b_2)
     2    0.004455    0.035859    0.154130    2.229831 v _1125_/X (sky130_fd_sc_hd__and4b_2)
                                                         _0455_ (net)
                      0.035859    0.000000    2.229831 v _1196_/A2 (sky130_fd_sc_hd__a211o_2)
     3    0.008745    0.047099    0.217130    2.446960 v _1196_/X (sky130_fd_sc_hd__a211o_2)
                                                         _0524_ (net)
                      0.047099    0.000000    2.446960 v _1234_/A2 (sky130_fd_sc_hd__a31o_2)
     2    0.012882    0.047196    0.172846    2.619807 v _1234_/X (sky130_fd_sc_hd__a31o_2)
                                                         _0560_ (net)
                      0.047196    0.000000    2.619807 v _1247_/A (sky130_fd_sc_hd__nand2_2)
     1    0.002470    0.030875    0.037597    2.657404 ^ _1247_/Y (sky130_fd_sc_hd__nand2_2)
                                                         _0573_ (net)
                      0.030875    0.000000    2.657404 ^ _1266_/B1 (sky130_fd_sc_hd__o211a_2)
    36    0.180648    0.784864    0.589778    3.247182 ^ _1266_/X (sky130_fd_sc_hd__o211a_2)
                                                         _0591_ (net)
                      0.784864    0.000000    3.247182 ^ _1281_/B (sky130_fd_sc_hd__xnor2_2)
     3    0.010568    0.125919    0.026444    3.273625 v _1281_/Y (sky130_fd_sc_hd__xnor2_2)
                                                         _0604_ (net)
                      0.125919    0.000000    3.273625 v _1299_/B (sky130_fd_sc_hd__or4_2)
     1    0.002112    0.063170    0.378789    3.652415 v _1299_/X (sky130_fd_sc_hd__or4_2)
                                                         _0619_ (net)
                      0.063170    0.000000    3.652415 v _1300_/C1 (sky130_fd_sc_hd__a311o_2)
     2    0.003785    0.041450    0.129981    3.782395 v _1300_/X (sky130_fd_sc_hd__a311o_2)
                                                         _0620_ (net)
                      0.041450    0.000000    3.782395 v _1303_/A (sky130_fd_sc_hd__and2_2)
     2    0.005618    0.032614    0.111911    3.894307 v _1303_/X (sky130_fd_sc_hd__and2_2)
                                                         _0623_ (net)
                      0.032614    0.000000    3.894307 v _1304_/B (sky130_fd_sc_hd__or2_2)
     3    0.005372    0.043181    0.164146    4.058453 v _1304_/X (sky130_fd_sc_hd__or2_2)
                                                         _0624_ (net)
                      0.043181    0.000000    4.058453 v _1317_/B1 (sky130_fd_sc_hd__a2bb2o_2)
     2    0.010268    0.046154    0.178312    4.236764 v _1317_/X (sky130_fd_sc_hd__a2bb2o_2)
                                                         _0635_ (net)
                      0.046154    0.000000    4.236764 v _1318_/B (sky130_fd_sc_hd__xnor2_2)
     1    0.004614    0.091486    0.091218    4.327982 ^ _1318_/Y (sky130_fd_sc_hd__xnor2_2)
                                                         _0636_ (net)
                      0.091486    0.000000    4.327982 ^ _1319_/B (sky130_fd_sc_hd__nand2_2)
     1    0.002351    0.097224    0.027912    4.355895 v _1319_/Y (sky130_fd_sc_hd__nand2_2)
                                                         _0637_ (net)
                      0.097224    0.000000    4.355895 v _1320_/C1 (sky130_fd_sc_hd__o211a_2)
     1    0.001783    0.029392    0.094739    4.450634 v _1320_/X (sky130_fd_sc_hd__o211a_2)
                                                         _0071_ (net)
                      0.029392    0.000000    4.450634 v _1455_/D (sky130_fd_sc_hd__dfxtp_2)
                                              4.450634   data arrival time

                      0.150000   10.000000   10.000000   clock clk (rise edge)
                                  0.000000   10.000000   clock network delay (ideal)
                                 -0.250000    9.750000   clock uncertainty
                                  0.000000    9.750000   clock reconvergence pessimism
                                              9.750000 ^ _1455_/CLK (sky130_fd_sc_hd__dfxtp_2)
                                 -0.058942    9.691058   library setup time
                                              9.691058   data required time
---------------------------------------------------------------------------------------------
                                              9.691058   data required time
                                             -4.450634   data arrival time
---------------------------------------------------------------------------------------------
                                              5.240424   slack (MET)


Startpoint: _1425_ (rising edge-triggered flip-flop clocked by clk)
Endpoint: _1462_ (rising edge-triggered flip-flop clocked by clk)
Path Group: clk
Path Type: max

Fanout         Cap        Slew       Delay        Time   Description
---------------------------------------------------------------------------------------------
                      0.150000    0.000000    0.000000   clock clk (rise edge)
                                  0.000000    0.000000   clock network delay (ideal)
                      0.150000    0.000000    0.000000 ^ _1425_/CLK (sky130_fd_sc_hd__dfxtp_2)
    22    0.058072    0.097120    0.294589    0.294589 v _1425_/Q (sky130_fd_sc_hd__dfxtp_2)
                                                         core_b[0] (net)
                      0.097120    0.000000    0.294589 v _1019_/B (sky130_fd_sc_hd__and3_2)
     7    0.014159    0.048659    0.170922    0.465511 v _1019_/X (sky130_fd_sc_hd__and3_2)
                                                         _0351_ (net)
                      0.048659    0.000000    0.465511 v _1023_/A (sky130_fd_sc_hd__or4bb_2)
     2    0.006549    0.072531    0.372299    0.837810 v _1023_/X (sky130_fd_sc_hd__or4bb_2)
                                                         _0355_ (net)
                      0.072531    0.000000    0.837810 v _1026_/A2 (sky130_fd_sc_hd__a21o_2)
     3    0.008754    0.036577    0.158347    0.996156 v _1026_/X (sky130_fd_sc_hd__a21o_2)
                                                         _0358_ (net)
                      0.036577    0.000000    0.996156 v _1028_/A2 (sky130_fd_sc_hd__a21o_2)
     2    0.006549    0.032697    0.140470    1.136626 v _1028_/X (sky130_fd_sc_hd__a21o_2)
                                                         _0360_ (net)
                      0.032697    0.000000    1.136626 v _1031_/A2 (sky130_fd_sc_hd__a21o_2)
     3    0.010443    0.039523    0.148001    1.284627 v _1031_/X (sky130_fd_sc_hd__a21o_2)
                                                         _0363_ (net)
                      0.039523    0.000000    1.284627 v _1032_/C (sky130_fd_sc_hd__and3_2)
     3    0.008688    0.039243    0.144289    1.428916 v _1032_/X (sky130_fd_sc_hd__and3_2)
                                                         _0364_ (net)
                      0.039243    0.000000    1.428916 v _1037_/A1 (sky130_fd_sc_hd__o211a_2)
     2    0.005471    0.036387    0.165967    1.594883 v _1037_/X (sky130_fd_sc_hd__o211a_2)
                                                         _0369_ (net)
                      0.036387    0.000000    1.594883 v _1038_/C (sky130_fd_sc_hd__or3_2)
     4    0.011077    0.071335    0.256200    1.851083 v _1038_/X (sky130_fd_sc_hd__or3_2)
                                                         _0370_ (net)
                      0.071335    0.000000    1.851083 v _1082_/A2 (sky130_fd_sc_hd__a211o_2)
     3    0.007155    0.043804    0.224618    2.075701 v _1082_/X (sky130_fd_sc_hd__a211o_2)
                                                         _0413_ (net)
                      0.043804    0.000000    2.075701 v _1125_/D (sky130_fd_sc_hd__and4b_2)
     2    0.004455    0.035859    0.154130    2.229831 v _1125_/X (sky130_fd_sc_hd__and4b_2)
                                                         _0455_ (net)
                      0.035859    0.000000    2.229831 v _1196_/A2 (sky130_fd_sc_hd__a211o_2)
     3    0.008745    0.047099    0.217130    2.446960 v _1196_/X (sky130_fd_sc_hd__a211o_2)
                                                         _0524_ (net)
                      0.047099    0.000000    2.446960 v _1234_/A2 (sky130_fd_sc_hd__a31o_2)
     2    0.012882    0.047196    0.172846    2.619807 v _1234_/X (sky130_fd_sc_hd__a31o_2)
                                                         _0560_ (net)
                      0.047196    0.000000    2.619807 v _1247_/A (sky130_fd_sc_hd__nand2_2)
     1    0.002470    0.030875    0.037597    2.657404 ^ _1247_/Y (sky130_fd_sc_hd__nand2_2)
                                                         _0573_ (net)
                      0.030875    0.000000    2.657404 ^ _1266_/B1 (sky130_fd_sc_hd__o211a_2)
    36    0.180648    0.784864    0.589778    3.247182 ^ _1266_/X (sky130_fd_sc_hd__o211a_2)
                                                         _0591_ (net)
                      0.784864    0.000000    3.247182 ^ _1281_/B (sky130_fd_sc_hd__xnor2_2)
     3    0.010568    0.125919    0.026444    3.273625 v _1281_/Y (sky130_fd_sc_hd__xnor2_2)
                                                         _0604_ (net)
                      0.125919    0.000000    3.273625 v _1299_/B (sky130_fd_sc_hd__or4_2)
     1    0.002112    0.063170    0.378789    3.652415 v _1299_/X (sky130_fd_sc_hd__or4_2)
                                                         _0619_ (net)
                      0.063170    0.000000    3.652415 v _1300_/C1 (sky130_fd_sc_hd__a311o_2)
     2    0.003785    0.041450    0.129981    3.782395 v _1300_/X (sky130_fd_sc_hd__a311o_2)
                                                         _0620_ (net)
                      0.041450    0.000000    3.782395 v _1329_/A1 (sky130_fd_sc_hd__a21o_2)
     3    0.011102    0.040778    0.136259    3.918655 v _1329_/X (sky130_fd_sc_hd__a21o_2)
                                                         _0645_ (net)
                      0.040778    0.000000    3.918655 v _1353_/A2 (sky130_fd_sc_hd__a21oi_2)
     2    0.009228    0.108497    0.121974    4.040628 ^ _1353_/Y (sky130_fd_sc_hd__a21oi_2)
                                                         _0665_ (net)
                      0.108497    0.000000    4.040628 ^ _1355_/A (sky130_fd_sc_hd__nor2_2)
     2    0.010555    0.041821    0.042542    4.083170 v _1355_/Y (sky130_fd_sc_hd__nor2_2)
                                                         _0667_ (net)
                      0.041821    0.000000    4.083170 v _1364_/A1 (sky130_fd_sc_hd__o21ba_2)
     1    0.007716    0.035256    0.142557    4.225727 v _1364_/X (sky130_fd_sc_hd__o21ba_2)
                                                         _0675_ (net)
                      0.035256    0.000000    4.225727 v _1365_/B (sky130_fd_sc_hd__xor2_2)
     1    0.004182    0.045832    0.088984    4.314711 v _1365_/X (sky130_fd_sc_hd__xor2_2)
                                                         _0676_ (net)
                      0.045832    0.000000    4.314711 v _1367_/A2 (sky130_fd_sc_hd__a211oi_2)
     1    0.001748    0.092069    0.131162    4.445873 ^ _1367_/Y (sky130_fd_sc_hd__a211oi_2)
                                                         _0078_ (net)
                      0.092069    0.000000    4.445873 ^ _1462_/D (sky130_fd_sc_hd__dfxtp_2)
                                              4.445873   data arrival time

                      0.150000   10.000000   10.000000   clock clk (rise edge)
                                  0.000000   10.000000   clock network delay (ideal)
                                 -0.250000    9.750000   clock uncertainty
                                  0.000000    9.750000   clock reconvergence pessimism
                                              9.750000 ^ _1462_/CLK (sky130_fd_sc_hd__dfxtp_2)
                                 -0.033209    9.716791   library setup time
                                              9.716791   data required time
---------------------------------------------------------------------------------------------
                                              9.716791   data required time
                                             -4.445873   data arrival time
---------------------------------------------------------------------------------------------
                                              5.270918   slack (MET)


Startpoint: _1425_ (rising edge-triggered flip-flop clocked by clk)
Endpoint: _1458_ (rising edge-triggered flip-flop clocked by clk)
Path Group: clk
Path Type: max

Fanout         Cap        Slew       Delay        Time   Description
---------------------------------------------------------------------------------------------
                      0.150000    0.000000    0.000000   clock clk (rise edge)
                                  0.000000    0.000000   clock network delay (ideal)
                      0.150000    0.000000    0.000000 ^ _1425_/CLK (sky130_fd_sc_hd__dfxtp_2)
    22    0.058072    0.097120    0.294589    0.294589 v _1425_/Q (sky130_fd_sc_hd__dfxtp_2)
                                                         core_b[0] (net)
                      0.097120    0.000000    0.294589 v _1019_/B (sky130_fd_sc_hd__and3_2)
     7    0.014159    0.048659    0.170922    0.465511 v _1019_/X (sky130_fd_sc_hd__and3_2)
                                                         _0351_ (net)
                      0.048659    0.000000    0.465511 v _1023_/A (sky130_fd_sc_hd__or4bb_2)
     2    0.006549    0.072531    0.372299    0.837810 v _1023_/X (sky130_fd_sc_hd__or4bb_2)
                                                         _0355_ (net)
                      0.072531    0.000000    0.837810 v _1026_/A2 (sky130_fd_sc_hd__a21o_2)
     3    0.008754    0.036577    0.158347    0.996156 v _1026_/X (sky130_fd_sc_hd__a21o_2)
                                                         _0358_ (net)
                      0.036577    0.000000    0.996156 v _1028_/A2 (sky130_fd_sc_hd__a21o_2)
     2    0.006549    0.032697    0.140470    1.136626 v _1028_/X (sky130_fd_sc_hd__a21o_2)
                                                         _0360_ (net)
                      0.032697    0.000000    1.136626 v _1031_/A2 (sky130_fd_sc_hd__a21o_2)
     3    0.010443    0.039523    0.148001    1.284627 v _1031_/X (sky130_fd_sc_hd__a21o_2)
                                                         _0363_ (net)
                      0.039523    0.000000    1.284627 v _1032_/C (sky130_fd_sc_hd__and3_2)
     3    0.008688    0.039243    0.144289    1.428916 v _1032_/X (sky130_fd_sc_hd__and3_2)
                                                         _0364_ (net)
                      0.039243    0.000000    1.428916 v _1037_/A1 (sky130_fd_sc_hd__o211a_2)
     2    0.005471    0.036387    0.165967    1.594883 v _1037_/X (sky130_fd_sc_hd__o211a_2)
                                                         _0369_ (net)
                      0.036387    0.000000    1.594883 v _1038_/C (sky130_fd_sc_hd__or3_2)
     4    0.011077    0.071335    0.256200    1.851083 v _1038_/X (sky130_fd_sc_hd__or3_2)
                                                         _0370_ (net)
                      0.071335    0.000000    1.851083 v _1082_/A2 (sky130_fd_sc_hd__a211o_2)
     3    0.007155    0.043804    0.224618    2.075701 v _1082_/X (sky130_fd_sc_hd__a211o_2)
                                                         _0413_ (net)
                      0.043804    0.000000    2.075701 v _1125_/D (sky130_fd_sc_hd__and4b_2)
     2    0.004455    0.035859    0.154130    2.229831 v _1125_/X (sky130_fd_sc_hd__and4b_2)
                                                         _0455_ (net)
                      0.035859    0.000000    2.229831 v _1196_/A2 (sky130_fd_sc_hd__a211o_2)
     3    0.008745    0.047099    0.217130    2.446960 v _1196_/X (sky130_fd_sc_hd__a211o_2)
                                                         _0524_ (net)
                      0.047099    0.000000    2.446960 v _1234_/A2 (sky130_fd_sc_hd__a31o_2)
     2    0.012882    0.047196    0.172846    2.619807 v _1234_/X (sky130_fd_sc_hd__a31o_2)
                                                         _0560_ (net)
                      0.047196    0.000000    2.619807 v _1247_/A (sky130_fd_sc_hd__nand2_2)
     1    0.002470    0.030875    0.037597    2.657404 ^ _1247_/Y (sky130_fd_sc_hd__nand2_2)
                                                         _0573_ (net)
                      0.030875    0.000000    2.657404 ^ _1266_/B1 (sky130_fd_sc_hd__o211a_2)
    36    0.180648    0.784864    0.589778    3.247182 ^ _1266_/X (sky130_fd_sc_hd__o211a_2)
                                                         _0591_ (net)
                      0.784864    0.000000    3.247182 ^ _1281_/B (sky130_fd_sc_hd__xnor2_2)
     3    0.010568    0.125919    0.026444    3.273625 v _1281_/Y (sky130_fd_sc_hd__xnor2_2)
                                                         _0604_ (net)
                      0.125919    0.000000    3.273625 v _1299_/B (sky130_fd_sc_hd__or4_2)
     1    0.002112    0.063170    0.378789    3.652415 v _1299_/X (sky130_fd_sc_hd__or4_2)
                                                         _0619_ (net)
                      0.063170    0.000000    3.652415 v _1300_/C1 (sky130_fd_sc_hd__a311o_2)
     2    0.003785    0.041450    0.129981    3.782395 v _1300_/X (sky130_fd_sc_hd__a311o_2)
                                                         _0620_ (net)
                      0.041450    0.000000    3.782395 v _1329_/A1 (sky130_fd_sc_hd__a21o_2)
     3    0.011102    0.040778    0.136259    3.918655 v _1329_/X (sky130_fd_sc_hd__a21o_2)
                                                         _0645_ (net)
                      0.040778    0.000000    3.918655 v _1330_/A2 (sky130_fd_sc_hd__a21o_2)
     3    0.005594    0.031017    0.139819    4.058474 v _1330_/X (sky130_fd_sc_hd__a21o_2)
                                                         _0646_ (net)
                      0.031017    0.000000    4.058474 v _1335_/B1_N (sky130_fd_sc_hd__a21boi_2)
     1    0.008002    0.115176    0.102603    4.161077 v _1335_/Y (sky130_fd_sc_hd__a21boi_2)
                                                         _0650_ (net)
                      0.115176    0.000000    4.161077 v _1336_/B (sky130_fd_sc_hd__xnor2_2)
     1    0.004182    0.044509    0.112304    4.273380 v _1336_/Y (sky130_fd_sc_hd__xnor2_2)
                                                         _0651_ (net)
                      0.044509    0.000000    4.273380 v _1338_/A2 (sky130_fd_sc_hd__a211oi_2)
     1    0.001748    0.092065    0.130705    4.404085 ^ _1338_/Y (sky130_fd_sc_hd__a211oi_2)
                                                         _0074_ (net)
                      0.092065    0.000000    4.404085 ^ _1458_/D (sky130_fd_sc_hd__dfxtp_2)
                                              4.404085   data arrival time

                      0.150000   10.000000   10.000000   clock clk (rise edge)
                                  0.000000   10.000000   clock network delay (ideal)
                                 -0.250000    9.750000   clock uncertainty
                                  0.000000    9.750000   clock reconvergence pessimism
                                              9.750000 ^ _1458_/CLK (sky130_fd_sc_hd__dfxtp_2)
                                 -0.033209    9.716791   library setup time
                                              9.716791   data required time
---------------------------------------------------------------------------------------------
                                              9.716791   data required time
                                             -4.404085   data arrival time
---------------------------------------------------------------------------------------------
                                              5.312706   slack (MET)


Startpoint: _1425_ (rising edge-triggered flip-flop clocked by clk)
Endpoint: _1464_ (rising edge-triggered flip-flop clocked by clk)
Path Group: clk
Path Type: max

Fanout         Cap        Slew       Delay        Time   Description
---------------------------------------------------------------------------------------------
                      0.150000    0.000000    0.000000   clock clk (rise edge)
                                  0.000000    0.000000   clock network delay (ideal)
                      0.150000    0.000000    0.000000 ^ _1425_/CLK (sky130_fd_sc_hd__dfxtp_2)
    22    0.058072    0.097120    0.294589    0.294589 v _1425_/Q (sky130_fd_sc_hd__dfxtp_2)
                                                         core_b[0] (net)
                      0.097120    0.000000    0.294589 v _1019_/B (sky130_fd_sc_hd__and3_2)
     7    0.014159    0.048659    0.170922    0.465511 v _1019_/X (sky130_fd_sc_hd__and3_2)
                                                         _0351_ (net)
                      0.048659    0.000000    0.465511 v _1023_/A (sky130_fd_sc_hd__or4bb_2)
     2    0.006549    0.072531    0.372299    0.837810 v _1023_/X (sky130_fd_sc_hd__or4bb_2)
                                                         _0355_ (net)
                      0.072531    0.000000    0.837810 v _1026_/A2 (sky130_fd_sc_hd__a21o_2)
     3    0.008754    0.036577    0.158347    0.996156 v _1026_/X (sky130_fd_sc_hd__a21o_2)
                                                         _0358_ (net)
                      0.036577    0.000000    0.996156 v _1028_/A2 (sky130_fd_sc_hd__a21o_2)
     2    0.006549    0.032697    0.140470    1.136626 v _1028_/X (sky130_fd_sc_hd__a21o_2)
                                                         _0360_ (net)
                      0.032697    0.000000    1.136626 v _1031_/A2 (sky130_fd_sc_hd__a21o_2)
     3    0.010443    0.039523    0.148001    1.284627 v _1031_/X (sky130_fd_sc_hd__a21o_2)
                                                         _0363_ (net)
                      0.039523    0.000000    1.284627 v _1032_/C (sky130_fd_sc_hd__and3_2)
     3    0.008688    0.039243    0.144289    1.428916 v _1032_/X (sky130_fd_sc_hd__and3_2)
                                                         _0364_ (net)
                      0.039243    0.000000    1.428916 v _1037_/A1 (sky130_fd_sc_hd__o211a_2)
     2    0.005471    0.036387    0.165967    1.594883 v _1037_/X (sky130_fd_sc_hd__o211a_2)
                                                         _0369_ (net)
                      0.036387    0.000000    1.594883 v _1038_/C (sky130_fd_sc_hd__or3_2)
     4    0.011077    0.071335    0.256200    1.851083 v _1038_/X (sky130_fd_sc_hd__or3_2)
                                                         _0370_ (net)
                      0.071335    0.000000    1.851083 v _1082_/A2 (sky130_fd_sc_hd__a211o_2)
     3    0.007155    0.043804    0.224618    2.075701 v _1082_/X (sky130_fd_sc_hd__a211o_2)
                                                         _0413_ (net)
                      0.043804    0.000000    2.075701 v _1125_/D (sky130_fd_sc_hd__and4b_2)
     2    0.004455    0.035859    0.154130    2.229831 v _1125_/X (sky130_fd_sc_hd__and4b_2)
                                                         _0455_ (net)
                      0.035859    0.000000    2.229831 v _1196_/A2 (sky130_fd_sc_hd__a211o_2)
     3    0.008745    0.047099    0.217130    2.446960 v _1196_/X (sky130_fd_sc_hd__a211o_2)
                                                         _0524_ (net)
                      0.047099    0.000000    2.446960 v _1234_/A2 (sky130_fd_sc_hd__a31o_2)
     2    0.012882    0.047196    0.172846    2.619807 v _1234_/X (sky130_fd_sc_hd__a31o_2)
                                                         _0560_ (net)
                      0.047196    0.000000    2.619807 v _1247_/A (sky130_fd_sc_hd__nand2_2)
     1    0.002470    0.030875    0.037597    2.657404 ^ _1247_/Y (sky130_fd_sc_hd__nand2_2)
                                                         _0573_ (net)
                      0.030875    0.000000    2.657404 ^ _1266_/B1 (sky130_fd_sc_hd__o211a_2)
    36    0.180648    0.784864    0.589778    3.247182 ^ _1266_/X (sky130_fd_sc_hd__o211a_2)
                                                         _0591_ (net)
                      0.784864    0.000000    3.247182 ^ _1281_/B (sky130_fd_sc_hd__xnor2_2)
     3    0.010568    0.125919    0.026444    3.273625 v _1281_/Y (sky130_fd_sc_hd__xnor2_2)
                                                         _0604_ (net)
                      0.125919    0.000000    3.273625 v _1299_/B (sky130_fd_sc_hd__or4_2)
     1    0.002112    0.063170    0.378789    3.652415 v _1299_/X (sky130_fd_sc_hd__or4_2)
                                                         _0619_ (net)
                      0.063170    0.000000    3.652415 v _1300_/C1 (sky130_fd_sc_hd__a311o_2)
     2    0.003785    0.041450    0.129981    3.782395 v _1300_/X (sky130_fd_sc_hd__a311o_2)
                                                         _0620_ (net)
                      0.041450    0.000000    3.782395 v _1329_/A1 (sky130_fd_sc_hd__a21o_2)
     3    0.011102    0.040778    0.136259    3.918655 v _1329_/X (sky130_fd_sc_hd__a21o_2)
                                                         _0645_ (net)
                      0.040778    0.000000    3.918655 v _1353_/A2 (sky130_fd_sc_hd__a21oi_2)
     2    0.009228    0.108497    0.121974    4.040628 ^ _1353_/Y (sky130_fd_sc_hd__a21oi_2)
                                                         _0665_ (net)
                      0.108497    0.000000    4.040628 ^ _1372_/A1 (sky130_fd_sc_hd__o211ai_2)
     2    0.005831    0.053433    0.061526    4.102155 v _1372_/Y (sky130_fd_sc_hd__o211ai_2)
                                                         _0682_ (net)
                      0.053433    0.000000    4.102155 v _1374_/A1 (sky130_fd_sc_hd__a21oi_2)
     3    0.008910    0.106516    0.116789    4.218944 ^ _1374_/Y (sky130_fd_sc_hd__a21oi_2)
                                                         _0684_ (net)
                      0.106516    0.000000    4.218944 ^ _1381_/A2 (sky130_fd_sc_hd__o31a_2)
     1    0.004579    0.044309    0.097902    4.316846 ^ _1381_/X (sky130_fd_sc_hd__o31a_2)
                                                         _0690_ (net)
                      0.044309    0.000000    4.316846 ^ _1383_/A2 (sky130_fd_sc_hd__a211oi_2)
     1    0.001783    0.033715    0.034505    4.351350 v _1383_/Y (sky130_fd_sc_hd__a211oi_2)
                                                         _0080_ (net)
                      0.033715    0.000000    4.351350 v _1464_/D (sky130_fd_sc_hd__dfxtp_2)
                                              4.351350   data arrival time

                      0.150000   10.000000   10.000000   clock clk (rise edge)
                                  0.000000   10.000000   clock network delay (ideal)
                                 -0.250000    9.750000   clock uncertainty
                                  0.000000    9.750000   clock reconvergence pessimism
                                              9.750000 ^ _1464_/CLK (sky130_fd_sc_hd__dfxtp_2)
                                 -0.060478    9.689523   library setup time
                                              9.689523   data required time
---------------------------------------------------------------------------------------------
                                              9.689523   data required time
                                             -4.351350   data arrival time
---------------------------------------------------------------------------------------------
                                              5.338172   slack (MET)


Startpoint: _1425_ (rising edge-triggered flip-flop clocked by clk)
Endpoint: _1454_ (rising edge-triggered flip-flop clocked by clk)
Path Group: clk
Path Type: max

Fanout         Cap        Slew       Delay        Time   Description
---------------------------------------------------------------------------------------------
                      0.150000    0.000000    0.000000   clock clk (rise edge)
                                  0.000000    0.000000   clock network delay (ideal)
                      0.150000    0.000000    0.000000 ^ _1425_/CLK (sky130_fd_sc_hd__dfxtp_2)
    22    0.058072    0.097120    0.294589    0.294589 v _1425_/Q (sky130_fd_sc_hd__dfxtp_2)
                                                         core_b[0] (net)
                      0.097120    0.000000    0.294589 v _1019_/B (sky130_fd_sc_hd__and3_2)
     7    0.014159    0.048659    0.170922    0.465511 v _1019_/X (sky130_fd_sc_hd__and3_2)
                                                         _0351_ (net)
                      0.048659    0.000000    0.465511 v _1023_/A (sky130_fd_sc_hd__or4bb_2)
     2    0.006549    0.072531    0.372299    0.837810 v _1023_/X (sky130_fd_sc_hd__or4bb_2)
                                                         _0355_ (net)
                      0.072531    0.000000    0.837810 v _1026_/A2 (sky130_fd_sc_hd__a21o_2)
     3    0.008754    0.036577    0.158347    0.996156 v _1026_/X (sky130_fd_sc_hd__a21o_2)
                                                         _0358_ (net)
                      0.036577    0.000000    0.996156 v _1028_/A2 (sky130_fd_sc_hd__a21o_2)
     2    0.006549    0.032697    0.140470    1.136626 v _1028_/X (sky130_fd_sc_hd__a21o_2)
                                                         _0360_ (net)
                      0.032697    0.000000    1.136626 v _1031_/A2 (sky130_fd_sc_hd__a21o_2)
     3    0.010443    0.039523    0.148001    1.284627 v _1031_/X (sky130_fd_sc_hd__a21o_2)
                                                         _0363_ (net)
                      0.039523    0.000000    1.284627 v _1032_/C (sky130_fd_sc_hd__and3_2)
     3    0.008688    0.039243    0.144289    1.428916 v _1032_/X (sky130_fd_sc_hd__and3_2)
                                                         _0364_ (net)
                      0.039243    0.000000    1.428916 v _1037_/A1 (sky130_fd_sc_hd__o211a_2)
     2    0.005471    0.036387    0.165967    1.594883 v _1037_/X (sky130_fd_sc_hd__o211a_2)
                                                         _0369_ (net)
                      0.036387    0.000000    1.594883 v _1038_/C (sky130_fd_sc_hd__or3_2)
     4    0.011077    0.071335    0.256200    1.851083 v _1038_/X (sky130_fd_sc_hd__or3_2)
                                                         _0370_ (net)
                      0.071335    0.000000    1.851083 v _1082_/A2 (sky130_fd_sc_hd__a211o_2)
     3    0.007155    0.043804    0.224618    2.075701 v _1082_/X (sky130_fd_sc_hd__a211o_2)
                                                         _0413_ (net)
                      0.043804    0.000000    2.075701 v _1125_/D (sky130_fd_sc_hd__and4b_2)
     2    0.004455    0.035859    0.154130    2.229831 v _1125_/X (sky130_fd_sc_hd__and4b_2)
                                                         _0455_ (net)
                      0.035859    0.000000    2.229831 v _1196_/A2 (sky130_fd_sc_hd__a211o_2)
     3    0.008745    0.047099    0.217130    2.446960 v _1196_/X (sky130_fd_sc_hd__a211o_2)
                                                         _0524_ (net)
                      0.047099    0.000000    2.446960 v _1234_/A2 (sky130_fd_sc_hd__a31o_2)
     2    0.012882    0.047196    0.172846    2.619807 v _1234_/X (sky130_fd_sc_hd__a31o_2)
                                                         _0560_ (net)
                      0.047196    0.000000    2.619807 v _1247_/A (sky130_fd_sc_hd__nand2_2)
     1    0.002470    0.030875    0.037597    2.657404 ^ _1247_/Y (sky130_fd_sc_hd__nand2_2)
                                                         _0573_ (net)
                      0.030875    0.000000    2.657404 ^ _1266_/B1 (sky130_fd_sc_hd__o211a_2)
    36    0.180648    0.784864    0.589778    3.247182 ^ _1266_/X (sky130_fd_sc_hd__o211a_2)
                                                         _0591_ (net)
                      0.784864    0.000000    3.247182 ^ _1281_/B (sky130_fd_sc_hd__xnor2_2)
     3    0.010568    0.125919    0.026444    3.273625 v _1281_/Y (sky130_fd_sc_hd__xnor2_2)
                                                         _0604_ (net)
                      0.125919    0.000000    3.273625 v _1299_/B (sky130_fd_sc_hd__or4_2)
     1    0.002112    0.063170    0.378789    3.652415 v _1299_/X (sky130_fd_sc_hd__or4_2)
                                                         _0619_ (net)
                      0.063170    0.000000    3.652415 v _1300_/C1 (sky130_fd_sc_hd__a311o_2)
     2    0.003785    0.041450    0.129981    3.782395 v _1300_/X (sky130_fd_sc_hd__a311o_2)
                                                         _0620_ (net)
                      0.041450    0.000000    3.782395 v _1303_/A (sky130_fd_sc_hd__and2_2)
     2    0.005618    0.032614    0.111911    3.894307 v _1303_/X (sky130_fd_sc_hd__and2_2)
                                                         _0623_ (net)
                      0.032614    0.000000    3.894307 v _1304_/B (sky130_fd_sc_hd__or2_2)
     3    0.005372    0.043181    0.164146    4.058453 v _1304_/X (sky130_fd_sc_hd__or2_2)
                                                         _0624_ (net)
                      0.043181    0.000000    4.058453 v _1309_/B1_N (sky130_fd_sc_hd__a21bo_2)
     2    0.009746    0.058840    0.137858    4.196311 ^ _1309_/X (sky130_fd_sc_hd__a21bo_2)
                                                         _0628_ (net)
                      0.058840    0.000000    4.196311 ^ _1310_/A2 (sky130_fd_sc_hd__a21boi_2)
     1    0.004267    0.045935    0.034879    4.231190 v _1310_/Y (sky130_fd_sc_hd__a21boi_2)
                                                         _0629_ (net)
                      0.045935    0.000000    4.231190 v _1311_/B1 (sky130_fd_sc_hd__o21ai_2)
     1    0.002496    0.063525    0.037677    4.268867 ^ _1311_/Y (sky130_fd_sc_hd__o21ai_2)
                                                         _0630_ (net)
                      0.063525    0.000000    4.268867 ^ _1312_/C1 (sky130_fd_sc_hd__o211a_2)
     1    0.001748    0.035308    0.078903    4.347770 ^ _1312_/X (sky130_fd_sc_hd__o211a_2)
                                                         _0070_ (net)
                      0.035308    0.000000    4.347770 ^ _1454_/D (sky130_fd_sc_hd__dfxtp_2)
                                              4.347770   data arrival time

                      0.150000   10.000000   10.000000   clock clk (rise edge)
                                  0.000000   10.000000   clock network delay (ideal)
                                 -0.250000    9.750000   clock uncertainty
                                  0.000000    9.750000   clock reconvergence pessimism
                                              9.750000 ^ _1454_/CLK (sky130_fd_sc_hd__dfxtp_2)
                                 -0.028029    9.721972   library setup time
                                              9.721972   data required time
---------------------------------------------------------------------------------------------
                                              9.721972   data required time
                                             -4.347770   data arrival time
---------------------------------------------------------------------------------------------
                                              5.374202   slack (MET)


Startpoint: _1425_ (rising edge-triggered flip-flop clocked by clk)
Endpoint: _1461_ (rising edge-triggered flip-flop clocked by clk)
Path Group: clk
Path Type: max

Fanout         Cap        Slew       Delay        Time   Description
---------------------------------------------------------------------------------------------
                      0.150000    0.000000    0.000000   clock clk (rise edge)
                                  0.000000    0.000000   clock network delay (ideal)
                      0.150000    0.000000    0.000000 ^ _1425_/CLK (sky130_fd_sc_hd__dfxtp_2)
    22    0.058072    0.097120    0.294589    0.294589 v _1425_/Q (sky130_fd_sc_hd__dfxtp_2)
                                                         core_b[0] (net)
                      0.097120    0.000000    0.294589 v _1019_/B (sky130_fd_sc_hd__and3_2)
     7    0.014159    0.048659    0.170922    0.465511 v _1019_/X (sky130_fd_sc_hd__and3_2)
                                                         _0351_ (net)
                      0.048659    0.000000    0.465511 v _1023_/A (sky130_fd_sc_hd__or4bb_2)
     2    0.006549    0.072531    0.372299    0.837810 v _1023_/X (sky130_fd_sc_hd__or4bb_2)
                                                         _0355_ (net)
                      0.072531    0.000000    0.837810 v _1026_/A2 (sky130_fd_sc_hd__a21o_2)
     3    0.008754    0.036577    0.158347    0.996156 v _1026_/X (sky130_fd_sc_hd__a21o_2)
                                                         _0358_ (net)
                      0.036577    0.000000    0.996156 v _1028_/A2 (sky130_fd_sc_hd__a21o_2)
     2    0.006549    0.032697    0.140470    1.136626 v _1028_/X (sky130_fd_sc_hd__a21o_2)
                                                         _0360_ (net)
                      0.032697    0.000000    1.136626 v _1031_/A2 (sky130_fd_sc_hd__a21o_2)
     3    0.010443    0.039523    0.148001    1.284627 v _1031_/X (sky130_fd_sc_hd__a21o_2)
                                                         _0363_ (net)
                      0.039523    0.000000    1.284627 v _1032_/C (sky130_fd_sc_hd__and3_2)
     3    0.008688    0.039243    0.144289    1.428916 v _1032_/X (sky130_fd_sc_hd__and3_2)
                                                         _0364_ (net)
                      0.039243    0.000000    1.428916 v _1037_/A1 (sky130_fd_sc_hd__o211a_2)
     2    0.005471    0.036387    0.165967    1.594883 v _1037_/X (sky130_fd_sc_hd__o211a_2)
                                                         _0369_ (net)
                      0.036387    0.000000    1.594883 v _1038_/C (sky130_fd_sc_hd__or3_2)
     4    0.011077    0.071335    0.256200    1.851083 v _1038_/X (sky130_fd_sc_hd__or3_2)
                                                         _0370_ (net)
                      0.071335    0.000000    1.851083 v _1082_/A2 (sky130_fd_sc_hd__a211o_2)
     3    0.007155    0.043804    0.224618    2.075701 v _1082_/X (sky130_fd_sc_hd__a211o_2)
                                                         _0413_ (net)
                      0.043804    0.000000    2.075701 v _1125_/D (sky130_fd_sc_hd__and4b_2)
     2    0.004455    0.035859    0.154130    2.229831 v _1125_/X (sky130_fd_sc_hd__and4b_2)
                                                         _0455_ (net)
                      0.035859    0.000000    2.229831 v _1196_/A2 (sky130_fd_sc_hd__a211o_2)
     3    0.008745    0.047099    0.217130    2.446960 v _1196_/X (sky130_fd_sc_hd__a211o_2)
                                                         _0524_ (net)
                      0.047099    0.000000    2.446960 v _1234_/A2 (sky130_fd_sc_hd__a31o_2)
     2    0.012882    0.047196    0.172846    2.619807 v _1234_/X (sky130_fd_sc_hd__a31o_2)
                                                         _0560_ (net)
                      0.047196    0.000000    2.619807 v _1247_/A (sky130_fd_sc_hd__nand2_2)
     1    0.002470    0.030875    0.037597    2.657404 ^ _1247_/Y (sky130_fd_sc_hd__nand2_2)
                                                         _0573_ (net)
                      0.030875    0.000000    2.657404 ^ _1266_/B1 (sky130_fd_sc_hd__o211a_2)
    36    0.180648    0.784864    0.589778    3.247182 ^ _1266_/X (sky130_fd_sc_hd__o211a_2)
                                                         _0591_ (net)
                      0.784864    0.000000    3.247182 ^ _1281_/B (sky130_fd_sc_hd__xnor2_2)
     3    0.010568    0.125919    0.026444    3.273625 v _1281_/Y (sky130_fd_sc_hd__xnor2_2)
                                                         _0604_ (net)
                      0.125919    0.000000    3.273625 v _1299_/B (sky130_fd_sc_hd__or4_2)
     1    0.002112    0.063170    0.378789    3.652415 v _1299_/X (sky130_fd_sc_hd__or4_2)
                                                         _0619_ (net)
                      0.063170    0.000000    3.652415 v _1300_/C1 (sky130_fd_sc_hd__a311o_2)
     2    0.003785    0.041450    0.129981    3.782395 v _1300_/X (sky130_fd_sc_hd__a311o_2)
                                                         _0620_ (net)
                      0.041450    0.000000    3.782395 v _1329_/A1 (sky130_fd_sc_hd__a21o_2)
     3    0.011102    0.040778    0.136259    3.918655 v _1329_/X (sky130_fd_sc_hd__a21o_2)
                                                         _0645_ (net)
                      0.040778    0.000000    3.918655 v _1353_/A2 (sky130_fd_sc_hd__a21oi_2)
     2    0.009228    0.108497    0.121974    4.040628 ^ _1353_/Y (sky130_fd_sc_hd__a21oi_2)
                                                         _0665_ (net)
                      0.108497    0.000000    4.040628 ^ _1355_/A (sky130_fd_sc_hd__nor2_2)
     2    0.010555    0.041821    0.042542    4.083170 v _1355_/Y (sky130_fd_sc_hd__nor2_2)
                                                         _0667_ (net)
                      0.041821    0.000000    4.083170 v _1360_/A (sky130_fd_sc_hd__xnor2_2)
     1    0.004614    0.091486    0.108333    4.191503 ^ _1360_/Y (sky130_fd_sc_hd__xnor2_2)
                                                         _0672_ (net)
                      0.091486    0.000000    4.191503 ^ _1361_/B (sky130_fd_sc_hd__nand2_2)
     1    0.002351    0.097224    0.027912    4.219415 v _1361_/Y (sky130_fd_sc_hd__nand2_2)
                                                         _0673_ (net)
                      0.097224    0.000000    4.219415 v _1362_/C1 (sky130_fd_sc_hd__o211a_2)
     1    0.001783    0.029392    0.094739    4.314155 v _1362_/X (sky130_fd_sc_hd__o211a_2)
                                                         _0077_ (net)
                      0.029392    0.000000    4.314155 v _1461_/D (sky130_fd_sc_hd__dfxtp_2)
                                              4.314155   data arrival time

                      0.150000   10.000000   10.000000   clock clk (rise edge)
                                  0.000000   10.000000   clock network delay (ideal)
                                 -0.250000    9.750000   clock uncertainty
                                  0.000000    9.750000   clock reconvergence pessimism
                                              9.750000 ^ _1461_/CLK (sky130_fd_sc_hd__dfxtp_2)
                                 -0.058942    9.691058   library setup time
                                              9.691058   data required time
---------------------------------------------------------------------------------------------
                                              9.691058   data required time
                                             -4.314155   data arrival time
---------------------------------------------------------------------------------------------
                                              5.376904   slack (MET)


Startpoint: _1425_ (rising edge-triggered flip-flop clocked by clk)
Endpoint: _1452_ (rising edge-triggered flip-flop clocked by clk)
Path Group: clk
Path Type: max

Fanout         Cap        Slew       Delay        Time   Description
---------------------------------------------------------------------------------------------
                      0.150000    0.000000    0.000000   clock clk (rise edge)
                                  0.000000    0.000000   clock network delay (ideal)
                      0.150000    0.000000    0.000000 ^ _1425_/CLK (sky130_fd_sc_hd__dfxtp_2)
    22    0.058072    0.097120    0.294589    0.294589 v _1425_/Q (sky130_fd_sc_hd__dfxtp_2)
                                                         core_b[0] (net)
                      0.097120    0.000000    0.294589 v _1019_/B (sky130_fd_sc_hd__and3_2)
     7    0.014159    0.048659    0.170922    0.465511 v _1019_/X (sky130_fd_sc_hd__and3_2)
                                                         _0351_ (net)
                      0.048659    0.000000    0.465511 v _1023_/A (sky130_fd_sc_hd__or4bb_2)
     2    0.006549    0.072531    0.372299    0.837810 v _1023_/X (sky130_fd_sc_hd__or4bb_2)
                                                         _0355_ (net)
                      0.072531    0.000000    0.837810 v _1026_/A2 (sky130_fd_sc_hd__a21o_2)
     3    0.008754    0.036577    0.158347    0.996156 v _1026_/X (sky130_fd_sc_hd__a21o_2)
                                                         _0358_ (net)
                      0.036577    0.000000    0.996156 v _1028_/A2 (sky130_fd_sc_hd__a21o_2)
     2    0.006549    0.032697    0.140470    1.136626 v _1028_/X (sky130_fd_sc_hd__a21o_2)
                                                         _0360_ (net)
                      0.032697    0.000000    1.136626 v _1031_/A2 (sky130_fd_sc_hd__a21o_2)
     3    0.010443    0.039523    0.148001    1.284627 v _1031_/X (sky130_fd_sc_hd__a21o_2)
                                                         _0363_ (net)
                      0.039523    0.000000    1.284627 v _1032_/C (sky130_fd_sc_hd__and3_2)
     3    0.008688    0.039243    0.144289    1.428916 v _1032_/X (sky130_fd_sc_hd__and3_2)
                                                         _0364_ (net)
                      0.039243    0.000000    1.428916 v _1037_/A1 (sky130_fd_sc_hd__o211a_2)
     2    0.005471    0.036387    0.165967    1.594883 v _1037_/X (sky130_fd_sc_hd__o211a_2)
                                                         _0369_ (net)
                      0.036387    0.000000    1.594883 v _1038_/C (sky130_fd_sc_hd__or3_2)
     4    0.011077    0.071335    0.256200    1.851083 v _1038_/X (sky130_fd_sc_hd__or3_2)
                                                         _0370_ (net)
                      0.071335    0.000000    1.851083 v _1082_/A2 (sky130_fd_sc_hd__a211o_2)
     3    0.007155    0.043804    0.224618    2.075701 v _1082_/X (sky130_fd_sc_hd__a211o_2)
                                                         _0413_ (net)
                      0.043804    0.000000    2.075701 v _1125_/D (sky130_fd_sc_hd__and4b_2)
     2    0.004455    0.035859    0.154130    2.229831 v _1125_/X (sky130_fd_sc_hd__and4b_2)
                                                         _0455_ (net)
                      0.035859    0.000000    2.229831 v _1196_/A2 (sky130_fd_sc_hd__a211o_2)
     3    0.008745    0.047099    0.217130    2.446960 v _1196_/X (sky130_fd_sc_hd__a211o_2)
                                                         _0524_ (net)
                      0.047099    0.000000    2.446960 v _1234_/A2 (sky130_fd_sc_hd__a31o_2)
     2    0.012882    0.047196    0.172846    2.619807 v _1234_/X (sky130_fd_sc_hd__a31o_2)
                                                         _0560_ (net)
                      0.047196    0.000000    2.619807 v _1247_/A (sky130_fd_sc_hd__nand2_2)
     1    0.002470    0.030875    0.037597    2.657404 ^ _1247_/Y (sky130_fd_sc_hd__nand2_2)
                                                         _0573_ (net)
                      0.030875    0.000000    2.657404 ^ _1266_/B1 (sky130_fd_sc_hd__o211a_2)
    36    0.180648    0.784864    0.589778    3.247182 ^ _1266_/X (sky130_fd_sc_hd__o211a_2)
                                                         _0591_ (net)
                      0.784864    0.000000    3.247182 ^ _1268_/B (sky130_fd_sc_hd__and2_2)
     2    0.003107    0.041871    0.116004    3.363185 ^ _1268_/X (sky130_fd_sc_hd__and2_2)
                                                         _0593_ (net)
                      0.041871    0.000000    3.363185 ^ _1274_/B1_N (sky130_fd_sc_hd__o21ba_2)
     2    0.004473    0.029754    0.096924    3.460110 v _1274_/X (sky130_fd_sc_hd__o21ba_2)
                                                         _0598_ (net)
                      0.029754    0.000000    3.460110 v _1276_/A3 (sky130_fd_sc_hd__a31o_2)
     2    0.005618    0.034242    0.156363    3.616472 v _1276_/X (sky130_fd_sc_hd__a31o_2)
                                                         _0600_ (net)
                      0.034242    0.000000    3.616472 v _1277_/B (sky130_fd_sc_hd__or2_2)
     3    0.005372    0.043181    0.164654    3.781127 v _1277_/X (sky130_fd_sc_hd__or2_2)
                                                         _0601_ (net)
                      0.043181    0.000000    3.781127 v _1289_/B1 (sky130_fd_sc_hd__a2bb2o_2)
     2    0.010268    0.046154    0.178312    3.959438 v _1289_/X (sky130_fd_sc_hd__a2bb2o_2)
                                                         _0611_ (net)
                      0.046154    0.000000    3.959438 v _1294_/A2 (sky130_fd_sc_hd__o21a_2)
     1    0.008002    0.034947    0.133435    4.092873 v _1294_/X (sky130_fd_sc_hd__o21a_2)
                                                         _0615_ (net)
                      0.034947    0.000000    4.092873 v _1295_/B (sky130_fd_sc_hd__xnor2_2)
     1    0.004614    0.093132    0.087495    4.180368 ^ _1295_/Y (sky130_fd_sc_hd__xnor2_2)
                                                         _0616_ (net)
                      0.093132    0.000000    4.180368 ^ _1296_/B (sky130_fd_sc_hd__nand2_2)
     1    0.002351    0.097224    0.027941    4.208309 v _1296_/Y (sky130_fd_sc_hd__nand2_2)
                                                         _0617_ (net)
                      0.097224    0.000000    4.208309 v _1297_/C1 (sky130_fd_sc_hd__o211a_2)
     1    0.001783    0.029392    0.094739    4.303048 v _1297_/X (sky130_fd_sc_hd__o211a_2)
                                                         _0068_ (net)
                      0.029392    0.000000    4.303048 v _1452_/D (sky130_fd_sc_hd__dfxtp_2)
                                              4.303048   data arrival time

                      0.150000   10.000000   10.000000   clock clk (rise edge)
                                  0.000000   10.000000   clock network delay (ideal)
                                 -0.250000    9.750000   clock uncertainty
                                  0.000000    9.750000   clock reconvergence pessimism
                                              9.750000 ^ _1452_/CLK (sky130_fd_sc_hd__dfxtp_2)
                                 -0.058942    9.691058   library setup time
                                              9.691058   data required time
---------------------------------------------------------------------------------------------
                                              9.691058   data required time
                                             -4.303048   data arrival time
---------------------------------------------------------------------------------------------
                                              5.388010   slack (MET)


Startpoint: _1425_ (rising edge-triggered flip-flop clocked by clk)
Endpoint: _1453_ (rising edge-triggered flip-flop clocked by clk)
Path Group: clk
Path Type: max

Fanout         Cap        Slew       Delay        Time   Description
---------------------------------------------------------------------------------------------
                      0.150000    0.000000    0.000000   clock clk (rise edge)
                                  0.000000    0.000000   clock network delay (ideal)
                      0.150000    0.000000    0.000000 ^ _1425_/CLK (sky130_fd_sc_hd__dfxtp_2)
    22    0.058072    0.097120    0.294589    0.294589 v _1425_/Q (sky130_fd_sc_hd__dfxtp_2)
                                                         core_b[0] (net)
                      0.097120    0.000000    0.294589 v _1019_/B (sky130_fd_sc_hd__and3_2)
     7    0.014159    0.048659    0.170922    0.465511 v _1019_/X (sky130_fd_sc_hd__and3_2)
                                                         _0351_ (net)
                      0.048659    0.000000    0.465511 v _1023_/A (sky130_fd_sc_hd__or4bb_2)
     2    0.006549    0.072531    0.372299    0.837810 v _1023_/X (sky130_fd_sc_hd__or4bb_2)
                                                         _0355_ (net)
                      0.072531    0.000000    0.837810 v _1026_/A2 (sky130_fd_sc_hd__a21o_2)
     3    0.008754    0.036577    0.158347    0.996156 v _1026_/X (sky130_fd_sc_hd__a21o_2)
                                                         _0358_ (net)
                      0.036577    0.000000    0.996156 v _1028_/A2 (sky130_fd_sc_hd__a21o_2)
     2    0.006549    0.032697    0.140470    1.136626 v _1028_/X (sky130_fd_sc_hd__a21o_2)
                                                         _0360_ (net)
                      0.032697    0.000000    1.136626 v _1031_/A2 (sky130_fd_sc_hd__a21o_2)
     3    0.010443    0.039523    0.148001    1.284627 v _1031_/X (sky130_fd_sc_hd__a21o_2)
                                                         _0363_ (net)
                      0.039523    0.000000    1.284627 v _1032_/C (sky130_fd_sc_hd__and3_2)
     3    0.008688    0.039243    0.144289    1.428916 v _1032_/X (sky130_fd_sc_hd__and3_2)
                                                         _0364_ (net)
                      0.039243    0.000000    1.428916 v _1037_/A1 (sky130_fd_sc_hd__o211a_2)
     2    0.005471    0.036387    0.165967    1.594883 v _1037_/X (sky130_fd_sc_hd__o211a_2)
                                                         _0369_ (net)
                      0.036387    0.000000    1.594883 v _1038_/C (sky130_fd_sc_hd__or3_2)
     4    0.011077    0.071335    0.256200    1.851083 v _1038_/X (sky130_fd_sc_hd__or3_2)
                                                         _0370_ (net)
                      0.071335    0.000000    1.851083 v _1082_/A2 (sky130_fd_sc_hd__a211o_2)
     3    0.007155    0.043804    0.224618    2.075701 v _1082_/X (sky130_fd_sc_hd__a211o_2)
                                                         _0413_ (net)
                      0.043804    0.000000    2.075701 v _1125_/D (sky130_fd_sc_hd__and4b_2)
     2    0.004455    0.035859    0.154130    2.229831 v _1125_/X (sky130_fd_sc_hd__and4b_2)
                                                         _0455_ (net)
                      0.035859    0.000000    2.229831 v _1196_/A2 (sky130_fd_sc_hd__a211o_2)
     3    0.008745    0.047099    0.217130    2.446960 v _1196_/X (sky130_fd_sc_hd__a211o_2)
                                                         _0524_ (net)
                      0.047099    0.000000    2.446960 v _1234_/A2 (sky130_fd_sc_hd__a31o_2)
     2    0.012882    0.047196    0.172846    2.619807 v _1234_/X (sky130_fd_sc_hd__a31o_2)
                                                         _0560_ (net)
                      0.047196    0.000000    2.619807 v _1247_/A (sky130_fd_sc_hd__nand2_2)
     1    0.002470    0.030875    0.037597    2.657404 ^ _1247_/Y (sky130_fd_sc_hd__nand2_2)
                                                         _0573_ (net)
                      0.030875    0.000000    2.657404 ^ _1266_/B1 (sky130_fd_sc_hd__o211a_2)
    36    0.180648    0.784864    0.589778    3.247182 ^ _1266_/X (sky130_fd_sc_hd__o211a_2)
                                                         _0591_ (net)
                      0.784864    0.000000    3.247182 ^ _1281_/B (sky130_fd_sc_hd__xnor2_2)
     3    0.010568    0.125919    0.026444    3.273625 v _1281_/Y (sky130_fd_sc_hd__xnor2_2)
                                                         _0604_ (net)
                      0.125919    0.000000    3.273625 v _1299_/B (sky130_fd_sc_hd__or4_2)
     1    0.002112    0.063170    0.378789    3.652415 v _1299_/X (sky130_fd_sc_hd__or4_2)
                                                         _0619_ (net)
                      0.063170    0.000000    3.652415 v _1300_/C1 (sky130_fd_sc_hd__a311o_2)
     2    0.003785    0.041450    0.129981    3.782395 v _1300_/X (sky130_fd_sc_hd__a311o_2)
                                                         _0620_ (net)
                      0.041450    0.000000    3.782395 v _1303_/A (sky130_fd_sc_hd__and2_2)
     2    0.005618    0.032614    0.111911    3.894307 v _1303_/X (sky130_fd_sc_hd__and2_2)
                                                         _0623_ (net)
                      0.032614    0.000000    3.894307 v _1304_/B (sky130_fd_sc_hd__or2_2)
     3    0.005372    0.043181    0.164146    4.058453 v _1304_/X (sky130_fd_sc_hd__or2_2)
                                                         _0624_ (net)
                      0.043181    0.000000    4.058453 v _1306_/A1 (sky130_fd_sc_hd__a21bo_2)
     1    0.002351    0.024816    0.118619    4.177072 v _1306_/X (sky130_fd_sc_hd__a21bo_2)
                                                         _0626_ (net)
                      0.024816    0.000000    4.177072 v _1307_/C1 (sky130_fd_sc_hd__o211a_2)
     1    0.001783    0.029392    0.065077    4.242148 v _1307_/X (sky130_fd_sc_hd__o211a_2)
                                                         _0069_ (net)
                      0.029392    0.000000    4.242148 v _1453_/D (sky130_fd_sc_hd__dfxtp_2)
                                              4.242148   data arrival time

                      0.150000   10.000000   10.000000   clock clk (rise edge)
                                  0.000000   10.000000   clock network delay (ideal)
                                 -0.250000    9.750000   clock uncertainty
                                  0.000000    9.750000   clock reconvergence pessimism
                                              9.750000 ^ _1453_/CLK (sky130_fd_sc_hd__dfxtp_2)
                                 -0.058942    9.691058   library setup time
                                              9.691058   data required time
---------------------------------------------------------------------------------------------
                                              9.691058   data required time
                                             -4.242148   data arrival time
---------------------------------------------------------------------------------------------
                                              5.448909   slack (MET)


Startpoint: _1425_ (rising edge-triggered flip-flop clocked by clk)
Endpoint: _1457_ (rising edge-triggered flip-flop clocked by clk)
Path Group: clk
Path Type: max

Fanout         Cap        Slew       Delay        Time   Description
---------------------------------------------------------------------------------------------
                      0.150000    0.000000    0.000000   clock clk (rise edge)
                                  0.000000    0.000000   clock network delay (ideal)
                      0.150000    0.000000    0.000000 ^ _1425_/CLK (sky130_fd_sc_hd__dfxtp_2)
    22    0.058072    0.097120    0.294589    0.294589 v _1425_/Q (sky130_fd_sc_hd__dfxtp_2)
                                                         core_b[0] (net)
                      0.097120    0.000000    0.294589 v _1019_/B (sky130_fd_sc_hd__and3_2)
     7    0.014159    0.048659    0.170922    0.465511 v _1019_/X (sky130_fd_sc_hd__and3_2)
                                                         _0351_ (net)
                      0.048659    0.000000    0.465511 v _1023_/A (sky130_fd_sc_hd__or4bb_2)
     2    0.006549    0.072531    0.372299    0.837810 v _1023_/X (sky130_fd_sc_hd__or4bb_2)
                                                         _0355_ (net)
                      0.072531    0.000000    0.837810 v _1026_/A2 (sky130_fd_sc_hd__a21o_2)
     3    0.008754    0.036577    0.158347    0.996156 v _1026_/X (sky130_fd_sc_hd__a21o_2)
                                                         _0358_ (net)
                      0.036577    0.000000    0.996156 v _1028_/A2 (sky130_fd_sc_hd__a21o_2)
     2    0.006549    0.032697    0.140470    1.136626 v _1028_/X (sky130_fd_sc_hd__a21o_2)
                                                         _0360_ (net)
                      0.032697    0.000000    1.136626 v _1031_/A2 (sky130_fd_sc_hd__a21o_2)
     3    0.010443    0.039523    0.148001    1.284627 v _1031_/X (sky130_fd_sc_hd__a21o_2)
                                                         _0363_ (net)
                      0.039523    0.000000    1.284627 v _1032_/C (sky130_fd_sc_hd__and3_2)
     3    0.008688    0.039243    0.144289    1.428916 v _1032_/X (sky130_fd_sc_hd__and3_2)
                                                         _0364_ (net)
                      0.039243    0.000000    1.428916 v _1037_/A1 (sky130_fd_sc_hd__o211a_2)
     2    0.005471    0.036387    0.165967    1.594883 v _1037_/X (sky130_fd_sc_hd__o211a_2)
                                                         _0369_ (net)
                      0.036387    0.000000    1.594883 v _1038_/C (sky130_fd_sc_hd__or3_2)
     4    0.011077    0.071335    0.256200    1.851083 v _1038_/X (sky130_fd_sc_hd__or3_2)
                                                         _0370_ (net)
                      0.071335    0.000000    1.851083 v _1082_/A2 (sky130_fd_sc_hd__a211o_2)
     3    0.007155    0.043804    0.224618    2.075701 v _1082_/X (sky130_fd_sc_hd__a211o_2)
                                                         _0413_ (net)
                      0.043804    0.000000    2.075701 v _1125_/D (sky130_fd_sc_hd__and4b_2)
     2    0.004455    0.035859    0.154130    2.229831 v _1125_/X (sky130_fd_sc_hd__and4b_2)
                                                         _0455_ (net)
                      0.035859    0.000000    2.229831 v _1196_/A2 (sky130_fd_sc_hd__a211o_2)
     3    0.008745    0.047099    0.217130    2.446960 v _1196_/X (sky130_fd_sc_hd__a211o_2)
                                                         _0524_ (net)
                      0.047099    0.000000    2.446960 v _1234_/A2 (sky130_fd_sc_hd__a31o_2)
     2    0.012882    0.047196    0.172846    2.619807 v _1234_/X (sky130_fd_sc_hd__a31o_2)
                                                         _0560_ (net)
                      0.047196    0.000000    2.619807 v _1247_/A (sky130_fd_sc_hd__nand2_2)
     1    0.002470    0.030875    0.037597    2.657404 ^ _1247_/Y (sky130_fd_sc_hd__nand2_2)
                                                         _0573_ (net)
                      0.030875    0.000000    2.657404 ^ _1266_/B1 (sky130_fd_sc_hd__o211a_2)
    36    0.180648    0.784864    0.589778    3.247182 ^ _1266_/X (sky130_fd_sc_hd__o211a_2)
                                                         _0591_ (net)
                      0.784864    0.000000    3.247182 ^ _1281_/B (sky130_fd_sc_hd__xnor2_2)
     3    0.010568    0.125919    0.026444    3.273625 v _1281_/Y (sky130_fd_sc_hd__xnor2_2)
                                                         _0604_ (net)
                      0.125919    0.000000    3.273625 v _1299_/B (sky130_fd_sc_hd__or4_2)
     1    0.002112    0.063170    0.378789    3.652415 v _1299_/X (sky130_fd_sc_hd__or4_2)
                                                         _0619_ (net)
                      0.063170    0.000000    3.652415 v _1300_/C1 (sky130_fd_sc_hd__a311o_2)
     2    0.003785    0.041450    0.129981    3.782395 v _1300_/X (sky130_fd_sc_hd__a311o_2)
                                                         _0620_ (net)
                      0.041450    0.000000    3.782395 v _1329_/A1 (sky130_fd_sc_hd__a21o_2)
     3    0.011102    0.040778    0.136259    3.918655 v _1329_/X (sky130_fd_sc_hd__a21o_2)
                                                         _0645_ (net)
                      0.040778    0.000000    3.918655 v _1330_/A2 (sky130_fd_sc_hd__a21o_2)
     3    0.005594    0.031017    0.139819    4.058474 v _1330_/X (sky130_fd_sc_hd__a21o_2)
                                                         _0646_ (net)
                      0.031017    0.000000    4.058474 v _1332_/A1 (sky130_fd_sc_hd__a21bo_2)
     1    0.002351    0.024792    0.114074    4.172548 v _1332_/X (sky130_fd_sc_hd__a21bo_2)
                                                         _0648_ (net)
                      0.024792    0.000000    4.172548 v _1333_/C1 (sky130_fd_sc_hd__o211a_2)
     1    0.001783    0.029392    0.065068    4.237615 v _1333_/X (sky130_fd_sc_hd__o211a_2)
                                                         _0073_ (net)
                      0.029392    0.000000    4.237615 v _1457_/D (sky130_fd_sc_hd__dfxtp_2)
                                              4.237615   data arrival time

                      0.150000   10.000000   10.000000   clock clk (rise edge)
                                  0.000000   10.000000   clock network delay (ideal)
                                 -0.250000    9.750000   clock uncertainty
                                  0.000000    9.750000   clock reconvergence pessimism
                                              9.750000 ^ _1457_/CLK (sky130_fd_sc_hd__dfxtp_2)
                                 -0.058942    9.691058   library setup time
                                              9.691058   data required time
---------------------------------------------------------------------------------------------
                                              9.691058   data required time
                                             -4.237615   data arrival time
---------------------------------------------------------------------------------------------
                                              5.453443   slack (MET)


Startpoint: _1425_ (rising edge-triggered flip-flop clocked by clk)
Endpoint: _1451_ (rising edge-triggered flip-flop clocked by clk)
Path Group: clk
Path Type: max

Fanout         Cap        Slew       Delay        Time   Description
---------------------------------------------------------------------------------------------
                      0.150000    0.000000    0.000000   clock clk (rise edge)
                                  0.000000    0.000000   clock network delay (ideal)
                      0.150000    0.000000    0.000000 ^ _1425_/CLK (sky130_fd_sc_hd__dfxtp_2)
    22    0.058072    0.097120    0.294589    0.294589 v _1425_/Q (sky130_fd_sc_hd__dfxtp_2)
                                                         core_b[0] (net)
                      0.097120    0.000000    0.294589 v _1019_/B (sky130_fd_sc_hd__and3_2)
     7    0.014159    0.048659    0.170922    0.465511 v _1019_/X (sky130_fd_sc_hd__and3_2)
                                                         _0351_ (net)
                      0.048659    0.000000    0.465511 v _1023_/A (sky130_fd_sc_hd__or4bb_2)
     2    0.006549    0.072531    0.372299    0.837810 v _1023_/X (sky130_fd_sc_hd__or4bb_2)
                                                         _0355_ (net)
                      0.072531    0.000000    0.837810 v _1026_/A2 (sky130_fd_sc_hd__a21o_2)
     3    0.008754    0.036577    0.158347    0.996156 v _1026_/X (sky130_fd_sc_hd__a21o_2)
                                                         _0358_ (net)
                      0.036577    0.000000    0.996156 v _1028_/A2 (sky130_fd_sc_hd__a21o_2)
     2    0.006549    0.032697    0.140470    1.136626 v _1028_/X (sky130_fd_sc_hd__a21o_2)
                                                         _0360_ (net)
                      0.032697    0.000000    1.136626 v _1031_/A2 (sky130_fd_sc_hd__a21o_2)
     3    0.010443    0.039523    0.148001    1.284627 v _1031_/X (sky130_fd_sc_hd__a21o_2)
                                                         _0363_ (net)
                      0.039523    0.000000    1.284627 v _1032_/C (sky130_fd_sc_hd__and3_2)
     3    0.008688    0.039243    0.144289    1.428916 v _1032_/X (sky130_fd_sc_hd__and3_2)
                                                         _0364_ (net)
                      0.039243    0.000000    1.428916 v _1037_/A1 (sky130_fd_sc_hd__o211a_2)
     2    0.005471    0.036387    0.165967    1.594883 v _1037_/X (sky130_fd_sc_hd__o211a_2)
                                                         _0369_ (net)
                      0.036387    0.000000    1.594883 v _1038_/C (sky130_fd_sc_hd__or3_2)
     4    0.011077    0.071335    0.256200    1.851083 v _1038_/X (sky130_fd_sc_hd__or3_2)
                                                         _0370_ (net)
                      0.071335    0.000000    1.851083 v _1082_/A2 (sky130_fd_sc_hd__a211o_2)
     3    0.007155    0.043804    0.224618    2.075701 v _1082_/X (sky130_fd_sc_hd__a211o_2)
                                                         _0413_ (net)
                      0.043804    0.000000    2.075701 v _1125_/D (sky130_fd_sc_hd__and4b_2)
     2    0.004455    0.035859    0.154130    2.229831 v _1125_/X (sky130_fd_sc_hd__and4b_2)
                                                         _0455_ (net)
                      0.035859    0.000000    2.229831 v _1196_/A2 (sky130_fd_sc_hd__a211o_2)
     3    0.008745    0.047099    0.217130    2.446960 v _1196_/X (sky130_fd_sc_hd__a211o_2)
                                                         _0524_ (net)
                      0.047099    0.000000    2.446960 v _1234_/A2 (sky130_fd_sc_hd__a31o_2)
     2    0.012882    0.047196    0.172846    2.619807 v _1234_/X (sky130_fd_sc_hd__a31o_2)
                                                         _0560_ (net)
                      0.047196    0.000000    2.619807 v _1247_/A (sky130_fd_sc_hd__nand2_2)
     1    0.002470    0.030875    0.037597    2.657404 ^ _1247_/Y (sky130_fd_sc_hd__nand2_2)
                                                         _0573_ (net)
                      0.030875    0.000000    2.657404 ^ _1266_/B1 (sky130_fd_sc_hd__o211a_2)
    36    0.180648    0.784864    0.589778    3.247182 ^ _1266_/X (sky130_fd_sc_hd__o211a_2)
                                                         _0591_ (net)
                      0.784864    0.000000    3.247182 ^ _1268_/B (sky130_fd_sc_hd__and2_2)
     2    0.003107    0.041871    0.116004    3.363185 ^ _1268_/X (sky130_fd_sc_hd__and2_2)
                                                         _0593_ (net)
                      0.041871    0.000000    3.363185 ^ _1274_/B1_N (sky130_fd_sc_hd__o21ba_2)
     2    0.004473    0.029754    0.096924    3.460110 v _1274_/X (sky130_fd_sc_hd__o21ba_2)
                                                         _0598_ (net)
                      0.029754    0.000000    3.460110 v _1276_/A3 (sky130_fd_sc_hd__a31o_2)
     2    0.005618    0.034242    0.156363    3.616472 v _1276_/X (sky130_fd_sc_hd__a31o_2)
                                                         _0600_ (net)
                      0.034242    0.000000    3.616472 v _1277_/B (sky130_fd_sc_hd__or2_2)
     3    0.005372    0.043181    0.164654    3.781127 v _1277_/X (sky130_fd_sc_hd__or2_2)
                                                         _0601_ (net)
                      0.043181    0.000000    3.781127 v _1289_/B1 (sky130_fd_sc_hd__a2bb2o_2)
     2    0.010268    0.046154    0.178312    3.959438 v _1289_/X (sky130_fd_sc_hd__a2bb2o_2)
                                                         _0611_ (net)
                      0.046154    0.000000    3.959438 v _1290_/B (sky130_fd_sc_hd__xnor2_2)
     1    0.004614    0.094015    0.091218    4.050656 ^ _1290_/Y (sky130_fd_sc_hd__xnor2_2)
                                                         _0612_ (net)
                      0.094015    0.000000    4.050656 ^ _1291_/B (sky130_fd_sc_hd__nand2_2)
     1    0.002351    0.097224    0.027956    4.078612 v _1291_/Y (sky130_fd_sc_hd__nand2_2)
                                                         _0613_ (net)
                      0.097224    0.000000    4.078612 v _1292_/C1 (sky130_fd_sc_hd__o211a_2)
     1    0.001783    0.029392    0.094739    4.173351 v _1292_/X (sky130_fd_sc_hd__o211a_2)
                                                         _0067_ (net)
                      0.029392    0.000000    4.173351 v _1451_/D (sky130_fd_sc_hd__dfxtp_2)
                                              4.173351   data arrival time

                      0.150000   10.000000   10.000000   clock clk (rise edge)
                                  0.000000   10.000000   clock network delay (ideal)
                                 -0.250000    9.750000   clock uncertainty
                                  0.000000    9.750000   clock reconvergence pessimism
                                              9.750000 ^ _1451_/CLK (sky130_fd_sc_hd__dfxtp_2)
                                 -0.058942    9.691058   library setup time
                                              9.691058   data required time
---------------------------------------------------------------------------------------------
                                              9.691058   data required time
                                             -4.173351   data arrival time
---------------------------------------------------------------------------------------------
                                              5.517707   slack (MET)


Startpoint: _1425_ (rising edge-triggered flip-flop clocked by clk)
Endpoint: _1450_ (rising edge-triggered flip-flop clocked by clk)
Path Group: clk
Path Type: max

Fanout         Cap        Slew       Delay        Time   Description
---------------------------------------------------------------------------------------------
                      0.150000    0.000000    0.000000   clock clk (rise edge)
                                  0.000000    0.000000   clock network delay (ideal)
                      0.150000    0.000000    0.000000 ^ _1425_/CLK (sky130_fd_sc_hd__dfxtp_2)
    22    0.058072    0.097120    0.294589    0.294589 v _1425_/Q (sky130_fd_sc_hd__dfxtp_2)
                                                         core_b[0] (net)
                      0.097120    0.000000    0.294589 v _1019_/B (sky130_fd_sc_hd__and3_2)
     7    0.014159    0.048659    0.170922    0.465511 v _1019_/X (sky130_fd_sc_hd__and3_2)
                                                         _0351_ (net)
                      0.048659    0.000000    0.465511 v _1023_/A (sky130_fd_sc_hd__or4bb_2)
     2    0.006549    0.072531    0.372299    0.837810 v _1023_/X (sky130_fd_sc_hd__or4bb_2)
                                                         _0355_ (net)
                      0.072531    0.000000    0.837810 v _1026_/A2 (sky130_fd_sc_hd__a21o_2)
     3    0.008754    0.036577    0.158347    0.996156 v _1026_/X (sky130_fd_sc_hd__a21o_2)
                                                         _0358_ (net)
                      0.036577    0.000000    0.996156 v _1028_/A2 (sky130_fd_sc_hd__a21o_2)
     2    0.006549    0.032697    0.140470    1.136626 v _1028_/X (sky130_fd_sc_hd__a21o_2)
                                                         _0360_ (net)
                      0.032697    0.000000    1.136626 v _1031_/A2 (sky130_fd_sc_hd__a21o_2)
     3    0.010443    0.039523    0.148001    1.284627 v _1031_/X (sky130_fd_sc_hd__a21o_2)
                                                         _0363_ (net)
                      0.039523    0.000000    1.284627 v _1032_/C (sky130_fd_sc_hd__and3_2)
     3    0.008688    0.039243    0.144289    1.428916 v _1032_/X (sky130_fd_sc_hd__and3_2)
                                                         _0364_ (net)
                      0.039243    0.000000    1.428916 v _1037_/A1 (sky130_fd_sc_hd__o211a_2)
     2    0.005471    0.036387    0.165967    1.594883 v _1037_/X (sky130_fd_sc_hd__o211a_2)
                                                         _0369_ (net)
                      0.036387    0.000000    1.594883 v _1038_/C (sky130_fd_sc_hd__or3_2)
     4    0.011077    0.071335    0.256200    1.851083 v _1038_/X (sky130_fd_sc_hd__or3_2)
                                                         _0370_ (net)
                      0.071335    0.000000    1.851083 v _1082_/A2 (sky130_fd_sc_hd__a211o_2)
     3    0.007155    0.043804    0.224618    2.075701 v _1082_/X (sky130_fd_sc_hd__a211o_2)
                                                         _0413_ (net)
                      0.043804    0.000000    2.075701 v _1125_/D (sky130_fd_sc_hd__and4b_2)
     2    0.004455    0.035859    0.154130    2.229831 v _1125_/X (sky130_fd_sc_hd__and4b_2)
                                                         _0455_ (net)
                      0.035859    0.000000    2.229831 v _1196_/A2 (sky130_fd_sc_hd__a211o_2)
     3    0.008745    0.047099    0.217130    2.446960 v _1196_/X (sky130_fd_sc_hd__a211o_2)
                                                         _0524_ (net)
                      0.047099    0.000000    2.446960 v _1234_/A2 (sky130_fd_sc_hd__a31o_2)
     2    0.012882    0.047196    0.172846    2.619807 v _1234_/X (sky130_fd_sc_hd__a31o_2)
                                                         _0560_ (net)
                      0.047196    0.000000    2.619807 v _1247_/A (sky130_fd_sc_hd__nand2_2)
     1    0.002470    0.030875    0.037597    2.657404 ^ _1247_/Y (sky130_fd_sc_hd__nand2_2)
                                                         _0573_ (net)
                      0.030875    0.000000    2.657404 ^ _1266_/B1 (sky130_fd_sc_hd__o211a_2)
    36    0.180648    0.784864    0.589778    3.247182 ^ _1266_/X (sky130_fd_sc_hd__o211a_2)
                                                         _0591_ (net)
                      0.784864    0.000000    3.247182 ^ _1268_/B (sky130_fd_sc_hd__and2_2)
     2    0.003107    0.041871    0.116004    3.363185 ^ _1268_/X (sky130_fd_sc_hd__and2_2)
                                                         _0593_ (net)
                      0.041871    0.000000    3.363185 ^ _1274_/B1_N (sky130_fd_sc_hd__o21ba_2)
     2    0.004473    0.029754    0.096924    3.460110 v _1274_/X (sky130_fd_sc_hd__o21ba_2)
                                                         _0598_ (net)
                      0.029754    0.000000    3.460110 v _1276_/A3 (sky130_fd_sc_hd__a31o_2)
     2    0.005618    0.034242    0.156363    3.616472 v _1276_/X (sky130_fd_sc_hd__a31o_2)
                                                         _0600_ (net)
                      0.034242    0.000000    3.616472 v _1277_/B (sky130_fd_sc_hd__or2_2)
     3    0.005372    0.043181    0.164654    3.781127 v _1277_/X (sky130_fd_sc_hd__or2_2)
                                                         _0601_ (net)
                      0.043181    0.000000    3.781127 v _1282_/B1_N (sky130_fd_sc_hd__a21bo_2)
     2    0.009746    0.058840    0.137858    3.918984 ^ _1282_/X (sky130_fd_sc_hd__a21bo_2)
                                                         _0605_ (net)
                      0.058840    0.000000    3.918984 ^ _1283_/A2 (sky130_fd_sc_hd__a21boi_2)
     1    0.004267    0.045935    0.034879    3.953864 v _1283_/Y (sky130_fd_sc_hd__a21boi_2)
                                                         _0606_ (net)
                      0.045935    0.000000    3.953864 v _1284_/B1 (sky130_fd_sc_hd__o21ai_2)
     1    0.002496    0.063525    0.037677    3.991541 ^ _1284_/Y (sky130_fd_sc_hd__o21ai_2)
                                                         _0607_ (net)
                      0.063525    0.000000    3.991541 ^ _1285_/C1 (sky130_fd_sc_hd__o211a_2)
     1    0.001748    0.035308    0.078903    4.070444 ^ _1285_/X (sky130_fd_sc_hd__o211a_2)
                                                         _0066_ (net)
                      0.035308    0.000000    4.070444 ^ _1450_/D (sky130_fd_sc_hd__dfxtp_2)
                                              4.070444   data arrival time

                      0.150000   10.000000   10.000000   clock clk (rise edge)
                                  0.000000   10.000000   clock network delay (ideal)
                                 -0.250000    9.750000   clock uncertainty
                                  0.000000    9.750000   clock reconvergence pessimism
                                              9.750000 ^ _1450_/CLK (sky130_fd_sc_hd__dfxtp_2)
                                 -0.028029    9.721972   library setup time
                                              9.721972   data required time
---------------------------------------------------------------------------------------------
                                              9.721972   data required time
                                             -4.070444   data arrival time
---------------------------------------------------------------------------------------------
                                              5.651528   slack (MET)


Startpoint: _1425_ (rising edge-triggered flip-flop clocked by clk)
Endpoint: _1449_ (rising edge-triggered flip-flop clocked by clk)
Path Group: clk
Path Type: max

Fanout         Cap        Slew       Delay        Time   Description
---------------------------------------------------------------------------------------------
                      0.150000    0.000000    0.000000   clock clk (rise edge)
                                  0.000000    0.000000   clock network delay (ideal)
                      0.150000    0.000000    0.000000 ^ _1425_/CLK (sky130_fd_sc_hd__dfxtp_2)
    22    0.058072    0.097120    0.294589    0.294589 v _1425_/Q (sky130_fd_sc_hd__dfxtp_2)
                                                         core_b[0] (net)
                      0.097120    0.000000    0.294589 v _1019_/B (sky130_fd_sc_hd__and3_2)
     7    0.014159    0.048659    0.170922    0.465511 v _1019_/X (sky130_fd_sc_hd__and3_2)
                                                         _0351_ (net)
                      0.048659    0.000000    0.465511 v _1023_/A (sky130_fd_sc_hd__or4bb_2)
     2    0.006549    0.072531    0.372299    0.837810 v _1023_/X (sky130_fd_sc_hd__or4bb_2)
                                                         _0355_ (net)
                      0.072531    0.000000    0.837810 v _1026_/A2 (sky130_fd_sc_hd__a21o_2)
     3    0.008754    0.036577    0.158347    0.996156 v _1026_/X (sky130_fd_sc_hd__a21o_2)
                                                         _0358_ (net)
                      0.036577    0.000000    0.996156 v _1028_/A2 (sky130_fd_sc_hd__a21o_2)
     2    0.006549    0.032697    0.140470    1.136626 v _1028_/X (sky130_fd_sc_hd__a21o_2)
                                                         _0360_ (net)
                      0.032697    0.000000    1.136626 v _1031_/A2 (sky130_fd_sc_hd__a21o_2)
     3    0.010443    0.039523    0.148001    1.284627 v _1031_/X (sky130_fd_sc_hd__a21o_2)
                                                         _0363_ (net)
                      0.039523    0.000000    1.284627 v _1032_/C (sky130_fd_sc_hd__and3_2)
     3    0.008688    0.039243    0.144289    1.428916 v _1032_/X (sky130_fd_sc_hd__and3_2)
                                                         _0364_ (net)
                      0.039243    0.000000    1.428916 v _1037_/A1 (sky130_fd_sc_hd__o211a_2)
     2    0.005471    0.036387    0.165967    1.594883 v _1037_/X (sky130_fd_sc_hd__o211a_2)
                                                         _0369_ (net)
                      0.036387    0.000000    1.594883 v _1038_/C (sky130_fd_sc_hd__or3_2)
     4    0.011077    0.071335    0.256200    1.851083 v _1038_/X (sky130_fd_sc_hd__or3_2)
                                                         _0370_ (net)
                      0.071335    0.000000    1.851083 v _1082_/A2 (sky130_fd_sc_hd__a211o_2)
     3    0.007155    0.043804    0.224618    2.075701 v _1082_/X (sky130_fd_sc_hd__a211o_2)
                                                         _0413_ (net)
                      0.043804    0.000000    2.075701 v _1125_/D (sky130_fd_sc_hd__and4b_2)
     2    0.004455    0.035859    0.154130    2.229831 v _1125_/X (sky130_fd_sc_hd__and4b_2)
                                                         _0455_ (net)
                      0.035859    0.000000    2.229831 v _1196_/A2 (sky130_fd_sc_hd__a211o_2)
     3    0.008745    0.047099    0.217130    2.446960 v _1196_/X (sky130_fd_sc_hd__a211o_2)
                                                         _0524_ (net)
                      0.047099    0.000000    2.446960 v _1234_/A2 (sky130_fd_sc_hd__a31o_2)
     2    0.012882    0.047196    0.172846    2.619807 v _1234_/X (sky130_fd_sc_hd__a31o_2)
                                                         _0560_ (net)
                      0.047196    0.000000    2.619807 v _1247_/A (sky130_fd_sc_hd__nand2_2)
     1    0.002470    0.030875    0.037597    2.657404 ^ _1247_/Y (sky130_fd_sc_hd__nand2_2)
                                                         _0573_ (net)
                      0.030875    0.000000    2.657404 ^ _1266_/B1 (sky130_fd_sc_hd__o211a_2)
    36    0.180648    0.784864    0.589778    3.247182 ^ _1266_/X (sky130_fd_sc_hd__o211a_2)
                                                         _0591_ (net)
                      0.784864    0.000000    3.247182 ^ _1268_/B (sky130_fd_sc_hd__and2_2)
     2    0.003107    0.041871    0.116004    3.363185 ^ _1268_/X (sky130_fd_sc_hd__and2_2)
                                                         _0593_ (net)
                      0.041871    0.000000    3.363185 ^ _1274_/B1_N (sky130_fd_sc_hd__o21ba_2)
     2    0.004473    0.029754    0.096924    3.460110 v _1274_/X (sky130_fd_sc_hd__o21ba_2)
                                                         _0598_ (net)
                      0.029754    0.000000    3.460110 v _1276_/A3 (sky130_fd_sc_hd__a31o_2)
     2    0.005618    0.034242    0.156363    3.616472 v _1276_/X (sky130_fd_sc_hd__a31o_2)
                                                         _0600_ (net)
                      0.034242    0.000000    3.616472 v _1277_/B (sky130_fd_sc_hd__or2_2)
     3    0.005372    0.043181    0.164654    3.781127 v _1277_/X (sky130_fd_sc_hd__or2_2)
                                                         _0601_ (net)
                      0.043181    0.000000    3.781127 v _1279_/A1 (sky130_fd_sc_hd__a21bo_2)
     1    0.002351    0.024816    0.118619    3.899745 v _1279_/X (sky130_fd_sc_hd__a21bo_2)
                                                         _0603_ (net)
                      0.024816    0.000000    3.899745 v _1280_/C1 (sky130_fd_sc_hd__o211a_2)
     1    0.001783    0.029392    0.065077    3.964822 v _1280_/X (sky130_fd_sc_hd__o211a_2)
                                                         _0065_ (net)
                      0.029392    0.000000    3.964822 v _1449_/D (sky130_fd_sc_hd__dfxtp_2)
                                              3.964822   data arrival time

                      0.150000   10.000000   10.000000   clock clk (rise edge)
                                  0.000000   10.000000   clock network delay (ideal)
                                 -0.250000    9.750000   clock uncertainty
                                  0.000000    9.750000   clock reconvergence pessimism
                                              9.750000 ^ _1449_/CLK (sky130_fd_sc_hd__dfxtp_2)
                                 -0.058942    9.691058   library setup time
                                              9.691058   data required time
---------------------------------------------------------------------------------------------
                                              9.691058   data required time
                                             -3.964822   data arrival time
---------------------------------------------------------------------------------------------
                                              5.726236   slack (MET)


Startpoint: _1425_ (rising edge-triggered flip-flop clocked by clk)
Endpoint: _1448_ (rising edge-triggered flip-flop clocked by clk)
Path Group: clk
Path Type: max

Fanout         Cap        Slew       Delay        Time   Description
---------------------------------------------------------------------------------------------
                      0.150000    0.000000    0.000000   clock clk (rise edge)
                                  0.000000    0.000000   clock network delay (ideal)
                      0.150000    0.000000    0.000000 ^ _1425_/CLK (sky130_fd_sc_hd__dfxtp_2)
    22    0.058072    0.097120    0.294589    0.294589 v _1425_/Q (sky130_fd_sc_hd__dfxtp_2)
                                                         core_b[0] (net)
                      0.097120    0.000000    0.294589 v _1019_/B (sky130_fd_sc_hd__and3_2)
     7    0.014159    0.048659    0.170922    0.465511 v _1019_/X (sky130_fd_sc_hd__and3_2)
                                                         _0351_ (net)
                      0.048659    0.000000    0.465511 v _1023_/A (sky130_fd_sc_hd__or4bb_2)
     2    0.006549    0.072531    0.372299    0.837810 v _1023_/X (sky130_fd_sc_hd__or4bb_2)
                                                         _0355_ (net)
                      0.072531    0.000000    0.837810 v _1026_/A2 (sky130_fd_sc_hd__a21o_2)
     3    0.008754    0.036577    0.158347    0.996156 v _1026_/X (sky130_fd_sc_hd__a21o_2)
                                                         _0358_ (net)
                      0.036577    0.000000    0.996156 v _1028_/A2 (sky130_fd_sc_hd__a21o_2)
     2    0.006549    0.032697    0.140470    1.136626 v _1028_/X (sky130_fd_sc_hd__a21o_2)
                                                         _0360_ (net)
                      0.032697    0.000000    1.136626 v _1031_/A2 (sky130_fd_sc_hd__a21o_2)
     3    0.010443    0.039523    0.148001    1.284627 v _1031_/X (sky130_fd_sc_hd__a21o_2)
                                                         _0363_ (net)
                      0.039523    0.000000    1.284627 v _1032_/C (sky130_fd_sc_hd__and3_2)
     3    0.008688    0.039243    0.144289    1.428916 v _1032_/X (sky130_fd_sc_hd__and3_2)
                                                         _0364_ (net)
                      0.039243    0.000000    1.428916 v _1037_/A1 (sky130_fd_sc_hd__o211a_2)
     2    0.005471    0.036387    0.165967    1.594883 v _1037_/X (sky130_fd_sc_hd__o211a_2)
                                                         _0369_ (net)
                      0.036387    0.000000    1.594883 v _1038_/C (sky130_fd_sc_hd__or3_2)
     4    0.011077    0.071335    0.256200    1.851083 v _1038_/X (sky130_fd_sc_hd__or3_2)
                                                         _0370_ (net)
                      0.071335    0.000000    1.851083 v _1082_/A2 (sky130_fd_sc_hd__a211o_2)
     3    0.007155    0.043804    0.224618    2.075701 v _1082_/X (sky130_fd_sc_hd__a211o_2)
                                                         _0413_ (net)
                      0.043804    0.000000    2.075701 v _1125_/D (sky130_fd_sc_hd__and4b_2)
     2    0.004455    0.035859    0.154130    2.229831 v _1125_/X (sky130_fd_sc_hd__and4b_2)
                                                         _0455_ (net)
                      0.035859    0.000000    2.229831 v _1196_/A2 (sky130_fd_sc_hd__a211o_2)
     3    0.008745    0.047099    0.217130    2.446960 v _1196_/X (sky130_fd_sc_hd__a211o_2)
                                                         _0524_ (net)
                      0.047099    0.000000    2.446960 v _1234_/A2 (sky130_fd_sc_hd__a31o_2)
     2    0.012882    0.047196    0.172846    2.619807 v _1234_/X (sky130_fd_sc_hd__a31o_2)
                                                         _0560_ (net)
                      0.047196    0.000000    2.619807 v _1247_/A (sky130_fd_sc_hd__nand2_2)
     1    0.002470    0.030875    0.037597    2.657404 ^ _1247_/Y (sky130_fd_sc_hd__nand2_2)
                                                         _0573_ (net)
                      0.030875    0.000000    2.657404 ^ _1266_/B1 (sky130_fd_sc_hd__o211a_2)
    36    0.180648    0.784864    0.589778    3.247182 ^ _1266_/X (sky130_fd_sc_hd__o211a_2)
                                                         _0591_ (net)
                      0.784864    0.000000    3.247182 ^ _1268_/B (sky130_fd_sc_hd__and2_2)
     2    0.003107    0.041871    0.116004    3.363185 ^ _1268_/X (sky130_fd_sc_hd__and2_2)
                                                         _0593_ (net)
                      0.041871    0.000000    3.363185 ^ _1269_/B (sky130_fd_sc_hd__or2_2)
     2    0.007284    0.038491    0.077289    3.440474 ^ _1269_/X (sky130_fd_sc_hd__or2_2)
                                                         _0594_ (net)
                      0.038491    0.000000    3.440474 ^ _1271_/A3 (sky130_fd_sc_hd__o31ai_2)
     1    0.002236    0.094737    0.030304    3.470778 v _1271_/Y (sky130_fd_sc_hd__o31ai_2)
                                                         _0596_ (net)
                      0.094737    0.000000    3.470778 v _1272_/B2 (sky130_fd_sc_hd__o221a_2)
     1    0.001783    0.030045    0.152094    3.622871 v _1272_/X (sky130_fd_sc_hd__o221a_2)
                                                         _0064_ (net)
                      0.030045    0.000000    3.622871 v _1448_/D (sky130_fd_sc_hd__dfxtp_2)
                                              3.622871   data arrival time

                      0.150000   10.000000   10.000000   clock clk (rise edge)
                                  0.000000   10.000000   clock network delay (ideal)
                                 -0.250000    9.750000   clock uncertainty
                                  0.000000    9.750000   clock reconvergence pessimism
                                              9.750000 ^ _1448_/CLK (sky130_fd_sc_hd__dfxtp_2)
                                 -0.059174    9.690826   library setup time
                                              9.690826   data required time
---------------------------------------------------------------------------------------------
                                              9.690826   data required time
                                             -3.622871   data arrival time
---------------------------------------------------------------------------------------------
                                              6.067955   slack (MET)


Startpoint: addr[5] (input port clocked by clk)
Endpoint: _1385_ (rising edge-triggered flip-flop clocked by clk)
Path Group: clk
Path Type: max

Fanout         Cap        Slew       Delay        Time   Description
---------------------------------------------------------------------------------------------
                      0.150000    0.000000    0.000000   clock clk (rise edge)
                                  0.000000    0.000000   clock network delay (ideal)
                                  2.000000    2.000000 v input external delay
     1    0.001415    0.002876    0.001055    2.001055 v addr[5] (in)
                                                         addr[5] (net)
                      0.002876    0.000000    2.001055 v _0697_/A (sky130_fd_sc_hd__or4_2)
     2    0.002790    0.065155    0.364536    2.365592 v _0697_/X (sky130_fd_sc_hd__or4_2)
                                                         _0086_ (net)
                      0.065155    0.000000    2.365592 v _0700_/B (sky130_fd_sc_hd__or2_2)
     2    0.008115    0.048676    0.182505    2.548097 v _0700_/X (sky130_fd_sc_hd__or2_2)
                                                         _0088_ (net)
                      0.048676    0.000000    2.548097 v _0701_/D (sky130_fd_sc_hd__nor4_2)
     9    0.022012    0.418127    0.298703    2.846800 ^ _0701_/Y (sky130_fd_sc_hd__nor4_2)
                                                         _0089_ (net)
                      0.418127    0.000000    2.846800 ^ _0702_/C (sky130_fd_sc_hd__and3_2)
     8    0.029488    0.124175    0.212295    3.059095 ^ _0702_/X (sky130_fd_sc_hd__and3_2)
                                                         _0090_ (net)
                      0.124175    0.000000    3.059095 ^ _0703_/S (sky130_fd_sc_hd__mux2_1)
     1    0.001495    0.033538    0.183308    3.242403 v _0703_/X (sky130_fd_sc_hd__mux2_1)
                                                         _0091_ (net)
                      0.033538    0.000000    3.242403 v _0704_/B (sky130_fd_sc_hd__and2_2)
     1    0.001783    0.026398    0.110450    3.352853 v _0704_/X (sky130_fd_sc_hd__and2_2)
                                                         _0001_ (net)
                      0.026398    0.000000    3.352853 v _1385_/D (sky130_fd_sc_hd__dfxtp_2)
                                              3.352853   data arrival time

                      0.150000   10.000000   10.000000   clock clk (rise edge)
                                  0.000000   10.000000   clock network delay (ideal)
                                 -0.250000    9.750000   clock uncertainty
                                  0.000000    9.750000   clock reconvergence pessimism
                                              9.750000 ^ _1385_/CLK (sky130_fd_sc_hd__dfxtp_2)
                                 -0.057878    9.692122   library setup time
                                              9.692122   data required time
---------------------------------------------------------------------------------------------
                                              9.692122   data required time
                                             -3.352853   data arrival time
---------------------------------------------------------------------------------------------
                                              6.339269   slack (MET)


Startpoint: addr[5] (input port clocked by clk)
Endpoint: _1386_ (rising edge-triggered flip-flop clocked by clk)
Path Group: clk
Path Type: max

Fanout         Cap        Slew       Delay        Time   Description
---------------------------------------------------------------------------------------------
                      0.150000    0.000000    0.000000   clock clk (rise edge)
                                  0.000000    0.000000   clock network delay (ideal)
                                  2.000000    2.000000 v input external delay
     1    0.001415    0.002876    0.001055    2.001055 v addr[5] (in)
                                                         addr[5] (net)
                      0.002876    0.000000    2.001055 v _0697_/A (sky130_fd_sc_hd__or4_2)
     2    0.002790    0.065155    0.364536    2.365592 v _0697_/X (sky130_fd_sc_hd__or4_2)
                                                         _0086_ (net)
                      0.065155    0.000000    2.365592 v _0700_/B (sky130_fd_sc_hd__or2_2)
     2    0.008115    0.048676    0.182505    2.548097 v _0700_/X (sky130_fd_sc_hd__or2_2)
                                                         _0088_ (net)
                      0.048676    0.000000    2.548097 v _0701_/D (sky130_fd_sc_hd__nor4_2)
     9    0.022012    0.418127    0.298703    2.846800 ^ _0701_/Y (sky130_fd_sc_hd__nor4_2)
                                                         _0089_ (net)
                      0.418127    0.000000    2.846800 ^ _0702_/C (sky130_fd_sc_hd__and3_2)
     8    0.029488    0.124175    0.212295    3.059095 ^ _0702_/X (sky130_fd_sc_hd__and3_2)
                                                         _0090_ (net)
                      0.124175    0.000000    3.059095 ^ _0705_/S (sky130_fd_sc_hd__mux2_1)
     1    0.001495    0.033538    0.183308    3.242403 v _0705_/X (sky130_fd_sc_hd__mux2_1)
                                                         _0092_ (net)
                      0.033538    0.000000    3.242403 v _0706_/B (sky130_fd_sc_hd__and2_2)
     1    0.001783    0.026398    0.110450    3.352853 v _0706_/X (sky130_fd_sc_hd__and2_2)
                                                         _0002_ (net)
                      0.026398    0.000000    3.352853 v _1386_/D (sky130_fd_sc_hd__dfxtp_2)
                                              3.352853   data arrival time

                      0.150000   10.000000   10.000000   clock clk (rise edge)
                                  0.000000   10.000000   clock network delay (ideal)
                                 -0.250000    9.750000   clock uncertainty
                                  0.000000    9.750000   clock reconvergence pessimism
                                              9.750000 ^ _1386_/CLK (sky130_fd_sc_hd__dfxtp_2)
                                 -0.057878    9.692122   library setup time
                                              9.692122   data required time
---------------------------------------------------------------------------------------------
                                              9.692122   data required time
                                             -3.352853   data arrival time
---------------------------------------------------------------------------------------------
                                              6.339269   slack (MET)


Startpoint: addr[5] (input port clocked by clk)
Endpoint: _1387_ (rising edge-triggered flip-flop clocked by clk)
Path Group: clk
Path Type: max

Fanout         Cap        Slew       Delay        Time   Description
---------------------------------------------------------------------------------------------
                      0.150000    0.000000    0.000000   clock clk (rise edge)
                                  0.000000    0.000000   clock network delay (ideal)
                                  2.000000    2.000000 v input external delay
     1    0.001415    0.002876    0.001055    2.001055 v addr[5] (in)
                                                         addr[5] (net)
                      0.002876    0.000000    2.001055 v _0697_/A (sky130_fd_sc_hd__or4_2)
     2    0.002790    0.065155    0.364536    2.365592 v _0697_/X (sky130_fd_sc_hd__or4_2)
                                                         _0086_ (net)
                      0.065155    0.000000    2.365592 v _0700_/B (sky130_fd_sc_hd__or2_2)
     2    0.008115    0.048676    0.182505    2.548097 v _0700_/X (sky130_fd_sc_hd__or2_2)
                                                         _0088_ (net)
                      0.048676    0.000000    2.548097 v _0701_/D (sky130_fd_sc_hd__nor4_2)
     9    0.022012    0.418127    0.298703    2.846800 ^ _0701_/Y (sky130_fd_sc_hd__nor4_2)
                                                         _0089_ (net)
                      0.418127    0.000000    2.846800 ^ _0702_/C (sky130_fd_sc_hd__and3_2)
     8    0.029488    0.124175    0.212295    3.059095 ^ _0702_/X (sky130_fd_sc_hd__and3_2)
                                                         _0090_ (net)
                      0.124175    0.000000    3.059095 ^ _0707_/S (sky130_fd_sc_hd__mux2_1)
     1    0.001495    0.033538    0.183308    3.242403 v _0707_/X (sky130_fd_sc_hd__mux2_1)
                                                         _0093_ (net)
                      0.033538    0.000000    3.242403 v _0708_/B (sky130_fd_sc_hd__and2_2)
     1    0.001783    0.026398    0.110450    3.352853 v _0708_/X (sky130_fd_sc_hd__and2_2)
                                                         _0003_ (net)
                      0.026398    0.000000    3.352853 v _1387_/D (sky130_fd_sc_hd__dfxtp_2)
                                              3.352853   data arrival time

                      0.150000   10.000000   10.000000   clock clk (rise edge)
                                  0.000000   10.000000   clock network delay (ideal)
                                 -0.250000    9.750000   clock uncertainty
                                  0.000000    9.750000   clock reconvergence pessimism
                                              9.750000 ^ _1387_/CLK (sky130_fd_sc_hd__dfxtp_2)
                                 -0.057878    9.692122   library setup time
                                              9.692122   data required time
---------------------------------------------------------------------------------------------
                                              9.692122   data required time
                                             -3.352853   data arrival time
---------------------------------------------------------------------------------------------
                                              6.339269   slack (MET)


Startpoint: addr[5] (input port clocked by clk)
Endpoint: _1388_ (rising edge-triggered flip-flop clocked by clk)
Path Group: clk
Path Type: max

Fanout         Cap        Slew       Delay        Time   Description
---------------------------------------------------------------------------------------------
                      0.150000    0.000000    0.000000   clock clk (rise edge)
                                  0.000000    0.000000   clock network delay (ideal)
                                  2.000000    2.000000 v input external delay
     1    0.001415    0.002876    0.001055    2.001055 v addr[5] (in)
                                                         addr[5] (net)
                      0.002876    0.000000    2.001055 v _0697_/A (sky130_fd_sc_hd__or4_2)
     2    0.002790    0.065155    0.364536    2.365592 v _0697_/X (sky130_fd_sc_hd__or4_2)
                                                         _0086_ (net)
                      0.065155    0.000000    2.365592 v _0700_/B (sky130_fd_sc_hd__or2_2)
     2    0.008115    0.048676    0.182505    2.548097 v _0700_/X (sky130_fd_sc_hd__or2_2)
                                                         _0088_ (net)
                      0.048676    0.000000    2.548097 v _0701_/D (sky130_fd_sc_hd__nor4_2)
     9    0.022012    0.418127    0.298703    2.846800 ^ _0701_/Y (sky130_fd_sc_hd__nor4_2)
                                                         _0089_ (net)
                      0.418127    0.000000    2.846800 ^ _0702_/C (sky130_fd_sc_hd__and3_2)
     8    0.029488    0.124175    0.212295    3.059095 ^ _0702_/X (sky130_fd_sc_hd__and3_2)
                                                         _0090_ (net)
                      0.124175    0.000000    3.059095 ^ _0709_/S (sky130_fd_sc_hd__mux2_1)
     1    0.001495    0.033538    0.183308    3.242403 v _0709_/X (sky130_fd_sc_hd__mux2_1)
                                                         _0094_ (net)
                      0.033538    0.000000    3.242403 v _0710_/B (sky130_fd_sc_hd__and2_2)
     1    0.001783    0.026398    0.110450    3.352853 v _0710_/X (sky130_fd_sc_hd__and2_2)
                                                         _0004_ (net)
                      0.026398    0.000000    3.352853 v _1388_/D (sky130_fd_sc_hd__dfxtp_2)
                                              3.352853   data arrival time

                      0.150000   10.000000   10.000000   clock clk (rise edge)
                                  0.000000   10.000000   clock network delay (ideal)
                                 -0.250000    9.750000   clock uncertainty
                                  0.000000    9.750000   clock reconvergence pessimism
                                              9.750000 ^ _1388_/CLK (sky130_fd_sc_hd__dfxtp_2)
                                 -0.057878    9.692122   library setup time
                                              9.692122   data required time
---------------------------------------------------------------------------------------------
                                              9.692122   data required time
                                             -3.352853   data arrival time
---------------------------------------------------------------------------------------------
                                              6.339269   slack (MET)


Startpoint: addr[5] (input port clocked by clk)
Endpoint: _1389_ (rising edge-triggered flip-flop clocked by clk)
Path Group: clk
Path Type: max

Fanout         Cap        Slew       Delay        Time   Description
---------------------------------------------------------------------------------------------
                      0.150000    0.000000    0.000000   clock clk (rise edge)
                                  0.000000    0.000000   clock network delay (ideal)
                                  2.000000    2.000000 v input external delay
     1    0.001415    0.002876    0.001055    2.001055 v addr[5] (in)
                                                         addr[5] (net)
                      0.002876    0.000000    2.001055 v _0697_/A (sky130_fd_sc_hd__or4_2)
     2    0.002790    0.065155    0.364536    2.365592 v _0697_/X (sky130_fd_sc_hd__or4_2)
                                                         _0086_ (net)
                      0.065155    0.000000    2.365592 v _0700_/B (sky130_fd_sc_hd__or2_2)
     2    0.008115    0.048676    0.182505    2.548097 v _0700_/X (sky130_fd_sc_hd__or2_2)
                                                         _0088_ (net)
                      0.048676    0.000000    2.548097 v _0701_/D (sky130_fd_sc_hd__nor4_2)
     9    0.022012    0.418127    0.298703    2.846800 ^ _0701_/Y (sky130_fd_sc_hd__nor4_2)
                                                         _0089_ (net)
                      0.418127    0.000000    2.846800 ^ _0702_/C (sky130_fd_sc_hd__and3_2)
     8    0.029488    0.124175    0.212295    3.059095 ^ _0702_/X (sky130_fd_sc_hd__and3_2)
                                                         _0090_ (net)
                      0.124175    0.000000    3.059095 ^ _0711_/S (sky130_fd_sc_hd__mux2_1)
     1    0.001495    0.033538    0.183308    3.242403 v _0711_/X (sky130_fd_sc_hd__mux2_1)
                                                         _0095_ (net)
                      0.033538    0.000000    3.242403 v _0712_/B (sky130_fd_sc_hd__and2_2)
     1    0.001783    0.026398    0.110450    3.352853 v _0712_/X (sky130_fd_sc_hd__and2_2)
                                                         _0005_ (net)
                      0.026398    0.000000    3.352853 v _1389_/D (sky130_fd_sc_hd__dfxtp_2)
                                              3.352853   data arrival time

                      0.150000   10.000000   10.000000   clock clk (rise edge)
                                  0.000000   10.000000   clock network delay (ideal)
                                 -0.250000    9.750000   clock uncertainty
                                  0.000000    9.750000   clock reconvergence pessimism
                                              9.750000 ^ _1389_/CLK (sky130_fd_sc_hd__dfxtp_2)
                                 -0.057878    9.692122   library setup time
                                              9.692122   data required time
---------------------------------------------------------------------------------------------
                                              9.692122   data required time
                                             -3.352853   data arrival time
---------------------------------------------------------------------------------------------
                                              6.339269   slack (MET)


Startpoint: addr[5] (input port clocked by clk)
Endpoint: _1390_ (rising edge-triggered flip-flop clocked by clk)
Path Group: clk
Path Type: max

Fanout         Cap        Slew       Delay        Time   Description
---------------------------------------------------------------------------------------------
                      0.150000    0.000000    0.000000   clock clk (rise edge)
                                  0.000000    0.000000   clock network delay (ideal)
                                  2.000000    2.000000 v input external delay
     1    0.001415    0.002876    0.001055    2.001055 v addr[5] (in)
                                                         addr[5] (net)
                      0.002876    0.000000    2.001055 v _0697_/A (sky130_fd_sc_hd__or4_2)
     2    0.002790    0.065155    0.364536    2.365592 v _0697_/X (sky130_fd_sc_hd__or4_2)
                                                         _0086_ (net)
                      0.065155    0.000000    2.365592 v _0700_/B (sky130_fd_sc_hd__or2_2)
     2    0.008115    0.048676    0.182505    2.548097 v _0700_/X (sky130_fd_sc_hd__or2_2)
                                                         _0088_ (net)
                      0.048676    0.000000    2.548097 v _0701_/D (sky130_fd_sc_hd__nor4_2)
     9    0.022012    0.418127    0.298703    2.846800 ^ _0701_/Y (sky130_fd_sc_hd__nor4_2)
                                                         _0089_ (net)
                      0.418127    0.000000    2.846800 ^ _0702_/C (sky130_fd_sc_hd__and3_2)
     8    0.029488    0.124175    0.212295    3.059095 ^ _0702_/X (sky130_fd_sc_hd__and3_2)
                                                         _0090_ (net)
                      0.124175    0.000000    3.059095 ^ _0713_/S (sky130_fd_sc_hd__mux2_1)
     1    0.001495    0.033538    0.183308    3.242403 v _0713_/X (sky130_fd_sc_hd__mux2_1)
                                                         _0096_ (net)
                      0.033538    0.000000    3.242403 v _0714_/B (sky130_fd_sc_hd__and2_2)
     1    0.001783    0.026398    0.110450    3.352853 v _0714_/X (sky130_fd_sc_hd__and2_2)
                                                         _0006_ (net)
                      0.026398    0.000000    3.352853 v _1390_/D (sky130_fd_sc_hd__dfxtp_2)
                                              3.352853   data arrival time

                      0.150000   10.000000   10.000000   clock clk (rise edge)
                                  0.000000   10.000000   clock network delay (ideal)
                                 -0.250000    9.750000   clock uncertainty
                                  0.000000    9.750000   clock reconvergence pessimism
                                              9.750000 ^ _1390_/CLK (sky130_fd_sc_hd__dfxtp_2)
                                 -0.057878    9.692122   library setup time
                                              9.692122   data required time
---------------------------------------------------------------------------------------------
                                              9.692122   data required time
                                             -3.352853   data arrival time
---------------------------------------------------------------------------------------------
                                              6.339269   slack (MET)


Startpoint: addr[5] (input port clocked by clk)
Endpoint: _1391_ (rising edge-triggered flip-flop clocked by clk)
Path Group: clk
Path Type: max

Fanout         Cap        Slew       Delay        Time   Description
---------------------------------------------------------------------------------------------
                      0.150000    0.000000    0.000000   clock clk (rise edge)
                                  0.000000    0.000000   clock network delay (ideal)
                                  2.000000    2.000000 v input external delay
     1    0.001415    0.002876    0.001055    2.001055 v addr[5] (in)
                                                         addr[5] (net)
                      0.002876    0.000000    2.001055 v _0697_/A (sky130_fd_sc_hd__or4_2)
     2    0.002790    0.065155    0.364536    2.365592 v _0697_/X (sky130_fd_sc_hd__or4_2)
                                                         _0086_ (net)
                      0.065155    0.000000    2.365592 v _0700_/B (sky130_fd_sc_hd__or2_2)
     2    0.008115    0.048676    0.182505    2.548097 v _0700_/X (sky130_fd_sc_hd__or2_2)
                                                         _0088_ (net)
                      0.048676    0.000000    2.548097 v _0701_/D (sky130_fd_sc_hd__nor4_2)
     9    0.022012    0.418127    0.298703    2.846800 ^ _0701_/Y (sky130_fd_sc_hd__nor4_2)
                                                         _0089_ (net)
                      0.418127    0.000000    2.846800 ^ _0702_/C (sky130_fd_sc_hd__and3_2)
     8    0.029488    0.124175    0.212295    3.059095 ^ _0702_/X (sky130_fd_sc_hd__and3_2)
                                                         _0090_ (net)
                      0.124175    0.000000    3.059095 ^ _0715_/S (sky130_fd_sc_hd__mux2_1)
     1    0.001495    0.033538    0.183308    3.242403 v _0715_/X (sky130_fd_sc_hd__mux2_1)
                                                         _0097_ (net)
                      0.033538    0.000000    3.242403 v _0716_/B (sky130_fd_sc_hd__and2_2)
     1    0.001783    0.026398    0.110450    3.352853 v _0716_/X (sky130_fd_sc_hd__and2_2)
                                                         _0007_ (net)
                      0.026398    0.000000    3.352853 v _1391_/D (sky130_fd_sc_hd__dfxtp_2)
                                              3.352853   data arrival time

                      0.150000   10.000000   10.000000   clock clk (rise edge)
                                  0.000000   10.000000   clock network delay (ideal)
                                 -0.250000    9.750000   clock uncertainty
                                  0.000000    9.750000   clock reconvergence pessimism
                                              9.750000 ^ _1391_/CLK (sky130_fd_sc_hd__dfxtp_2)
                                 -0.057878    9.692122   library setup time
                                              9.692122   data required time
---------------------------------------------------------------------------------------------
                                              9.692122   data required time
                                             -3.352853   data arrival time
---------------------------------------------------------------------------------------------
                                              6.339269   slack (MET)


Startpoint: addr[5] (input port clocked by clk)
Endpoint: _1392_ (rising edge-triggered flip-flop clocked by clk)
Path Group: clk
Path Type: max

Fanout         Cap        Slew       Delay        Time   Description
---------------------------------------------------------------------------------------------
                      0.150000    0.000000    0.000000   clock clk (rise edge)
                                  0.000000    0.000000   clock network delay (ideal)
                                  2.000000    2.000000 v input external delay
     1    0.001415    0.002876    0.001055    2.001055 v addr[5] (in)
                                                         addr[5] (net)
                      0.002876    0.000000    2.001055 v _0697_/A (sky130_fd_sc_hd__or4_2)
     2    0.002790    0.065155    0.364536    2.365592 v _0697_/X (sky130_fd_sc_hd__or4_2)
                                                         _0086_ (net)
                      0.065155    0.000000    2.365592 v _0700_/B (sky130_fd_sc_hd__or2_2)
     2    0.008115    0.048676    0.182505    2.548097 v _0700_/X (sky130_fd_sc_hd__or2_2)
                                                         _0088_ (net)
                      0.048676    0.000000    2.548097 v _0701_/D (sky130_fd_sc_hd__nor4_2)
     9    0.022012    0.418127    0.298703    2.846800 ^ _0701_/Y (sky130_fd_sc_hd__nor4_2)
                                                         _0089_ (net)
                      0.418127    0.000000    2.846800 ^ _0702_/C (sky130_fd_sc_hd__and3_2)
     8    0.029488    0.124175    0.212295    3.059095 ^ _0702_/X (sky130_fd_sc_hd__and3_2)
                                                         _0090_ (net)
                      0.124175    0.000000    3.059095 ^ _0717_/S (sky130_fd_sc_hd__mux2_1)
     1    0.001495    0.033538    0.183308    3.242403 v _0717_/X (sky130_fd_sc_hd__mux2_1)
                                                         _0098_ (net)
                      0.033538    0.000000    3.242403 v _0718_/B (sky130_fd_sc_hd__and2_2)
     1    0.001783    0.026398    0.110450    3.352853 v _0718_/X (sky130_fd_sc_hd__and2_2)
                                                         _0008_ (net)
                      0.026398    0.000000    3.352853 v _1392_/D (sky130_fd_sc_hd__dfxtp_2)
                                              3.352853   data arrival time

                      0.150000   10.000000   10.000000   clock clk (rise edge)
                                  0.000000   10.000000   clock network delay (ideal)
                                 -0.250000    9.750000   clock uncertainty
                                  0.000000    9.750000   clock reconvergence pessimism
                                              9.750000 ^ _1392_/CLK (sky130_fd_sc_hd__dfxtp_2)
                                 -0.057878    9.692122   library setup time
                                              9.692122   data required time
---------------------------------------------------------------------------------------------
                                              9.692122   data required time
                                             -3.352853   data arrival time
---------------------------------------------------------------------------------------------
                                              6.339269   slack (MET)


Startpoint: _1425_ (rising edge-triggered flip-flop clocked by clk)
Endpoint: _1447_ (rising edge-triggered flip-flop clocked by clk)
Path Group: clk
Path Type: max

Fanout         Cap        Slew       Delay        Time   Description
---------------------------------------------------------------------------------------------
                      0.150000    0.000000    0.000000   clock clk (rise edge)
                                  0.000000    0.000000   clock network delay (ideal)
                      0.150000    0.000000    0.000000 ^ _1425_/CLK (sky130_fd_sc_hd__dfxtp_2)
    22    0.058072    0.097120    0.294589    0.294589 v _1425_/Q (sky130_fd_sc_hd__dfxtp_2)
                                                         core_b[0] (net)
                      0.097120    0.000000    0.294589 v _1019_/B (sky130_fd_sc_hd__and3_2)
     7    0.014159    0.048659    0.170922    0.465511 v _1019_/X (sky130_fd_sc_hd__and3_2)
                                                         _0351_ (net)
                      0.048659    0.000000    0.465511 v _1023_/A (sky130_fd_sc_hd__or4bb_2)
     2    0.006549    0.072531    0.372299    0.837810 v _1023_/X (sky130_fd_sc_hd__or4bb_2)
                                                         _0355_ (net)
                      0.072531    0.000000    0.837810 v _1026_/A2 (sky130_fd_sc_hd__a21o_2)
     3    0.008754    0.036577    0.158347    0.996156 v _1026_/X (sky130_fd_sc_hd__a21o_2)
                                                         _0358_ (net)
                      0.036577    0.000000    0.996156 v _1028_/A2 (sky130_fd_sc_hd__a21o_2)
     2    0.006549    0.032697    0.140470    1.136626 v _1028_/X (sky130_fd_sc_hd__a21o_2)
                                                         _0360_ (net)
                      0.032697    0.000000    1.136626 v _1031_/A2 (sky130_fd_sc_hd__a21o_2)
     3    0.010443    0.039523    0.148001    1.284627 v _1031_/X (sky130_fd_sc_hd__a21o_2)
                                                         _0363_ (net)
                      0.039523    0.000000    1.284627 v _1032_/C (sky130_fd_sc_hd__and3_2)
     3    0.008688    0.039243    0.144289    1.428916 v _1032_/X (sky130_fd_sc_hd__and3_2)
                                                         _0364_ (net)
                      0.039243    0.000000    1.428916 v _1037_/A1 (sky130_fd_sc_hd__o211a_2)
     2    0.005471    0.036387    0.165967    1.594883 v _1037_/X (sky130_fd_sc_hd__o211a_2)
                                                         _0369_ (net)
                      0.036387    0.000000    1.594883 v _1038_/C (sky130_fd_sc_hd__or3_2)
     4    0.011077    0.071335    0.256200    1.851083 v _1038_/X (sky130_fd_sc_hd__or3_2)
                                                         _0370_ (net)
                      0.071335    0.000000    1.851083 v _1082_/A2 (sky130_fd_sc_hd__a211o_2)
     3    0.007155    0.043804    0.224618    2.075701 v _1082_/X (sky130_fd_sc_hd__a211o_2)
                                                         _0413_ (net)
                      0.043804    0.000000    2.075701 v _1125_/D (sky130_fd_sc_hd__and4b_2)
     2    0.004455    0.035859    0.154130    2.229831 v _1125_/X (sky130_fd_sc_hd__and4b_2)
                                                         _0455_ (net)
                      0.035859    0.000000    2.229831 v _1196_/A2 (sky130_fd_sc_hd__a211o_2)
     3    0.008745    0.047099    0.217130    2.446960 v _1196_/X (sky130_fd_sc_hd__a211o_2)
                                                         _0524_ (net)
                      0.047099    0.000000    2.446960 v _1225_/A3 (sky130_fd_sc_hd__a31o_2)
     1    0.007716    0.037924    0.168344    2.615305 v _1225_/X (sky130_fd_sc_hd__a31o_2)
                                                         _0552_ (net)
                      0.037924    0.000000    2.615305 v _1227_/B (sky130_fd_sc_hd__xor2_2)
     3    0.015555    0.174551    0.152308    2.767613 ^ _1227_/X (sky130_fd_sc_hd__xor2_2)
                                                         _0554_ (net)
                      0.174551    0.000000    2.767613 ^ _1228_/B (sky130_fd_sc_hd__xor2_2)
     2    0.010763    0.135161    0.126010    2.893624 ^ _1228_/X (sky130_fd_sc_hd__xor2_2)
                                                         _0555_ (net)
                      0.135161    0.000000    2.893624 ^ _1253_/B (sky130_fd_sc_hd__and2b_2)
     1    0.004594    0.031295    0.105211    2.998834 ^ _1253_/X (sky130_fd_sc_hd__and2b_2)
                                                         _0579_ (net)
                      0.031295    0.000000    2.998834 ^ _1254_/B1 (sky130_fd_sc_hd__o21ai_2)
     4    0.010344    0.049418    0.031321    3.030155 v _1254_/Y (sky130_fd_sc_hd__o21ai_2)
                                                         _0580_ (net)
                      0.049418    0.000000    3.030155 v _1257_/A1 (sky130_fd_sc_hd__a21oi_2)
     3    0.012313    0.131969    0.135960    3.166115 ^ _1257_/Y (sky130_fd_sc_hd__a21oi_2)
                                                         _0583_ (net)
                      0.131969    0.000000    3.166115 ^ _1259_/A1 (sky130_fd_sc_hd__o21ai_2)
     1    0.002351    0.092968    0.037973    3.204087 v _1259_/Y (sky130_fd_sc_hd__o21ai_2)
                                                         _0585_ (net)
                      0.092968    0.000000    3.204087 v _1260_/C1 (sky130_fd_sc_hd__o211a_2)
     1    0.001783    0.029392    0.092987    3.297075 v _1260_/X (sky130_fd_sc_hd__o211a_2)
                                                         _0063_ (net)
                      0.029392    0.000000    3.297075 v _1447_/D (sky130_fd_sc_hd__dfxtp_2)
                                              3.297075   data arrival time

                      0.150000   10.000000   10.000000   clock clk (rise edge)
                                  0.000000   10.000000   clock network delay (ideal)
                                 -0.250000    9.750000   clock uncertainty
                                  0.000000    9.750000   clock reconvergence pessimism
                                              9.750000 ^ _1447_/CLK (sky130_fd_sc_hd__dfxtp_2)
                                 -0.058942    9.691058   library setup time
                                              9.691058   data required time
---------------------------------------------------------------------------------------------
                                              9.691058   data required time
                                             -3.297075   data arrival time
---------------------------------------------------------------------------------------------
                                              6.393983   slack (MET)


Startpoint: _1425_ (rising edge-triggered flip-flop clocked by clk)
Endpoint: _1446_ (rising edge-triggered flip-flop clocked by clk)
Path Group: clk
Path Type: max

Fanout         Cap        Slew       Delay        Time   Description
---------------------------------------------------------------------------------------------
                      0.150000    0.000000    0.000000   clock clk (rise edge)
                                  0.000000    0.000000   clock network delay (ideal)
                      0.150000    0.000000    0.000000 ^ _1425_/CLK (sky130_fd_sc_hd__dfxtp_2)
    22    0.058072    0.097120    0.294589    0.294589 v _1425_/Q (sky130_fd_sc_hd__dfxtp_2)
                                                         core_b[0] (net)
                      0.097120    0.000000    0.294589 v _1019_/B (sky130_fd_sc_hd__and3_2)
     7    0.014159    0.048659    0.170922    0.465511 v _1019_/X (sky130_fd_sc_hd__and3_2)
                                                         _0351_ (net)
                      0.048659    0.000000    0.465511 v _1023_/A (sky130_fd_sc_hd__or4bb_2)
     2    0.006549    0.072531    0.372299    0.837810 v _1023_/X (sky130_fd_sc_hd__or4bb_2)
                                                         _0355_ (net)
                      0.072531    0.000000    0.837810 v _1026_/A2 (sky130_fd_sc_hd__a21o_2)
     3    0.008754    0.036577    0.158347    0.996156 v _1026_/X (sky130_fd_sc_hd__a21o_2)
                                                         _0358_ (net)
                      0.036577    0.000000    0.996156 v _1028_/A2 (sky130_fd_sc_hd__a21o_2)
     2    0.006549    0.032697    0.140470    1.136626 v _1028_/X (sky130_fd_sc_hd__a21o_2)
                                                         _0360_ (net)
                      0.032697    0.000000    1.136626 v _1031_/A2 (sky130_fd_sc_hd__a21o_2)
     3    0.010443    0.039523    0.148001    1.284627 v _1031_/X (sky130_fd_sc_hd__a21o_2)
                                                         _0363_ (net)
                      0.039523    0.000000    1.284627 v _1032_/C (sky130_fd_sc_hd__and3_2)
     3    0.008688    0.039243    0.144289    1.428916 v _1032_/X (sky130_fd_sc_hd__and3_2)
                                                         _0364_ (net)
                      0.039243    0.000000    1.428916 v _1037_/A1 (sky130_fd_sc_hd__o211a_2)
     2    0.005471    0.036387    0.165967    1.594883 v _1037_/X (sky130_fd_sc_hd__o211a_2)
                                                         _0369_ (net)
                      0.036387    0.000000    1.594883 v _1038_/C (sky130_fd_sc_hd__or3_2)
     4    0.011077    0.071335    0.256200    1.851083 v _1038_/X (sky130_fd_sc_hd__or3_2)
                                                         _0370_ (net)
                      0.071335    0.000000    1.851083 v _1082_/A2 (sky130_fd_sc_hd__a211o_2)
     3    0.007155    0.043804    0.224618    2.075701 v _1082_/X (sky130_fd_sc_hd__a211o_2)
                                                         _0413_ (net)
                      0.043804    0.000000    2.075701 v _1125_/D (sky130_fd_sc_hd__and4b_2)
     2    0.004455    0.035859    0.154130    2.229831 v _1125_/X (sky130_fd_sc_hd__and4b_2)
                                                         _0455_ (net)
                      0.035859    0.000000    2.229831 v _1127_/A2 (sky130_fd_sc_hd__a21o_2)
     2    0.010209    0.039119    0.148627    2.378458 v _1127_/X (sky130_fd_sc_hd__a21o_2)
                                                         _0457_ (net)
                      0.039119    0.000000    2.378458 v _1128_/B (sky130_fd_sc_hd__xnor2_2)
     2    0.012225    0.054088    0.099731    2.478189 v _1128_/Y (sky130_fd_sc_hd__xnor2_2)
                                                         _0458_ (net)
                      0.054088    0.000000    2.478189 v _1130_/B (sky130_fd_sc_hd__xnor2_2)
     2    0.010466    0.054342    0.102164    2.580353 v _1130_/Y (sky130_fd_sc_hd__xnor2_2)
                                                         _0460_ (net)
                      0.054342    0.000000    2.580353 v _1132_/C1 (sky130_fd_sc_hd__a211o_2)
     2    0.006162    0.041750    0.134839    2.715192 v _1132_/X (sky130_fd_sc_hd__a211o_2)
                                                         _0462_ (net)
                      0.041750    0.000000    2.715192 v _1165_/A2 (sky130_fd_sc_hd__a21oi_2)
     3    0.014569    0.149253    0.151670    2.866862 ^ _1165_/Y (sky130_fd_sc_hd__a21oi_2)
                                                         _0494_ (net)
                      0.149253    0.000000    2.866862 ^ _1169_/B (sky130_fd_sc_hd__nor2_2)
     2    0.012433    0.049526    0.040967    2.907829 v _1169_/Y (sky130_fd_sc_hd__nor2_2)
                                                         _0497_ (net)
                      0.049526    0.000000    2.907829 v _1229_/A1 (sky130_fd_sc_hd__o21bai_2)
     1    0.008395    0.106965    0.119344    3.027173 ^ _1229_/Y (sky130_fd_sc_hd__o21bai_2)
                                                         _0556_ (net)
                      0.106965    0.000000    3.027173 ^ _1230_/B (sky130_fd_sc_hd__xnor2_2)
     1    0.004614    0.091818    0.074276    3.101449 ^ _1230_/Y (sky130_fd_sc_hd__xnor2_2)
                                                         _0557_ (net)
                      0.091818    0.000000    3.101449 ^ _1231_/B (sky130_fd_sc_hd__nand2_2)
     1    0.002351    0.097224    0.027918    3.129367 v _1231_/Y (sky130_fd_sc_hd__nand2_2)
                                                         _0558_ (net)
                      0.097224    0.000000    3.129367 v _1232_/C1 (sky130_fd_sc_hd__o211a_2)
     1    0.001783    0.029392    0.094739    3.224106 v _1232_/X (sky130_fd_sc_hd__o211a_2)
                                                         _0062_ (net)
                      0.029392    0.000000    3.224106 v _1446_/D (sky130_fd_sc_hd__dfxtp_2)
                                              3.224106   data arrival time

                      0.150000   10.000000   10.000000   clock clk (rise edge)
                                  0.000000   10.000000   clock network delay (ideal)
                                 -0.250000    9.750000   clock uncertainty
                                  0.000000    9.750000   clock reconvergence pessimism
                                              9.750000 ^ _1446_/CLK (sky130_fd_sc_hd__dfxtp_2)
                                 -0.058942    9.691058   library setup time
                                              9.691058   data required time
---------------------------------------------------------------------------------------------
                                              9.691058   data required time
                                             -3.224106   data arrival time
---------------------------------------------------------------------------------------------
                                              6.466951   slack (MET)


Startpoint: addr[5] (input port clocked by clk)
Endpoint: _1425_ (rising edge-triggered flip-flop clocked by clk)
Path Group: clk
Path Type: max

Fanout         Cap        Slew       Delay        Time   Description
---------------------------------------------------------------------------------------------
                      0.150000    0.000000    0.000000   clock clk (rise edge)
                                  0.000000    0.000000   clock network delay (ideal)
                                  2.000000    2.000000 v input external delay
     1    0.001415    0.002876    0.001055    2.001055 v addr[5] (in)
                                                         addr[5] (net)
                      0.002876    0.000000    2.001055 v _0697_/A (sky130_fd_sc_hd__or4_2)
     2    0.002790    0.065155    0.364536    2.365592 v _0697_/X (sky130_fd_sc_hd__or4_2)
                                                         _0086_ (net)
                      0.065155    0.000000    2.365592 v _0700_/B (sky130_fd_sc_hd__or2_2)
     2    0.008115    0.048676    0.182505    2.548097 v _0700_/X (sky130_fd_sc_hd__or2_2)
                                                         _0088_ (net)
                      0.048676    0.000000    2.548097 v _0720_/A (sky130_fd_sc_hd__nor2_2)
     9    0.022093    0.187109    0.171668    2.719765 ^ _0720_/Y (sky130_fd_sc_hd__nor2_2)
                                                         _0100_ (net)
                      0.187109    0.000000    2.719765 ^ _0796_/C (sky130_fd_sc_hd__and3_2)
     8    0.029488    0.121422    0.196351    2.916116 ^ _0796_/X (sky130_fd_sc_hd__and3_2)
                                                         _0144_ (net)
                      0.121422    0.000000    2.916116 ^ _0797_/S (sky130_fd_sc_hd__mux2_1)
     1    0.001495    0.033540    0.183201    3.099317 v _0797_/X (sky130_fd_sc_hd__mux2_1)
                                                         _0145_ (net)
                      0.033540    0.000000    3.099317 v _0798_/B (sky130_fd_sc_hd__and2_2)
     1    0.001783    0.026398    0.110451    3.209767 v _0798_/X (sky130_fd_sc_hd__and2_2)
                                                         _0041_ (net)
                      0.026398    0.000000    3.209767 v _1425_/D (sky130_fd_sc_hd__dfxtp_2)
                                              3.209767   data arrival time

                      0.150000   10.000000   10.000000   clock clk (rise edge)
                                  0.000000   10.000000   clock network delay (ideal)
                                 -0.250000    9.750000   clock uncertainty
                                  0.000000    9.750000   clock reconvergence pessimism
                                              9.750000 ^ _1425_/CLK (sky130_fd_sc_hd__dfxtp_2)
                                 -0.057878    9.692122   library setup time
                                              9.692122   data required time
---------------------------------------------------------------------------------------------
                                              9.692122   data required time
                                             -3.209767   data arrival time
---------------------------------------------------------------------------------------------
                                              6.482354   slack (MET)


Startpoint: addr[5] (input port clocked by clk)
Endpoint: _1426_ (rising edge-triggered flip-flop clocked by clk)
Path Group: clk
Path Type: max

Fanout         Cap        Slew       Delay        Time   Description
---------------------------------------------------------------------------------------------
                      0.150000    0.000000    0.000000   clock clk (rise edge)
                                  0.000000    0.000000   clock network delay (ideal)
                                  2.000000    2.000000 v input external delay
     1    0.001415    0.002876    0.001055    2.001055 v addr[5] (in)
                                                         addr[5] (net)
                      0.002876    0.000000    2.001055 v _0697_/A (sky130_fd_sc_hd__or4_2)
     2    0.002790    0.065155    0.364536    2.365592 v _0697_/X (sky130_fd_sc_hd__or4_2)
                                                         _0086_ (net)
                      0.065155    0.000000    2.365592 v _0700_/B (sky130_fd_sc_hd__or2_2)
     2    0.008115    0.048676    0.182505    2.548097 v _0700_/X (sky130_fd_sc_hd__or2_2)
                                                         _0088_ (net)
                      0.048676    0.000000    2.548097 v _0720_/A (sky130_fd_sc_hd__nor2_2)
     9    0.022093    0.187109    0.171668    2.719765 ^ _0720_/Y (sky130_fd_sc_hd__nor2_2)
                                                         _0100_ (net)
                      0.187109    0.000000    2.719765 ^ _0796_/C (sky130_fd_sc_hd__and3_2)
     8    0.029488    0.121422    0.196351    2.916116 ^ _0796_/X (sky130_fd_sc_hd__and3_2)
                                                         _0144_ (net)
                      0.121422    0.000000    2.916116 ^ _0799_/S (sky130_fd_sc_hd__mux2_1)
     1    0.001495    0.033540    0.183201    3.099317 v _0799_/X (sky130_fd_sc_hd__mux2_1)
                                                         _0146_ (net)
                      0.033540    0.000000    3.099317 v _0800_/B (sky130_fd_sc_hd__and2_2)
     1    0.001783    0.026398    0.110451    3.209767 v _0800_/X (sky130_fd_sc_hd__and2_2)
                                                         _0042_ (net)
                      0.026398    0.000000    3.209767 v _1426_/D (sky130_fd_sc_hd__dfxtp_2)
                                              3.209767   data arrival time

                      0.150000   10.000000   10.000000   clock clk (rise edge)
                                  0.000000   10.000000   clock network delay (ideal)
                                 -0.250000    9.750000   clock uncertainty
                                  0.000000    9.750000   clock reconvergence pessimism
                                              9.750000 ^ _1426_/CLK (sky130_fd_sc_hd__dfxtp_2)
                                 -0.057878    9.692122   library setup time
                                              9.692122   data required time
---------------------------------------------------------------------------------------------
                                              9.692122   data required time
                                             -3.209767   data arrival time
---------------------------------------------------------------------------------------------
                                              6.482354   slack (MET)


Startpoint: addr[5] (input port clocked by clk)
Endpoint: _1427_ (rising edge-triggered flip-flop clocked by clk)
Path Group: clk
Path Type: max

Fanout         Cap        Slew       Delay        Time   Description
---------------------------------------------------------------------------------------------
                      0.150000    0.000000    0.000000   clock clk (rise edge)
                                  0.000000    0.000000   clock network delay (ideal)
                                  2.000000    2.000000 v input external delay
     1    0.001415    0.002876    0.001055    2.001055 v addr[5] (in)
                                                         addr[5] (net)
                      0.002876    0.000000    2.001055 v _0697_/A (sky130_fd_sc_hd__or4_2)
     2    0.002790    0.065155    0.364536    2.365592 v _0697_/X (sky130_fd_sc_hd__or4_2)
                                                         _0086_ (net)
                      0.065155    0.000000    2.365592 v _0700_/B (sky130_fd_sc_hd__or2_2)
     2    0.008115    0.048676    0.182505    2.548097 v _0700_/X (sky130_fd_sc_hd__or2_2)
                                                         _0088_ (net)
                      0.048676    0.000000    2.548097 v _0720_/A (sky130_fd_sc_hd__nor2_2)
     9    0.022093    0.187109    0.171668    2.719765 ^ _0720_/Y (sky130_fd_sc_hd__nor2_2)
                                                         _0100_ (net)
                      0.187109    0.000000    2.719765 ^ _0796_/C (sky130_fd_sc_hd__and3_2)
     8    0.029488    0.121422    0.196351    2.916116 ^ _0796_/X (sky130_fd_sc_hd__and3_2)
                                                         _0144_ (net)
                      0.121422    0.000000    2.916116 ^ _0801_/S (sky130_fd_sc_hd__mux2_1)
     1    0.001495    0.033540    0.183201    3.099317 v _0801_/X (sky130_fd_sc_hd__mux2_1)
                                                         _0147_ (net)
                      0.033540    0.000000    3.099317 v _0802_/B (sky130_fd_sc_hd__and2_2)
     1    0.001783    0.026398    0.110451    3.209767 v _0802_/X (sky130_fd_sc_hd__and2_2)
                                                         _0043_ (net)
                      0.026398    0.000000    3.209767 v _1427_/D (sky130_fd_sc_hd__dfxtp_2)
                                              3.209767   data arrival time

                      0.150000   10.000000   10.000000   clock clk (rise edge)
                                  0.000000   10.000000   clock network delay (ideal)
                                 -0.250000    9.750000   clock uncertainty
                                  0.000000    9.750000   clock reconvergence pessimism
                                              9.750000 ^ _1427_/CLK (sky130_fd_sc_hd__dfxtp_2)
                                 -0.057878    9.692122   library setup time
                                              9.692122   data required time
---------------------------------------------------------------------------------------------
                                              9.692122   data required time
                                             -3.209767   data arrival time
---------------------------------------------------------------------------------------------
                                              6.482354   slack (MET)


Startpoint: addr[5] (input port clocked by clk)
Endpoint: _1428_ (rising edge-triggered flip-flop clocked by clk)
Path Group: clk
Path Type: max

Fanout         Cap        Slew       Delay        Time   Description
---------------------------------------------------------------------------------------------
                      0.150000    0.000000    0.000000   clock clk (rise edge)
                                  0.000000    0.000000   clock network delay (ideal)
                                  2.000000    2.000000 v input external delay
     1    0.001415    0.002876    0.001055    2.001055 v addr[5] (in)
                                                         addr[5] (net)
                      0.002876    0.000000    2.001055 v _0697_/A (sky130_fd_sc_hd__or4_2)
     2    0.002790    0.065155    0.364536    2.365592 v _0697_/X (sky130_fd_sc_hd__or4_2)
                                                         _0086_ (net)
                      0.065155    0.000000    2.365592 v _0700_/B (sky130_fd_sc_hd__or2_2)
     2    0.008115    0.048676    0.182505    2.548097 v _0700_/X (sky130_fd_sc_hd__or2_2)
                                                         _0088_ (net)
                      0.048676    0.000000    2.548097 v _0720_/A (sky130_fd_sc_hd__nor2_2)
     9    0.022093    0.187109    0.171668    2.719765 ^ _0720_/Y (sky130_fd_sc_hd__nor2_2)
                                                         _0100_ (net)
                      0.187109    0.000000    2.719765 ^ _0796_/C (sky130_fd_sc_hd__and3_2)
     8    0.029488    0.121422    0.196351    2.916116 ^ _0796_/X (sky130_fd_sc_hd__and3_2)
                                                         _0144_ (net)
                      0.121422    0.000000    2.916116 ^ _0803_/S (sky130_fd_sc_hd__mux2_1)
     1    0.001495    0.033540    0.183201    3.099317 v _0803_/X (sky130_fd_sc_hd__mux2_1)
                                                         _0148_ (net)
                      0.033540    0.000000    3.099317 v _0804_/B (sky130_fd_sc_hd__and2_2)
     1    0.001783    0.026398    0.110451    3.209767 v _0804_/X (sky130_fd_sc_hd__and2_2)
                                                         _0044_ (net)
                      0.026398    0.000000    3.209767 v _1428_/D (sky130_fd_sc_hd__dfxtp_2)
                                              3.209767   data arrival time

                      0.150000   10.000000   10.000000   clock clk (rise edge)
                                  0.000000   10.000000   clock network delay (ideal)
                                 -0.250000    9.750000   clock uncertainty
                                  0.000000    9.750000   clock reconvergence pessimism
                                              9.750000 ^ _1428_/CLK (sky130_fd_sc_hd__dfxtp_2)
                                 -0.057878    9.692122   library setup time
                                              9.692122   data required time
---------------------------------------------------------------------------------------------
                                              9.692122   data required time
                                             -3.209767   data arrival time
---------------------------------------------------------------------------------------------
                                              6.482354   slack (MET)


Startpoint: addr[5] (input port clocked by clk)
Endpoint: _1429_ (rising edge-triggered flip-flop clocked by clk)
Path Group: clk
Path Type: max

Fanout         Cap        Slew       Delay        Time   Description
---------------------------------------------------------------------------------------------
                      0.150000    0.000000    0.000000   clock clk (rise edge)
                                  0.000000    0.000000   clock network delay (ideal)
                                  2.000000    2.000000 v input external delay
     1    0.001415    0.002876    0.001055    2.001055 v addr[5] (in)
                                                         addr[5] (net)
                      0.002876    0.000000    2.001055 v _0697_/A (sky130_fd_sc_hd__or4_2)
     2    0.002790    0.065155    0.364536    2.365592 v _0697_/X (sky130_fd_sc_hd__or4_2)
                                                         _0086_ (net)
                      0.065155    0.000000    2.365592 v _0700_/B (sky130_fd_sc_hd__or2_2)
     2    0.008115    0.048676    0.182505    2.548097 v _0700_/X (sky130_fd_sc_hd__or2_2)
                                                         _0088_ (net)
                      0.048676    0.000000    2.548097 v _0720_/A (sky130_fd_sc_hd__nor2_2)
     9    0.022093    0.187109    0.171668    2.719765 ^ _0720_/Y (sky130_fd_sc_hd__nor2_2)
                                                         _0100_ (net)
                      0.187109    0.000000    2.719765 ^ _0796_/C (sky130_fd_sc_hd__and3_2)
     8    0.029488    0.121422    0.196351    2.916116 ^ _0796_/X (sky130_fd_sc_hd__and3_2)
                                                         _0144_ (net)
                      0.121422    0.000000    2.916116 ^ _0805_/S (sky130_fd_sc_hd__mux2_1)
     1    0.001495    0.033540    0.183201    3.099317 v _0805_/X (sky130_fd_sc_hd__mux2_1)
                                                         _0149_ (net)
                      0.033540    0.000000    3.099317 v _0806_/B (sky130_fd_sc_hd__and2_2)
     1    0.001783    0.026398    0.110451    3.209767 v _0806_/X (sky130_fd_sc_hd__and2_2)
                                                         _0045_ (net)
                      0.026398    0.000000    3.209767 v _1429_/D (sky130_fd_sc_hd__dfxtp_2)
                                              3.209767   data arrival time

                      0.150000   10.000000   10.000000   clock clk (rise edge)
                                  0.000000   10.000000   clock network delay (ideal)
                                 -0.250000    9.750000   clock uncertainty
                                  0.000000    9.750000   clock reconvergence pessimism
                                              9.750000 ^ _1429_/CLK (sky130_fd_sc_hd__dfxtp_2)
                                 -0.057878    9.692122   library setup time
                                              9.692122   data required time
---------------------------------------------------------------------------------------------
                                              9.692122   data required time
                                             -3.209767   data arrival time
---------------------------------------------------------------------------------------------
                                              6.482354   slack (MET)


Startpoint: addr[5] (input port clocked by clk)
Endpoint: _1430_ (rising edge-triggered flip-flop clocked by clk)
Path Group: clk
Path Type: max

Fanout         Cap        Slew       Delay        Time   Description
---------------------------------------------------------------------------------------------
                      0.150000    0.000000    0.000000   clock clk (rise edge)
                                  0.000000    0.000000   clock network delay (ideal)
                                  2.000000    2.000000 v input external delay
     1    0.001415    0.002876    0.001055    2.001055 v addr[5] (in)
                                                         addr[5] (net)
                      0.002876    0.000000    2.001055 v _0697_/A (sky130_fd_sc_hd__or4_2)
     2    0.002790    0.065155    0.364536    2.365592 v _0697_/X (sky130_fd_sc_hd__or4_2)
                                                         _0086_ (net)
                      0.065155    0.000000    2.365592 v _0700_/B (sky130_fd_sc_hd__or2_2)
     2    0.008115    0.048676    0.182505    2.548097 v _0700_/X (sky130_fd_sc_hd__or2_2)
                                                         _0088_ (net)
                      0.048676    0.000000    2.548097 v _0720_/A (sky130_fd_sc_hd__nor2_2)
     9    0.022093    0.187109    0.171668    2.719765 ^ _0720_/Y (sky130_fd_sc_hd__nor2_2)
                                                         _0100_ (net)
                      0.187109    0.000000    2.719765 ^ _0796_/C (sky130_fd_sc_hd__and3_2)
     8    0.029488    0.121422    0.196351    2.916116 ^ _0796_/X (sky130_fd_sc_hd__and3_2)
                                                         _0144_ (net)
                      0.121422    0.000000    2.916116 ^ _0807_/S (sky130_fd_sc_hd__mux2_1)
     1    0.001495    0.033540    0.183201    3.099317 v _0807_/X (sky130_fd_sc_hd__mux2_1)
                                                         _0150_ (net)
                      0.033540    0.000000    3.099317 v _0808_/B (sky130_fd_sc_hd__and2_2)
     1    0.001783    0.026398    0.110451    3.209767 v _0808_/X (sky130_fd_sc_hd__and2_2)
                                                         _0046_ (net)
                      0.026398    0.000000    3.209767 v _1430_/D (sky130_fd_sc_hd__dfxtp_2)
                                              3.209767   data arrival time

                      0.150000   10.000000   10.000000   clock clk (rise edge)
                                  0.000000   10.000000   clock network delay (ideal)
                                 -0.250000    9.750000   clock uncertainty
                                  0.000000    9.750000   clock reconvergence pessimism
                                              9.750000 ^ _1430_/CLK (sky130_fd_sc_hd__dfxtp_2)
                                 -0.057878    9.692122   library setup time
                                              9.692122   data required time
---------------------------------------------------------------------------------------------
                                              9.692122   data required time
                                             -3.209767   data arrival time
---------------------------------------------------------------------------------------------
                                              6.482354   slack (MET)


Startpoint: addr[5] (input port clocked by clk)
Endpoint: _1431_ (rising edge-triggered flip-flop clocked by clk)
Path Group: clk
Path Type: max

Fanout         Cap        Slew       Delay        Time   Description
---------------------------------------------------------------------------------------------
                      0.150000    0.000000    0.000000   clock clk (rise edge)
                                  0.000000    0.000000   clock network delay (ideal)
                                  2.000000    2.000000 v input external delay
     1    0.001415    0.002876    0.001055    2.001055 v addr[5] (in)
                                                         addr[5] (net)
                      0.002876    0.000000    2.001055 v _0697_/A (sky130_fd_sc_hd__or4_2)
     2    0.002790    0.065155    0.364536    2.365592 v _0697_/X (sky130_fd_sc_hd__or4_2)
                                                         _0086_ (net)
                      0.065155    0.000000    2.365592 v _0700_/B (sky130_fd_sc_hd__or2_2)
     2    0.008115    0.048676    0.182505    2.548097 v _0700_/X (sky130_fd_sc_hd__or2_2)
                                                         _0088_ (net)
                      0.048676    0.000000    2.548097 v _0720_/A (sky130_fd_sc_hd__nor2_2)
     9    0.022093    0.187109    0.171668    2.719765 ^ _0720_/Y (sky130_fd_sc_hd__nor2_2)
                                                         _0100_ (net)
                      0.187109    0.000000    2.719765 ^ _0796_/C (sky130_fd_sc_hd__and3_2)
     8    0.029488    0.121422    0.196351    2.916116 ^ _0796_/X (sky130_fd_sc_hd__and3_2)
                                                         _0144_ (net)
                      0.121422    0.000000    2.916116 ^ _0809_/S (sky130_fd_sc_hd__mux2_1)
     1    0.001495    0.033540    0.183201    3.099317 v _0809_/X (sky130_fd_sc_hd__mux2_1)
                                                         _0151_ (net)
                      0.033540    0.000000    3.099317 v _0810_/B (sky130_fd_sc_hd__and2_2)
     1    0.001783    0.026398    0.110451    3.209767 v _0810_/X (sky130_fd_sc_hd__and2_2)
                                                         _0047_ (net)
                      0.026398    0.000000    3.209767 v _1431_/D (sky130_fd_sc_hd__dfxtp_2)
                                              3.209767   data arrival time

                      0.150000   10.000000   10.000000   clock clk (rise edge)
                                  0.000000   10.000000   clock network delay (ideal)
                                 -0.250000    9.750000   clock uncertainty
                                  0.000000    9.750000   clock reconvergence pessimism
                                              9.750000 ^ _1431_/CLK (sky130_fd_sc_hd__dfxtp_2)
                                 -0.057878    9.692122   library setup time
                                              9.692122   data required time
---------------------------------------------------------------------------------------------
                                              9.692122   data required time
                                             -3.209767   data arrival time
---------------------------------------------------------------------------------------------
                                              6.482354   slack (MET)


Startpoint: addr[5] (input port clocked by clk)
Endpoint: _1432_ (rising edge-triggered flip-flop clocked by clk)
Path Group: clk
Path Type: max

Fanout         Cap        Slew       Delay        Time   Description
---------------------------------------------------------------------------------------------
                      0.150000    0.000000    0.000000   clock clk (rise edge)
                                  0.000000    0.000000   clock network delay (ideal)
                                  2.000000    2.000000 v input external delay
     1    0.001415    0.002876    0.001055    2.001055 v addr[5] (in)
                                                         addr[5] (net)
                      0.002876    0.000000    2.001055 v _0697_/A (sky130_fd_sc_hd__or4_2)
     2    0.002790    0.065155    0.364536    2.365592 v _0697_/X (sky130_fd_sc_hd__or4_2)
                                                         _0086_ (net)
                      0.065155    0.000000    2.365592 v _0700_/B (sky130_fd_sc_hd__or2_2)
     2    0.008115    0.048676    0.182505    2.548097 v _0700_/X (sky130_fd_sc_hd__or2_2)
                                                         _0088_ (net)
                      0.048676    0.000000    2.548097 v _0720_/A (sky130_fd_sc_hd__nor2_2)
     9    0.022093    0.187109    0.171668    2.719765 ^ _0720_/Y (sky130_fd_sc_hd__nor2_2)
                                                         _0100_ (net)
                      0.187109    0.000000    2.719765 ^ _0796_/C (sky130_fd_sc_hd__and3_2)
     8    0.029488    0.121422    0.196351    2.916116 ^ _0796_/X (sky130_fd_sc_hd__and3_2)
                                                         _0144_ (net)
                      0.121422    0.000000    2.916116 ^ _0811_/S (sky130_fd_sc_hd__mux2_1)
     1    0.001495    0.033540    0.183201    3.099317 v _0811_/X (sky130_fd_sc_hd__mux2_1)
                                                         _0152_ (net)
                      0.033540    0.000000    3.099317 v _0812_/B (sky130_fd_sc_hd__and2_2)
     1    0.001783    0.026398    0.110451    3.209767 v _0812_/X (sky130_fd_sc_hd__and2_2)
                                                         _0048_ (net)
                      0.026398    0.000000    3.209767 v _1432_/D (sky130_fd_sc_hd__dfxtp_2)
                                              3.209767   data arrival time

                      0.150000   10.000000   10.000000   clock clk (rise edge)
                                  0.000000   10.000000   clock network delay (ideal)
                                 -0.250000    9.750000   clock uncertainty
                                  0.000000    9.750000   clock reconvergence pessimism
                                              9.750000 ^ _1432_/CLK (sky130_fd_sc_hd__dfxtp_2)
                                 -0.057878    9.692122   library setup time
                                              9.692122   data required time
---------------------------------------------------------------------------------------------
                                              9.692122   data required time
                                             -3.209767   data arrival time
---------------------------------------------------------------------------------------------
                                              6.482354   slack (MET)


Startpoint: addr[5] (input port clocked by clk)
Endpoint: _1401_ (rising edge-triggered flip-flop clocked by clk)
Path Group: clk
Path Type: max

Fanout         Cap        Slew       Delay        Time   Description
---------------------------------------------------------------------------------------------
                      0.150000    0.000000    0.000000   clock clk (rise edge)
                                  0.000000    0.000000   clock network delay (ideal)
                                  2.000000    2.000000 v input external delay
     1    0.001415    0.002876    0.001055    2.001055 v addr[5] (in)
                                                         addr[5] (net)
                      0.002876    0.000000    2.001055 v _0697_/A (sky130_fd_sc_hd__or4_2)
     2    0.002790    0.065155    0.364536    2.365592 v _0697_/X (sky130_fd_sc_hd__or4_2)
                                                         _0086_ (net)
                      0.065155    0.000000    2.365592 v _0700_/B (sky130_fd_sc_hd__or2_2)
     2    0.008115    0.048676    0.182505    2.548097 v _0700_/X (sky130_fd_sc_hd__or2_2)
                                                         _0088_ (net)
                      0.048676    0.000000    2.548097 v _0701_/D (sky130_fd_sc_hd__nor4_2)
     9    0.022012    0.418127    0.298703    2.846800 ^ _0701_/Y (sky130_fd_sc_hd__nor4_2)
                                                         _0089_ (net)
                      0.418127    0.000000    2.846800 ^ _0746_/A2 (sky130_fd_sc_hd__a221o_2)
    25    0.061559    0.240152    0.273077    3.119876 ^ _0746_/X (sky130_fd_sc_hd__a221o_2)
                                                         _0119_ (net)
                      0.240152    0.000000    3.119876 ^ _0749_/B1 (sky130_fd_sc_hd__o221a_2)
     1    0.001748    0.031904    0.114633    3.234509 ^ _0749_/X (sky130_fd_sc_hd__o221a_2)
                                                         _0017_ (net)
                      0.031904    0.000000    3.234509 ^ _1401_/D (sky130_fd_sc_hd__dfxtp_2)
                                              3.234509   data arrival time

                      0.150000   10.000000   10.000000   clock clk (rise edge)
                                  0.000000   10.000000   clock network delay (ideal)
                                 -0.250000    9.750000   clock uncertainty
                                  0.000000    9.750000   clock reconvergence pessimism
                                              9.750000 ^ _1401_/CLK (sky130_fd_sc_hd__dfxtp_2)
                                 -0.027718    9.722281   library setup time
                                              9.722281   data required time
---------------------------------------------------------------------------------------------
                                              9.722281   data required time
                                             -3.234509   data arrival time
---------------------------------------------------------------------------------------------
                                              6.487773   slack (MET)


Startpoint: addr[5] (input port clocked by clk)
Endpoint: _1402_ (rising edge-triggered flip-flop clocked by clk)
Path Group: clk
Path Type: max

Fanout         Cap        Slew       Delay        Time   Description
---------------------------------------------------------------------------------------------
                      0.150000    0.000000    0.000000   clock clk (rise edge)
                                  0.000000    0.000000   clock network delay (ideal)
                                  2.000000    2.000000 v input external delay
     1    0.001415    0.002876    0.001055    2.001055 v addr[5] (in)
                                                         addr[5] (net)
                      0.002876    0.000000    2.001055 v _0697_/A (sky130_fd_sc_hd__or4_2)
     2    0.002790    0.065155    0.364536    2.365592 v _0697_/X (sky130_fd_sc_hd__or4_2)
                                                         _0086_ (net)
                      0.065155    0.000000    2.365592 v _0700_/B (sky130_fd_sc_hd__or2_2)
     2    0.008115    0.048676    0.182505    2.548097 v _0700_/X (sky130_fd_sc_hd__or2_2)
                                                         _0088_ (net)
                      0.048676    0.000000    2.548097 v _0701_/D (sky130_fd_sc_hd__nor4_2)
     9    0.022012    0.418127    0.298703    2.846800 ^ _0701_/Y (sky130_fd_sc_hd__nor4_2)
                                                         _0089_ (net)
                      0.418127    0.000000    2.846800 ^ _0746_/A2 (sky130_fd_sc_hd__a221o_2)
    25    0.061559    0.240152    0.273077    3.119876 ^ _0746_/X (sky130_fd_sc_hd__a221o_2)
                                                         _0119_ (net)
                      0.240152    0.000000    3.119876 ^ _0751_/B1 (sky130_fd_sc_hd__o221a_2)
     1    0.001748    0.031904    0.114633    3.234509 ^ _0751_/X (sky130_fd_sc_hd__o221a_2)
                                                         _0018_ (net)
                      0.031904    0.000000    3.234509 ^ _1402_/D (sky130_fd_sc_hd__dfxtp_2)
                                              3.234509   data arrival time

                      0.150000   10.000000   10.000000   clock clk (rise edge)
                                  0.000000   10.000000   clock network delay (ideal)
                                 -0.250000    9.750000   clock uncertainty
                                  0.000000    9.750000   clock reconvergence pessimism
                                              9.750000 ^ _1402_/CLK (sky130_fd_sc_hd__dfxtp_2)
                                 -0.027718    9.722281   library setup time
                                              9.722281   data required time
---------------------------------------------------------------------------------------------
                                              9.722281   data required time
                                             -3.234509   data arrival time
---------------------------------------------------------------------------------------------
                                              6.487773   slack (MET)


Startpoint: addr[5] (input port clocked by clk)
Endpoint: _1403_ (rising edge-triggered flip-flop clocked by clk)
Path Group: clk
Path Type: max

Fanout         Cap        Slew       Delay        Time   Description
---------------------------------------------------------------------------------------------
                      0.150000    0.000000    0.000000   clock clk (rise edge)
                                  0.000000    0.000000   clock network delay (ideal)
                                  2.000000    2.000000 v input external delay
     1    0.001415    0.002876    0.001055    2.001055 v addr[5] (in)
                                                         addr[5] (net)
                      0.002876    0.000000    2.001055 v _0697_/A (sky130_fd_sc_hd__or4_2)
     2    0.002790    0.065155    0.364536    2.365592 v _0697_/X (sky130_fd_sc_hd__or4_2)
                                                         _0086_ (net)
                      0.065155    0.000000    2.365592 v _0700_/B (sky130_fd_sc_hd__or2_2)
     2    0.008115    0.048676    0.182505    2.548097 v _0700_/X (sky130_fd_sc_hd__or2_2)
                                                         _0088_ (net)
                      0.048676    0.000000    2.548097 v _0701_/D (sky130_fd_sc_hd__nor4_2)
     9    0.022012    0.418127    0.298703    2.846800 ^ _0701_/Y (sky130_fd_sc_hd__nor4_2)
                                                         _0089_ (net)
                      0.418127    0.000000    2.846800 ^ _0746_/A2 (sky130_fd_sc_hd__a221o_2)
    25    0.061559    0.240152    0.273077    3.119876 ^ _0746_/X (sky130_fd_sc_hd__a221o_2)
                                                         _0119_ (net)
                      0.240152    0.000000    3.119876 ^ _0753_/B1 (sky130_fd_sc_hd__o221a_2)
     1    0.001748    0.031904    0.114633    3.234509 ^ _0753_/X (sky130_fd_sc_hd__o221a_2)
                                                         _0019_ (net)
                      0.031904    0.000000    3.234509 ^ _1403_/D (sky130_fd_sc_hd__dfxtp_2)
                                              3.234509   data arrival time

                      0.150000   10.000000   10.000000   clock clk (rise edge)
                                  0.000000   10.000000   clock network delay (ideal)
                                 -0.250000    9.750000   clock uncertainty
                                  0.000000    9.750000   clock reconvergence pessimism
                                              9.750000 ^ _1403_/CLK (sky130_fd_sc_hd__dfxtp_2)
                                 -0.027718    9.722281   library setup time
                                              9.722281   data required time
---------------------------------------------------------------------------------------------
                                              9.722281   data required time
                                             -3.234509   data arrival time
---------------------------------------------------------------------------------------------
                                              6.487773   slack (MET)


Startpoint: addr[5] (input port clocked by clk)
Endpoint: _1404_ (rising edge-triggered flip-flop clocked by clk)
Path Group: clk
Path Type: max

Fanout         Cap        Slew       Delay        Time   Description
---------------------------------------------------------------------------------------------
                      0.150000    0.000000    0.000000   clock clk (rise edge)
                                  0.000000    0.000000   clock network delay (ideal)
                                  2.000000    2.000000 v input external delay
     1    0.001415    0.002876    0.001055    2.001055 v addr[5] (in)
                                                         addr[5] (net)
                      0.002876    0.000000    2.001055 v _0697_/A (sky130_fd_sc_hd__or4_2)
     2    0.002790    0.065155    0.364536    2.365592 v _0697_/X (sky130_fd_sc_hd__or4_2)
                                                         _0086_ (net)
                      0.065155    0.000000    2.365592 v _0700_/B (sky130_fd_sc_hd__or2_2)
     2    0.008115    0.048676    0.182505    2.548097 v _0700_/X (sky130_fd_sc_hd__or2_2)
                                                         _0088_ (net)
                      0.048676    0.000000    2.548097 v _0701_/D (sky130_fd_sc_hd__nor4_2)
     9    0.022012    0.418127    0.298703    2.846800 ^ _0701_/Y (sky130_fd_sc_hd__nor4_2)
                                                         _0089_ (net)
                      0.418127    0.000000    2.846800 ^ _0746_/A2 (sky130_fd_sc_hd__a221o_2)
    25    0.061559    0.240152    0.273077    3.119876 ^ _0746_/X (sky130_fd_sc_hd__a221o_2)
                                                         _0119_ (net)
                      0.240152    0.000000    3.119876 ^ _0755_/B1 (sky130_fd_sc_hd__o221a_2)
     1    0.001748    0.031904    0.114633    3.234509 ^ _0755_/X (sky130_fd_sc_hd__o221a_2)
                                                         _0020_ (net)
                      0.031904    0.000000    3.234509 ^ _1404_/D (sky130_fd_sc_hd__dfxtp_2)
                                              3.234509   data arrival time

                      0.150000   10.000000   10.000000   clock clk (rise edge)
                                  0.000000   10.000000   clock network delay (ideal)
                                 -0.250000    9.750000   clock uncertainty
                                  0.000000    9.750000   clock reconvergence pessimism
                                              9.750000 ^ _1404_/CLK (sky130_fd_sc_hd__dfxtp_2)
                                 -0.027718    9.722281   library setup time
                                              9.722281   data required time
---------------------------------------------------------------------------------------------
                                              9.722281   data required time
                                             -3.234509   data arrival time
---------------------------------------------------------------------------------------------
                                              6.487773   slack (MET)


Startpoint: addr[5] (input port clocked by clk)
Endpoint: _1405_ (rising edge-triggered flip-flop clocked by clk)
Path Group: clk
Path Type: max

Fanout         Cap        Slew       Delay        Time   Description
---------------------------------------------------------------------------------------------
                      0.150000    0.000000    0.000000   clock clk (rise edge)
                                  0.000000    0.000000   clock network delay (ideal)
                                  2.000000    2.000000 v input external delay
     1    0.001415    0.002876    0.001055    2.001055 v addr[5] (in)
                                                         addr[5] (net)
                      0.002876    0.000000    2.001055 v _0697_/A (sky130_fd_sc_hd__or4_2)
     2    0.002790    0.065155    0.364536    2.365592 v _0697_/X (sky130_fd_sc_hd__or4_2)
                                                         _0086_ (net)
                      0.065155    0.000000    2.365592 v _0700_/B (sky130_fd_sc_hd__or2_2)
     2    0.008115    0.048676    0.182505    2.548097 v _0700_/X (sky130_fd_sc_hd__or2_2)
                                                         _0088_ (net)
                      0.048676    0.000000    2.548097 v _0701_/D (sky130_fd_sc_hd__nor4_2)
     9    0.022012    0.418127    0.298703    2.846800 ^ _0701_/Y (sky130_fd_sc_hd__nor4_2)
                                                         _0089_ (net)
                      0.418127    0.000000    2.846800 ^ _0746_/A2 (sky130_fd_sc_hd__a221o_2)
    25    0.061559    0.240152    0.273077    3.119876 ^ _0746_/X (sky130_fd_sc_hd__a221o_2)
                                                         _0119_ (net)
                      0.240152    0.000000    3.119876 ^ _0757_/B1 (sky130_fd_sc_hd__o221a_2)
     1    0.001748    0.031904    0.114633    3.234509 ^ _0757_/X (sky130_fd_sc_hd__o221a_2)
                                                         _0021_ (net)
                      0.031904    0.000000    3.234509 ^ _1405_/D (sky130_fd_sc_hd__dfxtp_2)
                                              3.234509   data arrival time

                      0.150000   10.000000   10.000000   clock clk (rise edge)
                                  0.000000   10.000000   clock network delay (ideal)
                                 -0.250000    9.750000   clock uncertainty
                                  0.000000    9.750000   clock reconvergence pessimism
                                              9.750000 ^ _1405_/CLK (sky130_fd_sc_hd__dfxtp_2)
                                 -0.027718    9.722281   library setup time
                                              9.722281   data required time
---------------------------------------------------------------------------------------------
                                              9.722281   data required time
                                             -3.234509   data arrival time
---------------------------------------------------------------------------------------------
                                              6.487773   slack (MET)


Startpoint: addr[5] (input port clocked by clk)
Endpoint: _1406_ (rising edge-triggered flip-flop clocked by clk)
Path Group: clk
Path Type: max

Fanout         Cap        Slew       Delay        Time   Description
---------------------------------------------------------------------------------------------
                      0.150000    0.000000    0.000000   clock clk (rise edge)
                                  0.000000    0.000000   clock network delay (ideal)
                                  2.000000    2.000000 v input external delay
     1    0.001415    0.002876    0.001055    2.001055 v addr[5] (in)
                                                         addr[5] (net)
                      0.002876    0.000000    2.001055 v _0697_/A (sky130_fd_sc_hd__or4_2)
     2    0.002790    0.065155    0.364536    2.365592 v _0697_/X (sky130_fd_sc_hd__or4_2)
                                                         _0086_ (net)
                      0.065155    0.000000    2.365592 v _0700_/B (sky130_fd_sc_hd__or2_2)
     2    0.008115    0.048676    0.182505    2.548097 v _0700_/X (sky130_fd_sc_hd__or2_2)
                                                         _0088_ (net)
                      0.048676    0.000000    2.548097 v _0701_/D (sky130_fd_sc_hd__nor4_2)
     9    0.022012    0.418127    0.298703    2.846800 ^ _0701_/Y (sky130_fd_sc_hd__nor4_2)
                                                         _0089_ (net)
                      0.418127    0.000000    2.846800 ^ _0746_/A2 (sky130_fd_sc_hd__a221o_2)
    25    0.061559    0.240152    0.273077    3.119876 ^ _0746_/X (sky130_fd_sc_hd__a221o_2)
                                                         _0119_ (net)
                      0.240152    0.000000    3.119876 ^ _0759_/B1 (sky130_fd_sc_hd__o221a_2)
     1    0.001748    0.031904    0.114633    3.234509 ^ _0759_/X (sky130_fd_sc_hd__o221a_2)
                                                         _0022_ (net)
                      0.031904    0.000000    3.234509 ^ _1406_/D (sky130_fd_sc_hd__dfxtp_2)
                                              3.234509   data arrival time

                      0.150000   10.000000   10.000000   clock clk (rise edge)
                                  0.000000   10.000000   clock network delay (ideal)
                                 -0.250000    9.750000   clock uncertainty
                                  0.000000    9.750000   clock reconvergence pessimism
                                              9.750000 ^ _1406_/CLK (sky130_fd_sc_hd__dfxtp_2)
                                 -0.027718    9.722281   library setup time
                                              9.722281   data required time
---------------------------------------------------------------------------------------------
                                              9.722281   data required time
                                             -3.234509   data arrival time
---------------------------------------------------------------------------------------------
                                              6.487773   slack (MET)


Startpoint: addr[5] (input port clocked by clk)
Endpoint: _1407_ (rising edge-triggered flip-flop clocked by clk)
Path Group: clk
Path Type: max

Fanout         Cap        Slew       Delay        Time   Description
---------------------------------------------------------------------------------------------
                      0.150000    0.000000    0.000000   clock clk (rise edge)
                                  0.000000    0.000000   clock network delay (ideal)
                                  2.000000    2.000000 v input external delay
     1    0.001415    0.002876    0.001055    2.001055 v addr[5] (in)
                                                         addr[5] (net)
                      0.002876    0.000000    2.001055 v _0697_/A (sky130_fd_sc_hd__or4_2)
     2    0.002790    0.065155    0.364536    2.365592 v _0697_/X (sky130_fd_sc_hd__or4_2)
                                                         _0086_ (net)
                      0.065155    0.000000    2.365592 v _0700_/B (sky130_fd_sc_hd__or2_2)
     2    0.008115    0.048676    0.182505    2.548097 v _0700_/X (sky130_fd_sc_hd__or2_2)
                                                         _0088_ (net)
                      0.048676    0.000000    2.548097 v _0701_/D (sky130_fd_sc_hd__nor4_2)
     9    0.022012    0.418127    0.298703    2.846800 ^ _0701_/Y (sky130_fd_sc_hd__nor4_2)
                                                         _0089_ (net)
                      0.418127    0.000000    2.846800 ^ _0746_/A2 (sky130_fd_sc_hd__a221o_2)
    25    0.061559    0.240152    0.273077    3.119876 ^ _0746_/X (sky130_fd_sc_hd__a221o_2)
                                                         _0119_ (net)
                      0.240152    0.000000    3.119876 ^ _0761_/B1 (sky130_fd_sc_hd__o221a_2)
     1    0.001748    0.031904    0.114633    3.234509 ^ _0761_/X (sky130_fd_sc_hd__o221a_2)
                                                         _0023_ (net)
                      0.031904    0.000000    3.234509 ^ _1407_/D (sky130_fd_sc_hd__dfxtp_2)
                                              3.234509   data arrival time

                      0.150000   10.000000   10.000000   clock clk (rise edge)
                                  0.000000   10.000000   clock network delay (ideal)
                                 -0.250000    9.750000   clock uncertainty
                                  0.000000    9.750000   clock reconvergence pessimism
                                              9.750000 ^ _1407_/CLK (sky130_fd_sc_hd__dfxtp_2)
                                 -0.027718    9.722281   library setup time
                                              9.722281   data required time
---------------------------------------------------------------------------------------------
                                              9.722281   data required time
                                             -3.234509   data arrival time
---------------------------------------------------------------------------------------------
                                              6.487773   slack (MET)


Startpoint: addr[5] (input port clocked by clk)
Endpoint: _1408_ (rising edge-triggered flip-flop clocked by clk)
Path Group: clk
Path Type: max

Fanout         Cap        Slew       Delay        Time   Description
---------------------------------------------------------------------------------------------
                      0.150000    0.000000    0.000000   clock clk (rise edge)
                                  0.000000    0.000000   clock network delay (ideal)
                                  2.000000    2.000000 v input external delay
     1    0.001415    0.002876    0.001055    2.001055 v addr[5] (in)
                                                         addr[5] (net)
                      0.002876    0.000000    2.001055 v _0697_/A (sky130_fd_sc_hd__or4_2)
     2    0.002790    0.065155    0.364536    2.365592 v _0697_/X (sky130_fd_sc_hd__or4_2)
                                                         _0086_ (net)
                      0.065155    0.000000    2.365592 v _0700_/B (sky130_fd_sc_hd__or2_2)
     2    0.008115    0.048676    0.182505    2.548097 v _0700_/X (sky130_fd_sc_hd__or2_2)
                                                         _0088_ (net)
                      0.048676    0.000000    2.548097 v _0701_/D (sky130_fd_sc_hd__nor4_2)
     9    0.022012    0.418127    0.298703    2.846800 ^ _0701_/Y (sky130_fd_sc_hd__nor4_2)
                                                         _0089_ (net)
                      0.418127    0.000000    2.846800 ^ _0746_/A2 (sky130_fd_sc_hd__a221o_2)
    25    0.061559    0.240152    0.273077    3.119876 ^ _0746_/X (sky130_fd_sc_hd__a221o_2)
                                                         _0119_ (net)
                      0.240152    0.000000    3.119876 ^ _0763_/B1 (sky130_fd_sc_hd__o221a_2)
     1    0.001748    0.031904    0.114633    3.234509 ^ _0763_/X (sky130_fd_sc_hd__o221a_2)
                                                         _0024_ (net)
                      0.031904    0.000000    3.234509 ^ _1408_/D (sky130_fd_sc_hd__dfxtp_2)
                                              3.234509   data arrival time

                      0.150000   10.000000   10.000000   clock clk (rise edge)
                                  0.000000   10.000000   clock network delay (ideal)
                                 -0.250000    9.750000   clock uncertainty
                                  0.000000    9.750000   clock reconvergence pessimism
                                              9.750000 ^ _1408_/CLK (sky130_fd_sc_hd__dfxtp_2)
                                 -0.027718    9.722281   library setup time
                                              9.722281   data required time
---------------------------------------------------------------------------------------------
                                              9.722281   data required time
                                             -3.234509   data arrival time
---------------------------------------------------------------------------------------------
                                              6.487773   slack (MET)


Startpoint: addr[5] (input port clocked by clk)
Endpoint: _1409_ (rising edge-triggered flip-flop clocked by clk)
Path Group: clk
Path Type: max

Fanout         Cap        Slew       Delay        Time   Description
---------------------------------------------------------------------------------------------
                      0.150000    0.000000    0.000000   clock clk (rise edge)
                                  0.000000    0.000000   clock network delay (ideal)
                                  2.000000    2.000000 v input external delay
     1    0.001415    0.002876    0.001055    2.001055 v addr[5] (in)
                                                         addr[5] (net)
                      0.002876    0.000000    2.001055 v _0697_/A (sky130_fd_sc_hd__or4_2)
     2    0.002790    0.065155    0.364536    2.365592 v _0697_/X (sky130_fd_sc_hd__or4_2)
                                                         _0086_ (net)
                      0.065155    0.000000    2.365592 v _0700_/B (sky130_fd_sc_hd__or2_2)
     2    0.008115    0.048676    0.182505    2.548097 v _0700_/X (sky130_fd_sc_hd__or2_2)
                                                         _0088_ (net)
                      0.048676    0.000000    2.548097 v _0701_/D (sky130_fd_sc_hd__nor4_2)
     9    0.022012    0.418127    0.298703    2.846800 ^ _0701_/Y (sky130_fd_sc_hd__nor4_2)
                                                         _0089_ (net)
                      0.418127    0.000000    2.846800 ^ _0746_/A2 (sky130_fd_sc_hd__a221o_2)
    25    0.061559    0.240152    0.273077    3.119876 ^ _0746_/X (sky130_fd_sc_hd__a221o_2)
                                                         _0119_ (net)
                      0.240152    0.000000    3.119876 ^ _0765_/B1 (sky130_fd_sc_hd__o221a_2)
     1    0.001748    0.031904    0.114633    3.234509 ^ _0765_/X (sky130_fd_sc_hd__o221a_2)
                                                         _0025_ (net)
                      0.031904    0.000000    3.234509 ^ _1409_/D (sky130_fd_sc_hd__dfxtp_2)
                                              3.234509   data arrival time

                      0.150000   10.000000   10.000000   clock clk (rise edge)
                                  0.000000   10.000000   clock network delay (ideal)
                                 -0.250000    9.750000   clock uncertainty
                                  0.000000    9.750000   clock reconvergence pessimism
                                              9.750000 ^ _1409_/CLK (sky130_fd_sc_hd__dfxtp_2)
                                 -0.027718    9.722281   library setup time
                                              9.722281   data required time
---------------------------------------------------------------------------------------------
                                              9.722281   data required time
                                             -3.234509   data arrival time
---------------------------------------------------------------------------------------------
                                              6.487773   slack (MET)


Startpoint: addr[5] (input port clocked by clk)
Endpoint: _1410_ (rising edge-triggered flip-flop clocked by clk)
Path Group: clk
Path Type: max

Fanout         Cap        Slew       Delay        Time   Description
---------------------------------------------------------------------------------------------
                      0.150000    0.000000    0.000000   clock clk (rise edge)
                                  0.000000    0.000000   clock network delay (ideal)
                                  2.000000    2.000000 v input external delay
     1    0.001415    0.002876    0.001055    2.001055 v addr[5] (in)
                                                         addr[5] (net)
                      0.002876    0.000000    2.001055 v _0697_/A (sky130_fd_sc_hd__or4_2)
     2    0.002790    0.065155    0.364536    2.365592 v _0697_/X (sky130_fd_sc_hd__or4_2)
                                                         _0086_ (net)
                      0.065155    0.000000    2.365592 v _0700_/B (sky130_fd_sc_hd__or2_2)
     2    0.008115    0.048676    0.182505    2.548097 v _0700_/X (sky130_fd_sc_hd__or2_2)
                                                         _0088_ (net)
                      0.048676    0.000000    2.548097 v _0701_/D (sky130_fd_sc_hd__nor4_2)
     9    0.022012    0.418127    0.298703    2.846800 ^ _0701_/Y (sky130_fd_sc_hd__nor4_2)
                                                         _0089_ (net)
                      0.418127    0.000000    2.846800 ^ _0746_/A2 (sky130_fd_sc_hd__a221o_2)
    25    0.061559    0.240152    0.273077    3.119876 ^ _0746_/X (sky130_fd_sc_hd__a221o_2)
                                                         _0119_ (net)
                      0.240152    0.000000    3.119876 ^ _0767_/B1 (sky130_fd_sc_hd__o221a_2)
     1    0.001748    0.031904    0.114633    3.234509 ^ _0767_/X (sky130_fd_sc_hd__o221a_2)
                                                         _0026_ (net)
                      0.031904    0.000000    3.234509 ^ _1410_/D (sky130_fd_sc_hd__dfxtp_2)
                                              3.234509   data arrival time

                      0.150000   10.000000   10.000000   clock clk (rise edge)
                                  0.000000   10.000000   clock network delay (ideal)
                                 -0.250000    9.750000   clock uncertainty
                                  0.000000    9.750000   clock reconvergence pessimism
                                              9.750000 ^ _1410_/CLK (sky130_fd_sc_hd__dfxtp_2)
                                 -0.027718    9.722281   library setup time
                                              9.722281   data required time
---------------------------------------------------------------------------------------------
                                              9.722281   data required time
                                             -3.234509   data arrival time
---------------------------------------------------------------------------------------------
                                              6.487773   slack (MET)


Startpoint: addr[5] (input port clocked by clk)
Endpoint: _1411_ (rising edge-triggered flip-flop clocked by clk)
Path Group: clk
Path Type: max

Fanout         Cap        Slew       Delay        Time   Description
---------------------------------------------------------------------------------------------
                      0.150000    0.000000    0.000000   clock clk (rise edge)
                                  0.000000    0.000000   clock network delay (ideal)
                                  2.000000    2.000000 v input external delay
     1    0.001415    0.002876    0.001055    2.001055 v addr[5] (in)
                                                         addr[5] (net)
                      0.002876    0.000000    2.001055 v _0697_/A (sky130_fd_sc_hd__or4_2)
     2    0.002790    0.065155    0.364536    2.365592 v _0697_/X (sky130_fd_sc_hd__or4_2)
                                                         _0086_ (net)
                      0.065155    0.000000    2.365592 v _0700_/B (sky130_fd_sc_hd__or2_2)
     2    0.008115    0.048676    0.182505    2.548097 v _0700_/X (sky130_fd_sc_hd__or2_2)
                                                         _0088_ (net)
                      0.048676    0.000000    2.548097 v _0701_/D (sky130_fd_sc_hd__nor4_2)
     9    0.022012    0.418127    0.298703    2.846800 ^ _0701_/Y (sky130_fd_sc_hd__nor4_2)
                                                         _0089_ (net)
                      0.418127    0.000000    2.846800 ^ _0746_/A2 (sky130_fd_sc_hd__a221o_2)
    25    0.061559    0.240152    0.273077    3.119876 ^ _0746_/X (sky130_fd_sc_hd__a221o_2)
                                                         _0119_ (net)
                      0.240152    0.000000    3.119876 ^ _0769_/B1 (sky130_fd_sc_hd__o221a_2)
     1    0.001748    0.031904    0.114633    3.234509 ^ _0769_/X (sky130_fd_sc_hd__o221a_2)
                                                         _0027_ (net)
                      0.031904    0.000000    3.234509 ^ _1411_/D (sky130_fd_sc_hd__dfxtp_2)
                                              3.234509   data arrival time

                      0.150000   10.000000   10.000000   clock clk (rise edge)
                                  0.000000   10.000000   clock network delay (ideal)
                                 -0.250000    9.750000   clock uncertainty
                                  0.000000    9.750000   clock reconvergence pessimism
                                              9.750000 ^ _1411_/CLK (sky130_fd_sc_hd__dfxtp_2)
                                 -0.027718    9.722281   library setup time
                                              9.722281   data required time
---------------------------------------------------------------------------------------------
                                              9.722281   data required time
                                             -3.234509   data arrival time
---------------------------------------------------------------------------------------------
                                              6.487773   slack (MET)


Startpoint: addr[5] (input port clocked by clk)
Endpoint: _1412_ (rising edge-triggered flip-flop clocked by clk)
Path Group: clk
Path Type: max

Fanout         Cap        Slew       Delay        Time   Description
---------------------------------------------------------------------------------------------
                      0.150000    0.000000    0.000000   clock clk (rise edge)
                                  0.000000    0.000000   clock network delay (ideal)
                                  2.000000    2.000000 v input external delay
     1    0.001415    0.002876    0.001055    2.001055 v addr[5] (in)
                                                         addr[5] (net)
                      0.002876    0.000000    2.001055 v _0697_/A (sky130_fd_sc_hd__or4_2)
     2    0.002790    0.065155    0.364536    2.365592 v _0697_/X (sky130_fd_sc_hd__or4_2)
                                                         _0086_ (net)
                      0.065155    0.000000    2.365592 v _0700_/B (sky130_fd_sc_hd__or2_2)
     2    0.008115    0.048676    0.182505    2.548097 v _0700_/X (sky130_fd_sc_hd__or2_2)
                                                         _0088_ (net)
                      0.048676    0.000000    2.548097 v _0701_/D (sky130_fd_sc_hd__nor4_2)
     9    0.022012    0.418127    0.298703    2.846800 ^ _0701_/Y (sky130_fd_sc_hd__nor4_2)
                                                         _0089_ (net)
                      0.418127    0.000000    2.846800 ^ _0746_/A2 (sky130_fd_sc_hd__a221o_2)
    25    0.061559    0.240152    0.273077    3.119876 ^ _0746_/X (sky130_fd_sc_hd__a221o_2)
                                                         _0119_ (net)
                      0.240152    0.000000    3.119876 ^ _0771_/B1 (sky130_fd_sc_hd__o221a_2)
     1    0.001748    0.031904    0.114633    3.234509 ^ _0771_/X (sky130_fd_sc_hd__o221a_2)
                                                         _0028_ (net)
                      0.031904    0.000000    3.234509 ^ _1412_/D (sky130_fd_sc_hd__dfxtp_2)
                                              3.234509   data arrival time

                      0.150000   10.000000   10.000000   clock clk (rise edge)
                                  0.000000   10.000000   clock network delay (ideal)
                                 -0.250000    9.750000   clock uncertainty
                                  0.000000    9.750000   clock reconvergence pessimism
                                              9.750000 ^ _1412_/CLK (sky130_fd_sc_hd__dfxtp_2)
                                 -0.027718    9.722281   library setup time
                                              9.722281   data required time
---------------------------------------------------------------------------------------------
                                              9.722281   data required time
                                             -3.234509   data arrival time
---------------------------------------------------------------------------------------------
                                              6.487773   slack (MET)


Startpoint: addr[5] (input port clocked by clk)
Endpoint: _1413_ (rising edge-triggered flip-flop clocked by clk)
Path Group: clk
Path Type: max

Fanout         Cap        Slew       Delay        Time   Description
---------------------------------------------------------------------------------------------
                      0.150000    0.000000    0.000000   clock clk (rise edge)
                                  0.000000    0.000000   clock network delay (ideal)
                                  2.000000    2.000000 v input external delay
     1    0.001415    0.002876    0.001055    2.001055 v addr[5] (in)
                                                         addr[5] (net)
                      0.002876    0.000000    2.001055 v _0697_/A (sky130_fd_sc_hd__or4_2)
     2    0.002790    0.065155    0.364536    2.365592 v _0697_/X (sky130_fd_sc_hd__or4_2)
                                                         _0086_ (net)
                      0.065155    0.000000    2.365592 v _0700_/B (sky130_fd_sc_hd__or2_2)
     2    0.008115    0.048676    0.182505    2.548097 v _0700_/X (sky130_fd_sc_hd__or2_2)
                                                         _0088_ (net)
                      0.048676    0.000000    2.548097 v _0701_/D (sky130_fd_sc_hd__nor4_2)
     9    0.022012    0.418127    0.298703    2.846800 ^ _0701_/Y (sky130_fd_sc_hd__nor4_2)
                                                         _0089_ (net)
                      0.418127    0.000000    2.846800 ^ _0746_/A2 (sky130_fd_sc_hd__a221o_2)
    25    0.061559    0.240152    0.273077    3.119876 ^ _0746_/X (sky130_fd_sc_hd__a221o_2)
                                                         _0119_ (net)
                      0.240152    0.000000    3.119876 ^ _0773_/B1 (sky130_fd_sc_hd__o221a_2)
     1    0.001748    0.031904    0.114633    3.234509 ^ _0773_/X (sky130_fd_sc_hd__o221a_2)
                                                         _0029_ (net)
                      0.031904    0.000000    3.234509 ^ _1413_/D (sky130_fd_sc_hd__dfxtp_2)
                                              3.234509   data arrival time

                      0.150000   10.000000   10.000000   clock clk (rise edge)
                                  0.000000   10.000000   clock network delay (ideal)
                                 -0.250000    9.750000   clock uncertainty
                                  0.000000    9.750000   clock reconvergence pessimism
                                              9.750000 ^ _1413_/CLK (sky130_fd_sc_hd__dfxtp_2)
                                 -0.027718    9.722281   library setup time
                                              9.722281   data required time
---------------------------------------------------------------------------------------------
                                              9.722281   data required time
                                             -3.234509   data arrival time
---------------------------------------------------------------------------------------------
                                              6.487773   slack (MET)


Startpoint: addr[5] (input port clocked by clk)
Endpoint: _1414_ (rising edge-triggered flip-flop clocked by clk)
Path Group: clk
Path Type: max

Fanout         Cap        Slew       Delay        Time   Description
---------------------------------------------------------------------------------------------
                      0.150000    0.000000    0.000000   clock clk (rise edge)
                                  0.000000    0.000000   clock network delay (ideal)
                                  2.000000    2.000000 v input external delay
     1    0.001415    0.002876    0.001055    2.001055 v addr[5] (in)
                                                         addr[5] (net)
                      0.002876    0.000000    2.001055 v _0697_/A (sky130_fd_sc_hd__or4_2)
     2    0.002790    0.065155    0.364536    2.365592 v _0697_/X (sky130_fd_sc_hd__or4_2)
                                                         _0086_ (net)
                      0.065155    0.000000    2.365592 v _0700_/B (sky130_fd_sc_hd__or2_2)
     2    0.008115    0.048676    0.182505    2.548097 v _0700_/X (sky130_fd_sc_hd__or2_2)
                                                         _0088_ (net)
                      0.048676    0.000000    2.548097 v _0701_/D (sky130_fd_sc_hd__nor4_2)
     9    0.022012    0.418127    0.298703    2.846800 ^ _0701_/Y (sky130_fd_sc_hd__nor4_2)
                                                         _0089_ (net)
                      0.418127    0.000000    2.846800 ^ _0746_/A2 (sky130_fd_sc_hd__a221o_2)
    25    0.061559    0.240152    0.273077    3.119876 ^ _0746_/X (sky130_fd_sc_hd__a221o_2)
                                                         _0119_ (net)
                      0.240152    0.000000    3.119876 ^ _0775_/B1 (sky130_fd_sc_hd__o221a_2)
     1    0.001748    0.031904    0.114633    3.234509 ^ _0775_/X (sky130_fd_sc_hd__o221a_2)
                                                         _0030_ (net)
                      0.031904    0.000000    3.234509 ^ _1414_/D (sky130_fd_sc_hd__dfxtp_2)
                                              3.234509   data arrival time

                      0.150000   10.000000   10.000000   clock clk (rise edge)
                                  0.000000   10.000000   clock network delay (ideal)
                                 -0.250000    9.750000   clock uncertainty
                                  0.000000    9.750000   clock reconvergence pessimism
                                              9.750000 ^ _1414_/CLK (sky130_fd_sc_hd__dfxtp_2)
                                 -0.027718    9.722281   library setup time
                                              9.722281   data required time
---------------------------------------------------------------------------------------------
                                              9.722281   data required time
                                             -3.234509   data arrival time
---------------------------------------------------------------------------------------------
                                              6.487773   slack (MET)


Startpoint: addr[5] (input port clocked by clk)
Endpoint: _1415_ (rising edge-triggered flip-flop clocked by clk)
Path Group: clk
Path Type: max

Fanout         Cap        Slew       Delay        Time   Description
---------------------------------------------------------------------------------------------
                      0.150000    0.000000    0.000000   clock clk (rise edge)
                                  0.000000    0.000000   clock network delay (ideal)
                                  2.000000    2.000000 v input external delay
     1    0.001415    0.002876    0.001055    2.001055 v addr[5] (in)
                                                         addr[5] (net)
                      0.002876    0.000000    2.001055 v _0697_/A (sky130_fd_sc_hd__or4_2)
     2    0.002790    0.065155    0.364536    2.365592 v _0697_/X (sky130_fd_sc_hd__or4_2)
                                                         _0086_ (net)
                      0.065155    0.000000    2.365592 v _0700_/B (sky130_fd_sc_hd__or2_2)
     2    0.008115    0.048676    0.182505    2.548097 v _0700_/X (sky130_fd_sc_hd__or2_2)
                                                         _0088_ (net)
                      0.048676    0.000000    2.548097 v _0701_/D (sky130_fd_sc_hd__nor4_2)
     9    0.022012    0.418127    0.298703    2.846800 ^ _0701_/Y (sky130_fd_sc_hd__nor4_2)
                                                         _0089_ (net)
                      0.418127    0.000000    2.846800 ^ _0746_/A2 (sky130_fd_sc_hd__a221o_2)
    25    0.061559    0.240152    0.273077    3.119876 ^ _0746_/X (sky130_fd_sc_hd__a221o_2)
                                                         _0119_ (net)
                      0.240152    0.000000    3.119876 ^ _0777_/B1 (sky130_fd_sc_hd__o221a_2)
     1    0.001748    0.031904    0.114633    3.234509 ^ _0777_/X (sky130_fd_sc_hd__o221a_2)
                                                         _0031_ (net)
                      0.031904    0.000000    3.234509 ^ _1415_/D (sky130_fd_sc_hd__dfxtp_2)
                                              3.234509   data arrival time

                      0.150000   10.000000   10.000000   clock clk (rise edge)
                                  0.000000   10.000000   clock network delay (ideal)
                                 -0.250000    9.750000   clock uncertainty
                                  0.000000    9.750000   clock reconvergence pessimism
                                              9.750000 ^ _1415_/CLK (sky130_fd_sc_hd__dfxtp_2)
                                 -0.027718    9.722281   library setup time
                                              9.722281   data required time
---------------------------------------------------------------------------------------------
                                              9.722281   data required time
                                             -3.234509   data arrival time
---------------------------------------------------------------------------------------------
                                              6.487773   slack (MET)


Startpoint: addr[5] (input port clocked by clk)
Endpoint: _1416_ (rising edge-triggered flip-flop clocked by clk)
Path Group: clk
Path Type: max

Fanout         Cap        Slew       Delay        Time   Description
---------------------------------------------------------------------------------------------
                      0.150000    0.000000    0.000000   clock clk (rise edge)
                                  0.000000    0.000000   clock network delay (ideal)
                                  2.000000    2.000000 v input external delay
     1    0.001415    0.002876    0.001055    2.001055 v addr[5] (in)
                                                         addr[5] (net)
                      0.002876    0.000000    2.001055 v _0697_/A (sky130_fd_sc_hd__or4_2)
     2    0.002790    0.065155    0.364536    2.365592 v _0697_/X (sky130_fd_sc_hd__or4_2)
                                                         _0086_ (net)
                      0.065155    0.000000    2.365592 v _0700_/B (sky130_fd_sc_hd__or2_2)
     2    0.008115    0.048676    0.182505    2.548097 v _0700_/X (sky130_fd_sc_hd__or2_2)
                                                         _0088_ (net)
                      0.048676    0.000000    2.548097 v _0701_/D (sky130_fd_sc_hd__nor4_2)
     9    0.022012    0.418127    0.298703    2.846800 ^ _0701_/Y (sky130_fd_sc_hd__nor4_2)
                                                         _0089_ (net)
                      0.418127    0.000000    2.846800 ^ _0746_/A2 (sky130_fd_sc_hd__a221o_2)
    25    0.061559    0.240152    0.273077    3.119876 ^ _0746_/X (sky130_fd_sc_hd__a221o_2)
                                                         _0119_ (net)
                      0.240152    0.000000    3.119876 ^ _0779_/B1 (sky130_fd_sc_hd__o221a_2)
     1    0.001748    0.031904    0.114633    3.234509 ^ _0779_/X (sky130_fd_sc_hd__o221a_2)
                                                         _0032_ (net)
                      0.031904    0.000000    3.234509 ^ _1416_/D (sky130_fd_sc_hd__dfxtp_2)
                                              3.234509   data arrival time

                      0.150000   10.000000   10.000000   clock clk (rise edge)
                                  0.000000   10.000000   clock network delay (ideal)
                                 -0.250000    9.750000   clock uncertainty
                                  0.000000    9.750000   clock reconvergence pessimism
                                              9.750000 ^ _1416_/CLK (sky130_fd_sc_hd__dfxtp_2)
                                 -0.027718    9.722281   library setup time
                                              9.722281   data required time
---------------------------------------------------------------------------------------------
                                              9.722281   data required time
                                             -3.234509   data arrival time
---------------------------------------------------------------------------------------------
                                              6.487773   slack (MET)


Startpoint: addr[5] (input port clocked by clk)
Endpoint: _1417_ (rising edge-triggered flip-flop clocked by clk)
Path Group: clk
Path Type: max

Fanout         Cap        Slew       Delay        Time   Description
---------------------------------------------------------------------------------------------
                      0.150000    0.000000    0.000000   clock clk (rise edge)
                                  0.000000    0.000000   clock network delay (ideal)
                                  2.000000    2.000000 v input external delay
     1    0.001415    0.002876    0.001055    2.001055 v addr[5] (in)
                                                         addr[5] (net)
                      0.002876    0.000000    2.001055 v _0697_/A (sky130_fd_sc_hd__or4_2)
     2    0.002790    0.065155    0.364536    2.365592 v _0697_/X (sky130_fd_sc_hd__or4_2)
                                                         _0086_ (net)
                      0.065155    0.000000    2.365592 v _0700_/B (sky130_fd_sc_hd__or2_2)
     2    0.008115    0.048676    0.182505    2.548097 v _0700_/X (sky130_fd_sc_hd__or2_2)
                                                         _0088_ (net)
                      0.048676    0.000000    2.548097 v _0701_/D (sky130_fd_sc_hd__nor4_2)
     9    0.022012    0.418127    0.298703    2.846800 ^ _0701_/Y (sky130_fd_sc_hd__nor4_2)
                                                         _0089_ (net)
                      0.418127    0.000000    2.846800 ^ _0746_/A2 (sky130_fd_sc_hd__a221o_2)
    25    0.061559    0.240152    0.273077    3.119876 ^ _0746_/X (sky130_fd_sc_hd__a221o_2)
                                                         _0119_ (net)
                      0.240152    0.000000    3.119876 ^ _0781_/B1 (sky130_fd_sc_hd__o221a_2)
     1    0.001748    0.031904    0.114633    3.234509 ^ _0781_/X (sky130_fd_sc_hd__o221a_2)
                                                         _0033_ (net)
                      0.031904    0.000000    3.234509 ^ _1417_/D (sky130_fd_sc_hd__dfxtp_2)
                                              3.234509   data arrival time

                      0.150000   10.000000   10.000000   clock clk (rise edge)
                                  0.000000   10.000000   clock network delay (ideal)
                                 -0.250000    9.750000   clock uncertainty
                                  0.000000    9.750000   clock reconvergence pessimism
                                              9.750000 ^ _1417_/CLK (sky130_fd_sc_hd__dfxtp_2)
                                 -0.027718    9.722281   library setup time
                                              9.722281   data required time
---------------------------------------------------------------------------------------------
                                              9.722281   data required time
                                             -3.234509   data arrival time
---------------------------------------------------------------------------------------------
                                              6.487773   slack (MET)


Startpoint: addr[5] (input port clocked by clk)
Endpoint: _1418_ (rising edge-triggered flip-flop clocked by clk)
Path Group: clk
Path Type: max

Fanout         Cap        Slew       Delay        Time   Description
---------------------------------------------------------------------------------------------
                      0.150000    0.000000    0.000000   clock clk (rise edge)
                                  0.000000    0.000000   clock network delay (ideal)
                                  2.000000    2.000000 v input external delay
     1    0.001415    0.002876    0.001055    2.001055 v addr[5] (in)
                                                         addr[5] (net)
                      0.002876    0.000000    2.001055 v _0697_/A (sky130_fd_sc_hd__or4_2)
     2    0.002790    0.065155    0.364536    2.365592 v _0697_/X (sky130_fd_sc_hd__or4_2)
                                                         _0086_ (net)
                      0.065155    0.000000    2.365592 v _0700_/B (sky130_fd_sc_hd__or2_2)
     2    0.008115    0.048676    0.182505    2.548097 v _0700_/X (sky130_fd_sc_hd__or2_2)
                                                         _0088_ (net)
                      0.048676    0.000000    2.548097 v _0701_/D (sky130_fd_sc_hd__nor4_2)
     9    0.022012    0.418127    0.298703    2.846800 ^ _0701_/Y (sky130_fd_sc_hd__nor4_2)
                                                         _0089_ (net)
                      0.418127    0.000000    2.846800 ^ _0746_/A2 (sky130_fd_sc_hd__a221o_2)
    25    0.061559    0.240152    0.273077    3.119876 ^ _0746_/X (sky130_fd_sc_hd__a221o_2)
                                                         _0119_ (net)
                      0.240152    0.000000    3.119876 ^ _0783_/B1 (sky130_fd_sc_hd__o221a_2)
     1    0.001748    0.031904    0.114633    3.234509 ^ _0783_/X (sky130_fd_sc_hd__o221a_2)
                                                         _0034_ (net)
                      0.031904    0.000000    3.234509 ^ _1418_/D (sky130_fd_sc_hd__dfxtp_2)
                                              3.234509   data arrival time

                      0.150000   10.000000   10.000000   clock clk (rise edge)
                                  0.000000   10.000000   clock network delay (ideal)
                                 -0.250000    9.750000   clock uncertainty
                                  0.000000    9.750000   clock reconvergence pessimism
                                              9.750000 ^ _1418_/CLK (sky130_fd_sc_hd__dfxtp_2)
                                 -0.027718    9.722281   library setup time
                                              9.722281   data required time
---------------------------------------------------------------------------------------------
                                              9.722281   data required time
                                             -3.234509   data arrival time
---------------------------------------------------------------------------------------------
                                              6.487773   slack (MET)


Startpoint: addr[5] (input port clocked by clk)
Endpoint: _1419_ (rising edge-triggered flip-flop clocked by clk)
Path Group: clk
Path Type: max

Fanout         Cap        Slew       Delay        Time   Description
---------------------------------------------------------------------------------------------
                      0.150000    0.000000    0.000000   clock clk (rise edge)
                                  0.000000    0.000000   clock network delay (ideal)
                                  2.000000    2.000000 v input external delay
     1    0.001415    0.002876    0.001055    2.001055 v addr[5] (in)
                                                         addr[5] (net)
                      0.002876    0.000000    2.001055 v _0697_/A (sky130_fd_sc_hd__or4_2)
     2    0.002790    0.065155    0.364536    2.365592 v _0697_/X (sky130_fd_sc_hd__or4_2)
                                                         _0086_ (net)
                      0.065155    0.000000    2.365592 v _0700_/B (sky130_fd_sc_hd__or2_2)
     2    0.008115    0.048676    0.182505    2.548097 v _0700_/X (sky130_fd_sc_hd__or2_2)
                                                         _0088_ (net)
                      0.048676    0.000000    2.548097 v _0701_/D (sky130_fd_sc_hd__nor4_2)
     9    0.022012    0.418127    0.298703    2.846800 ^ _0701_/Y (sky130_fd_sc_hd__nor4_2)
                                                         _0089_ (net)
                      0.418127    0.000000    2.846800 ^ _0746_/A2 (sky130_fd_sc_hd__a221o_2)
    25    0.061559    0.240152    0.273077    3.119876 ^ _0746_/X (sky130_fd_sc_hd__a221o_2)
                                                         _0119_ (net)
                      0.240152    0.000000    3.119876 ^ _0785_/B1 (sky130_fd_sc_hd__o221a_2)
     1    0.001748    0.031904    0.114633    3.234509 ^ _0785_/X (sky130_fd_sc_hd__o221a_2)
                                                         _0035_ (net)
                      0.031904    0.000000    3.234509 ^ _1419_/D (sky130_fd_sc_hd__dfxtp_2)
                                              3.234509   data arrival time

                      0.150000   10.000000   10.000000   clock clk (rise edge)
                                  0.000000   10.000000   clock network delay (ideal)
                                 -0.250000    9.750000   clock uncertainty
                                  0.000000    9.750000   clock reconvergence pessimism
                                              9.750000 ^ _1419_/CLK (sky130_fd_sc_hd__dfxtp_2)
                                 -0.027718    9.722281   library setup time
                                              9.722281   data required time
---------------------------------------------------------------------------------------------
                                              9.722281   data required time
                                             -3.234509   data arrival time
---------------------------------------------------------------------------------------------
                                              6.487773   slack (MET)


Startpoint: addr[5] (input port clocked by clk)
Endpoint: _1420_ (rising edge-triggered flip-flop clocked by clk)
Path Group: clk
Path Type: max

Fanout         Cap        Slew       Delay        Time   Description
---------------------------------------------------------------------------------------------
                      0.150000    0.000000    0.000000   clock clk (rise edge)
                                  0.000000    0.000000   clock network delay (ideal)
                                  2.000000    2.000000 v input external delay
     1    0.001415    0.002876    0.001055    2.001055 v addr[5] (in)
                                                         addr[5] (net)
                      0.002876    0.000000    2.001055 v _0697_/A (sky130_fd_sc_hd__or4_2)
     2    0.002790    0.065155    0.364536    2.365592 v _0697_/X (sky130_fd_sc_hd__or4_2)
                                                         _0086_ (net)
                      0.065155    0.000000    2.365592 v _0700_/B (sky130_fd_sc_hd__or2_2)
     2    0.008115    0.048676    0.182505    2.548097 v _0700_/X (sky130_fd_sc_hd__or2_2)
                                                         _0088_ (net)
                      0.048676    0.000000    2.548097 v _0701_/D (sky130_fd_sc_hd__nor4_2)
     9    0.022012    0.418127    0.298703    2.846800 ^ _0701_/Y (sky130_fd_sc_hd__nor4_2)
                                                         _0089_ (net)
                      0.418127    0.000000    2.846800 ^ _0746_/A2 (sky130_fd_sc_hd__a221o_2)
    25    0.061559    0.240152    0.273077    3.119876 ^ _0746_/X (sky130_fd_sc_hd__a221o_2)
                                                         _0119_ (net)
                      0.240152    0.000000    3.119876 ^ _0787_/B1 (sky130_fd_sc_hd__o221a_2)
     1    0.001748    0.031904    0.114633    3.234509 ^ _0787_/X (sky130_fd_sc_hd__o221a_2)
                                                         _0036_ (net)
                      0.031904    0.000000    3.234509 ^ _1420_/D (sky130_fd_sc_hd__dfxtp_2)
                                              3.234509   data arrival time

                      0.150000   10.000000   10.000000   clock clk (rise edge)
                                  0.000000   10.000000   clock network delay (ideal)
                                 -0.250000    9.750000   clock uncertainty
                                  0.000000    9.750000   clock reconvergence pessimism
                                              9.750000 ^ _1420_/CLK (sky130_fd_sc_hd__dfxtp_2)
                                 -0.027718    9.722281   library setup time
                                              9.722281   data required time
---------------------------------------------------------------------------------------------
                                              9.722281   data required time
                                             -3.234509   data arrival time
---------------------------------------------------------------------------------------------
                                              6.487773   slack (MET)


Startpoint: addr[5] (input port clocked by clk)
Endpoint: _1421_ (rising edge-triggered flip-flop clocked by clk)
Path Group: clk
Path Type: max

Fanout         Cap        Slew       Delay        Time   Description
---------------------------------------------------------------------------------------------
                      0.150000    0.000000    0.000000   clock clk (rise edge)
                                  0.000000    0.000000   clock network delay (ideal)
                                  2.000000    2.000000 v input external delay
     1    0.001415    0.002876    0.001055    2.001055 v addr[5] (in)
                                                         addr[5] (net)
                      0.002876    0.000000    2.001055 v _0697_/A (sky130_fd_sc_hd__or4_2)
     2    0.002790    0.065155    0.364536    2.365592 v _0697_/X (sky130_fd_sc_hd__or4_2)
                                                         _0086_ (net)
                      0.065155    0.000000    2.365592 v _0700_/B (sky130_fd_sc_hd__or2_2)
     2    0.008115    0.048676    0.182505    2.548097 v _0700_/X (sky130_fd_sc_hd__or2_2)
                                                         _0088_ (net)
                      0.048676    0.000000    2.548097 v _0701_/D (sky130_fd_sc_hd__nor4_2)
     9    0.022012    0.418127    0.298703    2.846800 ^ _0701_/Y (sky130_fd_sc_hd__nor4_2)
                                                         _0089_ (net)
                      0.418127    0.000000    2.846800 ^ _0746_/A2 (sky130_fd_sc_hd__a221o_2)
    25    0.061559    0.240152    0.273077    3.119876 ^ _0746_/X (sky130_fd_sc_hd__a221o_2)
                                                         _0119_ (net)
                      0.240152    0.000000    3.119876 ^ _0789_/B1 (sky130_fd_sc_hd__o221a_2)
     1    0.001748    0.031904    0.114633    3.234509 ^ _0789_/X (sky130_fd_sc_hd__o221a_2)
                                                         _0037_ (net)
                      0.031904    0.000000    3.234509 ^ _1421_/D (sky130_fd_sc_hd__dfxtp_2)
                                              3.234509   data arrival time

                      0.150000   10.000000   10.000000   clock clk (rise edge)
                                  0.000000   10.000000   clock network delay (ideal)
                                 -0.250000    9.750000   clock uncertainty
                                  0.000000    9.750000   clock reconvergence pessimism
                                              9.750000 ^ _1421_/CLK (sky130_fd_sc_hd__dfxtp_2)
                                 -0.027718    9.722281   library setup time
                                              9.722281   data required time
---------------------------------------------------------------------------------------------
                                              9.722281   data required time
                                             -3.234509   data arrival time
---------------------------------------------------------------------------------------------
                                              6.487773   slack (MET)


Startpoint: addr[5] (input port clocked by clk)
Endpoint: _1422_ (rising edge-triggered flip-flop clocked by clk)
Path Group: clk
Path Type: max

Fanout         Cap        Slew       Delay        Time   Description
---------------------------------------------------------------------------------------------
                      0.150000    0.000000    0.000000   clock clk (rise edge)
                                  0.000000    0.000000   clock network delay (ideal)
                                  2.000000    2.000000 v input external delay
     1    0.001415    0.002876    0.001055    2.001055 v addr[5] (in)
                                                         addr[5] (net)
                      0.002876    0.000000    2.001055 v _0697_/A (sky130_fd_sc_hd__or4_2)
     2    0.002790    0.065155    0.364536    2.365592 v _0697_/X (sky130_fd_sc_hd__or4_2)
                                                         _0086_ (net)
                      0.065155    0.000000    2.365592 v _0700_/B (sky130_fd_sc_hd__or2_2)
     2    0.008115    0.048676    0.182505    2.548097 v _0700_/X (sky130_fd_sc_hd__or2_2)
                                                         _0088_ (net)
                      0.048676    0.000000    2.548097 v _0701_/D (sky130_fd_sc_hd__nor4_2)
     9    0.022012    0.418127    0.298703    2.846800 ^ _0701_/Y (sky130_fd_sc_hd__nor4_2)
                                                         _0089_ (net)
                      0.418127    0.000000    2.846800 ^ _0746_/A2 (sky130_fd_sc_hd__a221o_2)
    25    0.061559    0.240152    0.273077    3.119876 ^ _0746_/X (sky130_fd_sc_hd__a221o_2)
                                                         _0119_ (net)
                      0.240152    0.000000    3.119876 ^ _0791_/B1 (sky130_fd_sc_hd__o221a_2)
     1    0.001748    0.031904    0.114633    3.234509 ^ _0791_/X (sky130_fd_sc_hd__o221a_2)
                                                         _0038_ (net)
                      0.031904    0.000000    3.234509 ^ _1422_/D (sky130_fd_sc_hd__dfxtp_2)
                                              3.234509   data arrival time

                      0.150000   10.000000   10.000000   clock clk (rise edge)
                                  0.000000   10.000000   clock network delay (ideal)
                                 -0.250000    9.750000   clock uncertainty
                                  0.000000    9.750000   clock reconvergence pessimism
                                              9.750000 ^ _1422_/CLK (sky130_fd_sc_hd__dfxtp_2)
                                 -0.027718    9.722281   library setup time
                                              9.722281   data required time
---------------------------------------------------------------------------------------------
                                              9.722281   data required time
                                             -3.234509   data arrival time
---------------------------------------------------------------------------------------------
                                              6.487773   slack (MET)


Startpoint: addr[5] (input port clocked by clk)
Endpoint: _1423_ (rising edge-triggered flip-flop clocked by clk)
Path Group: clk
Path Type: max

Fanout         Cap        Slew       Delay        Time   Description
---------------------------------------------------------------------------------------------
                      0.150000    0.000000    0.000000   clock clk (rise edge)
                                  0.000000    0.000000   clock network delay (ideal)
                                  2.000000    2.000000 v input external delay
     1    0.001415    0.002876    0.001055    2.001055 v addr[5] (in)
                                                         addr[5] (net)
                      0.002876    0.000000    2.001055 v _0697_/A (sky130_fd_sc_hd__or4_2)
     2    0.002790    0.065155    0.364536    2.365592 v _0697_/X (sky130_fd_sc_hd__or4_2)
                                                         _0086_ (net)
                      0.065155    0.000000    2.365592 v _0700_/B (sky130_fd_sc_hd__or2_2)
     2    0.008115    0.048676    0.182505    2.548097 v _0700_/X (sky130_fd_sc_hd__or2_2)
                                                         _0088_ (net)
                      0.048676    0.000000    2.548097 v _0701_/D (sky130_fd_sc_hd__nor4_2)
     9    0.022012    0.418127    0.298703    2.846800 ^ _0701_/Y (sky130_fd_sc_hd__nor4_2)
                                                         _0089_ (net)
                      0.418127    0.000000    2.846800 ^ _0746_/A2 (sky130_fd_sc_hd__a221o_2)
    25    0.061559    0.240152    0.273077    3.119876 ^ _0746_/X (sky130_fd_sc_hd__a221o_2)
                                                         _0119_ (net)
                      0.240152    0.000000    3.119876 ^ _0793_/B1 (sky130_fd_sc_hd__o221a_2)
     1    0.001748    0.031904    0.114633    3.234509 ^ _0793_/X (sky130_fd_sc_hd__o221a_2)
                                                         _0039_ (net)
                      0.031904    0.000000    3.234509 ^ _1423_/D (sky130_fd_sc_hd__dfxtp_2)
                                              3.234509   data arrival time

                      0.150000   10.000000   10.000000   clock clk (rise edge)
                                  0.000000   10.000000   clock network delay (ideal)
                                 -0.250000    9.750000   clock uncertainty
                                  0.000000    9.750000   clock reconvergence pessimism
                                              9.750000 ^ _1423_/CLK (sky130_fd_sc_hd__dfxtp_2)
                                 -0.027718    9.722281   library setup time
                                              9.722281   data required time
---------------------------------------------------------------------------------------------
                                              9.722281   data required time
                                             -3.234509   data arrival time
---------------------------------------------------------------------------------------------
                                              6.487773   slack (MET)


Startpoint: addr[5] (input port clocked by clk)
Endpoint: _1424_ (rising edge-triggered flip-flop clocked by clk)
Path Group: clk
Path Type: max

Fanout         Cap        Slew       Delay        Time   Description
---------------------------------------------------------------------------------------------
                      0.150000    0.000000    0.000000   clock clk (rise edge)
                                  0.000000    0.000000   clock network delay (ideal)
                                  2.000000    2.000000 v input external delay
     1    0.001415    0.002876    0.001055    2.001055 v addr[5] (in)
                                                         addr[5] (net)
                      0.002876    0.000000    2.001055 v _0697_/A (sky130_fd_sc_hd__or4_2)
     2    0.002790    0.065155    0.364536    2.365592 v _0697_/X (sky130_fd_sc_hd__or4_2)
                                                         _0086_ (net)
                      0.065155    0.000000    2.365592 v _0700_/B (sky130_fd_sc_hd__or2_2)
     2    0.008115    0.048676    0.182505    2.548097 v _0700_/X (sky130_fd_sc_hd__or2_2)
                                                         _0088_ (net)
                      0.048676    0.000000    2.548097 v _0701_/D (sky130_fd_sc_hd__nor4_2)
     9    0.022012    0.418127    0.298703    2.846800 ^ _0701_/Y (sky130_fd_sc_hd__nor4_2)
                                                         _0089_ (net)
                      0.418127    0.000000    2.846800 ^ _0746_/A2 (sky130_fd_sc_hd__a221o_2)
    25    0.061559    0.240152    0.273077    3.119876 ^ _0746_/X (sky130_fd_sc_hd__a221o_2)
                                                         _0119_ (net)
                      0.240152    0.000000    3.119876 ^ _0795_/B1 (sky130_fd_sc_hd__o221a_2)
     1    0.001748    0.031904    0.114633    3.234509 ^ _0795_/X (sky130_fd_sc_hd__o221a_2)
                                                         _0040_ (net)
                      0.031904    0.000000    3.234509 ^ _1424_/D (sky130_fd_sc_hd__dfxtp_2)
                                              3.234509   data arrival time

                      0.150000   10.000000   10.000000   clock clk (rise edge)
                                  0.000000   10.000000   clock network delay (ideal)
                                 -0.250000    9.750000   clock uncertainty
                                  0.000000    9.750000   clock reconvergence pessimism
                                              9.750000 ^ _1424_/CLK (sky130_fd_sc_hd__dfxtp_2)
                                 -0.027718    9.722281   library setup time
                                              9.722281   data required time
---------------------------------------------------------------------------------------------
                                              9.722281   data required time
                                             -3.234509   data arrival time
---------------------------------------------------------------------------------------------
                                              6.487773   slack (MET)


Startpoint: addr[5] (input port clocked by clk)
Endpoint: _1400_ (rising edge-triggered flip-flop clocked by clk)
Path Group: clk
Path Type: max

Fanout         Cap        Slew       Delay        Time   Description
---------------------------------------------------------------------------------------------
                      0.150000    0.000000    0.000000   clock clk (rise edge)
                                  0.000000    0.000000   clock network delay (ideal)
                                  2.000000    2.000000 v input external delay
     1    0.001415    0.002876    0.001055    2.001055 v addr[5] (in)
                                                         addr[5] (net)
                      0.002876    0.000000    2.001055 v _0697_/A (sky130_fd_sc_hd__or4_2)
     2    0.002790    0.065155    0.364536    2.365592 v _0697_/X (sky130_fd_sc_hd__or4_2)
                                                         _0086_ (net)
                      0.065155    0.000000    2.365592 v _0700_/B (sky130_fd_sc_hd__or2_2)
     2    0.008115    0.048676    0.182505    2.548097 v _0700_/X (sky130_fd_sc_hd__or2_2)
                                                         _0088_ (net)
                      0.048676    0.000000    2.548097 v _0701_/D (sky130_fd_sc_hd__nor4_2)
     9    0.022012    0.418127    0.298703    2.846800 ^ _0701_/Y (sky130_fd_sc_hd__nor4_2)
                                                         _0089_ (net)
                      0.418127    0.000000    2.846800 ^ _0746_/A2 (sky130_fd_sc_hd__a221o_2)
    25    0.061559    0.240152    0.273077    3.119876 ^ _0746_/X (sky130_fd_sc_hd__a221o_2)
                                                         _0119_ (net)
                      0.240152    0.000000    3.119876 ^ _0747_/B2 (sky130_fd_sc_hd__o221a_2)
     1    0.001748    0.031904    0.108906    3.228782 ^ _0747_/X (sky130_fd_sc_hd__o221a_2)
                                                         _0016_ (net)
                      0.031904    0.000000    3.228782 ^ _1400_/D (sky130_fd_sc_hd__dfxtp_2)
                                              3.228782   data arrival time

                      0.150000   10.000000   10.000000   clock clk (rise edge)
                                  0.000000   10.000000   clock network delay (ideal)
                                 -0.250000    9.750000   clock uncertainty
                                  0.000000    9.750000   clock reconvergence pessimism
                                              9.750000 ^ _1400_/CLK (sky130_fd_sc_hd__dfxtp_2)
                                 -0.027718    9.722281   library setup time
                                              9.722281   data required time
---------------------------------------------------------------------------------------------
                                              9.722281   data required time
                                             -3.228782   data arrival time
---------------------------------------------------------------------------------------------
                                              6.493500   slack (MET)


Startpoint: _1425_ (rising edge-triggered flip-flop clocked by clk)
Endpoint: _1445_ (rising edge-triggered flip-flop clocked by clk)
Path Group: clk
Path Type: max

Fanout         Cap        Slew       Delay        Time   Description
---------------------------------------------------------------------------------------------
                      0.150000    0.000000    0.000000   clock clk (rise edge)
                                  0.000000    0.000000   clock network delay (ideal)
                      0.150000    0.000000    0.000000 ^ _1425_/CLK (sky130_fd_sc_hd__dfxtp_2)
    22    0.058072    0.097120    0.294589    0.294589 v _1425_/Q (sky130_fd_sc_hd__dfxtp_2)
                                                         core_b[0] (net)
                      0.097120    0.000000    0.294589 v _1019_/B (sky130_fd_sc_hd__and3_2)
     7    0.014159    0.048659    0.170922    0.465511 v _1019_/X (sky130_fd_sc_hd__and3_2)
                                                         _0351_ (net)
                      0.048659    0.000000    0.465511 v _1023_/A (sky130_fd_sc_hd__or4bb_2)
     2    0.006549    0.072531    0.372299    0.837810 v _1023_/X (sky130_fd_sc_hd__or4bb_2)
                                                         _0355_ (net)
                      0.072531    0.000000    0.837810 v _1026_/A2 (sky130_fd_sc_hd__a21o_2)
     3    0.008754    0.036577    0.158347    0.996156 v _1026_/X (sky130_fd_sc_hd__a21o_2)
                                                         _0358_ (net)
                      0.036577    0.000000    0.996156 v _1028_/A2 (sky130_fd_sc_hd__a21o_2)
     2    0.006549    0.032697    0.140470    1.136626 v _1028_/X (sky130_fd_sc_hd__a21o_2)
                                                         _0360_ (net)
                      0.032697    0.000000    1.136626 v _1031_/A2 (sky130_fd_sc_hd__a21o_2)
     3    0.010443    0.039523    0.148001    1.284627 v _1031_/X (sky130_fd_sc_hd__a21o_2)
                                                         _0363_ (net)
                      0.039523    0.000000    1.284627 v _1032_/C (sky130_fd_sc_hd__and3_2)
     3    0.008688    0.039243    0.144289    1.428916 v _1032_/X (sky130_fd_sc_hd__and3_2)
                                                         _0364_ (net)
                      0.039243    0.000000    1.428916 v _1037_/A1 (sky130_fd_sc_hd__o211a_2)
     2    0.005471    0.036387    0.165967    1.594883 v _1037_/X (sky130_fd_sc_hd__o211a_2)
                                                         _0369_ (net)
                      0.036387    0.000000    1.594883 v _1038_/C (sky130_fd_sc_hd__or3_2)
     4    0.011077    0.071335    0.256200    1.851083 v _1038_/X (sky130_fd_sc_hd__or3_2)
                                                         _0370_ (net)
                      0.071335    0.000000    1.851083 v _1082_/A2 (sky130_fd_sc_hd__a211o_2)
     3    0.007155    0.043804    0.224618    2.075701 v _1082_/X (sky130_fd_sc_hd__a211o_2)
                                                         _0413_ (net)
                      0.043804    0.000000    2.075701 v _1125_/D (sky130_fd_sc_hd__and4b_2)
     2    0.004455    0.035859    0.154130    2.229831 v _1125_/X (sky130_fd_sc_hd__and4b_2)
                                                         _0455_ (net)
                      0.035859    0.000000    2.229831 v _1127_/A2 (sky130_fd_sc_hd__a21o_2)
     2    0.010209    0.039119    0.148627    2.378458 v _1127_/X (sky130_fd_sc_hd__a21o_2)
                                                         _0457_ (net)
                      0.039119    0.000000    2.378458 v _1128_/B (sky130_fd_sc_hd__xnor2_2)
     2    0.012225    0.054088    0.099731    2.478189 v _1128_/Y (sky130_fd_sc_hd__xnor2_2)
                                                         _0458_ (net)
                      0.054088    0.000000    2.478189 v _1130_/B (sky130_fd_sc_hd__xnor2_2)
     2    0.010466    0.054342    0.102164    2.580353 v _1130_/Y (sky130_fd_sc_hd__xnor2_2)
                                                         _0460_ (net)
                      0.054342    0.000000    2.580353 v _1132_/C1 (sky130_fd_sc_hd__a211o_2)
     2    0.006162    0.041750    0.134839    2.715192 v _1132_/X (sky130_fd_sc_hd__a211o_2)
                                                         _0462_ (net)
                      0.041750    0.000000    2.715192 v _1165_/A2 (sky130_fd_sc_hd__a21oi_2)
     3    0.014569    0.149253    0.151670    2.866862 ^ _1165_/Y (sky130_fd_sc_hd__a21oi_2)
                                                         _0494_ (net)
                      0.149253    0.000000    2.866862 ^ _1169_/B (sky130_fd_sc_hd__nor2_2)
     2    0.012433    0.049526    0.040967    2.907829 v _1169_/Y (sky130_fd_sc_hd__nor2_2)
                                                         _0497_ (net)
                      0.049526    0.000000    2.907829 v _1201_/A (sky130_fd_sc_hd__xnor2_2)
     1    0.004614    0.091487    0.111155    3.018984 ^ _1201_/Y (sky130_fd_sc_hd__xnor2_2)
                                                         _0529_ (net)
                      0.091487    0.000000    3.018984 ^ _1202_/B (sky130_fd_sc_hd__nand2_2)
     1    0.002351    0.097224    0.027912    3.046896 v _1202_/Y (sky130_fd_sc_hd__nand2_2)
                                                         _0530_ (net)
                      0.097224    0.000000    3.046896 v _1203_/C1 (sky130_fd_sc_hd__o211a_2)
     1    0.001783    0.029392    0.094739    3.141635 v _1203_/X (sky130_fd_sc_hd__o211a_2)
                                                         _0061_ (net)
                      0.029392    0.000000    3.141635 v _1445_/D (sky130_fd_sc_hd__dfxtp_2)
                                              3.141635   data arrival time

                      0.150000   10.000000   10.000000   clock clk (rise edge)
                                  0.000000   10.000000   clock network delay (ideal)
                                 -0.250000    9.750000   clock uncertainty
                                  0.000000    9.750000   clock reconvergence pessimism
                                              9.750000 ^ _1445_/CLK (sky130_fd_sc_hd__dfxtp_2)
                                 -0.058942    9.691058   library setup time
                                              9.691058   data required time
---------------------------------------------------------------------------------------------
                                              9.691058   data required time
                                             -3.141635   data arrival time
---------------------------------------------------------------------------------------------
                                              6.549423   slack (MET)


Startpoint: addr[5] (input port clocked by clk)
Endpoint: _1396_ (rising edge-triggered flip-flop clocked by clk)
Path Group: clk
Path Type: max

Fanout         Cap        Slew       Delay        Time   Description
---------------------------------------------------------------------------------------------
                      0.150000    0.000000    0.000000   clock clk (rise edge)
                                  0.000000    0.000000   clock network delay (ideal)
                                  2.000000    2.000000 v input external delay
     1    0.001415    0.002876    0.001055    2.001055 v addr[5] (in)
                                                         addr[5] (net)
                      0.002876    0.000000    2.001055 v _0697_/A (sky130_fd_sc_hd__or4_2)
     2    0.002790    0.065155    0.364536    2.365592 v _0697_/X (sky130_fd_sc_hd__or4_2)
                                                         _0086_ (net)
                      0.065155    0.000000    2.365592 v _0698_/B (sky130_fd_sc_hd__or2_2)
     2    0.008192    0.048829    0.182717    2.548308 v _0698_/X (sky130_fd_sc_hd__or2_2)
                                                         _0087_ (net)
                      0.048829    0.000000    2.548308 v _0723_/A (sky130_fd_sc_hd__nor2_2)
    32    0.058607    0.454739    0.363742    2.912051 ^ _0723_/Y (sky130_fd_sc_hd__nor2_2)
                                                         _0103_ (net)
                      0.454739    0.000000    2.912051 ^ _0733_/B1 (sky130_fd_sc_hd__a22o_2)
     1    0.002561    0.031012    0.091352    3.003403 ^ _0733_/X (sky130_fd_sc_hd__a22o_2)
                                                         _0110_ (net)
                      0.031012    0.000000    3.003403 ^ _0734_/C1 (sky130_fd_sc_hd__a211o_2)
     1    0.002470    0.026382    0.051046    3.054449 ^ _0734_/X (sky130_fd_sc_hd__a211o_2)
                                                         _0111_ (net)
                      0.026382    0.000000    3.054449 ^ _0735_/B1 (sky130_fd_sc_hd__o211a_2)
     1    0.001748    0.033267    0.074311    3.128759 ^ _0735_/X (sky130_fd_sc_hd__o211a_2)
                                                         _0012_ (net)
                      0.033267    0.000000    3.128759 ^ _1396_/D (sky130_fd_sc_hd__dfxtp_2)
                                              3.128759   data arrival time

                      0.150000   10.000000   10.000000   clock clk (rise edge)
                                  0.000000   10.000000   clock network delay (ideal)
                                 -0.250000    9.750000   clock uncertainty
                                  0.000000    9.750000   clock reconvergence pessimism
                                              9.750000 ^ _1396_/CLK (sky130_fd_sc_hd__dfxtp_2)
                                 -0.027842    9.722157   library setup time
                                              9.722157   data required time
---------------------------------------------------------------------------------------------
                                              9.722157   data required time
                                             -3.128759   data arrival time
---------------------------------------------------------------------------------------------
                                              6.593398   slack (MET)


Startpoint: addr[5] (input port clocked by clk)
Endpoint: _1393_ (rising edge-triggered flip-flop clocked by clk)
Path Group: clk
Path Type: max

Fanout         Cap        Slew       Delay        Time   Description
---------------------------------------------------------------------------------------------
                      0.150000    0.000000    0.000000   clock clk (rise edge)
                                  0.000000    0.000000   clock network delay (ideal)
                                  2.000000    2.000000 v input external delay
     1    0.001415    0.002876    0.001055    2.001055 v addr[5] (in)
                                                         addr[5] (net)
                      0.002876    0.000000    2.001055 v _0697_/A (sky130_fd_sc_hd__or4_2)
     2    0.002790    0.065155    0.364536    2.365592 v _0697_/X (sky130_fd_sc_hd__or4_2)
                                                         _0086_ (net)
                      0.065155    0.000000    2.365592 v _0698_/B (sky130_fd_sc_hd__or2_2)
     2    0.008192    0.048829    0.182717    2.548308 v _0698_/X (sky130_fd_sc_hd__or2_2)
                                                         _0087_ (net)
                      0.048829    0.000000    2.548308 v _0723_/A (sky130_fd_sc_hd__nor2_2)
    32    0.058607    0.454739    0.363742    2.912051 ^ _0723_/Y (sky130_fd_sc_hd__nor2_2)
                                                         _0103_ (net)
                      0.454739    0.000000    2.912051 ^ _0724_/B1 (sky130_fd_sc_hd__a22o_2)
     1    0.002561    0.031012    0.091352    3.003403 ^ _0724_/X (sky130_fd_sc_hd__a22o_2)
                                                         _0104_ (net)
                      0.031012    0.000000    3.003403 ^ _0725_/C1 (sky130_fd_sc_hd__a211o_2)
     1    0.002470    0.023879    0.051046    3.054449 ^ _0725_/X (sky130_fd_sc_hd__a211o_2)
                                                         _0105_ (net)
                      0.023879    0.000000    3.054449 ^ _0726_/B1 (sky130_fd_sc_hd__o211a_2)
     1    0.001748    0.033267    0.073688    3.128137 ^ _0726_/X (sky130_fd_sc_hd__o211a_2)
                                                         _0009_ (net)
                      0.033267    0.000000    3.128137 ^ _1393_/D (sky130_fd_sc_hd__dfxtp_2)
                                              3.128137   data arrival time

                      0.150000   10.000000   10.000000   clock clk (rise edge)
                                  0.000000   10.000000   clock network delay (ideal)
                                 -0.250000    9.750000   clock uncertainty
                                  0.000000    9.750000   clock reconvergence pessimism
                                              9.750000 ^ _1393_/CLK (sky130_fd_sc_hd__dfxtp_2)
                                 -0.027842    9.722157   library setup time
                                              9.722157   data required time
---------------------------------------------------------------------------------------------
                                              9.722157   data required time
                                             -3.128137   data arrival time
---------------------------------------------------------------------------------------------
                                              6.594021   slack (MET)


Startpoint: addr[5] (input port clocked by clk)
Endpoint: _1394_ (rising edge-triggered flip-flop clocked by clk)
Path Group: clk
Path Type: max

Fanout         Cap        Slew       Delay        Time   Description
---------------------------------------------------------------------------------------------
                      0.150000    0.000000    0.000000   clock clk (rise edge)
                                  0.000000    0.000000   clock network delay (ideal)
                                  2.000000    2.000000 v input external delay
     1    0.001415    0.002876    0.001055    2.001055 v addr[5] (in)
                                                         addr[5] (net)
                      0.002876    0.000000    2.001055 v _0697_/A (sky130_fd_sc_hd__or4_2)
     2    0.002790    0.065155    0.364536    2.365592 v _0697_/X (sky130_fd_sc_hd__or4_2)
                                                         _0086_ (net)
                      0.065155    0.000000    2.365592 v _0698_/B (sky130_fd_sc_hd__or2_2)
     2    0.008192    0.048829    0.182717    2.548308 v _0698_/X (sky130_fd_sc_hd__or2_2)
                                                         _0087_ (net)
                      0.048829    0.000000    2.548308 v _0723_/A (sky130_fd_sc_hd__nor2_2)
    32    0.058607    0.454739    0.363742    2.912051 ^ _0723_/Y (sky130_fd_sc_hd__nor2_2)
                                                         _0103_ (net)
                      0.454739    0.000000    2.912051 ^ _0728_/A2 (sky130_fd_sc_hd__a211o_2)
     1    0.002470    0.026982    0.097268    3.009318 ^ _0728_/X (sky130_fd_sc_hd__a211o_2)
                                                         _0107_ (net)
                      0.026982    0.000000    3.009318 ^ _0729_/B1 (sky130_fd_sc_hd__o211a_2)
     1    0.001748    0.033267    0.074460    3.083778 ^ _0729_/X (sky130_fd_sc_hd__o211a_2)
                                                         _0010_ (net)
                      0.033267    0.000000    3.083778 ^ _1394_/D (sky130_fd_sc_hd__dfxtp_2)
                                              3.083778   data arrival time

                      0.150000   10.000000   10.000000   clock clk (rise edge)
                                  0.000000   10.000000   clock network delay (ideal)
                                 -0.250000    9.750000   clock uncertainty
                                  0.000000    9.750000   clock reconvergence pessimism
                                              9.750000 ^ _1394_/CLK (sky130_fd_sc_hd__dfxtp_2)
                                 -0.027842    9.722157   library setup time
                                              9.722157   data required time
---------------------------------------------------------------------------------------------
                                              9.722157   data required time
                                             -3.083778   data arrival time
---------------------------------------------------------------------------------------------
                                              6.638380   slack (MET)


Startpoint: addr[5] (input port clocked by clk)
Endpoint: _1395_ (rising edge-triggered flip-flop clocked by clk)
Path Group: clk
Path Type: max

Fanout         Cap        Slew       Delay        Time   Description
---------------------------------------------------------------------------------------------
                      0.150000    0.000000    0.000000   clock clk (rise edge)
                                  0.000000    0.000000   clock network delay (ideal)
                                  2.000000    2.000000 v input external delay
     1    0.001415    0.002876    0.001055    2.001055 v addr[5] (in)
                                                         addr[5] (net)
                      0.002876    0.000000    2.001055 v _0697_/A (sky130_fd_sc_hd__or4_2)
     2    0.002790    0.065155    0.364536    2.365592 v _0697_/X (sky130_fd_sc_hd__or4_2)
                                                         _0086_ (net)
                      0.065155    0.000000    2.365592 v _0698_/B (sky130_fd_sc_hd__or2_2)
     2    0.008192    0.048829    0.182717    2.548308 v _0698_/X (sky130_fd_sc_hd__or2_2)
                                                         _0087_ (net)
                      0.048829    0.000000    2.548308 v _0723_/A (sky130_fd_sc_hd__nor2_2)
    32    0.058607    0.454739    0.363742    2.912051 ^ _0723_/Y (sky130_fd_sc_hd__nor2_2)
                                                         _0103_ (net)
                      0.454739    0.000000    2.912051 ^ _0731_/A2 (sky130_fd_sc_hd__a211o_2)
     1    0.002470    0.026982    0.097268    3.009318 ^ _0731_/X (sky130_fd_sc_hd__a211o_2)
                                                         _0109_ (net)
                      0.026982    0.000000    3.009318 ^ _0732_/B1 (sky130_fd_sc_hd__o211a_2)
     1    0.001748    0.033267    0.074460    3.083778 ^ _0732_/X (sky130_fd_sc_hd__o211a_2)
                                                         _0011_ (net)
                      0.033267    0.000000    3.083778 ^ _1395_/D (sky130_fd_sc_hd__dfxtp_2)
                                              3.083778   data arrival time

                      0.150000   10.000000   10.000000   clock clk (rise edge)
                                  0.000000   10.000000   clock network delay (ideal)
                                 -0.250000    9.750000   clock uncertainty
                                  0.000000    9.750000   clock reconvergence pessimism
                                              9.750000 ^ _1395_/CLK (sky130_fd_sc_hd__dfxtp_2)
                                 -0.027842    9.722157   library setup time
                                              9.722157   data required time
---------------------------------------------------------------------------------------------
                                              9.722157   data required time
                                             -3.083778   data arrival time
---------------------------------------------------------------------------------------------
                                              6.638380   slack (MET)


Startpoint: addr[5] (input port clocked by clk)
Endpoint: _1397_ (rising edge-triggered flip-flop clocked by clk)
Path Group: clk
Path Type: max

Fanout         Cap        Slew       Delay        Time   Description
---------------------------------------------------------------------------------------------
                      0.150000    0.000000    0.000000   clock clk (rise edge)
                                  0.000000    0.000000   clock network delay (ideal)
                                  2.000000    2.000000 v input external delay
     1    0.001415    0.002876    0.001055    2.001055 v addr[5] (in)
                                                         addr[5] (net)
                      0.002876    0.000000    2.001055 v _0697_/A (sky130_fd_sc_hd__or4_2)
     2    0.002790    0.065155    0.364536    2.365592 v _0697_/X (sky130_fd_sc_hd__or4_2)
                                                         _0086_ (net)
                      0.065155    0.000000    2.365592 v _0698_/B (sky130_fd_sc_hd__or2_2)
     2    0.008192    0.048829    0.182717    2.548308 v _0698_/X (sky130_fd_sc_hd__or2_2)
                                                         _0087_ (net)
                      0.048829    0.000000    2.548308 v _0723_/A (sky130_fd_sc_hd__nor2_2)
    32    0.058607    0.454739    0.363742    2.912051 ^ _0723_/Y (sky130_fd_sc_hd__nor2_2)
                                                         _0103_ (net)
                      0.454739    0.000000    2.912051 ^ _0737_/A2 (sky130_fd_sc_hd__a211o_2)
     1    0.002470    0.026982    0.097268    3.009318 ^ _0737_/X (sky130_fd_sc_hd__a211o_2)
                                                         _0113_ (net)
                      0.026982    0.000000    3.009318 ^ _0738_/B1 (sky130_fd_sc_hd__o211a_2)
     1    0.001748    0.033267    0.074460    3.083778 ^ _0738_/X (sky130_fd_sc_hd__o211a_2)
                                                         _0013_ (net)
                      0.033267    0.000000    3.083778 ^ _1397_/D (sky130_fd_sc_hd__dfxtp_2)
                                              3.083778   data arrival time

                      0.150000   10.000000   10.000000   clock clk (rise edge)
                                  0.000000   10.000000   clock network delay (ideal)
                                 -0.250000    9.750000   clock uncertainty
                                  0.000000    9.750000   clock reconvergence pessimism
                                              9.750000 ^ _1397_/CLK (sky130_fd_sc_hd__dfxtp_2)
                                 -0.027842    9.722157   library setup time
                                              9.722157   data required time
---------------------------------------------------------------------------------------------
                                              9.722157   data required time
                                             -3.083778   data arrival time
---------------------------------------------------------------------------------------------
                                              6.638380   slack (MET)


Startpoint: addr[5] (input port clocked by clk)
Endpoint: _1398_ (rising edge-triggered flip-flop clocked by clk)
Path Group: clk
Path Type: max

Fanout         Cap        Slew       Delay        Time   Description
---------------------------------------------------------------------------------------------
                      0.150000    0.000000    0.000000   clock clk (rise edge)
                                  0.000000    0.000000   clock network delay (ideal)
                                  2.000000    2.000000 v input external delay
     1    0.001415    0.002876    0.001055    2.001055 v addr[5] (in)
                                                         addr[5] (net)
                      0.002876    0.000000    2.001055 v _0697_/A (sky130_fd_sc_hd__or4_2)
     2    0.002790    0.065155    0.364536    2.365592 v _0697_/X (sky130_fd_sc_hd__or4_2)
                                                         _0086_ (net)
                      0.065155    0.000000    2.365592 v _0698_/B (sky130_fd_sc_hd__or2_2)
     2    0.008192    0.048829    0.182717    2.548308 v _0698_/X (sky130_fd_sc_hd__or2_2)
                                                         _0087_ (net)
                      0.048829    0.000000    2.548308 v _0723_/A (sky130_fd_sc_hd__nor2_2)
    32    0.058607    0.454739    0.363742    2.912051 ^ _0723_/Y (sky130_fd_sc_hd__nor2_2)
                                                         _0103_ (net)
                      0.454739    0.000000    2.912051 ^ _0740_/A2 (sky130_fd_sc_hd__a211o_2)
     1    0.002470    0.026982    0.097268    3.009318 ^ _0740_/X (sky130_fd_sc_hd__a211o_2)
                                                         _0115_ (net)
                      0.026982    0.000000    3.009318 ^ _0741_/B1 (sky130_fd_sc_hd__o211a_2)
     1    0.001748    0.033267    0.074460    3.083778 ^ _0741_/X (sky130_fd_sc_hd__o211a_2)
                                                         _0014_ (net)
                      0.033267    0.000000    3.083778 ^ _1398_/D (sky130_fd_sc_hd__dfxtp_2)
                                              3.083778   data arrival time

                      0.150000   10.000000   10.000000   clock clk (rise edge)
                                  0.000000   10.000000   clock network delay (ideal)
                                 -0.250000    9.750000   clock uncertainty
                                  0.000000    9.750000   clock reconvergence pessimism
                                              9.750000 ^ _1398_/CLK (sky130_fd_sc_hd__dfxtp_2)
                                 -0.027842    9.722157   library setup time
                                              9.722157   data required time
---------------------------------------------------------------------------------------------
                                              9.722157   data required time
                                             -3.083778   data arrival time
---------------------------------------------------------------------------------------------
                                              6.638380   slack (MET)


Startpoint: addr[5] (input port clocked by clk)
Endpoint: _1399_ (rising edge-triggered flip-flop clocked by clk)
Path Group: clk
Path Type: max

Fanout         Cap        Slew       Delay        Time   Description
---------------------------------------------------------------------------------------------
                      0.150000    0.000000    0.000000   clock clk (rise edge)
                                  0.000000    0.000000   clock network delay (ideal)
                                  2.000000    2.000000 v input external delay
     1    0.001415    0.002876    0.001055    2.001055 v addr[5] (in)
                                                         addr[5] (net)
                      0.002876    0.000000    2.001055 v _0697_/A (sky130_fd_sc_hd__or4_2)
     2    0.002790    0.065155    0.364536    2.365592 v _0697_/X (sky130_fd_sc_hd__or4_2)
                                                         _0086_ (net)
                      0.065155    0.000000    2.365592 v _0698_/B (sky130_fd_sc_hd__or2_2)
     2    0.008192    0.048829    0.182717    2.548308 v _0698_/X (sky130_fd_sc_hd__or2_2)
                                                         _0087_ (net)
                      0.048829    0.000000    2.548308 v _0723_/A (sky130_fd_sc_hd__nor2_2)
    32    0.058607    0.454739    0.363742    2.912051 ^ _0723_/Y (sky130_fd_sc_hd__nor2_2)
                                                         _0103_ (net)
                      0.454739    0.000000    2.912051 ^ _0743_/A2 (sky130_fd_sc_hd__a211o_2)
     1    0.002470    0.026982    0.097268    3.009318 ^ _0743_/X (sky130_fd_sc_hd__a211o_2)
                                                         _0117_ (net)
                      0.026982    0.000000    3.009318 ^ _0744_/B1 (sky130_fd_sc_hd__o211a_2)
     1    0.001748    0.033267    0.074460    3.083778 ^ _0744_/X (sky130_fd_sc_hd__o211a_2)
                                                         _0015_ (net)
                      0.033267    0.000000    3.083778 ^ _1399_/D (sky130_fd_sc_hd__dfxtp_2)
                                              3.083778   data arrival time

                      0.150000   10.000000   10.000000   clock clk (rise edge)
                                  0.000000   10.000000   clock network delay (ideal)
                                 -0.250000    9.750000   clock uncertainty
                                  0.000000    9.750000   clock reconvergence pessimism
                                              9.750000 ^ _1399_/CLK (sky130_fd_sc_hd__dfxtp_2)
                                 -0.027842    9.722157   library setup time
                                              9.722157   data required time
---------------------------------------------------------------------------------------------
                                              9.722157   data required time
                                             -3.083778   data arrival time
---------------------------------------------------------------------------------------------
                                              6.638380   slack (MET)


Startpoint: _1425_ (rising edge-triggered flip-flop clocked by clk)
Endpoint: _1444_ (rising edge-triggered flip-flop clocked by clk)
Path Group: clk
Path Type: max

Fanout         Cap        Slew       Delay        Time   Description
---------------------------------------------------------------------------------------------
                      0.150000    0.000000    0.000000   clock clk (rise edge)
                                  0.000000    0.000000   clock network delay (ideal)
                      0.150000    0.000000    0.000000 ^ _1425_/CLK (sky130_fd_sc_hd__dfxtp_2)
    22    0.058072    0.097120    0.294589    0.294589 v _1425_/Q (sky130_fd_sc_hd__dfxtp_2)
                                                         core_b[0] (net)
                      0.097120    0.000000    0.294589 v _1019_/B (sky130_fd_sc_hd__and3_2)
     7    0.014159    0.048659    0.170922    0.465511 v _1019_/X (sky130_fd_sc_hd__and3_2)
                                                         _0351_ (net)
                      0.048659    0.000000    0.465511 v _1023_/A (sky130_fd_sc_hd__or4bb_2)
     2    0.006549    0.072531    0.372299    0.837810 v _1023_/X (sky130_fd_sc_hd__or4bb_2)
                                                         _0355_ (net)
                      0.072531    0.000000    0.837810 v _1026_/A2 (sky130_fd_sc_hd__a21o_2)
     3    0.008754    0.036577    0.158347    0.996156 v _1026_/X (sky130_fd_sc_hd__a21o_2)
                                                         _0358_ (net)
                      0.036577    0.000000    0.996156 v _1028_/A2 (sky130_fd_sc_hd__a21o_2)
     2    0.006549    0.032697    0.140470    1.136626 v _1028_/X (sky130_fd_sc_hd__a21o_2)
                                                         _0360_ (net)
                      0.032697    0.000000    1.136626 v _1031_/A2 (sky130_fd_sc_hd__a21o_2)
     3    0.010443    0.039523    0.148001    1.284627 v _1031_/X (sky130_fd_sc_hd__a21o_2)
                                                         _0363_ (net)
                      0.039523    0.000000    1.284627 v _1032_/C (sky130_fd_sc_hd__and3_2)
     3    0.008688    0.039243    0.144289    1.428916 v _1032_/X (sky130_fd_sc_hd__and3_2)
                                                         _0364_ (net)
                      0.039243    0.000000    1.428916 v _1037_/A1 (sky130_fd_sc_hd__o211a_2)
     2    0.005471    0.036387    0.165967    1.594883 v _1037_/X (sky130_fd_sc_hd__o211a_2)
                                                         _0369_ (net)
                      0.036387    0.000000    1.594883 v _1038_/C (sky130_fd_sc_hd__or3_2)
     4    0.011077    0.071335    0.256200    1.851083 v _1038_/X (sky130_fd_sc_hd__or3_2)
                                                         _0370_ (net)
                      0.071335    0.000000    1.851083 v _1082_/A2 (sky130_fd_sc_hd__a211o_2)
     3    0.007155    0.043804    0.224618    2.075701 v _1082_/X (sky130_fd_sc_hd__a211o_2)
                                                         _0413_ (net)
                      0.043804    0.000000    2.075701 v _1125_/D (sky130_fd_sc_hd__and4b_2)
     2    0.004455    0.035859    0.154130    2.229831 v _1125_/X (sky130_fd_sc_hd__and4b_2)
                                                         _0455_ (net)
                      0.035859    0.000000    2.229831 v _1127_/A2 (sky130_fd_sc_hd__a21o_2)
     2    0.010209    0.039119    0.148627    2.378458 v _1127_/X (sky130_fd_sc_hd__a21o_2)
                                                         _0457_ (net)
                      0.039119    0.000000    2.378458 v _1128_/B (sky130_fd_sc_hd__xnor2_2)
     2    0.012225    0.054088    0.099731    2.478189 v _1128_/Y (sky130_fd_sc_hd__xnor2_2)
                                                         _0458_ (net)
                      0.054088    0.000000    2.478189 v _1130_/B (sky130_fd_sc_hd__xnor2_2)
     2    0.010466    0.054342    0.102164    2.580353 v _1130_/Y (sky130_fd_sc_hd__xnor2_2)
                                                         _0460_ (net)
                      0.054342    0.000000    2.580353 v _1132_/C1 (sky130_fd_sc_hd__a211o_2)
     2    0.006162    0.041750    0.134839    2.715192 v _1132_/X (sky130_fd_sc_hd__a211o_2)
                                                         _0462_ (net)
                      0.041750    0.000000    2.715192 v _1165_/A2 (sky130_fd_sc_hd__a21oi_2)
     3    0.014569    0.149253    0.151670    2.866862 ^ _1165_/Y (sky130_fd_sc_hd__a21oi_2)
                                                         _0494_ (net)
                      0.149253    0.000000    2.866862 ^ _1167_/A1 (sky130_fd_sc_hd__o21ai_2)
     1    0.002351    0.092968    0.037473    2.904335 v _1167_/Y (sky130_fd_sc_hd__o21ai_2)
                                                         _0496_ (net)
                      0.092968    0.000000    2.904335 v _1168_/C1 (sky130_fd_sc_hd__o211a_2)
     1    0.001783    0.029392    0.092987    2.997322 v _1168_/X (sky130_fd_sc_hd__o211a_2)
                                                         _0060_ (net)
                      0.029392    0.000000    2.997322 v _1444_/D (sky130_fd_sc_hd__dfxtp_2)
                                              2.997322   data arrival time

                      0.150000   10.000000   10.000000   clock clk (rise edge)
                                  0.000000   10.000000   clock network delay (ideal)
                                 -0.250000    9.750000   clock uncertainty
                                  0.000000    9.750000   clock reconvergence pessimism
                                              9.750000 ^ _1444_/CLK (sky130_fd_sc_hd__dfxtp_2)
                                 -0.058942    9.691058   library setup time
                                              9.691058   data required time
---------------------------------------------------------------------------------------------
                                              9.691058   data required time
                                             -2.997322   data arrival time
---------------------------------------------------------------------------------------------
                                              6.693736   slack (MET)


Startpoint: _1425_ (rising edge-triggered flip-flop clocked by clk)
Endpoint: _1443_ (rising edge-triggered flip-flop clocked by clk)
Path Group: clk
Path Type: max

Fanout         Cap        Slew       Delay        Time   Description
---------------------------------------------------------------------------------------------
                      0.150000    0.000000    0.000000   clock clk (rise edge)
                                  0.000000    0.000000   clock network delay (ideal)
                      0.150000    0.000000    0.000000 ^ _1425_/CLK (sky130_fd_sc_hd__dfxtp_2)
    22    0.058072    0.097120    0.294589    0.294589 v _1425_/Q (sky130_fd_sc_hd__dfxtp_2)
                                                         core_b[0] (net)
                      0.097120    0.000000    0.294589 v _1019_/B (sky130_fd_sc_hd__and3_2)
     7    0.014159    0.048659    0.170922    0.465511 v _1019_/X (sky130_fd_sc_hd__and3_2)
                                                         _0351_ (net)
                      0.048659    0.000000    0.465511 v _1023_/A (sky130_fd_sc_hd__or4bb_2)
     2    0.006549    0.072531    0.372299    0.837810 v _1023_/X (sky130_fd_sc_hd__or4bb_2)
                                                         _0355_ (net)
                      0.072531    0.000000    0.837810 v _1026_/A2 (sky130_fd_sc_hd__a21o_2)
     3    0.008754    0.036577    0.158347    0.996156 v _1026_/X (sky130_fd_sc_hd__a21o_2)
                                                         _0358_ (net)
                      0.036577    0.000000    0.996156 v _1028_/A2 (sky130_fd_sc_hd__a21o_2)
     2    0.006549    0.032697    0.140470    1.136626 v _1028_/X (sky130_fd_sc_hd__a21o_2)
                                                         _0360_ (net)
                      0.032697    0.000000    1.136626 v _1031_/A2 (sky130_fd_sc_hd__a21o_2)
     3    0.010443    0.039523    0.148001    1.284627 v _1031_/X (sky130_fd_sc_hd__a21o_2)
                                                         _0363_ (net)
                      0.039523    0.000000    1.284627 v _1032_/C (sky130_fd_sc_hd__and3_2)
     3    0.008688    0.039243    0.144289    1.428916 v _1032_/X (sky130_fd_sc_hd__and3_2)
                                                         _0364_ (net)
                      0.039243    0.000000    1.428916 v _1037_/A1 (sky130_fd_sc_hd__o211a_2)
     2    0.005471    0.036387    0.165967    1.594883 v _1037_/X (sky130_fd_sc_hd__o211a_2)
                                                         _0369_ (net)
                      0.036387    0.000000    1.594883 v _1038_/C (sky130_fd_sc_hd__or3_2)
     4    0.011077    0.071335    0.256200    1.851083 v _1038_/X (sky130_fd_sc_hd__or3_2)
                                                         _0370_ (net)
                      0.071335    0.000000    1.851083 v _1041_/A1 (sky130_fd_sc_hd__a211o_2)
     2    0.003265    0.034816    0.189690    2.040772 v _1041_/X (sky130_fd_sc_hd__a211o_2)
                                                         _0373_ (net)
                      0.034816    0.000000    2.040772 v _1042_/B (sky130_fd_sc_hd__and2b_2)
     2    0.009923    0.039499    0.132808    2.173580 v _1042_/X (sky130_fd_sc_hd__and2b_2)
                                                         _0374_ (net)
                      0.039499    0.000000    2.173580 v _1043_/B (sky130_fd_sc_hd__xor2_2)
     2    0.002890    0.030448    0.087264    2.260844 v _1043_/X (sky130_fd_sc_hd__xor2_2)
                                                         _0375_ (net)
                      0.030448    0.000000    2.260844 v _1045_/B (sky130_fd_sc_hd__or2_2)
     2    0.008644    0.049802    0.172463    2.433307 v _1045_/X (sky130_fd_sc_hd__or2_2)
                                                         _0377_ (net)
                      0.049802    0.000000    2.433307 v _1051_/A1 (sky130_fd_sc_hd__a21oi_2)
     4    0.012172    0.130917    0.135251    2.568558 ^ _1051_/Y (sky130_fd_sc_hd__a21oi_2)
                                                         _0382_ (net)
                      0.130917    0.000000    2.568558 ^ _1131_/A1 (sky130_fd_sc_hd__a21o_2)
     1    0.008395    0.041842    0.099425    2.667983 ^ _1131_/X (sky130_fd_sc_hd__a21o_2)
                                                         _0461_ (net)
                      0.041842    0.000000    2.667983 ^ _1133_/B (sky130_fd_sc_hd__xnor2_2)
     1    0.004614    0.091516    0.066604    2.734587 ^ _1133_/Y (sky130_fd_sc_hd__xnor2_2)
                                                         _0463_ (net)
                      0.091516    0.000000    2.734587 ^ _1134_/B (sky130_fd_sc_hd__nand2_2)
     1    0.002351    0.097224    0.027913    2.762500 v _1134_/Y (sky130_fd_sc_hd__nand2_2)
                                                         _0464_ (net)
                      0.097224    0.000000    2.762500 v _1135_/C1 (sky130_fd_sc_hd__o211a_2)
     1    0.001783    0.029392    0.094739    2.857240 v _1135_/X (sky130_fd_sc_hd__o211a_2)
                                                         _0059_ (net)
                      0.029392    0.000000    2.857240 v _1443_/D (sky130_fd_sc_hd__dfxtp_2)
                                              2.857240   data arrival time

                      0.150000   10.000000   10.000000   clock clk (rise edge)
                                  0.000000   10.000000   clock network delay (ideal)
                                 -0.250000    9.750000   clock uncertainty
                                  0.000000    9.750000   clock reconvergence pessimism
                                              9.750000 ^ _1443_/CLK (sky130_fd_sc_hd__dfxtp_2)
                                 -0.058942    9.691058   library setup time
                                              9.691058   data required time
---------------------------------------------------------------------------------------------
                                              9.691058   data required time
                                             -2.857240   data arrival time
---------------------------------------------------------------------------------------------
                                              6.833818   slack (MET)


Startpoint: _1425_ (rising edge-triggered flip-flop clocked by clk)
Endpoint: _1441_ (rising edge-triggered flip-flop clocked by clk)
Path Group: clk
Path Type: max

Fanout         Cap        Slew       Delay        Time   Description
---------------------------------------------------------------------------------------------
                      0.150000    0.000000    0.000000   clock clk (rise edge)
                                  0.000000    0.000000   clock network delay (ideal)
                      0.150000    0.000000    0.000000 ^ _1425_/CLK (sky130_fd_sc_hd__dfxtp_2)
    22    0.058072    0.097120    0.294589    0.294589 v _1425_/Q (sky130_fd_sc_hd__dfxtp_2)
                                                         core_b[0] (net)
                      0.097120    0.000000    0.294589 v _1019_/B (sky130_fd_sc_hd__and3_2)
     7    0.014159    0.048659    0.170922    0.465511 v _1019_/X (sky130_fd_sc_hd__and3_2)
                                                         _0351_ (net)
                      0.048659    0.000000    0.465511 v _1023_/A (sky130_fd_sc_hd__or4bb_2)
     2    0.006549    0.072531    0.372299    0.837810 v _1023_/X (sky130_fd_sc_hd__or4bb_2)
                                                         _0355_ (net)
                      0.072531    0.000000    0.837810 v _1026_/A2 (sky130_fd_sc_hd__a21o_2)
     3    0.008754    0.036577    0.158347    0.996156 v _1026_/X (sky130_fd_sc_hd__a21o_2)
                                                         _0358_ (net)
                      0.036577    0.000000    0.996156 v _1028_/A2 (sky130_fd_sc_hd__a21o_2)
     2    0.006549    0.032697    0.140470    1.136626 v _1028_/X (sky130_fd_sc_hd__a21o_2)
                                                         _0360_ (net)
                      0.032697    0.000000    1.136626 v _1031_/A2 (sky130_fd_sc_hd__a21o_2)
     3    0.010443    0.039523    0.148001    1.284627 v _1031_/X (sky130_fd_sc_hd__a21o_2)
                                                         _0363_ (net)
                      0.039523    0.000000    1.284627 v _1032_/C (sky130_fd_sc_hd__and3_2)
     3    0.008688    0.039243    0.144289    1.428916 v _1032_/X (sky130_fd_sc_hd__and3_2)
                                                         _0364_ (net)
                      0.039243    0.000000    1.428916 v _1037_/A1 (sky130_fd_sc_hd__o211a_2)
     2    0.005471    0.036387    0.165967    1.594883 v _1037_/X (sky130_fd_sc_hd__o211a_2)
                                                         _0369_ (net)
                      0.036387    0.000000    1.594883 v _1038_/C (sky130_fd_sc_hd__or3_2)
     4    0.011077    0.071335    0.256200    1.851083 v _1038_/X (sky130_fd_sc_hd__or3_2)
                                                         _0370_ (net)
                      0.071335    0.000000    1.851083 v _1041_/A1 (sky130_fd_sc_hd__a211o_2)
     2    0.003265    0.034816    0.189690    2.040772 v _1041_/X (sky130_fd_sc_hd__a211o_2)
                                                         _0373_ (net)
                      0.034816    0.000000    2.040772 v _1042_/B (sky130_fd_sc_hd__and2b_2)
     2    0.009923    0.039499    0.132808    2.173580 v _1042_/X (sky130_fd_sc_hd__and2b_2)
                                                         _0374_ (net)
                      0.039499    0.000000    2.173580 v _1043_/B (sky130_fd_sc_hd__xor2_2)
     2    0.002890    0.030448    0.087264    2.260844 v _1043_/X (sky130_fd_sc_hd__xor2_2)
                                                         _0375_ (net)
                      0.030448    0.000000    2.260844 v _1044_/B (sky130_fd_sc_hd__and2_2)
     2    0.005623    0.032564    0.120464    2.381308 v _1044_/X (sky130_fd_sc_hd__and2_2)
                                                         _0376_ (net)
                      0.032564    0.000000    2.381308 v _1046_/A_N (sky130_fd_sc_hd__nand2b_2)
     1    0.008271    0.040912    0.116736    2.498044 v _1046_/Y (sky130_fd_sc_hd__nand2b_2)
                                                         _0378_ (net)
                      0.040912    0.000000    2.498044 v _1048_/A (sky130_fd_sc_hd__xnor2_2)
     1    0.001896    0.029821    0.083537    2.581581 v _1048_/Y (sky130_fd_sc_hd__xnor2_2)
                                                         _0380_ (net)
                      0.029821    0.000000    2.581581 v _1049_/A1 (sky130_fd_sc_hd__mux2_1)
     1    0.001495    0.034883    0.138067    2.719648 v _1049_/X (sky130_fd_sc_hd__mux2_1)
                                                         _0381_ (net)
                      0.034883    0.000000    2.719648 v _1050_/B (sky130_fd_sc_hd__and2_2)
     1    0.001783    0.026398    0.110966    2.830615 v _1050_/X (sky130_fd_sc_hd__and2_2)
                                                         _0057_ (net)
                      0.026398    0.000000    2.830615 v _1441_/D (sky130_fd_sc_hd__dfxtp_2)
                                              2.830615   data arrival time

                      0.150000   10.000000   10.000000   clock clk (rise edge)
                                  0.000000   10.000000   clock network delay (ideal)
                                 -0.250000    9.750000   clock uncertainty
                                  0.000000    9.750000   clock reconvergence pessimism
                                              9.750000 ^ _1441_/CLK (sky130_fd_sc_hd__dfxtp_2)
                                 -0.057878    9.692122   library setup time
                                              9.692122   data required time
---------------------------------------------------------------------------------------------
                                              9.692122   data required time
                                             -2.830615   data arrival time
---------------------------------------------------------------------------------------------
                                              6.861507   slack (MET)


Startpoint: _1425_ (rising edge-triggered flip-flop clocked by clk)
Endpoint: _1442_ (rising edge-triggered flip-flop clocked by clk)
Path Group: clk
Path Type: max

Fanout         Cap        Slew       Delay        Time   Description
---------------------------------------------------------------------------------------------
                      0.150000    0.000000    0.000000   clock clk (rise edge)
                                  0.000000    0.000000   clock network delay (ideal)
                      0.150000    0.000000    0.000000 ^ _1425_/CLK (sky130_fd_sc_hd__dfxtp_2)
    22    0.058072    0.097120    0.294589    0.294589 v _1425_/Q (sky130_fd_sc_hd__dfxtp_2)
                                                         core_b[0] (net)
                      0.097120    0.000000    0.294589 v _1019_/B (sky130_fd_sc_hd__and3_2)
     7    0.014159    0.048659    0.170922    0.465511 v _1019_/X (sky130_fd_sc_hd__and3_2)
                                                         _0351_ (net)
                      0.048659    0.000000    0.465511 v _1023_/A (sky130_fd_sc_hd__or4bb_2)
     2    0.006549    0.072531    0.372299    0.837810 v _1023_/X (sky130_fd_sc_hd__or4bb_2)
                                                         _0355_ (net)
                      0.072531    0.000000    0.837810 v _1026_/A2 (sky130_fd_sc_hd__a21o_2)
     3    0.008754    0.036577    0.158347    0.996156 v _1026_/X (sky130_fd_sc_hd__a21o_2)
                                                         _0358_ (net)
                      0.036577    0.000000    0.996156 v _1028_/A2 (sky130_fd_sc_hd__a21o_2)
     2    0.006549    0.032697    0.140470    1.136626 v _1028_/X (sky130_fd_sc_hd__a21o_2)
                                                         _0360_ (net)
                      0.032697    0.000000    1.136626 v _1031_/A2 (sky130_fd_sc_hd__a21o_2)
     3    0.010443    0.039523    0.148001    1.284627 v _1031_/X (sky130_fd_sc_hd__a21o_2)
                                                         _0363_ (net)
                      0.039523    0.000000    1.284627 v _1032_/C (sky130_fd_sc_hd__and3_2)
     3    0.008688    0.039243    0.144289    1.428916 v _1032_/X (sky130_fd_sc_hd__and3_2)
                                                         _0364_ (net)
                      0.039243    0.000000    1.428916 v _1037_/A1 (sky130_fd_sc_hd__o211a_2)
     2    0.005471    0.036387    0.165967    1.594883 v _1037_/X (sky130_fd_sc_hd__o211a_2)
                                                         _0369_ (net)
                      0.036387    0.000000    1.594883 v _1038_/C (sky130_fd_sc_hd__or3_2)
     4    0.011077    0.071335    0.256200    1.851083 v _1038_/X (sky130_fd_sc_hd__or3_2)
                                                         _0370_ (net)
                      0.071335    0.000000    1.851083 v _1041_/A1 (sky130_fd_sc_hd__a211o_2)
     2    0.003265    0.034816    0.189690    2.040772 v _1041_/X (sky130_fd_sc_hd__a211o_2)
                                                         _0373_ (net)
                      0.034816    0.000000    2.040772 v _1042_/B (sky130_fd_sc_hd__and2b_2)
     2    0.009923    0.039499    0.132808    2.173580 v _1042_/X (sky130_fd_sc_hd__and2b_2)
                                                         _0374_ (net)
                      0.039499    0.000000    2.173580 v _1043_/B (sky130_fd_sc_hd__xor2_2)
     2    0.002890    0.030448    0.087264    2.260844 v _1043_/X (sky130_fd_sc_hd__xor2_2)
                                                         _0375_ (net)
                      0.030448    0.000000    2.260844 v _1045_/B (sky130_fd_sc_hd__or2_2)
     2    0.008644    0.049802    0.172463    2.433307 v _1045_/X (sky130_fd_sc_hd__or2_2)
                                                         _0377_ (net)
                      0.049802    0.000000    2.433307 v _1051_/A1 (sky130_fd_sc_hd__a21oi_2)
     4    0.012172    0.130917    0.135251    2.568558 ^ _1051_/Y (sky130_fd_sc_hd__a21oi_2)
                                                         _0382_ (net)
                      0.130917    0.000000    2.568558 ^ _1089_/B1 (sky130_fd_sc_hd__o21a_2)
     1    0.005075    0.030708    0.078564    2.647123 ^ _1089_/X (sky130_fd_sc_hd__o21a_2)
                                                         _0420_ (net)
                      0.030708    0.000000    2.647123 ^ _1091_/A1 (sky130_fd_sc_hd__o21ai_2)
     1    0.002351    0.092968    0.029252    2.676375 v _1091_/Y (sky130_fd_sc_hd__o21ai_2)
                                                         _0422_ (net)
                      0.092968    0.000000    2.676375 v _1092_/C1 (sky130_fd_sc_hd__o211a_2)
     1    0.001783    0.029392    0.092987    2.769362 v _1092_/X (sky130_fd_sc_hd__o211a_2)
                                                         _0058_ (net)
                      0.029392    0.000000    2.769362 v _1442_/D (sky130_fd_sc_hd__dfxtp_2)
                                              2.769362   data arrival time

                      0.150000   10.000000   10.000000   clock clk (rise edge)
                                  0.000000   10.000000   clock network delay (ideal)
                                 -0.250000    9.750000   clock uncertainty
                                  0.000000    9.750000   clock reconvergence pessimism
                                              9.750000 ^ _1442_/CLK (sky130_fd_sc_hd__dfxtp_2)
                                 -0.058942    9.691058   library setup time
                                              9.691058   data required time
---------------------------------------------------------------------------------------------
                                              9.691058   data required time
                                             -2.769362   data arrival time
---------------------------------------------------------------------------------------------
                                              6.921696   slack (MET)


Startpoint: addr[5] (input port clocked by clk)
Endpoint: _1384_ (rising edge-triggered flip-flop clocked by clk)
Path Group: clk
Path Type: max

Fanout         Cap        Slew       Delay        Time   Description
---------------------------------------------------------------------------------------------
                      0.150000    0.000000    0.000000   clock clk (rise edge)
                                  0.000000    0.000000   clock network delay (ideal)
                                  2.000000    2.000000 v input external delay
     1    0.001415    0.002876    0.001055    2.001055 v addr[5] (in)
                                                         addr[5] (net)
                      0.002876    0.000000    2.001055 v _0697_/A (sky130_fd_sc_hd__or4_2)
     2    0.002790    0.065155    0.364536    2.365592 v _0697_/X (sky130_fd_sc_hd__or4_2)
                                                         _0086_ (net)
                      0.065155    0.000000    2.365592 v _0698_/B (sky130_fd_sc_hd__or2_2)
     2    0.008192    0.048829    0.182717    2.548308 v _0698_/X (sky130_fd_sc_hd__or2_2)
                                                         _0087_ (net)
                      0.048829    0.000000    2.548308 v _0699_/C (sky130_fd_sc_hd__nor3_2)
     1    0.001748    0.071869    0.060270    2.608578 ^ _0699_/Y (sky130_fd_sc_hd__nor3_2)
                                                         _0000_ (net)
                      0.071869    0.000000    2.608578 ^ _1384_/D (sky130_fd_sc_hd__dfxtp_2)
                                              2.608578   data arrival time

                      0.150000   10.000000   10.000000   clock clk (rise edge)
                                  0.000000   10.000000   clock network delay (ideal)
                                 -0.250000    9.750000   clock uncertainty
                                  0.000000    9.750000   clock reconvergence pessimism
                                              9.750000 ^ _1384_/CLK (sky130_fd_sc_hd__dfxtp_2)
                                 -0.031366    9.718635   library setup time
                                              9.718635   data required time
---------------------------------------------------------------------------------------------
                                              9.718635   data required time
                                             -2.608578   data arrival time
---------------------------------------------------------------------------------------------
                                              7.110056   slack (MET)


Startpoint: rst (input port clocked by clk)
Endpoint: _1433_ (rising edge-triggered flip-flop clocked by clk)
Path Group: clk
Path Type: max

Fanout         Cap        Slew       Delay        Time   Description
---------------------------------------------------------------------------------------------
                      0.150000    0.000000    0.000000   clock clk (rise edge)
                                  0.000000    0.000000   clock network delay (ideal)
                                  2.000000    2.000000 v input external delay
     8    0.032818    0.051254    0.035176    2.035176 v rst (in)
                                                         rst (net)
                      0.051254    0.000000    2.035176 v _0694_/A (sky130_fd_sc_hd__inv_2)
    74    0.165813    0.564519    0.415300    2.450477 ^ _0694_/Y (sky130_fd_sc_hd__inv_2)
                                                         _0083_ (net)
                      0.564519    0.000000    2.450477 ^ _0816_/A (sky130_fd_sc_hd__and3_2)
     1    0.001748    0.035773    0.144895    2.595372 ^ _0816_/X (sky130_fd_sc_hd__and3_2)
                                                         _0049_ (net)
                      0.035773    0.000000    2.595372 ^ _1433_/D (sky130_fd_sc_hd__dfxtp_2)
                                              2.595372   data arrival time

                      0.150000   10.000000   10.000000   clock clk (rise edge)
                                  0.000000   10.000000   clock network delay (ideal)
                                 -0.250000    9.750000   clock uncertainty
                                  0.000000    9.750000   clock reconvergence pessimism
                                              9.750000 ^ _1433_/CLK (sky130_fd_sc_hd__dfxtp_2)
                                 -0.028071    9.721930   library setup time
                                              9.721930   data required time
---------------------------------------------------------------------------------------------
                                              9.721930   data required time
                                             -2.595372   data arrival time
---------------------------------------------------------------------------------------------
                                              7.126557   slack (MET)


Startpoint: rst (input port clocked by clk)
Endpoint: _1437_ (rising edge-triggered flip-flop clocked by clk)
Path Group: clk
Path Type: max

Fanout         Cap        Slew       Delay        Time   Description
---------------------------------------------------------------------------------------------
                      0.150000    0.000000    0.000000   clock clk (rise edge)
                                  0.000000    0.000000   clock network delay (ideal)
                                  2.000000    2.000000 v input external delay
     8    0.032818    0.051254    0.035176    2.035176 v rst (in)
                                                         rst (net)
                      0.051254    0.000000    2.035176 v _0694_/A (sky130_fd_sc_hd__inv_2)
    74    0.165813    0.564519    0.415300    2.450477 ^ _0694_/Y (sky130_fd_sc_hd__inv_2)
                                                         _0083_ (net)
                      0.564519    0.000000    2.450477 ^ _0885_/A (sky130_fd_sc_hd__and2_2)
     1    0.001748    0.035451    0.119606    2.570083 ^ _0885_/X (sky130_fd_sc_hd__and2_2)
                                                         _0053_ (net)
                      0.035451    0.000000    2.570083 ^ _1437_/D (sky130_fd_sc_hd__dfxtp_2)
                                              2.570083   data arrival time

                      0.150000   10.000000   10.000000   clock clk (rise edge)
                                  0.000000   10.000000   clock network delay (ideal)
                                 -0.250000    9.750000   clock uncertainty
                                  0.000000    9.750000   clock reconvergence pessimism
                                              9.750000 ^ _1437_/CLK (sky130_fd_sc_hd__dfxtp_2)
                                 -0.028042    9.721958   library setup time
                                              9.721958   data required time
---------------------------------------------------------------------------------------------
                                              9.721958   data required time
                                             -2.570083   data arrival time
---------------------------------------------------------------------------------------------
                                              7.151876   slack (MET)


Startpoint: rst (input port clocked by clk)
Endpoint: _1434_ (rising edge-triggered flip-flop clocked by clk)
Path Group: clk
Path Type: max

Fanout         Cap        Slew       Delay        Time   Description
---------------------------------------------------------------------------------------------
                      0.150000    0.000000    0.000000   clock clk (rise edge)
                                  0.000000    0.000000   clock network delay (ideal)
                                  2.000000    2.000000 v input external delay
     8    0.032818    0.051254    0.035176    2.035176 v rst (in)
                                                         rst (net)
                      0.051254    0.000000    2.035176 v _0694_/A (sky130_fd_sc_hd__inv_2)
    74    0.165813    0.564519    0.415300    2.450477 ^ _0694_/Y (sky130_fd_sc_hd__inv_2)
                                                         _0083_ (net)
                      0.564519    0.000000    2.450477 ^ _0825_/B1 (sky130_fd_sc_hd__o211a_2)
     1    0.001748    0.035308    0.109497    2.559974 ^ _0825_/X (sky130_fd_sc_hd__o211a_2)
                                                         _0050_ (net)
                      0.035308    0.000000    2.559974 ^ _1434_/D (sky130_fd_sc_hd__dfxtp_2)
                                              2.559974   data arrival time

                      0.150000   10.000000   10.000000   clock clk (rise edge)
                                  0.000000   10.000000   clock network delay (ideal)
                                 -0.250000    9.750000   clock uncertainty
                                  0.000000    9.750000   clock reconvergence pessimism
                                              9.750000 ^ _1434_/CLK (sky130_fd_sc_hd__dfxtp_2)
                                 -0.028029    9.721972   library setup time
                                              9.721972   data required time
---------------------------------------------------------------------------------------------
                                              9.721972   data required time
                                             -2.559974   data arrival time
---------------------------------------------------------------------------------------------
                                              7.161998   slack (MET)


Startpoint: rst (input port clocked by clk)
Endpoint: _1435_ (rising edge-triggered flip-flop clocked by clk)
Path Group: clk
Path Type: max

Fanout         Cap        Slew       Delay        Time   Description
---------------------------------------------------------------------------------------------
                      0.150000    0.000000    0.000000   clock clk (rise edge)
                                  0.000000    0.000000   clock network delay (ideal)
                                  2.000000    2.000000 v input external delay
     8    0.032818    0.051254    0.035176    2.035176 v rst (in)
                                                         rst (net)
                      0.051254    0.000000    2.035176 v _0694_/A (sky130_fd_sc_hd__inv_2)
    74    0.165813    0.564519    0.415300    2.450477 ^ _0694_/Y (sky130_fd_sc_hd__inv_2)
                                                         _0083_ (net)
                      0.564519    0.000000    2.450477 ^ _0840_/B1 (sky130_fd_sc_hd__o211a_2)
     1    0.001748    0.035308    0.109497    2.559974 ^ _0840_/X (sky130_fd_sc_hd__o211a_2)
                                                         _0051_ (net)
                      0.035308    0.000000    2.559974 ^ _1435_/D (sky130_fd_sc_hd__dfxtp_2)
                                              2.559974   data arrival time

                      0.150000   10.000000   10.000000   clock clk (rise edge)
                                  0.000000   10.000000   clock network delay (ideal)
                                 -0.250000    9.750000   clock uncertainty
                                  0.000000    9.750000   clock reconvergence pessimism
                                              9.750000 ^ _1435_/CLK (sky130_fd_sc_hd__dfxtp_2)
                                 -0.028029    9.721972   library setup time
                                              9.721972   data required time
---------------------------------------------------------------------------------------------
                                              9.721972   data required time
                                             -2.559974   data arrival time
---------------------------------------------------------------------------------------------
                                              7.161998   slack (MET)


Startpoint: rst (input port clocked by clk)
Endpoint: _1436_ (rising edge-triggered flip-flop clocked by clk)
Path Group: clk
Path Type: max

Fanout         Cap        Slew       Delay        Time   Description
---------------------------------------------------------------------------------------------
                      0.150000    0.000000    0.000000   clock clk (rise edge)
                                  0.000000    0.000000   clock network delay (ideal)
                                  2.000000    2.000000 v input external delay
     8    0.032818    0.051254    0.035176    2.035176 v rst (in)
                                                         rst (net)
                      0.051254    0.000000    2.035176 v _0694_/A (sky130_fd_sc_hd__inv_2)
    74    0.165813    0.564519    0.415300    2.450477 ^ _0694_/Y (sky130_fd_sc_hd__inv_2)
                                                         _0083_ (net)
                      0.564519    0.000000    2.450477 ^ _0860_/B1 (sky130_fd_sc_hd__o211a_2)
     1    0.001748    0.035308    0.109497    2.559974 ^ _0860_/X (sky130_fd_sc_hd__o211a_2)
                                                         _0052_ (net)
                      0.035308    0.000000    2.559974 ^ _1436_/D (sky130_fd_sc_hd__dfxtp_2)
                                              2.559974   data arrival time

                      0.150000   10.000000   10.000000   clock clk (rise edge)
                                  0.000000   10.000000   clock network delay (ideal)
                                 -0.250000    9.750000   clock uncertainty
                                  0.000000    9.750000   clock reconvergence pessimism
                                              9.750000 ^ _1436_/CLK (sky130_fd_sc_hd__dfxtp_2)
                                 -0.028029    9.721972   library setup time
                                              9.721972   data required time
---------------------------------------------------------------------------------------------
                                              9.721972   data required time
                                             -2.559974   data arrival time
---------------------------------------------------------------------------------------------
                                              7.161998   slack (MET)


Startpoint: rst (input port clocked by clk)
Endpoint: _1438_ (rising edge-triggered flip-flop clocked by clk)
Path Group: clk
Path Type: max

Fanout         Cap        Slew       Delay        Time   Description
---------------------------------------------------------------------------------------------
                      0.150000    0.000000    0.000000   clock clk (rise edge)
                                  0.000000    0.000000   clock network delay (ideal)
                                  2.000000    2.000000 v input external delay
     8    0.032818    0.051254    0.035176    2.035176 v rst (in)
                                                         rst (net)
                      0.051254    0.000000    2.035176 v _0694_/A (sky130_fd_sc_hd__inv_2)
    74    0.165813    0.564519    0.415300    2.450477 ^ _0694_/Y (sky130_fd_sc_hd__inv_2)
                                                         _0083_ (net)
                      0.564519    0.000000    2.450477 ^ _0918_/B1 (sky130_fd_sc_hd__o211a_2)
     1    0.001748    0.035308    0.109497    2.559974 ^ _0918_/X (sky130_fd_sc_hd__o211a_2)
                                                         _0054_ (net)
                      0.035308    0.000000    2.559974 ^ _1438_/D (sky130_fd_sc_hd__dfxtp_2)
                                              2.559974   data arrival time

                      0.150000   10.000000   10.000000   clock clk (rise edge)
                                  0.000000   10.000000   clock network delay (ideal)
                                 -0.250000    9.750000   clock uncertainty
                                  0.000000    9.750000   clock reconvergence pessimism
                                              9.750000 ^ _1438_/CLK (sky130_fd_sc_hd__dfxtp_2)
                                 -0.028029    9.721972   library setup time
                                              9.721972   data required time
---------------------------------------------------------------------------------------------
                                              9.721972   data required time
                                             -2.559974   data arrival time
---------------------------------------------------------------------------------------------
                                              7.161998   slack (MET)


Startpoint: rst (input port clocked by clk)
Endpoint: _1439_ (rising edge-triggered flip-flop clocked by clk)
Path Group: clk
Path Type: max

Fanout         Cap        Slew       Delay        Time   Description
---------------------------------------------------------------------------------------------
                      0.150000    0.000000    0.000000   clock clk (rise edge)
                                  0.000000    0.000000   clock network delay (ideal)
                                  2.000000    2.000000 v input external delay
     8    0.032818    0.051254    0.035176    2.035176 v rst (in)
                                                         rst (net)
                      0.051254    0.000000    2.035176 v _0694_/A (sky130_fd_sc_hd__inv_2)
    74    0.165813    0.564519    0.415300    2.450477 ^ _0694_/Y (sky130_fd_sc_hd__inv_2)
                                                         _0083_ (net)
                      0.564519    0.000000    2.450477 ^ _0958_/B1 (sky130_fd_sc_hd__o211a_2)
     1    0.001748    0.035308    0.109497    2.559974 ^ _0958_/X (sky130_fd_sc_hd__o211a_2)
                                                         _0055_ (net)
                      0.035308    0.000000    2.559974 ^ _1439_/D (sky130_fd_sc_hd__dfxtp_2)
                                              2.559974   data arrival time

                      0.150000   10.000000   10.000000   clock clk (rise edge)
                                  0.000000   10.000000   clock network delay (ideal)
                                 -0.250000    9.750000   clock uncertainty
                                  0.000000    9.750000   clock reconvergence pessimism
                                              9.750000 ^ _1439_/CLK (sky130_fd_sc_hd__dfxtp_2)
                                 -0.028029    9.721972   library setup time
                                              9.721972   data required time
---------------------------------------------------------------------------------------------
                                              9.721972   data required time
                                             -2.559974   data arrival time
---------------------------------------------------------------------------------------------
                                              7.161998   slack (MET)


Startpoint: rst (input port clocked by clk)
Endpoint: _1440_ (rising edge-triggered flip-flop clocked by clk)
Path Group: clk
Path Type: max

Fanout         Cap        Slew       Delay        Time   Description
---------------------------------------------------------------------------------------------
                      0.150000    0.000000    0.000000   clock clk (rise edge)
                                  0.000000    0.000000   clock network delay (ideal)
                                  2.000000    2.000000 v input external delay
     8    0.032818    0.051254    0.035176    2.035176 v rst (in)
                                                         rst (net)
                      0.051254    0.000000    2.035176 v _0694_/A (sky130_fd_sc_hd__inv_2)
    74    0.165813    0.564519    0.415300    2.450477 ^ _0694_/Y (sky130_fd_sc_hd__inv_2)
                                                         _0083_ (net)
                      0.564519    0.000000    2.450477 ^ _1003_/B1 (sky130_fd_sc_hd__o211a_2)
     1    0.001748    0.035308    0.109497    2.559974 ^ _1003_/X (sky130_fd_sc_hd__o211a_2)
                                                         _0056_ (net)
                      0.035308    0.000000    2.559974 ^ _1440_/D (sky130_fd_sc_hd__dfxtp_2)
                                              2.559974   data arrival time

                      0.150000   10.000000   10.000000   clock clk (rise edge)
                                  0.000000   10.000000   clock network delay (ideal)
                                 -0.250000    9.750000   clock uncertainty
                                  0.000000    9.750000   clock reconvergence pessimism
                                              9.750000 ^ _1440_/CLK (sky130_fd_sc_hd__dfxtp_2)
                                 -0.028029    9.721972   library setup time
                                              9.721972   data required time
---------------------------------------------------------------------------------------------
                                              9.721972   data required time
                                             -2.559974   data arrival time
---------------------------------------------------------------------------------------------
                                              7.161998   slack (MET)


Startpoint: _1393_ (rising edge-triggered flip-flop clocked by clk)
Endpoint: rdata[0] (output port clocked by clk)
Path Group: clk
Path Type: max

Fanout         Cap        Slew       Delay        Time   Description
---------------------------------------------------------------------------------------------
                      0.150000    0.000000    0.000000   clock clk (rise edge)
                                  0.000000    0.000000   clock network delay (ideal)
                      0.150000    0.000000    0.000000 ^ _1393_/CLK (sky130_fd_sc_hd__dfxtp_2)
     2    0.036005    0.141568    0.302692    0.302692 ^ _1393_/Q (sky130_fd_sc_hd__dfxtp_2)
                                                         rdata[0] (net)
                      0.141568    0.000000    0.302692 ^ rdata[0] (out)
                                              0.302692   data arrival time

                      0.150000   10.000000   10.000000   clock clk (rise edge)
                                  0.000000   10.000000   clock network delay (ideal)
                                 -0.250000    9.750000   clock uncertainty
                                  0.000000    9.750000   clock reconvergence pessimism
                                 -2.000000    7.750000   output external delay
                                              7.750000   data required time
---------------------------------------------------------------------------------------------
                                              7.750000   data required time
                                             -0.302692   data arrival time
---------------------------------------------------------------------------------------------
                                              7.447308   slack (MET)


Startpoint: _1394_ (rising edge-triggered flip-flop clocked by clk)
Endpoint: rdata[1] (output port clocked by clk)
Path Group: clk
Path Type: max

Fanout         Cap        Slew       Delay        Time   Description
---------------------------------------------------------------------------------------------
                      0.150000    0.000000    0.000000   clock clk (rise edge)
                                  0.000000    0.000000   clock network delay (ideal)
                      0.150000    0.000000    0.000000 ^ _1394_/CLK (sky130_fd_sc_hd__dfxtp_2)
     2    0.036005    0.141568    0.302692    0.302692 ^ _1394_/Q (sky130_fd_sc_hd__dfxtp_2)
                                                         rdata[1] (net)
                      0.141568    0.000000    0.302692 ^ rdata[1] (out)
                                              0.302692   data arrival time

                      0.150000   10.000000   10.000000   clock clk (rise edge)
                                  0.000000   10.000000   clock network delay (ideal)
                                 -0.250000    9.750000   clock uncertainty
                                  0.000000    9.750000   clock reconvergence pessimism
                                 -2.000000    7.750000   output external delay
                                              7.750000   data required time
---------------------------------------------------------------------------------------------
                                              7.750000   data required time
                                             -0.302692   data arrival time
---------------------------------------------------------------------------------------------
                                              7.447308   slack (MET)


Startpoint: _1395_ (rising edge-triggered flip-flop clocked by clk)
Endpoint: rdata[2] (output port clocked by clk)
Path Group: clk
Path Type: max

Fanout         Cap        Slew       Delay        Time   Description
---------------------------------------------------------------------------------------------
                      0.150000    0.000000    0.000000   clock clk (rise edge)
                                  0.000000    0.000000   clock network delay (ideal)
                      0.150000    0.000000    0.000000 ^ _1395_/CLK (sky130_fd_sc_hd__dfxtp_2)
     2    0.036005    0.141568    0.302692    0.302692 ^ _1395_/Q (sky130_fd_sc_hd__dfxtp_2)
                                                         rdata[2] (net)
                      0.141568    0.000000    0.302692 ^ rdata[2] (out)
                                              0.302692   data arrival time

                      0.150000   10.000000   10.000000   clock clk (rise edge)
                                  0.000000   10.000000   clock network delay (ideal)
                                 -0.250000    9.750000   clock uncertainty
                                  0.000000    9.750000   clock reconvergence pessimism
                                 -2.000000    7.750000   output external delay
                                              7.750000   data required time
---------------------------------------------------------------------------------------------
                                              7.750000   data required time
                                             -0.302692   data arrival time
---------------------------------------------------------------------------------------------
                                              7.447308   slack (MET)


Startpoint: _1396_ (rising edge-triggered flip-flop clocked by clk)
Endpoint: rdata[3] (output port clocked by clk)
Path Group: clk
Path Type: max

Fanout         Cap        Slew       Delay        Time   Description
---------------------------------------------------------------------------------------------
                      0.150000    0.000000    0.000000   clock clk (rise edge)
                                  0.000000    0.000000   clock network delay (ideal)
                      0.150000    0.000000    0.000000 ^ _1396_/CLK (sky130_fd_sc_hd__dfxtp_2)
     2    0.036005    0.141568    0.302692    0.302692 ^ _1396_/Q (sky130_fd_sc_hd__dfxtp_2)
                                                         rdata[3] (net)
                      0.141568    0.000000    0.302692 ^ rdata[3] (out)
                                              0.302692   data arrival time

                      0.150000   10.000000   10.000000   clock clk (rise edge)
                                  0.000000   10.000000   clock network delay (ideal)
                                 -0.250000    9.750000   clock uncertainty
                                  0.000000    9.750000   clock reconvergence pessimism
                                 -2.000000    7.750000   output external delay
                                              7.750000   data required time
---------------------------------------------------------------------------------------------
                                              7.750000   data required time
                                             -0.302692   data arrival time
---------------------------------------------------------------------------------------------
                                              7.447308   slack (MET)


Startpoint: _1397_ (rising edge-triggered flip-flop clocked by clk)
Endpoint: rdata[4] (output port clocked by clk)
Path Group: clk
Path Type: max

Fanout         Cap        Slew       Delay        Time   Description
---------------------------------------------------------------------------------------------
                      0.150000    0.000000    0.000000   clock clk (rise edge)
                                  0.000000    0.000000   clock network delay (ideal)
                      0.150000    0.000000    0.000000 ^ _1397_/CLK (sky130_fd_sc_hd__dfxtp_2)
     2    0.036005    0.141568    0.302692    0.302692 ^ _1397_/Q (sky130_fd_sc_hd__dfxtp_2)
                                                         rdata[4] (net)
                      0.141568    0.000000    0.302692 ^ rdata[4] (out)
                                              0.302692   data arrival time

                      0.150000   10.000000   10.000000   clock clk (rise edge)
                                  0.000000   10.000000   clock network delay (ideal)
                                 -0.250000    9.750000   clock uncertainty
                                  0.000000    9.750000   clock reconvergence pessimism
                                 -2.000000    7.750000   output external delay
                                              7.750000   data required time
---------------------------------------------------------------------------------------------
                                              7.750000   data required time
                                             -0.302692   data arrival time
---------------------------------------------------------------------------------------------
                                              7.447308   slack (MET)


Startpoint: _1398_ (rising edge-triggered flip-flop clocked by clk)
Endpoint: rdata[5] (output port clocked by clk)
Path Group: clk
Path Type: max

Fanout         Cap        Slew       Delay        Time   Description
---------------------------------------------------------------------------------------------
                      0.150000    0.000000    0.000000   clock clk (rise edge)
                                  0.000000    0.000000   clock network delay (ideal)
                      0.150000    0.000000    0.000000 ^ _1398_/CLK (sky130_fd_sc_hd__dfxtp_2)
     2    0.036005    0.141568    0.302692    0.302692 ^ _1398_/Q (sky130_fd_sc_hd__dfxtp_2)
                                                         rdata[5] (net)
                      0.141568    0.000000    0.302692 ^ rdata[5] (out)
                                              0.302692   data arrival time

                      0.150000   10.000000   10.000000   clock clk (rise edge)
                                  0.000000   10.000000   clock network delay (ideal)
                                 -0.250000    9.750000   clock uncertainty
                                  0.000000    9.750000   clock reconvergence pessimism
                                 -2.000000    7.750000   output external delay
                                              7.750000   data required time
---------------------------------------------------------------------------------------------
                                              7.750000   data required time
                                             -0.302692   data arrival time
---------------------------------------------------------------------------------------------
                                              7.447308   slack (MET)


Startpoint: _1399_ (rising edge-triggered flip-flop clocked by clk)
Endpoint: rdata[6] (output port clocked by clk)
Path Group: clk
Path Type: max

Fanout         Cap        Slew       Delay        Time   Description
---------------------------------------------------------------------------------------------
                      0.150000    0.000000    0.000000   clock clk (rise edge)
                                  0.000000    0.000000   clock network delay (ideal)
                      0.150000    0.000000    0.000000 ^ _1399_/CLK (sky130_fd_sc_hd__dfxtp_2)
     2    0.036005    0.141568    0.302692    0.302692 ^ _1399_/Q (sky130_fd_sc_hd__dfxtp_2)
                                                         rdata[6] (net)
                      0.141568    0.000000    0.302692 ^ rdata[6] (out)
                                              0.302692   data arrival time

                      0.150000   10.000000   10.000000   clock clk (rise edge)
                                  0.000000   10.000000   clock network delay (ideal)
                                 -0.250000    9.750000   clock uncertainty
                                  0.000000    9.750000   clock reconvergence pessimism
                                 -2.000000    7.750000   output external delay
                                              7.750000   data required time
---------------------------------------------------------------------------------------------
                                              7.750000   data required time
                                             -0.302692   data arrival time
---------------------------------------------------------------------------------------------
                                              7.447308   slack (MET)


Startpoint: _1403_ (rising edge-triggered flip-flop clocked by clk)
Endpoint: rdata[10] (output port clocked by clk)
Path Group: clk
Path Type: max

Fanout         Cap        Slew       Delay        Time   Description
---------------------------------------------------------------------------------------------
                      0.150000    0.000000    0.000000   clock clk (rise edge)
                                  0.000000    0.000000   clock network delay (ideal)
                      0.150000    0.000000    0.000000 ^ _1403_/CLK (sky130_fd_sc_hd__dfxtp_2)
     2    0.035963    0.141413    0.302584    0.302584 ^ _1403_/Q (sky130_fd_sc_hd__dfxtp_2)
                                                         rdata[10] (net)
                      0.141413    0.000000    0.302584 ^ rdata[10] (out)
                                              0.302584   data arrival time

                      0.150000   10.000000   10.000000   clock clk (rise edge)
                                  0.000000   10.000000   clock network delay (ideal)
                                 -0.250000    9.750000   clock uncertainty
                                  0.000000    9.750000   clock reconvergence pessimism
                                 -2.000000    7.750000   output external delay
                                              7.750000   data required time
---------------------------------------------------------------------------------------------
                                              7.750000   data required time
                                             -0.302584   data arrival time
---------------------------------------------------------------------------------------------
                                              7.447416   slack (MET)


Startpoint: _1404_ (rising edge-triggered flip-flop clocked by clk)
Endpoint: rdata[11] (output port clocked by clk)
Path Group: clk
Path Type: max

Fanout         Cap        Slew       Delay        Time   Description
---------------------------------------------------------------------------------------------
                      0.150000    0.000000    0.000000   clock clk (rise edge)
                                  0.000000    0.000000   clock network delay (ideal)
                      0.150000    0.000000    0.000000 ^ _1404_/CLK (sky130_fd_sc_hd__dfxtp_2)
     2    0.035963    0.141413    0.302584    0.302584 ^ _1404_/Q (sky130_fd_sc_hd__dfxtp_2)
                                                         rdata[11] (net)
                      0.141413    0.000000    0.302584 ^ rdata[11] (out)
                                              0.302584   data arrival time

                      0.150000   10.000000   10.000000   clock clk (rise edge)
                                  0.000000   10.000000   clock network delay (ideal)
                                 -0.250000    9.750000   clock uncertainty
                                  0.000000    9.750000   clock reconvergence pessimism
                                 -2.000000    7.750000   output external delay
                                              7.750000   data required time
---------------------------------------------------------------------------------------------
                                              7.750000   data required time
                                             -0.302584   data arrival time
---------------------------------------------------------------------------------------------
                                              7.447416   slack (MET)


Startpoint: _1405_ (rising edge-triggered flip-flop clocked by clk)
Endpoint: rdata[12] (output port clocked by clk)
Path Group: clk
Path Type: max

Fanout         Cap        Slew       Delay        Time   Description
---------------------------------------------------------------------------------------------
                      0.150000    0.000000    0.000000   clock clk (rise edge)
                                  0.000000    0.000000   clock network delay (ideal)
                      0.150000    0.000000    0.000000 ^ _1405_/CLK (sky130_fd_sc_hd__dfxtp_2)
     2    0.035963    0.141413    0.302584    0.302584 ^ _1405_/Q (sky130_fd_sc_hd__dfxtp_2)
                                                         rdata[12] (net)
                      0.141413    0.000000    0.302584 ^ rdata[12] (out)
                                              0.302584   data arrival time

                      0.150000   10.000000   10.000000   clock clk (rise edge)
                                  0.000000   10.000000   clock network delay (ideal)
                                 -0.250000    9.750000   clock uncertainty
                                  0.000000    9.750000   clock reconvergence pessimism
                                 -2.000000    7.750000   output external delay
                                              7.750000   data required time
---------------------------------------------------------------------------------------------
                                              7.750000   data required time
                                             -0.302584   data arrival time
---------------------------------------------------------------------------------------------
                                              7.447416   slack (MET)


Startpoint: _1406_ (rising edge-triggered flip-flop clocked by clk)
Endpoint: rdata[13] (output port clocked by clk)
Path Group: clk
Path Type: max

Fanout         Cap        Slew       Delay        Time   Description
---------------------------------------------------------------------------------------------
                      0.150000    0.000000    0.000000   clock clk (rise edge)
                                  0.000000    0.000000   clock network delay (ideal)
                      0.150000    0.000000    0.000000 ^ _1406_/CLK (sky130_fd_sc_hd__dfxtp_2)
     2    0.035963    0.141413    0.302584    0.302584 ^ _1406_/Q (sky130_fd_sc_hd__dfxtp_2)
                                                         rdata[13] (net)
                      0.141413    0.000000    0.302584 ^ rdata[13] (out)
                                              0.302584   data arrival time

                      0.150000   10.000000   10.000000   clock clk (rise edge)
                                  0.000000   10.000000   clock network delay (ideal)
                                 -0.250000    9.750000   clock uncertainty
                                  0.000000    9.750000   clock reconvergence pessimism
                                 -2.000000    7.750000   output external delay
                                              7.750000   data required time
---------------------------------------------------------------------------------------------
                                              7.750000   data required time
                                             -0.302584   data arrival time
---------------------------------------------------------------------------------------------
                                              7.447416   slack (MET)


Startpoint: _1407_ (rising edge-triggered flip-flop clocked by clk)
Endpoint: rdata[14] (output port clocked by clk)
Path Group: clk
Path Type: max

Fanout         Cap        Slew       Delay        Time   Description
---------------------------------------------------------------------------------------------
                      0.150000    0.000000    0.000000   clock clk (rise edge)
                                  0.000000    0.000000   clock network delay (ideal)
                      0.150000    0.000000    0.000000 ^ _1407_/CLK (sky130_fd_sc_hd__dfxtp_2)
     2    0.035963    0.141413    0.302584    0.302584 ^ _1407_/Q (sky130_fd_sc_hd__dfxtp_2)
                                                         rdata[14] (net)
                      0.141413    0.000000    0.302584 ^ rdata[14] (out)
                                              0.302584   data arrival time

                      0.150000   10.000000   10.000000   clock clk (rise edge)
                                  0.000000   10.000000   clock network delay (ideal)
                                 -0.250000    9.750000   clock uncertainty
                                  0.000000    9.750000   clock reconvergence pessimism
                                 -2.000000    7.750000   output external delay
                                              7.750000   data required time
---------------------------------------------------------------------------------------------
                                              7.750000   data required time
                                             -0.302584   data arrival time
---------------------------------------------------------------------------------------------
                                              7.447416   slack (MET)


Startpoint: _1408_ (rising edge-triggered flip-flop clocked by clk)
Endpoint: rdata[15] (output port clocked by clk)
Path Group: clk
Path Type: max

Fanout         Cap        Slew       Delay        Time   Description
---------------------------------------------------------------------------------------------
                      0.150000    0.000000    0.000000   clock clk (rise edge)
                                  0.000000    0.000000   clock network delay (ideal)
                      0.150000    0.000000    0.000000 ^ _1408_/CLK (sky130_fd_sc_hd__dfxtp_2)
     2    0.035963    0.141413    0.302584    0.302584 ^ _1408_/Q (sky130_fd_sc_hd__dfxtp_2)
                                                         rdata[15] (net)
                      0.141413    0.000000    0.302584 ^ rdata[15] (out)
                                              0.302584   data arrival time

                      0.150000   10.000000   10.000000   clock clk (rise edge)
                                  0.000000   10.000000   clock network delay (ideal)
                                 -0.250000    9.750000   clock uncertainty
                                  0.000000    9.750000   clock reconvergence pessimism
                                 -2.000000    7.750000   output external delay
                                              7.750000   data required time
---------------------------------------------------------------------------------------------
                                              7.750000   data required time
                                             -0.302584   data arrival time
---------------------------------------------------------------------------------------------
                                              7.447416   slack (MET)


Startpoint: _1409_ (rising edge-triggered flip-flop clocked by clk)
Endpoint: rdata[16] (output port clocked by clk)
Path Group: clk
Path Type: max

Fanout         Cap        Slew       Delay        Time   Description
---------------------------------------------------------------------------------------------
                      0.150000    0.000000    0.000000   clock clk (rise edge)
                                  0.000000    0.000000   clock network delay (ideal)
                      0.150000    0.000000    0.000000 ^ _1409_/CLK (sky130_fd_sc_hd__dfxtp_2)
     2    0.035963    0.141413    0.302584    0.302584 ^ _1409_/Q (sky130_fd_sc_hd__dfxtp_2)
                                                         rdata[16] (net)
                      0.141413    0.000000    0.302584 ^ rdata[16] (out)
                                              0.302584   data arrival time

                      0.150000   10.000000   10.000000   clock clk (rise edge)
                                  0.000000   10.000000   clock network delay (ideal)
                                 -0.250000    9.750000   clock uncertainty
                                  0.000000    9.750000   clock reconvergence pessimism
                                 -2.000000    7.750000   output external delay
                                              7.750000   data required time
---------------------------------------------------------------------------------------------
                                              7.750000   data required time
                                             -0.302584   data arrival time
---------------------------------------------------------------------------------------------
                                              7.447416   slack (MET)


Startpoint: _1410_ (rising edge-triggered flip-flop clocked by clk)
Endpoint: rdata[17] (output port clocked by clk)
Path Group: clk
Path Type: max

Fanout         Cap        Slew       Delay        Time   Description
---------------------------------------------------------------------------------------------
                      0.150000    0.000000    0.000000   clock clk (rise edge)
                                  0.000000    0.000000   clock network delay (ideal)
                      0.150000    0.000000    0.000000 ^ _1410_/CLK (sky130_fd_sc_hd__dfxtp_2)
     2    0.035963    0.141413    0.302584    0.302584 ^ _1410_/Q (sky130_fd_sc_hd__dfxtp_2)
                                                         rdata[17] (net)
                      0.141413    0.000000    0.302584 ^ rdata[17] (out)
                                              0.302584   data arrival time

                      0.150000   10.000000   10.000000   clock clk (rise edge)
                                  0.000000   10.000000   clock network delay (ideal)
                                 -0.250000    9.750000   clock uncertainty
                                  0.000000    9.750000   clock reconvergence pessimism
                                 -2.000000    7.750000   output external delay
                                              7.750000   data required time
---------------------------------------------------------------------------------------------
                                              7.750000   data required time
                                             -0.302584   data arrival time
---------------------------------------------------------------------------------------------
                                              7.447416   slack (MET)


Startpoint: _1411_ (rising edge-triggered flip-flop clocked by clk)
Endpoint: rdata[18] (output port clocked by clk)
Path Group: clk
Path Type: max

Fanout         Cap        Slew       Delay        Time   Description
---------------------------------------------------------------------------------------------
                      0.150000    0.000000    0.000000   clock clk (rise edge)
                                  0.000000    0.000000   clock network delay (ideal)
                      0.150000    0.000000    0.000000 ^ _1411_/CLK (sky130_fd_sc_hd__dfxtp_2)
     2    0.035963    0.141413    0.302584    0.302584 ^ _1411_/Q (sky130_fd_sc_hd__dfxtp_2)
                                                         rdata[18] (net)
                      0.141413    0.000000    0.302584 ^ rdata[18] (out)
                                              0.302584   data arrival time

                      0.150000   10.000000   10.000000   clock clk (rise edge)
                                  0.000000   10.000000   clock network delay (ideal)
                                 -0.250000    9.750000   clock uncertainty
                                  0.000000    9.750000   clock reconvergence pessimism
                                 -2.000000    7.750000   output external delay
                                              7.750000   data required time
---------------------------------------------------------------------------------------------
                                              7.750000   data required time
                                             -0.302584   data arrival time
---------------------------------------------------------------------------------------------
                                              7.447416   slack (MET)


Startpoint: _1412_ (rising edge-triggered flip-flop clocked by clk)
Endpoint: rdata[19] (output port clocked by clk)
Path Group: clk
Path Type: max

Fanout         Cap        Slew       Delay        Time   Description
---------------------------------------------------------------------------------------------
                      0.150000    0.000000    0.000000   clock clk (rise edge)
                                  0.000000    0.000000   clock network delay (ideal)
                      0.150000    0.000000    0.000000 ^ _1412_/CLK (sky130_fd_sc_hd__dfxtp_2)
     2    0.035963    0.141413    0.302584    0.302584 ^ _1412_/Q (sky130_fd_sc_hd__dfxtp_2)
                                                         rdata[19] (net)
                      0.141413    0.000000    0.302584 ^ rdata[19] (out)
                                              0.302584   data arrival time

                      0.150000   10.000000   10.000000   clock clk (rise edge)
                                  0.000000   10.000000   clock network delay (ideal)
                                 -0.250000    9.750000   clock uncertainty
                                  0.000000    9.750000   clock reconvergence pessimism
                                 -2.000000    7.750000   output external delay
                                              7.750000   data required time
---------------------------------------------------------------------------------------------
                                              7.750000   data required time
                                             -0.302584   data arrival time
---------------------------------------------------------------------------------------------
                                              7.447416   slack (MET)


Startpoint: _1413_ (rising edge-triggered flip-flop clocked by clk)
Endpoint: rdata[20] (output port clocked by clk)
Path Group: clk
Path Type: max

Fanout         Cap        Slew       Delay        Time   Description
---------------------------------------------------------------------------------------------
                      0.150000    0.000000    0.000000   clock clk (rise edge)
                                  0.000000    0.000000   clock network delay (ideal)
                      0.150000    0.000000    0.000000 ^ _1413_/CLK (sky130_fd_sc_hd__dfxtp_2)
     2    0.035963    0.141413    0.302584    0.302584 ^ _1413_/Q (sky130_fd_sc_hd__dfxtp_2)
                                                         rdata[20] (net)
                      0.141413    0.000000    0.302584 ^ rdata[20] (out)
                                              0.302584   data arrival time

                      0.150000   10.000000   10.000000   clock clk (rise edge)
                                  0.000000   10.000000   clock network delay (ideal)
                                 -0.250000    9.750000   clock uncertainty
                                  0.000000    9.750000   clock reconvergence pessimism
                                 -2.000000    7.750000   output external delay
                                              7.750000   data required time
---------------------------------------------------------------------------------------------
                                              7.750000   data required time
                                             -0.302584   data arrival time
---------------------------------------------------------------------------------------------
                                              7.447416   slack (MET)


Startpoint: _1414_ (rising edge-triggered flip-flop clocked by clk)
Endpoint: rdata[21] (output port clocked by clk)
Path Group: clk
Path Type: max

Fanout         Cap        Slew       Delay        Time   Description
---------------------------------------------------------------------------------------------
                      0.150000    0.000000    0.000000   clock clk (rise edge)
                                  0.000000    0.000000   clock network delay (ideal)
                      0.150000    0.000000    0.000000 ^ _1414_/CLK (sky130_fd_sc_hd__dfxtp_2)
     2    0.035963    0.141413    0.302584    0.302584 ^ _1414_/Q (sky130_fd_sc_hd__dfxtp_2)
                                                         rdata[21] (net)
                      0.141413    0.000000    0.302584 ^ rdata[21] (out)
                                              0.302584   data arrival time

                      0.150000   10.000000   10.000000   clock clk (rise edge)
                                  0.000000   10.000000   clock network delay (ideal)
                                 -0.250000    9.750000   clock uncertainty
                                  0.000000    9.750000   clock reconvergence pessimism
                                 -2.000000    7.750000   output external delay
                                              7.750000   data required time
---------------------------------------------------------------------------------------------
                                              7.750000   data required time
                                             -0.302584   data arrival time
---------------------------------------------------------------------------------------------
                                              7.447416   slack (MET)


Startpoint: _1415_ (rising edge-triggered flip-flop clocked by clk)
Endpoint: rdata[22] (output port clocked by clk)
Path Group: clk
Path Type: max

Fanout         Cap        Slew       Delay        Time   Description
---------------------------------------------------------------------------------------------
                      0.150000    0.000000    0.000000   clock clk (rise edge)
                                  0.000000    0.000000   clock network delay (ideal)
                      0.150000    0.000000    0.000000 ^ _1415_/CLK (sky130_fd_sc_hd__dfxtp_2)
     2    0.035963    0.141413    0.302584    0.302584 ^ _1415_/Q (sky130_fd_sc_hd__dfxtp_2)
                                                         rdata[22] (net)
                      0.141413    0.000000    0.302584 ^ rdata[22] (out)
                                              0.302584   data arrival time

                      0.150000   10.000000   10.000000   clock clk (rise edge)
                                  0.000000   10.000000   clock network delay (ideal)
                                 -0.250000    9.750000   clock uncertainty
                                  0.000000    9.750000   clock reconvergence pessimism
                                 -2.000000    7.750000   output external delay
                                              7.750000   data required time
---------------------------------------------------------------------------------------------
                                              7.750000   data required time
                                             -0.302584   data arrival time
---------------------------------------------------------------------------------------------
                                              7.447416   slack (MET)


Startpoint: _1416_ (rising edge-triggered flip-flop clocked by clk)
Endpoint: rdata[23] (output port clocked by clk)
Path Group: clk
Path Type: max

Fanout         Cap        Slew       Delay        Time   Description
---------------------------------------------------------------------------------------------
                      0.150000    0.000000    0.000000   clock clk (rise edge)
                                  0.000000    0.000000   clock network delay (ideal)
                      0.150000    0.000000    0.000000 ^ _1416_/CLK (sky130_fd_sc_hd__dfxtp_2)
     2    0.035963    0.141413    0.302584    0.302584 ^ _1416_/Q (sky130_fd_sc_hd__dfxtp_2)
                                                         rdata[23] (net)
                      0.141413    0.000000    0.302584 ^ rdata[23] (out)
                                              0.302584   data arrival time

                      0.150000   10.000000   10.000000   clock clk (rise edge)
                                  0.000000   10.000000   clock network delay (ideal)
                                 -0.250000    9.750000   clock uncertainty
                                  0.000000    9.750000   clock reconvergence pessimism
                                 -2.000000    7.750000   output external delay
                                              7.750000   data required time
---------------------------------------------------------------------------------------------
                                              7.750000   data required time
                                             -0.302584   data arrival time
---------------------------------------------------------------------------------------------
                                              7.447416   slack (MET)


Startpoint: _1417_ (rising edge-triggered flip-flop clocked by clk)
Endpoint: rdata[24] (output port clocked by clk)
Path Group: clk
Path Type: max

Fanout         Cap        Slew       Delay        Time   Description
---------------------------------------------------------------------------------------------
                      0.150000    0.000000    0.000000   clock clk (rise edge)
                                  0.000000    0.000000   clock network delay (ideal)
                      0.150000    0.000000    0.000000 ^ _1417_/CLK (sky130_fd_sc_hd__dfxtp_2)
     2    0.035963    0.141413    0.302584    0.302584 ^ _1417_/Q (sky130_fd_sc_hd__dfxtp_2)
                                                         rdata[24] (net)
                      0.141413    0.000000    0.302584 ^ rdata[24] (out)
                                              0.302584   data arrival time

                      0.150000   10.000000   10.000000   clock clk (rise edge)
                                  0.000000   10.000000   clock network delay (ideal)
                                 -0.250000    9.750000   clock uncertainty
                                  0.000000    9.750000   clock reconvergence pessimism
                                 -2.000000    7.750000   output external delay
                                              7.750000   data required time
---------------------------------------------------------------------------------------------
                                              7.750000   data required time
                                             -0.302584   data arrival time
---------------------------------------------------------------------------------------------
                                              7.447416   slack (MET)


Startpoint: _1418_ (rising edge-triggered flip-flop clocked by clk)
Endpoint: rdata[25] (output port clocked by clk)
Path Group: clk
Path Type: max

Fanout         Cap        Slew       Delay        Time   Description
---------------------------------------------------------------------------------------------
                      0.150000    0.000000    0.000000   clock clk (rise edge)
                                  0.000000    0.000000   clock network delay (ideal)
                      0.150000    0.000000    0.000000 ^ _1418_/CLK (sky130_fd_sc_hd__dfxtp_2)
     2    0.035963    0.141413    0.302584    0.302584 ^ _1418_/Q (sky130_fd_sc_hd__dfxtp_2)
                                                         rdata[25] (net)
                      0.141413    0.000000    0.302584 ^ rdata[25] (out)
                                              0.302584   data arrival time

                      0.150000   10.000000   10.000000   clock clk (rise edge)
                                  0.000000   10.000000   clock network delay (ideal)
                                 -0.250000    9.750000   clock uncertainty
                                  0.000000    9.750000   clock reconvergence pessimism
                                 -2.000000    7.750000   output external delay
                                              7.750000   data required time
---------------------------------------------------------------------------------------------
                                              7.750000   data required time
                                             -0.302584   data arrival time
---------------------------------------------------------------------------------------------
                                              7.447416   slack (MET)


Startpoint: _1419_ (rising edge-triggered flip-flop clocked by clk)
Endpoint: rdata[26] (output port clocked by clk)
Path Group: clk
Path Type: max

Fanout         Cap        Slew       Delay        Time   Description
---------------------------------------------------------------------------------------------
                      0.150000    0.000000    0.000000   clock clk (rise edge)
                                  0.000000    0.000000   clock network delay (ideal)
                      0.150000    0.000000    0.000000 ^ _1419_/CLK (sky130_fd_sc_hd__dfxtp_2)
     2    0.035963    0.141413    0.302584    0.302584 ^ _1419_/Q (sky130_fd_sc_hd__dfxtp_2)
                                                         rdata[26] (net)
                      0.141413    0.000000    0.302584 ^ rdata[26] (out)
                                              0.302584   data arrival time

                      0.150000   10.000000   10.000000   clock clk (rise edge)
                                  0.000000   10.000000   clock network delay (ideal)
                                 -0.250000    9.750000   clock uncertainty
                                  0.000000    9.750000   clock reconvergence pessimism
                                 -2.000000    7.750000   output external delay
                                              7.750000   data required time
---------------------------------------------------------------------------------------------
                                              7.750000   data required time
                                             -0.302584   data arrival time
---------------------------------------------------------------------------------------------
                                              7.447416   slack (MET)


Startpoint: _1420_ (rising edge-triggered flip-flop clocked by clk)
Endpoint: rdata[27] (output port clocked by clk)
Path Group: clk
Path Type: max

Fanout         Cap        Slew       Delay        Time   Description
---------------------------------------------------------------------------------------------
                      0.150000    0.000000    0.000000   clock clk (rise edge)
                                  0.000000    0.000000   clock network delay (ideal)
                      0.150000    0.000000    0.000000 ^ _1420_/CLK (sky130_fd_sc_hd__dfxtp_2)
     2    0.035963    0.141413    0.302584    0.302584 ^ _1420_/Q (sky130_fd_sc_hd__dfxtp_2)
                                                         rdata[27] (net)
                      0.141413    0.000000    0.302584 ^ rdata[27] (out)
                                              0.302584   data arrival time

                      0.150000   10.000000   10.000000   clock clk (rise edge)
                                  0.000000   10.000000   clock network delay (ideal)
                                 -0.250000    9.750000   clock uncertainty
                                  0.000000    9.750000   clock reconvergence pessimism
                                 -2.000000    7.750000   output external delay
                                              7.750000   data required time
---------------------------------------------------------------------------------------------
                                              7.750000   data required time
                                             -0.302584   data arrival time
---------------------------------------------------------------------------------------------
                                              7.447416   slack (MET)


Startpoint: _1421_ (rising edge-triggered flip-flop clocked by clk)
Endpoint: rdata[28] (output port clocked by clk)
Path Group: clk
Path Type: max

Fanout         Cap        Slew       Delay        Time   Description
---------------------------------------------------------------------------------------------
                      0.150000    0.000000    0.000000   clock clk (rise edge)
                                  0.000000    0.000000   clock network delay (ideal)
                      0.150000    0.000000    0.000000 ^ _1421_/CLK (sky130_fd_sc_hd__dfxtp_2)
     2    0.035963    0.141413    0.302584    0.302584 ^ _1421_/Q (sky130_fd_sc_hd__dfxtp_2)
                                                         rdata[28] (net)
                      0.141413    0.000000    0.302584 ^ rdata[28] (out)
                                              0.302584   data arrival time

                      0.150000   10.000000   10.000000   clock clk (rise edge)
                                  0.000000   10.000000   clock network delay (ideal)
                                 -0.250000    9.750000   clock uncertainty
                                  0.000000    9.750000   clock reconvergence pessimism
                                 -2.000000    7.750000   output external delay
                                              7.750000   data required time
---------------------------------------------------------------------------------------------
                                              7.750000   data required time
                                             -0.302584   data arrival time
---------------------------------------------------------------------------------------------
                                              7.447416   slack (MET)


Startpoint: _1422_ (rising edge-triggered flip-flop clocked by clk)
Endpoint: rdata[29] (output port clocked by clk)
Path Group: clk
Path Type: max

Fanout         Cap        Slew       Delay        Time   Description
---------------------------------------------------------------------------------------------
                      0.150000    0.000000    0.000000   clock clk (rise edge)
                                  0.000000    0.000000   clock network delay (ideal)
                      0.150000    0.000000    0.000000 ^ _1422_/CLK (sky130_fd_sc_hd__dfxtp_2)
     2    0.035963    0.141413    0.302584    0.302584 ^ _1422_/Q (sky130_fd_sc_hd__dfxtp_2)
                                                         rdata[29] (net)
                      0.141413    0.000000    0.302584 ^ rdata[29] (out)
                                              0.302584   data arrival time

                      0.150000   10.000000   10.000000   clock clk (rise edge)
                                  0.000000   10.000000   clock network delay (ideal)
                                 -0.250000    9.750000   clock uncertainty
                                  0.000000    9.750000   clock reconvergence pessimism
                                 -2.000000    7.750000   output external delay
                                              7.750000   data required time
---------------------------------------------------------------------------------------------
                                              7.750000   data required time
                                             -0.302584   data arrival time
---------------------------------------------------------------------------------------------
                                              7.447416   slack (MET)


Startpoint: _1423_ (rising edge-triggered flip-flop clocked by clk)
Endpoint: rdata[30] (output port clocked by clk)
Path Group: clk
Path Type: max

Fanout         Cap        Slew       Delay        Time   Description
---------------------------------------------------------------------------------------------
                      0.150000    0.000000    0.000000   clock clk (rise edge)
                                  0.000000    0.000000   clock network delay (ideal)
                      0.150000    0.000000    0.000000 ^ _1423_/CLK (sky130_fd_sc_hd__dfxtp_2)
     2    0.035963    0.141413    0.302584    0.302584 ^ _1423_/Q (sky130_fd_sc_hd__dfxtp_2)
                                                         rdata[30] (net)
                      0.141413    0.000000    0.302584 ^ rdata[30] (out)
                                              0.302584   data arrival time

                      0.150000   10.000000   10.000000   clock clk (rise edge)
                                  0.000000   10.000000   clock network delay (ideal)
                                 -0.250000    9.750000   clock uncertainty
                                  0.000000    9.750000   clock reconvergence pessimism
                                 -2.000000    7.750000   output external delay
                                              7.750000   data required time
---------------------------------------------------------------------------------------------
                                              7.750000   data required time
                                             -0.302584   data arrival time
---------------------------------------------------------------------------------------------
                                              7.447416   slack (MET)


Startpoint: _1424_ (rising edge-triggered flip-flop clocked by clk)
Endpoint: rdata[31] (output port clocked by clk)
Path Group: clk
Path Type: max

Fanout         Cap        Slew       Delay        Time   Description
---------------------------------------------------------------------------------------------
                      0.150000    0.000000    0.000000   clock clk (rise edge)
                                  0.000000    0.000000   clock network delay (ideal)
                      0.150000    0.000000    0.000000 ^ _1424_/CLK (sky130_fd_sc_hd__dfxtp_2)
     2    0.035963    0.141413    0.302584    0.302584 ^ _1424_/Q (sky130_fd_sc_hd__dfxtp_2)
                                                         rdata[31] (net)
                      0.141413    0.000000    0.302584 ^ rdata[31] (out)
                                              0.302584   data arrival time

                      0.150000   10.000000   10.000000   clock clk (rise edge)
                                  0.000000   10.000000   clock network delay (ideal)
                                 -0.250000    9.750000   clock uncertainty
                                  0.000000    9.750000   clock reconvergence pessimism
                                 -2.000000    7.750000   output external delay
                                              7.750000   data required time
---------------------------------------------------------------------------------------------
                                              7.750000   data required time
                                             -0.302584   data arrival time
---------------------------------------------------------------------------------------------
                                              7.447416   slack (MET)


Startpoint: _1400_ (rising edge-triggered flip-flop clocked by clk)
Endpoint: rdata[7] (output port clocked by clk)
Path Group: clk
Path Type: max

Fanout         Cap        Slew       Delay        Time   Description
---------------------------------------------------------------------------------------------
                      0.150000    0.000000    0.000000   clock clk (rise edge)
                                  0.000000    0.000000   clock network delay (ideal)
                      0.150000    0.000000    0.000000 ^ _1400_/CLK (sky130_fd_sc_hd__dfxtp_2)
     2    0.035963    0.141413    0.302584    0.302584 ^ _1400_/Q (sky130_fd_sc_hd__dfxtp_2)
                                                         rdata[7] (net)
                      0.141413    0.000000    0.302584 ^ rdata[7] (out)
                                              0.302584   data arrival time

                      0.150000   10.000000   10.000000   clock clk (rise edge)
                                  0.000000   10.000000   clock network delay (ideal)
                                 -0.250000    9.750000   clock uncertainty
                                  0.000000    9.750000   clock reconvergence pessimism
                                 -2.000000    7.750000   output external delay
                                              7.750000   data required time
---------------------------------------------------------------------------------------------
                                              7.750000   data required time
                                             -0.302584   data arrival time
---------------------------------------------------------------------------------------------
                                              7.447416   slack (MET)


Startpoint: _1401_ (rising edge-triggered flip-flop clocked by clk)
Endpoint: rdata[8] (output port clocked by clk)
Path Group: clk
Path Type: max

Fanout         Cap        Slew       Delay        Time   Description
---------------------------------------------------------------------------------------------
                      0.150000    0.000000    0.000000   clock clk (rise edge)
                                  0.000000    0.000000   clock network delay (ideal)
                      0.150000    0.000000    0.000000 ^ _1401_/CLK (sky130_fd_sc_hd__dfxtp_2)
     2    0.035963    0.141413    0.302584    0.302584 ^ _1401_/Q (sky130_fd_sc_hd__dfxtp_2)
                                                         rdata[8] (net)
                      0.141413    0.000000    0.302584 ^ rdata[8] (out)
                                              0.302584   data arrival time

                      0.150000   10.000000   10.000000   clock clk (rise edge)
                                  0.000000   10.000000   clock network delay (ideal)
                                 -0.250000    9.750000   clock uncertainty
                                  0.000000    9.750000   clock reconvergence pessimism
                                 -2.000000    7.750000   output external delay
                                              7.750000   data required time
---------------------------------------------------------------------------------------------
                                              7.750000   data required time
                                             -0.302584   data arrival time
---------------------------------------------------------------------------------------------
                                              7.447416   slack (MET)


Startpoint: _1402_ (rising edge-triggered flip-flop clocked by clk)
Endpoint: rdata[9] (output port clocked by clk)
Path Group: clk
Path Type: max

Fanout         Cap        Slew       Delay        Time   Description
---------------------------------------------------------------------------------------------
                      0.150000    0.000000    0.000000   clock clk (rise edge)
                                  0.000000    0.000000   clock network delay (ideal)
                      0.150000    0.000000    0.000000 ^ _1402_/CLK (sky130_fd_sc_hd__dfxtp_2)
     2    0.035963    0.141413    0.302584    0.302584 ^ _1402_/Q (sky130_fd_sc_hd__dfxtp_2)
                                                         rdata[9] (net)
                      0.141413    0.000000    0.302584 ^ rdata[9] (out)
                                              0.302584   data arrival time

                      0.150000   10.000000   10.000000   clock clk (rise edge)
                                  0.000000   10.000000   clock network delay (ideal)
                                 -0.250000    9.750000   clock uncertainty
                                  0.000000    9.750000   clock reconvergence pessimism
                                 -2.000000    7.750000   output external delay
                                              7.750000   data required time
---------------------------------------------------------------------------------------------
                                              7.750000   data required time
                                             -0.302584   data arrival time
---------------------------------------------------------------------------------------------
                                              7.447416   slack (MET)



