Instance,Terminal,Layer,X location,Y location,Voltage
FILLER_64_405,VPWR,li1,192.2800,187.6800,1.799992
FILLER_64_393,VPWR,li1,189.0600,187.6800,1.799992
FILLER_64_389,VPWR,li1,185.1500,187.6800,1.799992
FILLER_64_377,VPWR,li1,181.7000,187.6800,1.799992
FILLER_64_365,VPWR,li1,176.1800,187.6800,1.799992
FILLER_64_361,VPWR,li1,172.2700,187.6800,1.799989
FILLER_64_349,VPWR,li1,168.8200,187.6800,1.799986
FILLER_64_337,VPWR,li1,163.3000,187.6800,1.799982
FILLER_64_335,VPWR,li1,159.8500,187.6800,1.799979
FILLER_64_327,VPWR,li1,157.7800,187.6800,1.799977
FILLER_64_315,VPWR,li1,153.1800,187.6800,1.799973
FILLER_64_309,VPWR,li1,148.1200,187.6800,1.799969
FILLER_64_307,VPWR,li1,146.9700,187.6800,1.799967
FILLER_64_303,VPWR,li1,145.8200,187.6800,1.799967
FILLER_64_293,VPWR,li1,141.2200,187.6800,1.799964
FILLER_64_281,VPWR,li1,137.5400,187.6800,1.799962
FILLER_64_268,VPWR,li1,130.6400,187.6800,1.799959
FILLER_64_253,VPWR,li1,122.5900,187.6800,1.799956
FILLER_64_250,VPWR,li1,120.9800,187.6800,1.799956
FILLER_64_238,VPWR,li1,117.7600,187.6800,1.799956
FILLER_64_231,VPWR,li1,112.4700,187.6800,1.799955
FILLER_64_225,VPWR,li1,109.4800,187.6800,1.799956
FILLER_64_223,VPWR,li1,108.3300,187.6800,1.799956
FILLER_64_217,VPWR,li1,106.7200,187.6800,1.799956
FILLER_64_209,VPWR,li1,102.5800,187.6800,1.799956
FILLER_64_197,VPWR,li1,98.9000,187.6800,1.799957
FILLER_64_195,VPWR,li1,95.4500,187.6800,1.799958
FILLER_64_189,VPWR,li1,93.8400,187.6800,1.799958
FILLER_64_181,VPWR,li1,89.7000,187.6800,1.799959
FILLER_64_169,VPWR,li1,86.0200,187.6800,1.799960
FILLER_64_167,VPWR,li1,82.5700,187.6800,1.799962
FILLER_64_161,VPWR,li1,80.9600,187.6800,1.799962
FILLER_64_153,VPWR,li1,76.8200,187.6800,1.799963
FILLER_64_141,VPWR,li1,73.1400,187.6800,1.799965
FILLER_64_137,VPWR,li1,69.2300,187.6800,1.799967
FILLER_64_125,VPWR,li1,65.7800,187.6800,1.799968
FILLER_64_113,VPWR,li1,60.2600,187.6800,1.799970
FILLER_64_105,VPWR,li1,54.5100,187.6800,1.799974
FILLER_64_97,VPWR,li1,51.0600,187.6800,1.799975
FILLER_64_85,VPWR,li1,47.3800,187.6800,1.799977
FILLER_64_81,VPWR,li1,43.4700,187.6800,1.799980
FILLER_64_69,VPWR,li1,40.0200,187.6800,1.799982
FILLER_64_57,VPWR,li1,34.5000,187.6800,1.799986
FILLER_64_53,VPWR,li1,30.5900,187.6800,1.799988
FILLER_64_41,VPWR,li1,27.1400,187.6800,1.799990
FILLER_64_29,VPWR,li1,21.6200,187.6800,1.799994
FILLER_64_27,VPWR,li1,18.1700,187.6800,1.799994
FILLER_64_15,VPWR,li1,15.1800,187.6800,1.799994
FILLER_64_3,VPWR,li1,9.6600,187.6800,1.799994
FILLER_63_405,VPWR,li1,192.2800,182.2400,1.799970
FILLER_63_393,VPWR,li1,189.0600,182.2400,1.799970
FILLER_63_391,VPWR,li1,185.6100,182.2400,1.799970
FILLER_63_385,VPWR,li1,184.0000,182.2400,1.799970
FILLER_63_373,VPWR,li1,179.8600,182.2400,1.799970
FILLER_63_361,VPWR,li1,174.3400,182.2400,1.799970
FILLER_63_349,VPWR,li1,168.8200,182.2400,1.799954
FILLER_63_337,VPWR,li1,163.3000,182.2400,1.799937
FILLER_63_335,VPWR,li1,159.8500,182.2400,1.799927
FILLER_63_329,VPWR,li1,158.2400,182.2400,1.799921
FILLER_63_317,VPWR,li1,154.1000,182.2400,1.799910
FILLER_63_305,VPWR,li1,148.5800,182.2400,1.799892
FILLER_63_293,VPWR,li1,143.0600,182.2400,1.799879
FILLER_63_281,VPWR,li1,137.5400,182.2400,1.799869
FILLER_63_278,VPWR,li1,133.8600,182.2400,1.799861
FILLER_63_253,VPWR,li1,122.1300,182.2400,1.799842
FILLER_63_249,VPWR,li1,120.9800,182.2400,1.799842
FILLER_63_218,VPWR,li1,107.1800,182.2400,1.799838
FILLER_63_201,VPWR,li1,98.2100,182.2400,1.799842
FILLER_63_189,VPWR,li1,95.2200,182.2400,1.799845
FILLER_63_169,VPWR,li1,86.0200,182.2400,1.799859
FILLER_63_167,VPWR,li1,82.5700,182.2400,1.799868
FILLER_63_161,VPWR,li1,80.9600,182.2400,1.799868
FILLER_63_149,VPWR,li1,76.8200,182.2400,1.799876
FILLER_63_137,VPWR,li1,71.3000,182.2400,1.799889
FILLER_63_125,VPWR,li1,65.7800,182.2400,1.799897
FILLER_63_113,VPWR,li1,60.2600,182.2400,1.799907
FILLER_63_111,VPWR,li1,56.8100,182.2400,1.799917
FILLER_63_105,VPWR,li1,55.2000,182.2400,1.799917
FILLER_63_93,VPWR,li1,51.0600,182.2400,1.799924
FILLER_63_81,VPWR,li1,45.5400,182.2400,1.799937
FILLER_63_69,VPWR,li1,40.0200,182.2400,1.799945
FILLER_63_57,VPWR,li1,34.5000,182.2400,1.799955
FILLER_63_55,VPWR,li1,31.0500,182.2400,1.799964
FILLER_63_51,VPWR,li1,29.9000,182.2400,1.799964
FILLER_63_39,VPWR,li1,26.2200,182.2400,1.799971
FILLER_63_27,VPWR,li1,20.7000,182.2400,1.799981
FILLER_63_15,VPWR,li1,15.1800,182.2400,1.799981
FILLER_63_3,VPWR,li1,9.6600,182.2400,1.799981
FILLER_62_401,VPWR,li1,191.3600,182.2400,1.799970
FILLER_62_389,VPWR,li1,187.2200,182.2400,1.799970
FILLER_62_377,VPWR,li1,181.7000,182.2400,1.799970
FILLER_62_365,VPWR,li1,176.1800,182.2400,1.799970
FILLER_62_361,VPWR,li1,172.2700,182.2400,1.799964
FILLER_62_349,VPWR,li1,168.8200,182.2400,1.799954
FILLER_62_337,VPWR,li1,163.3000,182.2400,1.799937
FILLER_62_325,VPWR,li1,157.7800,182.2400,1.799921
FILLER_62_293,VPWR,li1,141.6800,182.2400,1.799879
FILLER_62_268,VPWR,li1,129.0300,182.2400,1.799852
FILLER_62_262,VPWR,li1,127.4200,182.2400,1.799847
FILLER_62_234,VPWR,li1,113.6200,182.2400,1.799838
FILLER_62_226,VPWR,li1,111.3200,182.2400,1.799837
FILLER_62_213,VPWR,li1,104.4200,182.2400,1.799839
FILLER_62_173,VPWR,li1,85.7900,182.2400,1.799859
FILLER_62_165,VPWR,li1,83.2600,182.2400,1.799864
FILLER_62_153,VPWR,li1,78.6600,182.2400,1.799873
FILLER_62_141,VPWR,li1,73.1400,182.2400,1.799883
FILLER_62_139,VPWR,li1,69.6900,182.2400,1.799892
FILLER_62_133,VPWR,li1,68.0800,182.2400,1.799892
FILLER_62_121,VPWR,li1,63.9400,182.2400,1.799900
FILLER_62_109,VPWR,li1,58.4200,182.2400,1.799913
FILLER_62_97,VPWR,li1,52.9000,182.2400,1.799921
FILLER_62_85,VPWR,li1,47.3800,182.2400,1.799931
FILLER_62_83,VPWR,li1,43.9300,182.2400,1.799941
FILLER_62_77,VPWR,li1,42.3200,182.2400,1.799941
FILLER_62_65,VPWR,li1,38.1800,182.2400,1.799948
FILLER_62_53,VPWR,li1,32.6600,182.2400,1.799959
FILLER_62_41,VPWR,li1,27.1400,182.2400,1.799971
FILLER_62_29,VPWR,li1,21.6200,182.2400,1.799981
FILLER_62_27,VPWR,li1,18.1700,182.2400,1.799981
FILLER_62_15,VPWR,li1,15.1800,182.2400,1.799981
FILLER_62_3,VPWR,li1,9.6600,182.2400,1.799981
FILLER_61_405,VPWR,li1,192.2800,176.8000,1.799992
FILLER_61_393,VPWR,li1,189.0600,176.8000,1.799992
FILLER_61_391,VPWR,li1,185.6100,176.8000,1.799992
FILLER_61_385,VPWR,li1,184.0000,176.8000,1.799992
FILLER_61_373,VPWR,li1,179.8600,176.8000,1.799992
FILLER_61_361,VPWR,li1,174.3400,176.8000,1.799990
FILLER_61_349,VPWR,li1,168.8200,176.8000,1.799987
FILLER_61_337,VPWR,li1,163.3000,176.8000,1.799983
FILLER_61_335,VPWR,li1,159.8500,176.8000,1.799980
FILLER_61_327,VPWR,li1,157.7800,176.8000,1.799978
FILLER_61_315,VPWR,li1,153.1800,176.8000,1.799975
FILLER_61_293,VPWR,li1,142.1400,176.8000,1.799967
FILLER_61_281,VPWR,li1,137.5400,176.8000,1.799964
FILLER_61_279,VPWR,li1,134.0900,176.8000,1.799961
FILLER_61_275,VPWR,li1,132.9400,176.8000,1.799961
FILLER_61_265,VPWR,li1,127.6500,176.8000,1.799958
FILLER_61_261,VPWR,li1,126.5000,176.8000,1.799958
FILLER_61_243,VPWR,li1,117.5300,176.8000,1.799952
FILLER_61_237,VPWR,li1,115.9200,176.8000,1.799952
FILLER_61_225,VPWR,li1,111.7800,176.8000,1.799950
FILLER_61_200,VPWR,li1,97.7500,176.8000,1.799953
FILLER_61_188,VPWR,li1,94.7600,176.8000,1.799954
FILLER_61_177,VPWR,li1,87.4000,176.8000,1.799957
FILLER_61_169,VPWR,li1,85.1000,176.8000,1.799958
FILLER_61_167,VPWR,li1,82.5700,176.8000,1.799960
FILLER_61_161,VPWR,li1,80.9600,176.8000,1.799960
FILLER_61_149,VPWR,li1,76.8200,176.8000,1.799962
FILLER_61_137,VPWR,li1,71.3000,176.8000,1.799965
FILLER_61_125,VPWR,li1,65.7800,176.8000,1.799967
FILLER_61_113,VPWR,li1,60.2600,176.8000,1.799970
FILLER_61_111,VPWR,li1,56.8100,176.8000,1.799971
FILLER_61_105,VPWR,li1,55.2000,176.8000,1.799973
FILLER_61_93,VPWR,li1,51.0600,176.8000,1.799974
FILLER_61_81,VPWR,li1,45.5400,176.8000,1.799979
FILLER_61_69,VPWR,li1,40.0200,176.8000,1.799981
FILLER_61_57,VPWR,li1,34.5000,176.8000,1.799985
FILLER_61_55,VPWR,li1,31.0500,176.8000,1.799988
FILLER_61_51,VPWR,li1,29.9000,176.8000,1.799988
FILLER_61_39,VPWR,li1,26.2200,176.8000,1.799990
FILLER_61_27,VPWR,li1,20.7000,176.8000,1.799993
FILLER_61_15,VPWR,li1,15.1800,176.8000,1.799993
FILLER_61_3,VPWR,li1,9.6600,176.8000,1.799993
FILLER_60_401,VPWR,li1,191.3600,176.8000,1.799992
FILLER_60_389,VPWR,li1,187.2200,176.8000,1.799992
FILLER_60_377,VPWR,li1,181.7000,176.8000,1.799992
FILLER_60_365,VPWR,li1,176.1800,176.8000,1.799992
FILLER_60_363,VPWR,li1,172.7300,176.8000,1.799989
FILLER_60_357,VPWR,li1,171.1200,176.8000,1.799989
FILLER_60_345,VPWR,li1,166.9800,176.8000,1.799985
FILLER_60_333,VPWR,li1,161.4600,176.8000,1.799980
FILLER_60_321,VPWR,li1,155.9400,176.8000,1.799977
FILLER_60_309,VPWR,li1,150.4200,176.8000,1.799972
FILLER_60_305,VPWR,li1,146.5100,176.8000,1.799969
FILLER_60_297,VPWR,li1,142.8300,176.8000,1.799967
FILLER_60_289,VPWR,li1,140.3000,176.8000,1.799966
FILLER_60_277,VPWR,li1,135.7000,176.8000,1.799963
FILLER_60_265,VPWR,li1,130.1800,176.8000,1.799959
FILLER_60_253,VPWR,li1,124.6600,176.8000,1.799956
FILLER_60_244,VPWR,li1,119.6000,176.8000,1.799954
FILLER_60_217,VPWR,li1,106.0300,176.8000,1.799950
FILLER_60_209,VPWR,li1,103.5000,176.8000,1.799950
FILLER_60_197,VPWR,li1,98.9000,176.8000,1.799953
FILLER_60_193,VPWR,li1,94.9900,176.8000,1.799954
FILLER_60_185,VPWR,li1,92.4600,176.8000,1.799955
FILLER_60_165,VPWR,li1,84.1800,176.8000,1.799959
FILLER_60_153,VPWR,li1,78.6600,176.8000,1.799961
FILLER_60_141,VPWR,li1,73.1400,176.8000,1.799964
FILLER_60_132,VPWR,li1,68.0800,176.8000,1.799966
FILLER_60_120,VPWR,li1,63.4800,176.8000,1.799968
FILLER_60_108,VPWR,li1,57.9600,176.8000,1.799971
FILLER_60_101,VPWR,li1,52.2100,176.8000,1.799974
FILLER_60_97,VPWR,li1,51.0600,176.8000,1.799974
FILLER_60_85,VPWR,li1,47.3800,176.8000,1.799977
FILLER_60_83,VPWR,li1,43.9300,176.8000,1.799980
FILLER_60_77,VPWR,li1,42.3200,176.8000,1.799980
FILLER_60_65,VPWR,li1,38.1800,176.8000,1.799982
FILLER_60_53,VPWR,li1,32.6600,176.8000,1.799986
FILLER_60_41,VPWR,li1,27.1400,176.8000,1.799990
FILLER_60_29,VPWR,li1,21.6200,176.8000,1.799993
FILLER_60_24,VPWR,li1,17.4800,176.8000,1.799993
FILLER_60_15,VPWR,li1,13.8000,176.8000,1.799993
FILLER_60_3,VPWR,li1,9.6600,176.8000,1.799993
FILLER_59_405,VPWR,li1,192.2800,171.3600,1.799982
FILLER_59_393,VPWR,li1,189.0600,171.3600,1.799982
FILLER_59_391,VPWR,li1,185.6100,171.3600,1.799982
FILLER_59_385,VPWR,li1,184.0000,171.3600,1.799982
FILLER_59_373,VPWR,li1,179.8600,171.3600,1.799982
FILLER_59_361,VPWR,li1,174.3400,171.3600,1.799978
FILLER_59_349,VPWR,li1,168.8200,171.3600,1.799970
FILLER_59_337,VPWR,li1,163.3000,171.3600,1.799960
FILLER_59_334,VPWR,li1,159.6200,171.3600,1.799953
FILLER_59_322,VPWR,li1,156.4000,171.3600,1.799946
FILLER_59_310,VPWR,li1,150.8800,171.3600,1.799936
FILLER_59_298,VPWR,li1,145.3600,171.3600,1.799927
FILLER_59_289,VPWR,li1,139.1500,171.3600,1.799917
FILLER_59_281,VPWR,li1,136.6200,171.3600,1.799913
FILLER_59_272,VPWR,li1,132.4800,171.3600,1.799908
FILLER_59_263,VPWR,li1,127.8800,171.3600,1.799904
FILLER_59_250,VPWR,li1,122.3600,171.3600,1.799899
FILLER_59_242,VPWR,li1,117.5300,171.3600,1.799897
FILLER_59_234,VPWR,li1,115.0000,171.3600,1.799895
FILLER_59_222,VPWR,li1,108.1000,171.3600,1.799890
FILLER_59_214,VPWR,li1,105.8000,171.3600,1.799889
FILLER_59_208,VPWR,li1,101.4300,171.3600,1.799885
FILLER_59_204,VPWR,li1,100.2800,171.3600,1.799885
FILLER_59_192,VPWR,li1,96.6000,171.3600,1.799885
FILLER_59_169,VPWR,li1,83.7200,171.3600,1.799887
FILLER_59_167,VPWR,li1,82.5700,171.3600,1.799887
FILLER_59_145,VPWR,li1,72.4500,171.3600,1.799895
FILLER_59_133,VPWR,li1,69.4600,171.3600,1.799900
FILLER_59_121,VPWR,li1,63.9400,171.3600,1.799906
FILLER_59_93,VPWR,li1,48.9900,171.3600,1.799930
FILLER_59_81,VPWR,li1,45.5400,171.3600,1.799935
FILLER_59_69,VPWR,li1,40.0200,171.3600,1.799944
FILLER_59_57,VPWR,li1,34.5000,171.3600,1.799954
FILLER_59_55,VPWR,li1,31.0500,171.3600,1.799963
FILLER_59_51,VPWR,li1,29.9000,171.3600,1.799963
FILLER_59_39,VPWR,li1,26.2200,171.3600,1.799970
FILLER_59_27,VPWR,li1,20.7000,171.3600,1.799981
FILLER_59_15,VPWR,li1,15.1800,171.3600,1.799981
FILLER_59_3,VPWR,li1,9.6600,171.3600,1.799981
FILLER_58_401,VPWR,li1,191.3600,171.3600,1.799982
FILLER_58_389,VPWR,li1,187.2200,171.3600,1.799982
FILLER_58_377,VPWR,li1,181.7000,171.3600,1.799982
FILLER_58_365,VPWR,li1,176.1800,171.3600,1.799982
FILLER_58_363,VPWR,li1,172.7300,171.3600,1.799974
FILLER_58_357,VPWR,li1,171.1200,171.3600,1.799974
FILLER_58_345,VPWR,li1,166.9800,171.3600,1.799966
FILLER_58_333,VPWR,li1,161.4600,171.3600,1.799956
FILLER_58_321,VPWR,li1,155.9400,171.3600,1.799946
FILLER_58_309,VPWR,li1,150.4200,171.3600,1.799936
FILLER_58_304,VPWR,li1,146.2800,171.3600,1.799927
FILLER_58_281,VPWR,li1,135.7000,171.3600,1.799911
FILLER_58_253,VPWR,li1,124.6600,171.3600,1.799902
FILLER_58_251,VPWR,li1,121.2100,171.3600,1.799899
FILLER_58_245,VPWR,li1,119.6000,171.3600,1.799898
FILLER_58_233,VPWR,li1,115.4600,171.3600,1.799895
FILLER_58_221,VPWR,li1,109.9400,171.3600,1.799892
FILLER_58_193,VPWR,li1,94.9900,171.3600,1.799885
FILLER_58_185,VPWR,li1,92.4600,171.3600,1.799885
FILLER_58_166,VPWR,li1,83.2600,171.3600,1.799887
FILLER_58_141,VPWR,li1,72.2200,171.3600,1.799895
FILLER_58_132,VPWR,li1,68.0800,171.3600,1.799900
FILLER_58_120,VPWR,li1,63.4800,171.3600,1.799906
FILLER_58_108,VPWR,li1,57.9600,171.3600,1.799913
FILLER_58_97,VPWR,li1,50.6000,171.3600,1.799923
FILLER_58_85,VPWR,li1,47.3800,171.3600,1.799930
FILLER_58_83,VPWR,li1,43.9300,171.3600,1.799939
FILLER_58_77,VPWR,li1,42.3200,171.3600,1.799939
FILLER_58_65,VPWR,li1,38.1800,171.3600,1.799947
FILLER_58_53,VPWR,li1,32.6600,171.3600,1.799958
FILLER_58_41,VPWR,li1,27.1400,171.3600,1.799970
FILLER_58_29,VPWR,li1,21.6200,171.3600,1.799981
FILLER_58_27,VPWR,li1,18.1700,171.3600,1.799981
FILLER_58_15,VPWR,li1,15.1800,171.3600,1.799981
FILLER_58_3,VPWR,li1,9.6600,171.3600,1.799981
FILLER_57_405,VPWR,li1,192.2800,165.9200,1.799991
FILLER_57_393,VPWR,li1,189.0600,165.9200,1.799991
FILLER_57_391,VPWR,li1,185.6100,165.9200,1.799991
FILLER_57_385,VPWR,li1,184.0000,165.9200,1.799991
FILLER_57_373,VPWR,li1,179.8600,165.9200,1.799991
FILLER_57_361,VPWR,li1,174.3400,165.9200,1.799991
FILLER_57_349,VPWR,li1,168.8200,165.9200,1.799985
FILLER_57_337,VPWR,li1,163.3000,165.9200,1.799984
FILLER_57_333,VPWR,li1,159.3900,165.9200,1.799983
FILLER_57_325,VPWR,li1,156.8600,165.9200,1.799982
FILLER_57_313,VPWR,li1,152.2600,165.9200,1.799981
FILLER_57_304,VPWR,li1,145.8200,165.9200,1.799978
FILLER_57_293,VPWR,li1,140.5300,165.9200,1.799977
FILLER_57_281,VPWR,li1,137.5400,165.9200,1.799976
FILLER_57_279,VPWR,li1,134.0900,165.9200,1.799975
FILLER_57_275,VPWR,li1,132.9400,165.9200,1.799975
FILLER_57_266,VPWR,li1,128.5700,165.9200,1.799973
FILLER_57_241,VPWR,li1,116.6100,165.9200,1.799972
FILLER_57_235,VPWR,li1,115.0000,165.9200,1.799972
FILLER_57_225,VPWR,li1,109.4800,165.9200,1.799974
FILLER_57_220,VPWR,li1,107.6400,165.9200,1.799974
FILLER_57_208,VPWR,li1,103.9600,165.9200,1.799975
FILLER_57_199,VPWR,li1,97.2900,165.9200,1.799977
FILLER_57_193,VPWR,li1,95.6800,165.9200,1.799977
FILLER_57_181,VPWR,li1,91.5400,165.9200,1.799978
FILLER_57_169,VPWR,li1,86.0200,165.9200,1.799980
FILLER_57_167,VPWR,li1,82.5700,165.9200,1.799981
FILLER_57_161,VPWR,li1,80.9600,165.9200,1.799981
FILLER_57_149,VPWR,li1,76.8200,165.9200,1.799982
FILLER_57_137,VPWR,li1,71.3000,165.9200,1.799984
FILLER_57_125,VPWR,li1,65.7800,165.9200,1.799985
FILLER_57_113,VPWR,li1,60.2600,165.9200,1.799987
FILLER_57_111,VPWR,li1,56.8100,165.9200,1.799988
FILLER_57_105,VPWR,li1,54.0500,165.9200,1.799989
FILLER_57_93,VPWR,li1,51.0600,165.9200,1.799989
FILLER_57_81,VPWR,li1,45.5400,165.9200,1.799991
FILLER_57_69,VPWR,li1,40.0200,165.9200,1.799992
FILLER_57_57,VPWR,li1,34.5000,165.9200,1.799994
FILLER_57_54,VPWR,li1,30.8200,165.9200,1.799995
FILLER_57_42,VPWR,li1,27.6000,165.9200,1.799996
FILLER_57_30,VPWR,li1,22.0800,165.9200,1.799997
FILLER_57_18,VPWR,li1,16.5600,165.9200,1.799997
FILLER_57_6,VPWR,li1,11.0400,165.9200,1.799997
FILLER_56_401,VPWR,li1,191.3600,165.9200,1.799991
FILLER_56_389,VPWR,li1,187.2200,165.9200,1.799991
FILLER_56_377,VPWR,li1,181.7000,165.9200,1.799991
FILLER_56_365,VPWR,li1,176.1800,165.9200,1.799991
FILLER_56_361,VPWR,li1,172.2700,165.9200,1.799989
FILLER_56_333,VPWR,li1,158.9300,165.9200,1.799983
FILLER_56_327,VPWR,li1,157.3200,165.9200,1.799982
FILLER_56_313,VPWR,li1,149.7300,165.9200,1.799980
FILLER_56_309,VPWR,li1,148.5800,165.9200,1.799979
FILLER_56_307,VPWR,li1,146.9700,165.9200,1.799978
FILLER_56_301,VPWR,li1,145.3600,165.9200,1.799978
FILLER_56_289,VPWR,li1,141.2200,165.9200,1.799977
FILLER_56_277,VPWR,li1,135.7000,165.9200,1.799975
FILLER_56_265,VPWR,li1,130.1800,165.9200,1.799973
FILLER_56_253,VPWR,li1,124.6600,165.9200,1.799972
FILLER_56_243,VPWR,li1,117.5300,165.9200,1.799971
FILLER_56_239,VPWR,li1,116.3800,165.9200,1.799972
FILLER_56_227,VPWR,li1,112.7000,165.9200,1.799973
FILLER_56_217,VPWR,li1,106.0300,165.9200,1.799974
FILLER_56_209,VPWR,li1,103.5000,165.9200,1.799975
FILLER_56_197,VPWR,li1,98.9000,165.9200,1.799977
FILLER_56_194,VPWR,li1,95.2200,165.9200,1.799977
FILLER_56_185,VPWR,li1,91.0800,165.9200,1.799978
FILLER_56_177,VPWR,li1,88.7800,165.9200,1.799979
FILLER_56_165,VPWR,li1,84.1800,165.9200,1.799980
FILLER_56_153,VPWR,li1,78.6600,165.9200,1.799982
FILLER_56_141,VPWR,li1,73.1400,165.9200,1.799983
FILLER_56_139,VPWR,li1,69.6900,165.9200,1.799984
FILLER_56_133,VPWR,li1,68.0800,165.9200,1.799984
FILLER_56_121,VPWR,li1,63.9400,165.9200,1.799986
FILLER_56_109,VPWR,li1,58.4200,165.9200,1.799987
FILLER_56_97,VPWR,li1,52.9000,165.9200,1.799989
FILLER_56_85,VPWR,li1,47.3800,165.9200,1.799990
FILLER_56_83,VPWR,li1,43.9300,165.9200,1.799991
FILLER_56_77,VPWR,li1,42.3200,165.9200,1.799991
FILLER_56_65,VPWR,li1,38.1800,165.9200,1.799993
FILLER_56_53,VPWR,li1,32.6600,165.9200,1.799994
FILLER_56_41,VPWR,li1,27.1400,165.9200,1.799996
FILLER_56_29,VPWR,li1,21.6200,165.9200,1.799997
FILLER_56_26,VPWR,li1,17.9400,165.9200,1.799997
FILLER_56_18,VPWR,li1,15.6400,165.9200,1.799997
FILLER_56_6,VPWR,li1,11.0400,165.9200,1.799997
FILLER_55_405,VPWR,li1,192.2800,160.4800,1.799984
FILLER_55_393,VPWR,li1,189.0600,160.4800,1.799984
FILLER_55_391,VPWR,li1,185.6100,160.4800,1.799985
FILLER_55_385,VPWR,li1,184.0000,160.4800,1.799987
FILLER_55_373,VPWR,li1,179.8600,160.4800,1.799989
FILLER_55_361,VPWR,li1,174.3400,160.4800,1.799991
FILLER_55_349,VPWR,li1,168.8200,160.4800,1.799991
FILLER_55_337,VPWR,li1,163.3000,160.4800,1.799990
FILLER_55_328,VPWR,li1,158.2400,160.4800,1.799989
FILLER_55_311,VPWR,li1,149.9600,160.4800,1.799987
FILLER_55_299,VPWR,li1,145.8200,160.4800,1.799987
FILLER_55_289,VPWR,li1,139.1500,160.4800,1.799986
FILLER_55_281,VPWR,li1,136.6200,160.4800,1.799985
FILLER_55_279,VPWR,li1,134.0900,160.4800,1.799985
FILLER_55_271,VPWR,li1,130.4100,160.4800,1.799984
FILLER_55_261,VPWR,li1,126.2700,160.4800,1.799983
FILLER_55_249,VPWR,li1,122.8200,160.4800,1.799983
FILLER_55_245,VPWR,li1,118.4500,160.4800,1.799982
FILLER_55_237,VPWR,li1,116.3800,160.4800,1.799982
FILLER_55_225,VPWR,li1,111.7800,160.4800,1.799981
FILLER_55_220,VPWR,li1,107.6400,160.4800,1.799980
FILLER_55_206,VPWR,li1,100.5100,160.4800,1.799979
FILLER_55_200,VPWR,li1,98.9000,160.4800,1.799979
FILLER_55_195,VPWR,li1,95.4500,160.4800,1.799978
FILLER_55_184,VPWR,li1,91.0800,160.4800,1.799977
FILLER_55_160,VPWR,li1,79.3500,160.4800,1.799975
FILLER_55_137,VPWR,li1,68.7700,160.4800,1.799976
FILLER_55_125,VPWR,li1,65.7800,160.4800,1.799977
FILLER_55_113,VPWR,li1,60.2600,160.4800,1.799980
FILLER_55_111,VPWR,li1,56.8100,160.4800,1.799982
FILLER_55_105,VPWR,li1,55.2000,160.4800,1.799982
FILLER_55_93,VPWR,li1,51.0600,160.4800,1.799984
FILLER_55_81,VPWR,li1,45.5400,160.4800,1.799986
FILLER_55_69,VPWR,li1,40.0200,160.4800,1.799988
FILLER_55_57,VPWR,li1,34.5000,160.4800,1.799990
FILLER_55_54,VPWR,li1,30.8200,160.4800,1.799992
FILLER_55_42,VPWR,li1,27.6000,160.4800,1.799994
FILLER_55_30,VPWR,li1,22.0800,160.4800,1.799996
FILLER_55_18,VPWR,li1,16.5600,160.4800,1.799996
FILLER_55_6,VPWR,li1,11.0400,160.4800,1.799996
FILLER_54_405,VPWR,li1,192.2800,160.4800,1.799984
FILLER_54_376,VPWR,li1,179.4000,160.4800,1.799989
FILLER_54_365,VPWR,li1,174.8000,160.4800,1.799991
FILLER_54_363,VPWR,li1,172.7300,160.4800,1.799991
FILLER_54_357,VPWR,li1,171.1200,160.4800,1.799991
FILLER_54_345,VPWR,li1,166.9800,160.4800,1.799990
FILLER_54_333,VPWR,li1,161.4600,160.4800,1.799989
FILLER_54_321,VPWR,li1,155.9400,160.4800,1.799988
FILLER_54_309,VPWR,li1,150.4200,160.4800,1.799987
FILLER_54_307,VPWR,li1,146.9700,160.4800,1.799987
FILLER_54_301,VPWR,li1,145.3600,160.4800,1.799987
FILLER_54_289,VPWR,li1,141.2200,160.4800,1.799986
FILLER_54_277,VPWR,li1,135.7000,160.4800,1.799985
FILLER_54_265,VPWR,li1,130.1800,160.4800,1.799984
FILLER_54_253,VPWR,li1,124.6600,160.4800,1.799983
FILLER_54_248,VPWR,li1,120.5200,160.4800,1.799982
FILLER_54_236,VPWR,li1,116.8400,160.4800,1.799982
FILLER_54_224,VPWR,li1,111.3200,160.4800,1.799981
FILLER_54_214,VPWR,li1,104.4200,160.4800,1.799980
FILLER_54_202,VPWR,li1,101.2000,160.4800,1.799979
FILLER_54_195,VPWR,li1,95.4500,160.4800,1.799978
FILLER_54_183,VPWR,li1,92.4600,160.4800,1.799978
FILLER_54_179,VPWR,li1,88.0900,160.4800,1.799977
FILLER_54_167,VPWR,li1,85.1000,160.4800,1.799977
FILLER_54_162,VPWR,li1,80.2700,160.4800,1.799976
FILLER_54_154,VPWR,li1,78.2000,160.4800,1.799975
FILLER_54_141,VPWR,li1,70.8400,160.4800,1.799976
FILLER_54_139,VPWR,li1,69.6900,160.4800,1.799976
FILLER_54_133,VPWR,li1,68.0800,160.4800,1.799976
FILLER_54_121,VPWR,li1,63.9400,160.4800,1.799978
FILLER_54_109,VPWR,li1,58.4200,160.4800,1.799981
FILLER_54_97,VPWR,li1,52.9000,160.4800,1.799983
FILLER_54_85,VPWR,li1,47.3800,160.4800,1.799985
FILLER_54_83,VPWR,li1,43.9300,160.4800,1.799987
FILLER_54_77,VPWR,li1,42.3200,160.4800,1.799987
FILLER_54_65,VPWR,li1,38.1800,160.4800,1.799989
FILLER_54_53,VPWR,li1,32.6600,160.4800,1.799991
FILLER_54_41,VPWR,li1,27.1400,160.4800,1.799994
FILLER_54_29,VPWR,li1,21.6200,160.4800,1.799996
FILLER_54_26,VPWR,li1,17.9400,160.4800,1.799996
FILLER_54_18,VPWR,li1,15.6400,160.4800,1.799996
FILLER_54_6,VPWR,li1,11.0400,160.4800,1.799996
FILLER_53_393,VPWR,li1,186.7600,155.0400,1.799920
FILLER_53_386,VPWR,li1,184.4600,155.0400,1.799921
FILLER_53_374,VPWR,li1,180.3200,155.0400,1.799921
FILLER_53_349,VPWR,li1,166.2900,155.0400,1.799853
FILLER_53_337,VPWR,li1,163.3000,155.0400,1.799837
FILLER_53_318,VPWR,li1,152.2600,155.0400,1.799759
FILLER_53_306,VPWR,li1,149.0400,155.0400,1.799725
FILLER_53_281,VPWR,li1,137.5400,155.0400,1.799680
FILLER_53_272,VPWR,li1,132.4800,155.0400,1.799665
FILLER_53_246,VPWR,li1,118.9100,155.0400,1.799670
FILLER_53_240,VPWR,li1,117.3000,155.0400,1.799675
FILLER_53_228,VPWR,li1,113.1600,155.0400,1.799684
FILLER_53_223,VPWR,li1,108.3300,155.0400,1.799700
FILLER_53_217,VPWR,li1,106.7200,155.0400,1.799700
FILLER_53_205,VPWR,li1,102.5800,155.0400,1.799710
FILLER_53_193,VPWR,li1,97.0600,155.0400,1.799726
FILLER_53_181,VPWR,li1,91.5400,155.0400,1.799739
FILLER_53_169,VPWR,li1,86.0200,155.0400,1.799751
FILLER_53_167,VPWR,li1,82.5700,155.0400,1.799763
FILLER_53_161,VPWR,li1,80.9600,155.0400,1.799763
FILLER_53_149,VPWR,li1,76.8200,155.0400,1.799774
FILLER_53_137,VPWR,li1,71.3000,155.0400,1.799787
FILLER_53_125,VPWR,li1,65.7800,155.0400,1.799803
FILLER_53_113,VPWR,li1,60.2600,155.0400,1.799817
FILLER_53_109,VPWR,li1,56.3500,155.0400,1.799828
FILLER_53_81,VPWR,li1,45.5400,155.0400,1.799859
FILLER_53_69,VPWR,li1,40.0200,155.0400,1.799873
FILLER_53_57,VPWR,li1,34.5000,155.0400,1.799897
FILLER_53_36,VPWR,li1,23.9200,155.0400,1.799941
FILLER_53_24,VPWR,li1,19.3200,155.0400,1.799952
FILLER_53_12,VPWR,li1,13.8000,155.0400,1.799951
FILLER_53_3,VPWR,li1,7.5900,155.0400,1.799950
FILLER_52_398,VPWR,li1,188.8300,155.0400,1.799919
FILLER_52_392,VPWR,li1,187.2200,155.0400,1.799920
FILLER_52_380,VPWR,li1,183.0800,155.0400,1.799921
FILLER_52_373,VPWR,li1,177.5600,155.0400,1.799922
FILLER_52_365,VPWR,li1,175.2600,155.0400,1.799922
FILLER_52_362,VPWR,li1,172.5000,155.0400,1.799901
FILLER_52_350,VPWR,li1,169.2800,155.0400,1.799872
FILLER_52_338,VPWR,li1,161.4600,155.0400,1.799824
FILLER_52_328,VPWR,li1,156.8600,155.0400,1.799782
FILLER_52_321,VPWR,li1,153.8700,155.0400,1.799759
FILLER_52_309,VPWR,li1,150.4200,155.0400,1.799746
FILLER_52_287,VPWR,li1,137.7700,155.0400,1.799680
FILLER_52_263,VPWR,li1,126.9600,155.0400,1.799652
FILLER_52_259,VPWR,li1,124.8900,155.0400,1.799659
FILLER_52_253,VPWR,li1,123.2800,155.0400,1.799659
FILLER_52_246,VPWR,li1,119.3700,155.0400,1.799670
FILLER_52_231,VPWR,li1,113.1600,155.0400,1.799684
FILLER_52_226,VPWR,li1,109.9400,155.0400,1.799695
FILLER_52_205,VPWR,li1,100.7400,155.0400,1.799717
FILLER_52_185,VPWR,li1,90.8500,155.0400,1.799739
FILLER_52_177,VPWR,li1,88.7800,155.0400,1.799744
FILLER_52_165,VPWR,li1,84.1800,155.0400,1.799758
FILLER_52_153,VPWR,li1,78.6600,155.0400,1.799769
FILLER_52_141,VPWR,li1,73.1400,155.0400,1.799783
FILLER_52_139,VPWR,li1,69.6900,155.0400,1.799794
FILLER_52_135,VPWR,li1,68.5400,155.0400,1.799794
FILLER_52_123,VPWR,li1,64.8600,155.0400,1.799803
FILLER_52_111,VPWR,li1,59.3400,155.0400,1.799817
FILLER_52_101,VPWR,li1,52.4400,155.0400,1.799835
FILLER_52_85,VPWR,li1,46.4600,155.0400,1.799853
FILLER_52_59,VPWR,li1,33.5800,155.0400,1.799897
FILLER_52_37,VPWR,li1,23.0000,155.0400,1.799941
FILLER_52_29,VPWR,li1,20.7000,155.0400,1.799952
FILLER_52_27,VPWR,li1,18.1700,155.0400,1.799952
FILLER_52_19,VPWR,li1,16.1000,155.0400,1.799952
FILLER_52_7,VPWR,li1,11.5000,155.0400,1.799951
FILLER_51_402,VPWR,li1,190.6700,149.6000,1.799973
FILLER_51_391,VPWR,li1,185.6100,149.6000,1.799977
FILLER_51_385,VPWR,li1,184.0000,149.6000,1.799977
FILLER_51_373,VPWR,li1,179.8600,149.6000,1.799981
FILLER_51_361,VPWR,li1,174.3400,149.6000,1.799982
FILLER_51_349,VPWR,li1,168.8200,149.6000,1.799979
FILLER_51_337,VPWR,li1,163.3000,149.6000,1.799975
FILLER_51_328,VPWR,li1,158.2400,149.6000,1.799971
FILLER_51_316,VPWR,li1,153.6400,149.6000,1.799967
FILLER_51_306,VPWR,li1,147.2000,149.6000,1.799961
FILLER_51_298,VPWR,li1,142.8300,149.6000,1.799957
FILLER_51_289,VPWR,li1,139.1500,149.6000,1.799955
FILLER_51_281,VPWR,li1,136.6200,149.6000,1.799954
FILLER_51_277,VPWR,li1,133.6300,149.6000,1.799952
FILLER_51_272,VPWR,li1,130.8700,149.6000,1.799951
FILLER_51_260,VPWR,li1,127.8800,149.6000,1.799949
FILLER_51_237,VPWR,li1,115.2300,149.6000,1.799941
FILLER_51_225,VPWR,li1,111.7800,149.6000,1.799939
FILLER_51_223,VPWR,li1,108.3300,149.6000,1.799936
FILLER_51_219,VPWR,li1,107.1800,149.6000,1.799936
FILLER_51_207,VPWR,li1,103.5000,149.6000,1.799934
FILLER_51_198,VPWR,li1,97.0600,149.6000,1.799930
FILLER_51_177,VPWR,li1,87.4000,149.6000,1.799927
FILLER_51_144,VPWR,li1,73.6000,149.6000,1.799930
FILLER_51_119,VPWR,li1,60.4900,149.6000,1.799939
FILLER_51_113,VPWR,li1,58.8800,149.6000,1.799939
FILLER_51_109,VPWR,li1,56.3500,149.6000,1.799942
FILLER_51_101,VPWR,li1,53.8200,149.6000,1.799946
FILLER_51_89,VPWR,li1,49.2200,149.6000,1.799951
FILLER_51_77,VPWR,li1,43.7000,149.6000,1.799957
FILLER_51_65,VPWR,li1,36.1100,149.6000,1.799965
FILLER_51_57,VPWR,li1,33.5800,149.6000,1.799968
FILLER_51_55,VPWR,li1,31.0500,149.6000,1.799973
FILLER_51_51,VPWR,li1,29.9000,149.6000,1.799973
FILLER_51_41,VPWR,li1,24.8400,149.6000,1.799978
FILLER_51_33,VPWR,li1,22.5400,149.6000,1.799982
FILLER_51_14,VPWR,li1,12.6500,149.6000,1.799978
FILLER_51_6,VPWR,li1,10.1200,149.6000,1.799978
FILLER_50_388,VPWR,li1,184.6900,149.6000,1.799977
FILLER_50_380,VPWR,li1,182.1600,149.6000,1.799978
FILLER_50_371,VPWR,li1,176.4100,149.6000,1.799984
FILLER_50_365,VPWR,li1,174.8000,149.6000,1.799984
FILLER_50_363,VPWR,li1,172.7300,149.6000,1.799982
FILLER_50_351,VPWR,li1,169.7400,149.6000,1.799979
FILLER_50_331,VPWR,li1,160.5400,149.6000,1.799972
FILLER_50_321,VPWR,li1,153.6400,149.6000,1.799967
FILLER_50_309,VPWR,li1,150.4200,149.6000,1.799964
FILLER_50_304,VPWR,li1,146.2800,149.6000,1.799961
FILLER_50_292,VPWR,li1,141.6800,149.6000,1.799957
FILLER_50_276,VPWR,li1,133.1700,149.6000,1.799952
FILLER_50_264,VPWR,li1,128.3400,149.6000,1.799949
FILLER_50_253,VPWR,li1,122.8200,149.6000,1.799945
FILLER_50_251,VPWR,li1,121.2100,149.6000,1.799944
FILLER_50_245,VPWR,li1,119.6000,149.6000,1.799944
FILLER_50_233,VPWR,li1,115.4600,149.6000,1.799941
FILLER_50_221,VPWR,li1,109.9400,149.6000,1.799938
FILLER_50_209,VPWR,li1,104.4200,149.6000,1.799934
FILLER_50_197,VPWR,li1,98.9000,149.6000,1.799931
FILLER_50_190,VPWR,li1,94.3000,149.6000,1.799929
FILLER_50_182,VPWR,li1,89.7000,149.6000,1.799927
FILLER_50_174,VPWR,li1,87.4000,149.6000,1.799927
FILLER_50_162,VPWR,li1,82.8000,149.6000,1.799927
FILLER_50_149,VPWR,li1,74.5200,149.6000,1.799928
FILLER_50_141,VPWR,li1,72.2200,149.6000,1.799930
FILLER_50_138,VPWR,li1,69.4600,149.6000,1.799931
FILLER_50_126,VPWR,li1,66.2400,149.6000,1.799933
FILLER_50_109,VPWR,li1,57.0400,149.6000,1.799942
FILLER_50_97,VPWR,li1,52.9000,149.6000,1.799946
FILLER_50_89,VPWR,li1,46.6900,149.6000,1.799954
FILLER_50_85,VPWR,li1,45.5400,149.6000,1.799954
FILLER_50_81,VPWR,li1,43.4700,149.6000,1.799957
FILLER_50_69,VPWR,li1,40.0200,149.6000,1.799962
FILLER_50_55,VPWR,li1,31.0500,149.6000,1.799973
FILLER_50_49,VPWR,li1,29.4400,149.6000,1.799973
FILLER_50_29,VPWR,li1,21.6200,149.6000,1.799982
FILLER_50_24,VPWR,li1,17.4800,149.6000,1.799979
FILLER_50_6,VPWR,li1,8.5100,149.6000,1.799978
FILLER_49_401,VPWR,li1,190.4400,144.1600,1.799966
FILLER_49_393,VPWR,li1,188.1400,144.1600,1.799966
FILLER_49_390,VPWR,li1,185.3800,144.1600,1.799968
FILLER_49_382,VPWR,li1,183.0800,144.1600,1.799970
FILLER_49_337,VPWR,li1,161.2300,144.1600,1.799968
FILLER_49_312,VPWR,li1,150.4200,144.1600,1.799966
FILLER_49_304,VPWR,li1,145.8200,144.1600,1.799965
FILLER_49_293,VPWR,li1,141.2200,144.1600,1.799964
FILLER_49_270,VPWR,li1,131.1000,144.1600,1.799961
FILLER_49_258,VPWR,li1,126.9600,144.1600,1.799960
FILLER_49_245,VPWR,li1,118.6800,144.1600,1.799958
FILLER_49_236,VPWR,li1,114.3100,144.1600,1.799956
FILLER_49_225,VPWR,li1,109.4800,144.1600,1.799957
FILLER_49_216,VPWR,li1,106.7200,144.1600,1.799957
FILLER_49_201,VPWR,li1,98.4400,144.1600,1.799961
FILLER_49_193,VPWR,li1,96.1400,144.1600,1.799961
FILLER_49_181,VPWR,li1,91.5400,144.1600,1.799963
FILLER_49_169,VPWR,li1,86.0200,144.1600,1.799965
FILLER_49_164,VPWR,li1,81.8800,144.1600,1.799966
FILLER_49_152,VPWR,li1,78.2000,144.1600,1.799968
FILLER_49_144,VPWR,li1,71.9900,144.1600,1.799969
FILLER_49_132,VPWR,li1,69.0000,144.1600,1.799971
FILLER_49_120,VPWR,li1,63.4800,144.1600,1.799973
FILLER_49_108,VPWR,li1,56.1200,144.1600,1.799975
FILLER_49_96,VPWR,li1,52.4400,144.1600,1.799976
FILLER_49_84,VPWR,li1,46.9200,144.1600,1.799978
FILLER_49_72,VPWR,li1,41.4000,144.1600,1.799980
FILLER_49_55,VPWR,li1,31.0500,144.1600,1.799983
FILLER_49_32,VPWR,li1,20.9300,144.1600,1.799990
FILLER_49_24,VPWR,li1,18.4000,144.1600,1.799990
FILLER_49_18,VPWR,li1,14.0300,144.1600,1.799990
FILLER_49_6,VPWR,li1,11.0400,144.1600,1.799990
FILLER_48_381,VPWR,li1,181.0100,144.1600,1.799972
FILLER_48_377,VPWR,li1,179.8600,144.1600,1.799972
FILLER_48_371,VPWR,li1,176.4100,144.1600,1.799978
FILLER_48_365,VPWR,li1,174.8000,144.1600,1.799978
FILLER_48_360,VPWR,li1,172.0400,144.1600,1.799975
FILLER_48_354,VPWR,li1,168.5900,144.1600,1.799972
FILLER_48_342,VPWR,li1,165.6000,144.1600,1.799970
FILLER_48_330,VPWR,li1,160.0800,144.1600,1.799968
FILLER_48_318,VPWR,li1,154.5600,144.1600,1.799967
FILLER_48_309,VPWR,li1,148.1200,144.1600,1.799965
FILLER_48_307,VPWR,li1,146.9700,144.1600,1.799965
FILLER_48_301,VPWR,li1,145.3600,144.1600,1.799964
FILLER_48_289,VPWR,li1,141.2200,144.1600,1.799964
FILLER_48_277,VPWR,li1,135.7000,144.1600,1.799962
FILLER_48_265,VPWR,li1,130.1800,144.1600,1.799961
FILLER_48_253,VPWR,li1,124.6600,144.1600,1.799959
FILLER_48_251,VPWR,li1,121.2100,144.1600,1.799958
FILLER_48_240,VPWR,li1,116.8400,144.1600,1.799957
FILLER_48_218,VPWR,li1,107.1800,144.1600,1.799957
FILLER_48_201,VPWR,li1,98.2100,144.1600,1.799961
FILLER_48_197,VPWR,li1,97.0600,144.1600,1.799961
FILLER_48_193,VPWR,li1,94.9900,144.1600,1.799961
FILLER_48_181,VPWR,li1,91.5400,144.1600,1.799963
FILLER_48_153,VPWR,li1,76.8200,144.1600,1.799968
FILLER_48_141,VPWR,li1,73.1400,144.1600,1.799969
FILLER_48_138,VPWR,li1,69.4600,144.1600,1.799971
FILLER_48_131,VPWR,li1,66.2400,144.1600,1.799972
FILLER_48_119,VPWR,li1,60.4900,144.1600,1.799974
FILLER_48_113,VPWR,li1,58.8800,144.1600,1.799974
FILLER_48_101,VPWR,li1,54.7400,144.1600,1.799975
FILLER_48_85,VPWR,li1,45.5400,144.1600,1.799978
FILLER_48_73,VPWR,li1,40.4800,144.1600,1.799980
FILLER_48_61,VPWR,li1,36.3400,144.1600,1.799981
FILLER_48_49,VPWR,li1,30.8200,144.1600,1.799983
FILLER_48_37,VPWR,li1,22.7700,144.1600,1.799989
FILLER_48_29,VPWR,li1,20.7000,144.1600,1.799990
FILLER_48_26,VPWR,li1,17.9400,144.1600,1.799990
FILLER_48_18,VPWR,li1,15.6400,144.1600,1.799990
FILLER_48_6,VPWR,li1,11.0400,144.1600,1.799990
FILLER_47_405,VPWR,li1,192.2800,138.7200,1.799973
FILLER_47_391,VPWR,li1,185.6100,138.7200,1.799974
FILLER_47_385,VPWR,li1,184.0000,138.7200,1.799974
FILLER_47_373,VPWR,li1,179.8600,138.7200,1.799975
FILLER_47_361,VPWR,li1,174.3400,138.7200,1.799981
FILLER_47_349,VPWR,li1,168.8200,138.7200,1.799974
FILLER_47_337,VPWR,li1,163.3000,138.7200,1.799973
FILLER_47_333,VPWR,li1,159.3900,138.7200,1.799971
FILLER_47_325,VPWR,li1,156.8600,138.7200,1.799970
FILLER_47_313,VPWR,li1,152.2600,138.7200,1.799969
FILLER_47_309,VPWR,li1,147.8900,138.7200,1.799968
FILLER_47_301,VPWR,li1,145.8200,138.7200,1.799967
FILLER_47_289,VPWR,li1,139.3800,138.7200,1.799965
FILLER_47_278,VPWR,li1,133.8600,138.7200,1.799966
FILLER_47_261,VPWR,li1,126.5000,138.7200,1.799968
FILLER_47_249,VPWR,li1,122.8200,138.7200,1.799969
FILLER_47_237,VPWR,li1,117.3000,138.7200,1.799970
FILLER_47_225,VPWR,li1,111.7800,138.7200,1.799972
FILLER_47_221,VPWR,li1,107.8700,138.7200,1.799973
FILLER_47_193,VPWR,li1,97.0600,138.7200,1.799975
FILLER_47_181,VPWR,li1,91.5400,138.7200,1.799977
FILLER_47_169,VPWR,li1,86.0200,138.7200,1.799978
FILLER_47_167,VPWR,li1,82.5700,138.7200,1.799979
FILLER_47_155,VPWR,li1,79.5800,138.7200,1.799980
FILLER_47_143,VPWR,li1,74.0600,138.7200,1.799981
FILLER_47_125,VPWR,li1,63.9400,138.7200,1.799984
FILLER_47_113,VPWR,li1,60.2600,138.7200,1.799985
FILLER_47_108,VPWR,li1,56.1200,138.7200,1.799986
FILLER_47_96,VPWR,li1,52.4400,138.7200,1.799987
FILLER_47_89,VPWR,li1,46.9200,138.7200,1.799988
FILLER_47_81,VPWR,li1,44.6200,138.7200,1.799989
FILLER_47_69,VPWR,li1,40.0200,138.7200,1.799990
FILLER_47_57,VPWR,li1,34.5000,138.7200,1.799991
FILLER_47_55,VPWR,li1,31.0500,138.7200,1.799992
FILLER_47_49,VPWR,li1,29.4400,138.7200,1.799993
FILLER_47_37,VPWR,li1,25.3000,138.7200,1.799994
FILLER_47_25,VPWR,li1,19.7800,138.7200,1.799994
FILLER_46_402,VPWR,li1,190.6700,138.7200,1.799973
FILLER_46_396,VPWR,li1,189.0600,138.7200,1.799973
FILLER_46_370,VPWR,li1,176.1800,138.7200,1.799979
FILLER_46_365,VPWR,li1,173.6500,138.7200,1.799978
FILLER_46_360,VPWR,li1,172.0400,138.7200,1.799978
FILLER_46_329,VPWR,li1,157.7800,138.7200,1.799971
FILLER_46_316,VPWR,li1,152.2600,138.7200,1.799969
FILLER_46_302,VPWR,li1,145.8200,138.7200,1.799967
FILLER_46_283,VPWR,li1,136.1600,138.7200,1.799966
FILLER_46_271,VPWR,li1,132.9400,138.7200,1.799967
FILLER_46_259,VPWR,li1,127.4200,138.7200,1.799968
FILLER_46_253,VPWR,li1,122.1300,138.7200,1.799970
FILLER_46_249,VPWR,li1,120.7500,138.7200,1.799970
FILLER_46_241,VPWR,li1,118.2200,138.7200,1.799970
FILLER_46_229,VPWR,li1,113.6200,138.7200,1.799971
FILLER_46_217,VPWR,li1,108.1000,138.7200,1.799973
FILLER_46_209,VPWR,li1,102.5800,138.7200,1.799974
FILLER_46_197,VPWR,li1,98.9000,138.7200,1.799975
FILLER_46_194,VPWR,li1,95.2200,138.7200,1.799976
FILLER_46_186,VPWR,li1,92.9200,138.7200,1.799977
FILLER_46_173,VPWR,li1,85.7900,138.7200,1.799978
FILLER_46_161,VPWR,li1,82.3400,138.7200,1.799979
FILLER_46_149,VPWR,li1,76.8200,138.7200,1.799980
FILLER_46_145,VPWR,li1,72.4500,138.7200,1.799982
FILLER_46_141,VPWR,li1,71.3000,138.7200,1.799982
FILLER_46_136,VPWR,li1,69.0000,138.7200,1.799982
FILLER_46_124,VPWR,li1,63.9400,138.7200,1.799984
FILLER_46_112,VPWR,li1,59.8000,138.7200,1.799985
FILLER_46_97,VPWR,li1,50.6000,138.7200,1.799987
FILLER_46_85,VPWR,li1,47.3800,138.7200,1.799988
FILLER_46_74,VPWR,li1,40.2500,138.7200,1.799990
FILLER_46_62,VPWR,li1,36.8000,138.7200,1.799991
FILLER_46_54,VPWR,li1,30.5900,138.7200,1.799993
FILLER_46_48,VPWR,li1,28.9800,138.7200,1.799993
FILLER_46_29,VPWR,li1,19.5500,138.7200,1.799994
FILLER_46_16,VPWR,li1,15.6400,138.7200,1.799994
FILLER_46_7,VPWR,li1,9.2000,138.7200,1.799993
FILLER_45_401,VPWR,li1,190.4400,133.2800,1.799962
FILLER_45_393,VPWR,li1,188.1400,133.2800,1.799962
FILLER_45_386,VPWR,li1,184.4600,133.2800,1.799966
FILLER_45_374,VPWR,li1,180.3200,133.2800,1.799968
FILLER_45_362,VPWR,li1,172.7300,133.2800,1.799969
FILLER_45_337,VPWR,li1,163.3000,133.2800,1.799950
FILLER_45_328,VPWR,li1,158.2400,133.2800,1.799940
FILLER_45_316,VPWR,li1,153.6400,133.2800,1.799931
FILLER_45_305,VPWR,li1,146.2800,133.2800,1.799916
FILLER_45_293,VPWR,li1,143.0600,133.2800,1.799909
FILLER_45_281,VPWR,li1,137.5400,133.2800,1.799899
FILLER_45_274,VPWR,li1,132.9400,133.2800,1.799888
FILLER_45_262,VPWR,li1,128.8000,133.2800,1.799881
FILLER_45_245,VPWR,li1,118.4500,133.2800,1.799869
FILLER_45_233,VPWR,li1,115.4600,133.2800,1.799867
FILLER_45_223,VPWR,li1,108.3300,133.2800,1.799862
FILLER_45_215,VPWR,li1,106.2600,133.2800,1.799860
FILLER_45_203,VPWR,li1,101.6600,133.2800,1.799856
FILLER_45_191,VPWR,li1,96.1400,133.2800,1.799852
FILLER_45_177,VPWR,li1,87.4000,133.2800,1.799844
FILLER_45_169,VPWR,li1,85.1000,133.2800,1.799843
FILLER_45_164,VPWR,li1,81.8800,133.2800,1.799839
FILLER_45_152,VPWR,li1,78.2000,133.2800,1.799836
FILLER_45_148,VPWR,li1,73.8300,133.2800,1.799833
FILLER_45_143,VPWR,li1,71.5300,133.2800,1.799831
FILLER_45_131,VPWR,li1,68.5400,133.2800,1.799828
FILLER_45_119,VPWR,li1,63.0200,133.2800,1.799824
FILLER_45_111,VPWR,li1,56.8100,133.2800,1.799818
FILLER_45_83,VPWR,li1,46.4600,133.2800,1.799855
FILLER_45_78,VPWR,li1,41.8600,133.2800,1.799870
FILLER_45_70,VPWR,li1,39.5600,133.2800,1.799879
FILLER_45_52,VPWR,li1,29.6700,133.2800,1.799918
FILLER_45_44,VPWR,li1,27.6000,133.2800,1.799926
FILLER_45_26,VPWR,li1,17.9400,133.2800,1.799952
FILLER_45_18,VPWR,li1,15.6400,133.2800,1.799952
FILLER_45_6,VPWR,li1,11.0400,133.2800,1.799951
FILLER_44_370,VPWR,li1,178.4800,133.2800,1.799969
FILLER_44_352,VPWR,li1,170.2000,133.2800,1.799964
FILLER_44_341,VPWR,li1,164.2200,133.2800,1.799950
FILLER_44_333,VPWR,li1,159.6200,133.2800,1.799940
FILLER_44_321,VPWR,li1,155.9400,133.2800,1.799935
FILLER_44_309,VPWR,li1,150.4200,133.2800,1.799921
FILLER_44_296,VPWR,li1,144.4400,133.2800,1.799909
FILLER_44_284,VPWR,li1,138.9200,133.2800,1.799899
FILLER_44_262,VPWR,li1,127.4200,133.2800,1.799881
FILLER_44_250,VPWR,li1,120.9800,133.2800,1.799871
FILLER_44_239,VPWR,li1,116.8400,133.2800,1.799869
FILLER_44_217,VPWR,li1,106.2600,133.2800,1.799860
FILLER_44_197,VPWR,li1,96.3700,133.2800,1.799852
FILLER_44_184,VPWR,li1,92.9200,133.2800,1.799849
FILLER_44_171,VPWR,li1,86.0200,133.2800,1.799843
FILLER_44_159,VPWR,li1,81.4200,133.2800,1.799839
FILLER_44_141,VPWR,li1,71.3000,133.2800,1.799830
FILLER_44_139,VPWR,li1,69.6900,133.2800,1.799830
FILLER_44_131,VPWR,li1,67.6200,133.2800,1.799828
FILLER_44_119,VPWR,li1,63.0200,133.2800,1.799824
FILLER_44_93,VPWR,li1,49.6800,133.2800,1.799839
FILLER_44_83,VPWR,li1,43.9300,133.2800,1.799862
FILLER_44_73,VPWR,li1,40.4800,133.2800,1.799879
FILLER_44_61,VPWR,li1,36.3400,133.2800,1.799892
FILLER_44_57,VPWR,li1,31.9700,133.2800,1.799910
FILLER_44_45,VPWR,li1,28.9800,133.2800,1.799926
FILLER_44_29,VPWR,li1,20.7000,133.2800,1.799953
FILLER_44_25,VPWR,li1,17.7100,133.2800,1.799952
FILLER_44_17,VPWR,li1,15.1800,133.2800,1.799952
FILLER_44_7,VPWR,li1,9.2000,133.2800,1.799951
FILLER_43_405,VPWR,li1,192.2800,127.8400,1.799955
FILLER_43_393,VPWR,li1,187.2200,127.8400,1.799956
FILLER_43_391,VPWR,li1,185.6100,127.8400,1.799956
FILLER_43_385,VPWR,li1,184.0000,127.8400,1.799956
FILLER_43_373,VPWR,li1,179.8600,127.8400,1.799957
FILLER_43_361,VPWR,li1,174.3400,127.8400,1.799950
FILLER_43_337,VPWR,li1,161.2300,127.8400,1.799932
FILLER_43_325,VPWR,li1,155.4800,127.8400,1.799934
FILLER_43_313,VPWR,li1,152.2600,127.8400,1.799935
FILLER_43_301,VPWR,li1,146.7400,127.8400,1.799937
FILLER_43_289,VPWR,li1,141.2200,127.8400,1.799939
FILLER_43_279,VPWR,li1,134.0900,127.8400,1.799942
FILLER_43_273,VPWR,li1,132.4800,127.8400,1.799942
FILLER_43_261,VPWR,li1,128.3400,127.8400,1.799944
FILLER_43_249,VPWR,li1,122.8200,127.8400,1.799946
FILLER_43_237,VPWR,li1,117.3000,127.8400,1.799948
FILLER_43_225,VPWR,li1,111.7800,127.8400,1.799950
FILLER_43_222,VPWR,li1,108.1000,127.8400,1.799951
FILLER_43_210,VPWR,li1,104.8800,127.8400,1.799953
FILLER_43_201,VPWR,li1,98.2100,127.8400,1.799955
FILLER_43_197,VPWR,li1,97.0600,127.8400,1.799956
FILLER_43_185,VPWR,li1,93.3800,127.8400,1.799957
FILLER_43_169,VPWR,li1,84.6400,127.8400,1.799960
FILLER_43_162,VPWR,li1,81.4200,127.8400,1.799961
FILLER_43_145,VPWR,li1,72.9100,127.8400,1.799964
FILLER_43_133,VPWR,li1,69.4600,127.8400,1.799965
FILLER_43_124,VPWR,li1,63.9400,127.8400,1.799968
FILLER_43_113,VPWR,li1,58.1900,127.8400,1.799970
FILLER_43_105,VPWR,li1,54.5100,127.8400,1.799971
FILLER_43_97,VPWR,li1,51.9800,127.8400,1.799972
FILLER_43_69,VPWR,li1,37.4900,127.8400,1.799978
FILLER_43_57,VPWR,li1,34.5000,127.8400,1.799980
FILLER_43_55,VPWR,li1,31.0500,127.8400,1.799982
FILLER_43_49,VPWR,li1,29.4400,127.8400,1.799982
FILLER_43_29,VPWR,li1,19.3200,127.8400,1.799985
FILLER_43_21,VPWR,li1,17.0200,127.8400,1.799983
FILLER_43_3,VPWR,li1,7.3600,127.8400,1.799981
FILLER_42_402,VPWR,li1,190.6700,127.8400,1.799955
FILLER_42_390,VPWR,li1,187.6800,127.8400,1.799955
FILLER_42_317,VPWR,li1,152.2600,127.8400,1.799935
FILLER_42_285,VPWR,li1,136.8500,127.8400,1.799941
FILLER_42_277,VPWR,li1,134.7800,127.8400,1.799942
FILLER_42_265,VPWR,li1,130.1800,127.8400,1.799943
FILLER_42_253,VPWR,li1,124.6600,127.8400,1.799945
FILLER_42_249,VPWR,li1,120.7500,127.8400,1.799947
FILLER_42_241,VPWR,li1,116.6100,127.8400,1.799948
FILLER_42_233,VPWR,li1,114.5400,127.8400,1.799949
FILLER_42_221,VPWR,li1,109.9400,127.8400,1.799951
FILLER_42_209,VPWR,li1,104.4200,127.8400,1.799953
FILLER_42_197,VPWR,li1,98.9000,127.8400,1.799955
FILLER_42_195,VPWR,li1,95.4500,127.8400,1.799956
FILLER_42_183,VPWR,li1,92.4600,127.8400,1.799957
FILLER_42_173,VPWR,li1,85.5600,127.8400,1.799959
FILLER_42_165,VPWR,li1,83.2600,127.8400,1.799960
FILLER_42_153,VPWR,li1,78.6600,127.8400,1.799962
FILLER_42_141,VPWR,li1,73.1400,127.8400,1.799964
FILLER_42_138,VPWR,li1,69.4600,127.8400,1.799965
FILLER_42_122,VPWR,li1,62.3300,127.8400,1.799968
FILLER_42_114,VPWR,li1,59.8000,127.8400,1.799969
FILLER_42_102,VPWR,li1,55.2000,127.8400,1.799971
FILLER_42_90,VPWR,li1,49.6800,127.8400,1.799973
FILLER_42_83,VPWR,li1,43.9300,127.8400,1.799975
FILLER_42_77,VPWR,li1,42.3200,127.8400,1.799975
FILLER_42_69,VPWR,li1,37.4900,127.8400,1.799978
FILLER_42_65,VPWR,li1,36.3400,127.8400,1.799978
FILLER_42_57,VPWR,li1,31.9700,127.8400,1.799981
FILLER_42_53,VPWR,li1,30.8200,127.8400,1.799982
FILLER_42_41,VPWR,li1,27.1400,127.8400,1.799984
FILLER_42_29,VPWR,li1,21.6200,127.8400,1.799987
FILLER_42_26,VPWR,li1,17.9400,127.8400,1.799985
FILLER_42_18,VPWR,li1,15.6400,127.8400,1.799983
FILLER_42_9,VPWR,li1,9.8900,127.8400,1.799981
FILLER_42_3,VPWR,li1,8.2800,127.8400,1.799981
FILLER_41_393,VPWR,li1,186.7600,122.4000,1.799943
FILLER_41_380,VPWR,li1,183.0800,122.4000,1.799945
FILLER_41_372,VPWR,li1,177.3300,122.4000,1.799950
FILLER_41_360,VPWR,li1,173.8800,122.4000,1.799943
FILLER_41_337,VPWR,li1,161.2300,122.4000,1.799919
FILLER_41_330,VPWR,li1,158.7000,122.4000,1.799920
FILLER_41_316,VPWR,li1,151.1100,122.4000,1.799924
FILLER_41_304,VPWR,li1,148.1200,122.4000,1.799926
FILLER_41_293,VPWR,li1,140.5300,122.4000,1.799930
FILLER_41_289,VPWR,li1,139.3800,122.4000,1.799930
FILLER_41_279,VPWR,li1,134.0900,122.4000,1.799932
FILLER_41_271,VPWR,li1,132.0200,122.4000,1.799934
FILLER_41_259,VPWR,li1,127.4200,122.4000,1.799936
FILLER_41_247,VPWR,li1,121.9000,122.4000,1.799939
FILLER_41_241,VPWR,li1,116.6100,122.4000,1.799941
FILLER_41_237,VPWR,li1,115.4600,122.4000,1.799942
FILLER_41_225,VPWR,li1,111.7800,122.4000,1.799944
FILLER_41_221,VPWR,li1,107.8700,122.4000,1.799946
FILLER_41_213,VPWR,li1,105.3400,122.4000,1.799947
FILLER_41_201,VPWR,li1,98.4400,122.4000,1.799951
FILLER_41_189,VPWR,li1,95.2200,122.4000,1.799952
FILLER_41_177,VPWR,li1,87.6300,122.4000,1.799956
FILLER_41_169,VPWR,li1,85.1000,122.4000,1.799957
FILLER_41_167,VPWR,li1,82.5700,122.4000,1.799959
FILLER_41_163,VPWR,li1,81.4200,122.4000,1.799959
FILLER_41_151,VPWR,li1,75.4400,122.4000,1.799962
FILLER_41_143,VPWR,li1,73.1400,122.4000,1.799963
FILLER_41_131,VPWR,li1,68.5400,122.4000,1.799965
FILLER_41_119,VPWR,li1,63.0200,122.4000,1.799968
FILLER_41_105,VPWR,li1,54.5100,122.4000,1.799972
FILLER_41_93,VPWR,li1,51.0600,122.4000,1.799974
FILLER_41_81,VPWR,li1,45.5400,122.4000,1.799977
FILLER_41_69,VPWR,li1,40.0200,122.4000,1.799979
FILLER_41_54,VPWR,li1,30.8200,122.4000,1.799984
FILLER_41_46,VPWR,li1,28.5200,122.4000,1.799985
FILLER_41_28,VPWR,li1,19.0900,122.4000,1.799988
FILLER_41_20,VPWR,li1,16.5600,122.4000,1.799987
FILLER_41_11,VPWR,li1,10.8100,122.4000,1.799984
FILLER_41_3,VPWR,li1,8.7400,122.4000,1.799984
FILLER_40_404,VPWR,li1,192.0500,122.4000,1.799942
FILLER_40_384,VPWR,li1,183.0800,122.4000,1.799945
FILLER_40_373,VPWR,li1,177.7900,122.4000,1.799950
FILLER_40_365,VPWR,li1,175.2600,122.4000,1.799952
FILLER_40_352,VPWR,li1,170.2000,122.4000,1.799931
FILLER_40_340,VPWR,li1,164.6800,122.4000,1.799917
FILLER_40_328,VPWR,li1,159.1600,122.4000,1.799920
FILLER_40_324,VPWR,li1,154.7900,122.4000,1.799922
FILLER_40_309,VPWR,li1,149.0400,122.4000,1.799925
FILLER_40_307,VPWR,li1,146.9700,122.4000,1.799926
FILLER_40_299,VPWR,li1,144.9000,122.4000,1.799927
FILLER_40_287,VPWR,li1,140.3000,122.4000,1.799930
FILLER_40_253,VPWR,li1,123.2800,122.4000,1.799938
FILLER_40_250,VPWR,li1,120.9800,122.4000,1.799939
FILLER_40_234,VPWR,li1,114.0800,122.4000,1.799942
FILLER_40_226,VPWR,li1,109.7100,122.4000,1.799945
FILLER_40_218,VPWR,li1,107.6400,122.4000,1.799946
FILLER_40_205,VPWR,li1,100.5100,122.4000,1.799950
FILLER_40_197,VPWR,li1,97.9800,122.4000,1.799951
FILLER_40_193,VPWR,li1,94.9900,122.4000,1.799952
FILLER_40_185,VPWR,li1,92.4600,122.4000,1.799954
FILLER_40_173,VPWR,li1,87.8600,122.4000,1.799956
FILLER_40_161,VPWR,li1,82.3400,122.4000,1.799959
FILLER_40_141,VPWR,li1,73.1400,122.4000,1.799963
FILLER_40_137,VPWR,li1,69.2300,122.4000,1.799965
FILLER_40_125,VPWR,li1,65.7800,122.4000,1.799967
FILLER_40_113,VPWR,li1,60.2600,122.4000,1.799969
FILLER_40_101,VPWR,li1,54.7400,122.4000,1.799972
FILLER_40_89,VPWR,li1,49.2200,122.4000,1.799975
FILLER_40_74,VPWR,li1,40.4800,122.4000,1.799979
FILLER_40_62,VPWR,li1,36.8000,122.4000,1.799981
FILLER_40_50,VPWR,li1,31.2800,122.4000,1.799984
FILLER_40_38,VPWR,li1,25.7600,122.4000,1.799987
FILLER_40_29,VPWR,li1,19.3200,122.4000,1.799988
FILLER_40_24,VPWR,li1,17.4800,122.4000,1.799987
FILLER_40_3,VPWR,li1,7.3600,122.4000,1.799984
FILLER_39_405,VPWR,li1,192.2800,116.9600,1.799982
FILLER_39_393,VPWR,li1,189.0600,116.9600,1.799982
FILLER_39_386,VPWR,li1,184.4600,116.9600,1.799982
FILLER_39_357,VPWR,li1,170.6600,116.9600,1.799981
FILLER_39_345,VPWR,li1,166.9800,116.9600,1.799977
FILLER_39_335,VPWR,li1,159.8500,116.9600,1.799975
FILLER_39_302,VPWR,li1,145.3600,116.9600,1.799970
FILLER_39_279,VPWR,li1,134.0900,116.9600,1.799969
FILLER_39_273,VPWR,li1,132.4800,116.9600,1.799969
FILLER_39_265,VPWR,li1,127.6500,116.9600,1.799971
FILLER_39_259,VPWR,li1,126.0400,116.9600,1.799971
FILLER_39_247,VPWR,li1,121.9000,116.9600,1.799972
FILLER_39_241,VPWR,li1,116.6100,116.9600,1.799973
FILLER_39_237,VPWR,li1,115.4600,116.9600,1.799973
FILLER_39_225,VPWR,li1,111.7800,116.9600,1.799974
FILLER_39_216,VPWR,li1,106.7200,116.9600,1.799976
FILLER_39_204,VPWR,li1,102.1200,116.9600,1.799977
FILLER_39_192,VPWR,li1,96.6000,116.9600,1.799978
FILLER_39_169,VPWR,li1,83.7200,116.9600,1.799982
FILLER_39_165,VPWR,li1,82.1100,116.9600,1.799982
FILLER_39_153,VPWR,li1,78.6600,116.9600,1.799983
FILLER_39_144,VPWR,li1,72.2200,116.9600,1.799984
FILLER_39_136,VPWR,li1,69.9200,116.9600,1.799985
FILLER_39_118,VPWR,li1,61.6400,116.9600,1.799987
FILLER_39_99,VPWR,li1,51.7500,116.9600,1.799989
FILLER_39_91,VPWR,li1,49.2200,116.9600,1.799990
FILLER_39_75,VPWR,li1,40.2500,116.9600,1.799993
FILLER_39_69,VPWR,li1,38.6400,116.9600,1.799993
FILLER_39_57,VPWR,li1,34.5000,116.9600,1.799994
FILLER_39_53,VPWR,li1,30.5900,116.9600,1.799995
FILLER_39_45,VPWR,li1,28.0600,116.9600,1.799996
FILLER_39_33,VPWR,li1,23.4600,116.9600,1.799997
FILLER_39_21,VPWR,li1,17.9400,116.9600,1.799997
FILLER_39_7,VPWR,li1,10.1200,116.9600,1.799997
FILLER_38_379,VPWR,li1,180.5500,116.9600,1.799982
FILLER_38_371,VPWR,li1,178.0200,116.9600,1.799982
FILLER_38_365,VPWR,li1,173.6500,116.9600,1.799983
FILLER_38_361,VPWR,li1,172.2700,116.9600,1.799981
FILLER_38_336,VPWR,li1,160.3100,116.9600,1.799975
FILLER_38_332,VPWR,li1,159.1600,116.9600,1.799975
FILLER_38_309,VPWR,li1,149.5000,116.9600,1.799972
FILLER_38_305,VPWR,li1,146.5100,116.9600,1.799970
FILLER_38_293,VPWR,li1,143.0600,116.9600,1.799969
FILLER_38_281,VPWR,li1,137.5400,116.9600,1.799968
FILLER_38_269,VPWR,li1,132.0200,116.9600,1.799969
FILLER_38_261,VPWR,li1,126.0400,116.9600,1.799971
FILLER_38_253,VPWR,li1,123.7400,116.9600,1.799971
FILLER_38_251,VPWR,li1,121.2100,116.9600,1.799972
FILLER_38_243,VPWR,li1,119.1400,116.9600,1.799972
FILLER_38_231,VPWR,li1,114.5400,116.9600,1.799973
FILLER_38_219,VPWR,li1,109.0200,116.9600,1.799975
FILLER_38_211,VPWR,li1,103.2700,116.9600,1.799977
FILLER_38_197,VPWR,li1,97.0600,116.9600,1.799978
FILLER_38_195,VPWR,li1,95.4500,116.9600,1.799978
FILLER_38_189,VPWR,li1,93.8400,116.9600,1.799979
FILLER_38_177,VPWR,li1,89.7000,116.9600,1.799980
FILLER_38_165,VPWR,li1,84.1800,116.9600,1.799981
FILLER_38_153,VPWR,li1,78.6600,116.9600,1.799983
FILLER_38_141,VPWR,li1,73.1400,116.9600,1.799984
FILLER_38_139,VPWR,li1,69.6900,116.9600,1.799985
FILLER_38_133,VPWR,li1,68.0800,116.9600,1.799985
FILLER_38_121,VPWR,li1,63.9400,116.9600,1.799986
FILLER_38_109,VPWR,li1,58.4200,116.9600,1.799988
FILLER_38_97,VPWR,li1,52.9000,116.9600,1.799989
FILLER_38_85,VPWR,li1,47.3800,116.9600,1.799991
FILLER_38_83,VPWR,li1,43.9300,116.9600,1.799991
FILLER_38_79,VPWR,li1,42.7800,116.9600,1.799992
FILLER_38_67,VPWR,li1,39.1000,116.9600,1.799993
FILLER_38_50,VPWR,li1,28.9800,116.9600,1.799995
FILLER_38_41,VPWR,li1,24.8400,116.9600,1.799997
FILLER_38_29,VPWR,li1,21.6200,116.9600,1.799997
FILLER_38_16,VPWR,li1,15.6400,116.9600,1.799997
FILLER_38_7,VPWR,li1,8.9700,116.9600,1.799997
FILLER_38_3,VPWR,li1,7.8200,116.9600,1.799997
FILLER_37_405,VPWR,li1,192.2800,111.5200,1.799911
FILLER_37_389,VPWR,li1,185.1500,111.5200,1.799912
FILLER_37_381,VPWR,li1,182.6200,111.5200,1.799913
FILLER_37_369,VPWR,li1,178.0200,111.5200,1.799914
FILLER_37_357,VPWR,li1,172.5000,111.5200,1.799881
FILLER_37_335,VPWR,li1,159.8500,111.5200,1.799807
FILLER_37_329,VPWR,li1,158.2400,111.5200,1.799807
FILLER_37_317,VPWR,li1,154.1000,111.5200,1.799793
FILLER_37_305,VPWR,li1,148.5800,111.5200,1.799767
FILLER_37_293,VPWR,li1,143.0600,111.5200,1.799754
FILLER_37_281,VPWR,li1,137.5400,111.5200,1.799732
FILLER_37_278,VPWR,li1,133.8600,111.5200,1.799721
FILLER_37_270,VPWR,li1,131.5600,111.5200,1.799713
FILLER_37_262,VPWR,li1,126.5000,111.5200,1.799695
FILLER_37_250,VPWR,li1,123.2800,111.5200,1.799678
FILLER_37_225,VPWR,li1,111.7800,111.5200,1.799642
FILLER_37_219,VPWR,li1,106.7200,111.5200,1.799626
FILLER_37_207,VPWR,li1,103.5000,111.5200,1.799614
FILLER_37_197,VPWR,li1,96.8300,111.5200,1.799648
FILLER_37_189,VPWR,li1,94.3000,111.5200,1.799656
FILLER_37_177,VPWR,li1,89.7000,111.5200,1.799677
FILLER_37_159,VPWR,li1,79.3500,111.5200,1.799720
FILLER_37_136,VPWR,li1,68.5400,111.5200,1.799762
FILLER_37_128,VPWR,li1,66.2400,111.5200,1.799774
FILLER_37_116,VPWR,li1,61.6400,111.5200,1.799789
FILLER_37_83,VPWR,li1,46.4600,111.5200,1.799856
FILLER_37_79,VPWR,li1,42.0900,111.5200,1.799872
FILLER_37_75,VPWR,li1,40.9400,111.5200,1.799872
FILLER_37_63,VPWR,li1,37.2600,111.5200,1.799888
FILLER_37_57,VPWR,li1,32.4300,111.5200,1.799907
FILLER_37_50,VPWR,li1,29.9000,111.5200,1.799918
FILLER_37_41,VPWR,li1,24.8400,111.5200,1.799939
FILLER_37_33,VPWR,li1,22.5400,111.5200,1.799952
FILLER_37_18,VPWR,li1,14.0300,111.5200,1.799947
FILLER_37_9,VPWR,li1,9.8900,111.5200,1.799945
FILLER_37_3,VPWR,li1,8.2800,111.5200,1.799945
FILLER_36_397,VPWR,li1,189.5200,111.5200,1.799911
FILLER_36_385,VPWR,li1,185.3800,111.5200,1.799912
FILLER_36_373,VPWR,li1,179.8600,111.5200,1.799914
FILLER_36_363,VPWR,li1,172.7300,111.5200,1.799881
FILLER_36_357,VPWR,li1,171.1200,111.5200,1.799881
FILLER_36_345,VPWR,li1,166.9800,111.5200,1.799847
FILLER_36_333,VPWR,li1,161.4600,111.5200,1.799814
FILLER_36_321,VPWR,li1,155.9400,111.5200,1.799799
FILLER_36_309,VPWR,li1,150.4200,111.5200,1.799780
FILLER_36_307,VPWR,li1,146.9700,111.5200,1.799767
FILLER_36_299,VPWR,li1,144.9000,111.5200,1.799760
FILLER_36_287,VPWR,li1,140.3000,111.5200,1.799744
FILLER_36_280,VPWR,li1,135.2400,111.5200,1.799721
FILLER_36_265,VPWR,li1,127.6500,111.5200,1.799695
FILLER_36_253,VPWR,li1,124.6600,111.5200,1.799689
FILLER_36_240,VPWR,li1,118.6800,111.5200,1.799668
FILLER_36_197,VPWR,li1,97.0600,111.5200,1.799648
FILLER_36_195,VPWR,li1,95.4500,111.5200,1.799648
FILLER_36_187,VPWR,li1,93.3800,111.5200,1.799656
FILLER_36_174,VPWR,li1,86.2500,111.5200,1.799686
FILLER_36_166,VPWR,li1,83.7200,111.5200,1.799696
FILLER_36_154,VPWR,li1,79.1200,111.5200,1.799720
FILLER_36_149,VPWR,li1,74.5200,111.5200,1.799734
FILLER_36_141,VPWR,li1,72.2200,111.5200,1.799743
FILLER_36_139,VPWR,li1,69.6900,111.5200,1.799754
FILLER_36_131,VPWR,li1,67.6200,111.5200,1.799762
FILLER_36_120,VPWR,li1,61.1800,111.5200,1.799789
FILLER_36_116,VPWR,li1,59.1100,111.5200,1.799797
FILLER_36_108,VPWR,li1,57.0400,111.5200,1.799813
FILLER_36_96,VPWR,li1,52.4400,111.5200,1.799829
FILLER_36_85,VPWR,li1,44.8500,111.5200,1.799856
FILLER_36_66,VPWR,li1,37.7200,111.5200,1.799888
FILLER_36_54,VPWR,li1,33.1200,111.5200,1.799907
FILLER_36_41,VPWR,li1,25.0700,111.5200,1.799939
FILLER_36_29,VPWR,li1,21.6200,111.5200,1.799952
FILLER_36_27,VPWR,li1,18.1700,111.5200,1.799950
FILLER_36_19,VPWR,li1,16.1000,111.5200,1.799948
FILLER_35_406,VPWR,li1,192.5100,106.0800,1.799975
FILLER_35_402,VPWR,li1,191.3600,106.0800,1.799975
FILLER_35_393,VPWR,li1,186.5300,106.0800,1.799977
FILLER_35_389,VPWR,li1,185.1500,106.0800,1.799977
FILLER_35_378,VPWR,li1,179.8600,106.0800,1.799981
FILLER_35_372,VPWR,li1,176.8700,106.0800,1.799983
FILLER_35_354,VPWR,li1,168.8200,106.0800,1.799979
FILLER_35_344,VPWR,li1,163.9900,106.0800,1.799977
FILLER_35_281,VPWR,li1,135.2400,106.0800,1.799970
FILLER_35_279,VPWR,li1,134.0900,106.0800,1.799971
FILLER_35_273,VPWR,li1,132.4800,106.0800,1.799971
FILLER_35_261,VPWR,li1,128.3400,106.0800,1.799972
FILLER_35_249,VPWR,li1,122.8200,106.0800,1.799973
FILLER_35_237,VPWR,li1,117.3000,106.0800,1.799974
FILLER_35_225,VPWR,li1,111.7800,106.0800,1.799975
FILLER_35_211,VPWR,li1,103.9600,106.0800,1.799976
FILLER_35_205,VPWR,li1,100.2800,106.0800,1.799977
FILLER_35_193,VPWR,li1,96.1400,106.0800,1.799977
FILLER_35_181,VPWR,li1,91.5400,106.0800,1.799978
FILLER_35_169,VPWR,li1,86.0200,106.0800,1.799979
FILLER_35_167,VPWR,li1,82.5700,106.0800,1.799980
FILLER_35_159,VPWR,li1,80.5000,106.0800,1.799980
FILLER_35_147,VPWR,li1,75.9000,106.0800,1.799981
FILLER_35_135,VPWR,li1,70.3800,106.0800,1.799982
FILLER_35_123,VPWR,li1,64.8600,106.0800,1.799983
FILLER_35_113,VPWR,li1,58.4200,106.0800,1.799984
FILLER_35_111,VPWR,li1,56.8100,106.0800,1.799984
FILLER_35_92,VPWR,li1,48.3000,106.0800,1.799986
FILLER_35_80,VPWR,li1,45.0800,106.0800,1.799987
FILLER_35_69,VPWR,li1,38.1800,106.0800,1.799988
FILLER_35_57,VPWR,li1,34.5000,106.0800,1.799989
FILLER_35_55,VPWR,li1,31.0500,106.0800,1.799989
FILLER_35_51,VPWR,li1,29.9000,106.0800,1.799989
FILLER_35_39,VPWR,li1,26.2200,106.0800,1.799990
FILLER_35_27,VPWR,li1,20.7000,106.0800,1.799991
FILLER_35_15,VPWR,li1,15.1800,106.0800,1.799988
FILLER_35_3,VPWR,li1,9.6600,106.0800,1.799988
FILLER_34_403,VPWR,li1,191.8200,106.0800,1.799975
FILLER_34_385,VPWR,li1,183.0800,106.0800,1.799978
FILLER_34_377,VPWR,li1,180.7800,106.0800,1.799980
FILLER_34_365,VPWR,li1,176.1800,106.0800,1.799983
FILLER_34_363,VPWR,li1,172.7300,106.0800,1.799981
FILLER_34_351,VPWR,li1,169.7400,106.0800,1.799979
FILLER_34_338,VPWR,li1,161.2300,106.0800,1.799976
FILLER_34_322,VPWR,li1,153.8700,106.0800,1.799973
FILLER_34_317,VPWR,li1,151.8000,106.0800,1.799972
FILLER_34_309,VPWR,li1,149.5000,106.0800,1.799971
FILLER_34_307,VPWR,li1,146.9700,106.0800,1.799970
FILLER_34_301,VPWR,li1,145.3600,106.0800,1.799970
FILLER_34_289,VPWR,li1,141.2200,106.0800,1.799969
FILLER_34_277,VPWR,li1,135.7000,106.0800,1.799970
FILLER_34_265,VPWR,li1,130.1800,106.0800,1.799971
FILLER_34_253,VPWR,li1,124.6600,106.0800,1.799972
FILLER_34_250,VPWR,li1,120.9800,106.0800,1.799973
FILLER_34_233,VPWR,li1,114.0800,106.0800,1.799974
FILLER_34_221,VPWR,li1,109.9400,106.0800,1.799975
FILLER_34_209,VPWR,li1,104.4200,106.0800,1.799976
FILLER_34_197,VPWR,li1,98.9000,106.0800,1.799977
FILLER_34_184,VPWR,li1,92.9200,106.0800,1.799978
FILLER_34_173,VPWR,li1,85.7900,106.0800,1.799979
FILLER_34_165,VPWR,li1,83.2600,106.0800,1.799980
FILLER_34_153,VPWR,li1,78.6600,106.0800,1.799981
FILLER_34_141,VPWR,li1,73.1400,106.0800,1.799982
FILLER_34_128,VPWR,li1,67.1600,106.0800,1.799983
FILLER_34_116,VPWR,li1,61.6400,106.0800,1.799984
FILLER_34_104,VPWR,li1,56.1200,106.0800,1.799985
FILLER_34_92,VPWR,li1,50.6000,106.0800,1.799986
FILLER_34_83,VPWR,li1,43.9300,106.0800,1.799987
FILLER_34_77,VPWR,li1,42.3200,106.0800,1.799987
FILLER_34_65,VPWR,li1,38.1800,106.0800,1.799988
FILLER_34_53,VPWR,li1,32.6600,106.0800,1.799989
FILLER_34_41,VPWR,li1,27.1400,106.0800,1.799990
FILLER_34_27,VPWR,li1,18.1700,106.0800,1.799990
FILLER_34_3,VPWR,li1,8.7400,106.0800,1.799988
FILLER_33_405,VPWR,li1,192.2800,100.6400,1.799979
FILLER_33_393,VPWR,li1,187.2200,100.6400,1.799981
FILLER_33_391,VPWR,li1,185.6100,100.6400,1.799981
FILLER_33_378,VPWR,li1,180.3200,100.6400,1.799985
FILLER_33_361,VPWR,li1,174.3400,100.6400,1.799987
FILLER_33_349,VPWR,li1,168.8200,100.6400,1.799985
FILLER_33_337,VPWR,li1,163.3000,100.6400,1.799986
FILLER_33_334,VPWR,li1,159.6200,100.6400,1.799986
FILLER_33_317,VPWR,li1,154.1000,100.6400,1.799986
FILLER_33_305,VPWR,li1,148.5800,100.6400,1.799987
FILLER_33_293,VPWR,li1,143.0600,100.6400,1.799987
FILLER_33_281,VPWR,li1,137.5400,100.6400,1.799988
FILLER_33_277,VPWR,li1,133.6300,100.6400,1.799988
FILLER_33_267,VPWR,li1,129.0300,100.6400,1.799989
FILLER_33_253,VPWR,li1,122.1300,100.6400,1.799989
FILLER_33_247,VPWR,li1,120.5200,100.6400,1.799989
FILLER_33_237,VPWR,li1,115.0000,100.6400,1.799990
FILLER_33_225,VPWR,li1,111.7800,100.6400,1.799990
FILLER_33_221,VPWR,li1,107.8700,100.6400,1.799991
FILLER_33_208,VPWR,li1,101.4300,100.6400,1.799991
FILLER_33_196,VPWR,li1,98.4400,100.6400,1.799991
FILLER_33_185,VPWR,li1,90.8500,100.6400,1.799992
FILLER_33_181,VPWR,li1,89.7000,100.6400,1.799992
FILLER_33_169,VPWR,li1,86.0200,100.6400,1.799993
FILLER_33_157,VPWR,li1,77.9700,100.6400,1.799993
FILLER_33_153,VPWR,li1,76.8200,100.6400,1.799993
FILLER_33_145,VPWR,li1,72.4500,100.6400,1.799994
FILLER_33_128,VPWR,li1,65.0900,100.6400,1.799995
FILLER_33_117,VPWR,li1,59.5700,100.6400,1.799995
FILLER_33_113,VPWR,li1,58.4200,100.6400,1.799995
FILLER_33_104,VPWR,li1,55.2000,100.6400,1.799995
FILLER_33_92,VPWR,li1,50.6000,100.6400,1.799996
FILLER_33_73,VPWR,li1,41.8600,100.6400,1.799997
FILLER_33_45,VPWR,li1,27.1400,100.6400,1.799998
FILLER_33_32,VPWR,li1,20.7000,100.6400,1.799999
FILLER_33_15,VPWR,li1,13.8000,100.6400,1.799998
FILLER_33_3,VPWR,li1,9.6600,100.6400,1.799998
FILLER_32_406,VPWR,li1,192.5100,100.6400,1.799979
FILLER_32_389,VPWR,li1,184.6900,100.6400,1.799983
FILLER_32_385,VPWR,li1,183.5400,100.6400,1.799983
FILLER_32_373,VPWR,li1,179.8600,100.6400,1.799986
FILLER_32_345,VPWR,li1,164.9100,100.6400,1.799986
FILLER_32_328,VPWR,li1,157.3200,100.6400,1.799986
FILLER_32_321,VPWR,li1,153.4100,100.6400,1.799987
FILLER_32_317,VPWR,li1,152.2600,100.6400,1.799987
FILLER_32_304,VPWR,li1,146.2800,100.6400,1.799987
FILLER_32_280,VPWR,li1,135.2400,100.6400,1.799988
FILLER_32_274,VPWR,li1,132.2500,100.6400,1.799988
FILLER_32_266,VPWR,li1,129.7200,100.6400,1.799989
FILLER_32_253,VPWR,li1,123.2800,100.6400,1.799989
FILLER_32_250,VPWR,li1,120.9800,100.6400,1.799989
FILLER_32_242,VPWR,li1,118.6800,100.6400,1.799990
FILLER_32_231,VPWR,li1,112.0100,100.6400,1.799990
FILLER_32_223,VPWR,li1,109.9400,100.6400,1.799990
FILLER_32_213,VPWR,li1,103.7300,100.6400,1.799991
FILLER_32_205,VPWR,li1,100.0500,100.6400,1.799991
FILLER_32_197,VPWR,li1,97.9800,100.6400,1.799991
FILLER_32_193,VPWR,li1,94.9900,100.6400,1.799992
FILLER_32_185,VPWR,li1,92.4600,100.6400,1.799992
FILLER_32_167,VPWR,li1,83.2600,100.6400,1.799993
FILLER_32_155,VPWR,li1,79.5800,100.6400,1.799993
FILLER_32_141,VPWR,li1,72.2200,100.6400,1.799994
FILLER_32_136,VPWR,li1,69.0000,100.6400,1.799994
FILLER_32_124,VPWR,li1,65.3200,100.6400,1.799994
FILLER_32_112,VPWR,li1,59.8000,100.6400,1.799995
FILLER_32_105,VPWR,li1,54.5100,100.6400,1.799995
FILLER_32_97,VPWR,li1,51.9800,100.6400,1.799996
FILLER_32_85,VPWR,li1,47.3800,100.6400,1.799996
FILLER_32_82,VPWR,li1,43.7000,100.6400,1.799996
FILLER_32_74,VPWR,li1,41.4000,100.6400,1.799997
FILLER_32_62,VPWR,li1,36.8000,100.6400,1.799997
FILLER_32_53,VPWR,li1,30.8200,100.6400,1.799998
FILLER_32_41,VPWR,li1,27.1400,100.6400,1.799998
FILLER_32_29,VPWR,li1,21.6200,100.6400,1.799999
FILLER_32_27,VPWR,li1,18.1700,100.6400,1.799998
FILLER_32_21,VPWR,li1,16.5600,100.6400,1.799998
FILLER_32_11,VPWR,li1,11.0400,100.6400,1.799998
FILLER_32_3,VPWR,li1,8.7400,100.6400,1.799998
FILLER_31_404,VPWR,li1,192.0500,95.2000,1.799979
FILLER_31_393,VPWR,li1,186.9900,95.2000,1.799980
FILLER_31_391,VPWR,li1,185.6100,95.2000,1.799980
FILLER_31_378,VPWR,li1,180.3200,95.2000,1.799984
FILLER_31_367,VPWR,li1,175.7200,95.2000,1.799988
FILLER_31_355,VPWR,li1,171.5800,95.2000,1.799987
FILLER_31_345,VPWR,li1,164.6800,95.2000,1.799984
FILLER_31_337,VPWR,li1,162.3800,95.2000,1.799983
FILLER_31_335,VPWR,li1,159.8500,95.2000,1.799981
FILLER_31_329,VPWR,li1,158.2400,95.2000,1.799981
FILLER_31_317,VPWR,li1,154.1000,95.2000,1.799979
FILLER_31_298,VPWR,li1,143.2900,95.2000,1.799976
FILLER_31_289,VPWR,li1,138.6900,95.2000,1.799977
FILLER_31_281,VPWR,li1,136.6200,95.2000,1.799977
FILLER_31_274,VPWR,li1,132.9400,95.2000,1.799977
FILLER_31_262,VPWR,li1,128.8000,95.2000,1.799978
FILLER_31_250,VPWR,li1,123.2800,95.2000,1.799979
FILLER_31_238,VPWR,li1,117.7600,95.2000,1.799979
FILLER_31_225,VPWR,li1,110.4000,95.2000,1.799980
FILLER_31_222,VPWR,li1,108.1000,95.2000,1.799980
FILLER_31_214,VPWR,li1,105.8000,95.2000,1.799981
FILLER_31_205,VPWR,li1,100.5100,95.2000,1.799981
FILLER_31_193,VPWR,li1,97.0600,95.2000,1.799982
FILLER_31_181,VPWR,li1,91.5400,95.2000,1.799982
FILLER_31_169,VPWR,li1,86.0200,95.2000,1.799983
FILLER_31_162,VPWR,li1,81.4200,95.2000,1.799984
FILLER_31_150,VPWR,li1,77.2800,95.2000,1.799984
FILLER_31_138,VPWR,li1,71.7600,95.2000,1.799985
FILLER_31_126,VPWR,li1,66.2400,95.2000,1.799986
FILLER_31_97,VPWR,li1,51.0600,95.2000,1.799987
FILLER_31_77,VPWR,li1,41.6300,95.2000,1.799989
FILLER_31_69,VPWR,li1,39.1000,95.2000,1.799989
FILLER_31_57,VPWR,li1,34.5000,95.2000,1.799990
FILLER_31_54,VPWR,li1,30.8200,95.2000,1.799990
FILLER_31_46,VPWR,li1,28.5200,95.2000,1.799990
FILLER_31_34,VPWR,li1,23.9200,95.2000,1.799991
FILLER_30_404,VPWR,li1,192.0500,95.2000,1.799979
FILLER_30_386,VPWR,li1,183.5400,95.2000,1.799982
FILLER_30_378,VPWR,li1,181.2400,95.2000,1.799984
FILLER_30_369,VPWR,li1,175.4900,95.2000,1.799988
FILLER_30_365,VPWR,li1,174.3400,95.2000,1.799988
FILLER_30_362,VPWR,li1,172.5000,95.2000,1.799987
FILLER_30_350,VPWR,li1,169.2800,95.2000,1.799986
FILLER_30_344,VPWR,li1,163.9900,95.2000,1.799983
FILLER_30_332,VPWR,li1,161.0000,95.2000,1.799982
FILLER_30_317,VPWR,li1,151.8000,95.2000,1.799978
FILLER_30_309,VPWR,li1,149.5000,95.2000,1.799977
FILLER_30_306,VPWR,li1,146.7400,95.2000,1.799976
FILLER_30_294,VPWR,li1,143.5200,95.2000,1.799976
FILLER_30_282,VPWR,li1,138.0000,95.2000,1.799977
FILLER_30_270,VPWR,li1,132.4800,95.2000,1.799977
FILLER_30_258,VPWR,li1,126.9600,95.2000,1.799978
FILLER_30_253,VPWR,li1,122.3600,95.2000,1.799979
FILLER_30_251,VPWR,li1,121.2100,95.2000,1.799979
FILLER_30_245,VPWR,li1,119.6000,95.2000,1.799979
FILLER_30_233,VPWR,li1,115.4600,95.2000,1.799979
FILLER_30_221,VPWR,li1,109.9400,95.2000,1.799980
FILLER_30_209,VPWR,li1,104.4200,95.2000,1.799981
FILLER_30_197,VPWR,li1,98.9000,95.2000,1.799981
FILLER_30_194,VPWR,li1,95.2200,95.2000,1.799982
FILLER_30_186,VPWR,li1,92.9200,95.2000,1.799982
FILLER_30_174,VPWR,li1,88.3200,95.2000,1.799983
FILLER_30_163,VPWR,li1,82.3400,95.2000,1.799984
FILLER_30_155,VPWR,li1,77.0500,95.2000,1.799984
FILLER_30_149,VPWR,li1,75.4400,95.2000,1.799984
FILLER_30_139,VPWR,li1,69.6900,95.2000,1.799985
FILLER_30_126,VPWR,li1,64.1700,95.2000,1.799986
FILLER_30_118,VPWR,li1,61.6400,95.2000,1.799986
FILLER_30_112,VPWR,li1,57.2700,95.2000,1.799987
FILLER_30_106,VPWR,li1,55.6600,95.2000,1.799987
FILLER_30_93,VPWR,li1,48.9900,95.2000,1.799988
FILLER_30_85,VPWR,li1,46.4600,95.2000,1.799988
FILLER_30_83,VPWR,li1,43.9300,95.2000,1.799988
FILLER_30_75,VPWR,li1,41.8600,95.2000,1.799989
FILLER_30_63,VPWR,li1,37.2600,95.2000,1.799989
FILLER_30_55,VPWR,li1,31.5100,95.2000,1.799990
FILLER_30_37,VPWR,li1,23.0000,95.2000,1.799991
FILLER_30_29,VPWR,li1,20.7000,95.2000,1.799991
FILLER_30_27,VPWR,li1,18.1700,95.2000,1.799989
FILLER_30_19,VPWR,li1,16.1000,95.2000,1.799988
FILLER_30_7,VPWR,li1,11.5000,95.2000,1.799984
FILLER_29_393,VPWR,li1,186.7600,89.7600,1.799986
FILLER_29_380,VPWR,li1,183.0800,89.7600,1.799987
FILLER_29_349,VPWR,li1,167.4400,89.7600,1.799989
FILLER_29_337,VPWR,li1,163.3000,89.7600,1.799989
FILLER_29_335,VPWR,li1,159.8500,89.7600,1.799989
FILLER_29_323,VPWR,li1,156.8600,89.7600,1.799989
FILLER_29_312,VPWR,li1,150.8800,89.7600,1.799988
FILLER_29_300,VPWR,li1,146.2800,89.7600,1.799988
FILLER_29_293,VPWR,li1,140.7600,89.7600,1.799988
FILLER_29_285,VPWR,li1,136.8500,89.7600,1.799988
FILLER_29_281,VPWR,li1,135.7000,89.7600,1.799988
FILLER_29_279,VPWR,li1,134.0900,89.7600,1.799988
FILLER_29_273,VPWR,li1,132.4800,89.7600,1.799988
FILLER_29_255,VPWR,li1,124.2000,89.7600,1.799988
FILLER_29_238,VPWR,li1,115.4600,89.7600,1.799987
FILLER_29_225,VPWR,li1,109.7100,89.7600,1.799987
FILLER_29_223,VPWR,li1,108.3300,89.7600,1.799987
FILLER_29_215,VPWR,li1,106.2600,89.7600,1.799987
FILLER_29_205,VPWR,li1,100.0500,89.7600,1.799987
FILLER_29_201,VPWR,li1,98.9000,89.7600,1.799987
FILLER_29_188,VPWR,li1,92.2300,89.7600,1.799987
FILLER_29_180,VPWR,li1,90.1600,89.7600,1.799987
FILLER_29_153,VPWR,li1,76.5900,89.7600,1.799986
FILLER_29_141,VPWR,li1,73.1400,89.7600,1.799986
FILLER_29_129,VPWR,li1,67.6200,89.7600,1.799986
FILLER_29_117,VPWR,li1,59.5700,89.7600,1.799986
FILLER_29_113,VPWR,li1,58.4200,89.7600,1.799986
FILLER_29_110,VPWR,li1,56.5800,89.7600,1.799986
FILLER_29_102,VPWR,li1,54.2800,89.7600,1.799986
FILLER_29_89,VPWR,li1,47.8400,89.7600,1.799985
FILLER_29_77,VPWR,li1,43.7000,89.7600,1.799985
FILLER_29_57,VPWR,li1,32.6600,89.7600,1.799987
FILLER_29_54,VPWR,li1,30.8200,89.7600,1.799988
FILLER_29_50,VPWR,li1,28.7500,89.7600,1.799990
FILLER_29_46,VPWR,li1,27.6000,89.7600,1.799990
FILLER_29_24,VPWR,li1,18.4000,89.7600,1.799992
FILLER_29_15,VPWR,li1,12.6500,89.7600,1.799992
FILLER_29_3,VPWR,li1,9.6600,89.7600,1.799992
FILLER_28_397,VPWR,li1,188.6000,89.7600,1.799985
FILLER_28_389,VPWR,li1,186.3000,89.7600,1.799986
FILLER_28_377,VPWR,li1,181.7000,89.7600,1.799987
FILLER_28_365,VPWR,li1,176.1800,89.7600,1.799989
FILLER_28_362,VPWR,li1,172.5000,89.7600,1.799989
FILLER_28_354,VPWR,li1,170.2000,89.7600,1.799989
FILLER_28_342,VPWR,li1,165.6000,89.7600,1.799989
FILLER_28_338,VPWR,li1,161.2300,89.7600,1.799989
FILLER_28_317,VPWR,li1,151.5700,89.7600,1.799989
FILLER_28_309,VPWR,li1,149.5000,89.7600,1.799988
FILLER_28_306,VPWR,li1,146.7400,89.7600,1.799988
FILLER_28_294,VPWR,li1,143.5200,89.7600,1.799988
FILLER_28_282,VPWR,li1,138.0000,89.7600,1.799988
FILLER_28_269,VPWR,li1,129.4900,89.7600,1.799988
FILLER_28_265,VPWR,li1,128.3400,89.7600,1.799988
FILLER_28_253,VPWR,li1,124.6600,89.7600,1.799988
FILLER_28_248,VPWR,li1,120.5200,89.7600,1.799988
FILLER_28_236,VPWR,li1,116.8400,89.7600,1.799987
FILLER_28_227,VPWR,li1,110.1700,89.7600,1.799987
FILLER_28_209,VPWR,li1,102.1200,89.7600,1.799987
FILLER_28_197,VPWR,li1,97.9800,89.7600,1.799987
FILLER_28_195,VPWR,li1,95.4500,89.7600,1.799987
FILLER_28_187,VPWR,li1,93.3800,89.7600,1.799987
FILLER_28_179,VPWR,li1,88.5500,89.7600,1.799987
FILLER_28_167,VPWR,li1,85.1000,89.7600,1.799986
FILLER_28_161,VPWR,li1,80.2700,89.7600,1.799986
FILLER_28_153,VPWR,li1,76.1300,89.7600,1.799986
FILLER_28_141,VPWR,li1,73.1400,89.7600,1.799986
FILLER_28_138,VPWR,li1,69.4600,89.7600,1.799986
FILLER_28_126,VPWR,li1,66.2400,89.7600,1.799986
FILLER_28_117,VPWR,li1,59.8000,89.7600,1.799986
FILLER_28_109,VPWR,li1,57.5000,89.7600,1.799986
FILLER_28_97,VPWR,li1,52.9000,89.7600,1.799986
FILLER_28_85,VPWR,li1,47.3800,89.7600,1.799985
FILLER_28_81,VPWR,li1,43.4700,89.7600,1.799985
FILLER_28_69,VPWR,li1,40.0200,89.7600,1.799985
FILLER_28_61,VPWR,li1,33.8100,89.7600,1.799986
FILLER_28_53,VPWR,li1,31.7400,89.7600,1.799987
FILLER_28_41,VPWR,li1,27.1400,89.7600,1.799990
FILLER_28_29,VPWR,li1,21.6200,89.7600,1.799993
FILLER_28_25,VPWR,li1,17.7100,89.7600,1.799992
FILLER_28_3,VPWR,li1,8.2800,89.7600,1.799992
FILLER_27_402,VPWR,li1,190.6700,84.3200,1.799964
FILLER_27_388,VPWR,li1,184.9200,84.3200,1.799967
FILLER_27_375,VPWR,li1,178.2500,84.3200,1.799974
FILLER_27_364,VPWR,li1,174.3400,84.3200,1.799975
FILLER_27_337,VPWR,li1,161.2300,84.3200,1.799965
FILLER_27_335,VPWR,li1,159.8500,84.3200,1.799965
FILLER_27_327,VPWR,li1,157.7800,84.3200,1.799964
FILLER_27_318,VPWR,li1,152.4900,84.3200,1.799961
FILLER_27_301,VPWR,li1,144.6700,84.3200,1.799956
FILLER_27_293,VPWR,li1,142.1400,84.3200,1.799954
FILLER_27_281,VPWR,li1,137.5400,84.3200,1.799952
FILLER_27_279,VPWR,li1,134.0900,84.3200,1.799949
FILLER_27_273,VPWR,li1,132.4800,84.3200,1.799949
FILLER_27_261,VPWR,li1,126.9600,84.3200,1.799945
FILLER_27_249,VPWR,li1,122.8200,84.3200,1.799943
FILLER_27_237,VPWR,li1,117.3000,84.3200,1.799940
FILLER_27_225,VPWR,li1,111.7800,84.3200,1.799937
FILLER_27_223,VPWR,li1,108.3300,84.3200,1.799934
FILLER_27_217,VPWR,li1,106.7200,84.3200,1.799934
FILLER_27_207,VPWR,li1,101.2000,84.3200,1.799930
FILLER_27_199,VPWR,li1,98.9000,84.3200,1.799929
FILLER_27_187,VPWR,li1,94.3000,84.3200,1.799926
FILLER_27_177,VPWR,li1,87.6300,84.3200,1.799922
FILLER_27_169,VPWR,li1,85.1000,84.3200,1.799921
FILLER_27_164,VPWR,li1,81.8800,84.3200,1.799918
FILLER_27_152,VPWR,li1,78.2000,84.3200,1.799917
FILLER_27_135,VPWR,li1,68.3100,84.3200,1.799910
FILLER_27_123,VPWR,li1,64.8600,84.3200,1.799909
FILLER_27_104,VPWR,li1,55.2000,84.3200,1.799903
FILLER_27_85,VPWR,li1,45.3100,84.3200,1.799897
FILLER_27_77,VPWR,li1,42.7800,84.3200,1.799896
FILLER_27_48,VPWR,li1,27.8300,84.3200,1.799930
FILLER_27_44,VPWR,li1,26.6800,84.3200,1.799930
FILLER_27_37,VPWR,li1,23.2300,84.3200,1.799952
FILLER_27_29,VPWR,li1,20.7000,84.3200,1.799952
FILLER_27_7,VPWR,li1,10.1200,84.3200,1.799951
FILLER_26_380,VPWR,li1,181.0100,84.3200,1.799971
FILLER_26_370,VPWR,li1,175.9500,84.3200,1.799977
FILLER_26_363,VPWR,li1,172.7300,84.3200,1.799975
FILLER_26_351,VPWR,li1,169.7400,84.3200,1.799971
FILLER_26_339,VPWR,li1,164.2200,84.3200,1.799968
FILLER_26_327,VPWR,li1,158.7000,84.3200,1.799964
FILLER_26_315,VPWR,li1,153.1800,84.3200,1.799961
FILLER_26_307,VPWR,li1,146.9700,84.3200,1.799958
FILLER_26_301,VPWR,li1,145.3600,84.3200,1.799956
FILLER_26_289,VPWR,li1,141.2200,84.3200,1.799954
FILLER_26_277,VPWR,li1,135.7000,84.3200,1.799950
FILLER_26_265,VPWR,li1,130.1800,84.3200,1.799947
FILLER_26_253,VPWR,li1,122.8200,84.3200,1.799943
FILLER_26_251,VPWR,li1,121.2100,84.3200,1.799941
FILLER_26_245,VPWR,li1,119.6000,84.3200,1.799941
FILLER_26_237,VPWR,li1,114.7700,84.3200,1.799938
FILLER_26_233,VPWR,li1,113.6200,84.3200,1.799938
FILLER_26_221,VPWR,li1,109.9400,84.3200,1.799935
FILLER_26_209,VPWR,li1,104.4200,84.3200,1.799932
FILLER_26_197,VPWR,li1,98.9000,84.3200,1.799929
FILLER_26_195,VPWR,li1,95.4500,84.3200,1.799927
FILLER_26_187,VPWR,li1,93.3800,84.3200,1.799926
FILLER_26_175,VPWR,li1,88.7800,84.3200,1.799922
FILLER_26_169,VPWR,li1,83.4900,84.3200,1.799919
FILLER_26_165,VPWR,li1,82.3400,84.3200,1.799919
FILLER_26_153,VPWR,li1,77.7400,84.3200,1.799917
FILLER_26_141,VPWR,li1,73.1400,84.3200,1.799914
FILLER_26_138,VPWR,li1,69.4600,84.3200,1.799912
FILLER_26_130,VPWR,li1,67.1600,84.3200,1.799910
FILLER_26_118,VPWR,li1,62.5600,84.3200,1.799907
FILLER_26_105,VPWR,li1,55.6600,84.3200,1.799903
FILLER_26_93,VPWR,li1,51.0600,84.3200,1.799900
FILLER_26_85,VPWR,li1,45.0800,84.3200,1.799897
FILLER_26_81,VPWR,li1,43.4700,84.3200,1.799896
FILLER_26_73,VPWR,li1,40.9400,84.3200,1.799895
FILLER_26_50,VPWR,li1,28.9800,84.3200,1.799920
FILLER_26_27,VPWR,li1,18.1700,84.3200,1.799952
FILLER_26_19,VPWR,li1,16.1000,84.3200,1.799951
FILLER_26_7,VPWR,li1,11.5000,84.3200,1.799951
FILLER_25_401,VPWR,li1,190.4400,78.8800,1.799979
FILLER_25_393,VPWR,li1,188.1400,78.8800,1.799980
FILLER_25_373,VPWR,li1,177.7900,78.8800,1.799984
FILLER_25_361,VPWR,li1,174.3400,78.8800,1.799986
FILLER_25_349,VPWR,li1,168.8200,78.8800,1.799981
FILLER_25_337,VPWR,li1,163.3000,78.8800,1.799980
FILLER_25_334,VPWR,li1,159.6200,78.8800,1.799980
FILLER_25_326,VPWR,li1,157.3200,78.8800,1.799979
FILLER_25_314,VPWR,li1,152.7200,78.8800,1.799979
FILLER_25_302,VPWR,li1,147.2000,78.8800,1.799978
FILLER_25_281,VPWR,li1,136.6200,78.8800,1.799976
FILLER_25_279,VPWR,li1,134.0900,78.8800,1.799976
FILLER_25_275,VPWR,li1,132.9400,78.8800,1.799976
FILLER_25_263,VPWR,li1,129.2600,78.8800,1.799975
FILLER_25_251,VPWR,li1,123.7400,78.8800,1.799975
FILLER_25_223,VPWR,li1,108.3300,78.8800,1.799972
FILLER_25_217,VPWR,li1,106.7200,78.8800,1.799972
FILLER_25_204,VPWR,li1,100.0500,78.8800,1.799971
FILLER_25_192,VPWR,li1,96.6000,78.8800,1.799971
FILLER_25_177,VPWR,li1,88.7800,78.8800,1.799970
FILLER_25_167,VPWR,li1,82.5700,78.8800,1.799969
FILLER_25_158,VPWR,li1,78.4300,78.8800,1.799968
FILLER_25_154,VPWR,li1,77.2800,78.8800,1.799968
FILLER_25_133,VPWR,li1,67.3900,78.8800,1.799967
FILLER_25_125,VPWR,li1,64.8600,78.8800,1.799966
FILLER_25_113,VPWR,li1,60.2600,78.8800,1.799966
FILLER_25_100,VPWR,li1,54.2800,78.8800,1.799965
FILLER_25_90,VPWR,li1,47.6100,78.8800,1.799964
FILLER_25_79,VPWR,li1,42.5500,78.8800,1.799963
FILLER_25_71,VPWR,li1,40.0200,78.8800,1.799966
FILLER_25_57,VPWR,li1,31.9700,78.8800,1.799975
FILLER_25_53,VPWR,li1,30.5900,78.8800,1.799975
FILLER_25_45,VPWR,li1,28.0600,78.8800,1.799979
FILLER_25_14,VPWR,li1,12.4200,78.8800,1.799981
FILLER_24_401,VPWR,li1,191.3600,78.8800,1.799979
FILLER_24_389,VPWR,li1,187.2200,78.8800,1.799980
FILLER_24_377,VPWR,li1,181.7000,78.8800,1.799980
FILLER_24_365,VPWR,li1,176.1800,78.8800,1.799984
FILLER_24_360,VPWR,li1,172.0400,78.8800,1.799984
FILLER_24_309,VPWR,li1,148.5800,78.8800,1.799978
FILLER_24_288,VPWR,li1,138.2300,78.8800,1.799976
FILLER_24_269,VPWR,li1,129.4900,78.8800,1.799975
FILLER_24_265,VPWR,li1,128.3400,78.8800,1.799975
FILLER_24_253,VPWR,li1,124.6600,78.8800,1.799975
FILLER_24_250,VPWR,li1,120.9800,78.8800,1.799974
FILLER_24_242,VPWR,li1,118.6800,78.8800,1.799974
FILLER_24_230,VPWR,li1,114.0800,78.8800,1.799973
FILLER_24_218,VPWR,li1,108.5600,78.8800,1.799972
FILLER_24_197,VPWR,li1,97.5200,78.8800,1.799971
FILLER_24_195,VPWR,li1,95.4500,78.8800,1.799970
FILLER_24_189,VPWR,li1,93.8400,78.8800,1.799970
FILLER_24_173,VPWR,li1,87.8600,78.8800,1.799970
FILLER_24_161,VPWR,li1,82.3400,78.8800,1.799969
FILLER_24_149,VPWR,li1,76.8200,78.8800,1.799968
FILLER_24_139,VPWR,li1,69.6900,78.8800,1.799967
FILLER_24_133,VPWR,li1,68.0800,78.8800,1.799967
FILLER_24_121,VPWR,li1,63.9400,78.8800,1.799966
FILLER_24_107,VPWR,li1,55.6600,78.8800,1.799965
FILLER_24_95,VPWR,li1,51.9800,78.8800,1.799965
FILLER_24_89,VPWR,li1,46.6900,78.8800,1.799964
FILLER_24_83,VPWR,li1,43.9300,78.8800,1.799964
FILLER_24_71,VPWR,li1,38.4100,78.8800,1.799966
FILLER_24_63,VPWR,li1,36.3400,78.8800,1.799969
FILLER_24_41,VPWR,li1,27.1400,78.8800,1.799979
FILLER_24_29,VPWR,li1,21.6200,78.8800,1.799984
FILLER_24_25,VPWR,li1,17.7100,78.8800,1.799983
FILLER_24_15,VPWR,li1,12.6500,78.8800,1.799981
FILLER_24_11,VPWR,li1,11.5000,78.8800,1.799981
FILLER_23_405,VPWR,li1,192.2800,73.4400,1.799990
FILLER_23_393,VPWR,li1,189.0600,73.4400,1.799990
FILLER_23_391,VPWR,li1,185.6100,73.4400,1.799990
FILLER_23_385,VPWR,li1,184.0000,73.4400,1.799990
FILLER_23_373,VPWR,li1,179.8600,73.4400,1.799990
FILLER_23_361,VPWR,li1,174.3400,73.4400,1.799987
FILLER_23_349,VPWR,li1,168.8200,73.4400,1.799983
FILLER_23_337,VPWR,li1,163.3000,73.4400,1.799977
FILLER_23_333,VPWR,li1,159.3900,73.4400,1.799973
FILLER_23_325,VPWR,li1,156.8600,73.4400,1.799970
FILLER_23_318,VPWR,li1,152.2600,73.4400,1.799966
FILLER_23_295,VPWR,li1,141.4500,73.4400,1.799954
FILLER_23_291,VPWR,li1,140.3000,73.4400,1.799954
FILLER_23_281,VPWR,li1,135.4700,73.4400,1.799949
FILLER_23_277,VPWR,li1,133.6300,73.4400,1.799947
FILLER_23_269,VPWR,li1,131.1000,73.4400,1.799943
FILLER_23_262,VPWR,li1,126.5000,73.4400,1.799939
FILLER_23_237,VPWR,li1,115.4600,73.4400,1.799928
FILLER_23_225,VPWR,li1,111.7800,73.4400,1.799923
FILLER_23_221,VPWR,li1,107.8700,73.4400,1.799919
FILLER_23_209,VPWR,li1,104.4200,73.4400,1.799917
FILLER_23_197,VPWR,li1,98.9000,73.4400,1.799911
FILLER_23_185,VPWR,li1,93.3800,73.4400,1.799906
FILLER_23_169,VPWR,li1,84.1800,73.4400,1.799896
FILLER_23_164,VPWR,li1,81.8800,73.4400,1.799894
FILLER_23_152,VPWR,li1,78.2000,73.4400,1.799889
FILLER_23_133,VPWR,li1,67.3900,73.4400,1.799879
FILLER_23_125,VPWR,li1,64.8600,73.4400,1.799876
FILLER_23_103,VPWR,li1,53.1300,73.4400,1.799863
FILLER_23_99,VPWR,li1,51.9800,73.4400,1.799863
FILLER_23_71,VPWR,li1,38.4100,73.4400,1.799874
FILLER_23_67,VPWR,li1,37.2600,73.4400,1.799874
FILLER_23_57,VPWR,li1,31.9700,73.4400,1.799901
FILLER_23_53,VPWR,li1,30.5900,73.4400,1.799901
FILLER_23_45,VPWR,li1,28.0600,73.4400,1.799919
FILLER_23_27,VPWR,li1,19.3200,73.4400,1.799943
FILLER_23_15,VPWR,li1,15.1800,73.4400,1.799942
FILLER_23_3,VPWR,li1,9.6600,73.4400,1.799940
FILLER_22_401,VPWR,li1,191.3600,73.4400,1.799990
FILLER_22_389,VPWR,li1,187.2200,73.4400,1.799990
FILLER_22_377,VPWR,li1,181.7000,73.4400,1.799990
FILLER_22_365,VPWR,li1,176.1800,73.4400,1.799990
FILLER_22_363,VPWR,li1,172.7300,73.4400,1.799985
FILLER_22_357,VPWR,li1,171.1200,73.4400,1.799985
FILLER_22_345,VPWR,li1,166.9800,73.4400,1.799981
FILLER_22_333,VPWR,li1,161.4600,73.4400,1.799975
FILLER_22_321,VPWR,li1,155.9400,73.4400,1.799970
FILLER_22_309,VPWR,li1,150.4200,73.4400,1.799964
FILLER_22_304,VPWR,li1,146.2800,73.4400,1.799960
FILLER_22_292,VPWR,li1,142.6000,73.4400,1.799956
FILLER_22_277,VPWR,li1,134.3200,73.4400,1.799947
FILLER_22_265,VPWR,li1,130.1800,73.4400,1.799943
FILLER_22_253,VPWR,li1,124.6600,73.4400,1.799938
FILLER_22_244,VPWR,li1,119.6000,73.4400,1.799931
FILLER_22_232,VPWR,li1,115.0000,73.4400,1.799928
FILLER_22_213,VPWR,li1,106.2600,73.4400,1.799919
FILLER_22_197,VPWR,li1,97.5200,73.4400,1.799908
FILLER_22_188,VPWR,li1,93.8400,73.4400,1.799906
FILLER_22_176,VPWR,li1,89.2400,73.4400,1.799901
FILLER_22_155,VPWR,li1,77.2800,73.4400,1.799889
FILLER_22_147,VPWR,li1,74.9800,73.4400,1.799886
FILLER_22_139,VPWR,li1,69.6900,73.4400,1.799881
FILLER_22_124,VPWR,li1,64.4000,73.4400,1.799876
FILLER_22_112,VPWR,li1,59.8000,73.4400,1.799871
FILLER_22_100,VPWR,li1,54.2800,73.4400,1.799865
FILLER_22_76,VPWR,li1,42.3200,73.4400,1.799853
FILLER_22_29,VPWR,li1,19.3200,73.4400,1.799943
FILLER_22_26,VPWR,li1,17.9400,73.4400,1.799943
FILLER_21_405,VPWR,li1,192.2800,68.0000,1.800000
FILLER_21_393,VPWR,li1,189.0600,68.0000,1.800000
FILLER_21_391,VPWR,li1,185.6100,68.0000,1.800000
FILLER_21_385,VPWR,li1,184.0000,68.0000,1.800000
FILLER_21_373,VPWR,li1,179.8600,68.0000,1.800000
FILLER_21_361,VPWR,li1,174.3400,68.0000,1.800000
FILLER_21_349,VPWR,li1,168.8200,68.0000,1.800000
FILLER_21_337,VPWR,li1,163.3000,68.0000,1.800000
FILLER_21_335,VPWR,li1,159.8500,68.0000,1.800000
FILLER_21_329,VPWR,li1,158.2400,68.0000,1.800000
FILLER_21_317,VPWR,li1,154.1000,68.0000,1.800000
FILLER_21_305,VPWR,li1,148.5800,68.0000,1.800000
FILLER_21_293,VPWR,li1,143.0600,68.0000,1.800000
FILLER_21_281,VPWR,li1,137.5400,68.0000,1.800000
FILLER_21_268,VPWR,li1,131.5600,68.0000,1.800000
FILLER_21_256,VPWR,li1,126.0400,68.0000,1.800000
FILLER_21_244,VPWR,li1,120.5200,68.0000,1.800000
FILLER_21_232,VPWR,li1,115.0000,68.0000,1.800000
FILLER_21_223,VPWR,li1,108.3300,68.0000,1.800000
FILLER_21_217,VPWR,li1,106.7200,68.0000,1.800000
FILLER_21_197,VPWR,li1,96.3700,68.0000,1.800000
FILLER_21_193,VPWR,li1,95.2200,68.0000,1.800000
FILLER_21_181,VPWR,li1,91.5400,68.0000,1.800000
FILLER_21_169,VPWR,li1,86.0200,68.0000,1.800000
FILLER_21_167,VPWR,li1,82.5700,68.0000,1.800000
FILLER_21_163,VPWR,li1,81.4200,68.0000,1.800000
FILLER_21_156,VPWR,li1,77.9700,68.0000,1.800000
FILLER_21_148,VPWR,li1,75.4400,68.0000,1.800000
FILLER_21_136,VPWR,li1,70.8400,68.0000,1.800000
FILLER_21_125,VPWR,li1,63.9400,68.0000,1.800000
FILLER_21_113,VPWR,li1,60.2600,68.0000,1.800000
FILLER_21_111,VPWR,li1,56.8100,68.0000,1.800000
FILLER_21_102,VPWR,li1,52.9000,68.0000,1.800000
FILLER_21_91,VPWR,li1,48.3000,68.0000,1.800000
FILLER_21_79,VPWR,li1,44.6200,68.0000,1.800000
FILLER_21_67,VPWR,li1,39.1000,68.0000,1.800000
FILLER_21_57,VPWR,li1,31.9700,68.0000,1.800000
FILLER_21_53,VPWR,li1,30.5900,68.0000,1.800000
FILLER_21_45,VPWR,li1,28.0600,68.0000,1.800000
FILLER_21_34,VPWR,li1,21.6200,68.0000,1.800000
FILLER_21_26,VPWR,li1,19.3200,68.0000,1.800000
FILLER_21_14,VPWR,li1,12.6500,68.0000,1.800000
FILLER_21_3,VPWR,li1,8.2800,68.0000,1.800000
FILLER_20_401,VPWR,li1,191.3600,68.0000,1.800000
FILLER_20_389,VPWR,li1,187.2200,68.0000,1.800000
FILLER_20_377,VPWR,li1,181.7000,68.0000,1.800000
FILLER_20_365,VPWR,li1,176.1800,68.0000,1.800000
FILLER_20_363,VPWR,li1,172.7300,68.0000,1.800000
FILLER_20_357,VPWR,li1,171.1200,68.0000,1.800000
FILLER_20_345,VPWR,li1,166.9800,68.0000,1.800000
FILLER_20_333,VPWR,li1,161.4600,68.0000,1.800000
FILLER_20_321,VPWR,li1,155.9400,68.0000,1.800000
FILLER_20_309,VPWR,li1,150.4200,68.0000,1.800000
FILLER_20_307,VPWR,li1,146.9700,68.0000,1.800000
FILLER_20_299,VPWR,li1,144.9000,68.0000,1.800000
FILLER_20_287,VPWR,li1,140.3000,68.0000,1.800000
FILLER_20_279,VPWR,li1,134.3200,68.0000,1.800000
FILLER_20_271,VPWR,li1,130.4100,68.0000,1.800000
FILLER_20_267,VPWR,li1,129.2600,68.0000,1.800000
FILLER_20_253,VPWR,li1,122.1300,68.0000,1.800000
FILLER_20_250,VPWR,li1,120.9800,68.0000,1.800000
FILLER_20_242,VPWR,li1,117.0700,68.0000,1.800000
FILLER_20_234,VPWR,li1,115.0000,68.0000,1.800000
FILLER_20_216,VPWR,li1,105.5700,68.0000,1.800000
FILLER_20_204,VPWR,li1,102.1200,68.0000,1.800000
FILLER_20_197,VPWR,li1,96.8300,68.0000,1.800000
FILLER_20_195,VPWR,li1,95.4500,68.0000,1.800000
FILLER_20_189,VPWR,li1,93.8400,68.0000,1.800000
FILLER_20_173,VPWR,li1,85.7900,68.0000,1.800000
FILLER_20_165,VPWR,li1,83.2600,68.0000,1.800000
FILLER_20_153,VPWR,li1,78.6600,68.0000,1.800000
FILLER_20_141,VPWR,li1,73.1400,68.0000,1.800000
FILLER_20_132,VPWR,li1,68.0800,68.0000,1.800000
FILLER_20_72,VPWR,li1,41.4000,68.0000,1.800000
FILLER_20_60,VPWR,li1,35.8800,68.0000,1.800000
FILLER_20_48,VPWR,li1,30.3600,68.0000,1.800000
FILLER_20_36,VPWR,li1,24.8400,68.0000,1.800000
FILLER_20_29,VPWR,li1,19.0900,68.0000,1.800000
FILLER_20_27,VPWR,li1,18.1700,68.0000,1.800000
FILLER_20_15,VPWR,li1,15.1800,68.0000,1.800000
FILLER_20_3,VPWR,li1,9.6600,68.0000,1.800000
FILLER_19_405,VPWR,li1,192.2800,62.5600,1.799999
FILLER_19_393,VPWR,li1,189.0600,62.5600,1.799999
FILLER_19_391,VPWR,li1,185.6100,62.5600,1.799999
FILLER_19_385,VPWR,li1,184.0000,62.5600,1.799999
FILLER_19_373,VPWR,li1,179.8600,62.5600,1.799999
FILLER_19_361,VPWR,li1,174.3400,62.5600,1.799999
FILLER_19_349,VPWR,li1,168.8200,62.5600,1.799998
FILLER_19_337,VPWR,li1,163.3000,62.5600,1.799998
FILLER_19_335,VPWR,li1,159.8500,62.5600,1.799997
FILLER_19_323,VPWR,li1,156.8600,62.5600,1.799997
FILLER_19_311,VPWR,li1,151.3400,62.5600,1.799996
FILLER_19_299,VPWR,li1,145.8200,62.5600,1.799996
FILLER_19_287,VPWR,li1,140.3000,62.5600,1.799995
FILLER_19_279,VPWR,li1,134.0900,62.5600,1.799995
FILLER_19_275,VPWR,li1,132.9400,62.5600,1.799995
FILLER_19_263,VPWR,li1,129.2600,62.5600,1.799994
FILLER_19_251,VPWR,li1,123.7400,62.5600,1.799994
FILLER_19_245,VPWR,li1,118.4500,62.5600,1.799993
FILLER_19_237,VPWR,li1,116.3800,62.5600,1.799993
FILLER_19_225,VPWR,li1,111.7800,62.5600,1.799992
FILLER_19_218,VPWR,li1,107.1800,62.5600,1.799992
FILLER_19_206,VPWR,li1,103.0400,62.5600,1.799991
FILLER_19_194,VPWR,li1,97.5200,62.5600,1.799991
FILLER_19_182,VPWR,li1,92.0000,62.5600,1.799990
FILLER_19_169,VPWR,li1,83.4900,62.5600,1.799989
FILLER_19_167,VPWR,li1,82.5700,62.5600,1.799989
FILLER_19_159,VPWR,li1,80.5000,62.5600,1.799989
FILLER_19_137,VPWR,li1,71.3000,62.5600,1.799988
FILLER_19_125,VPWR,li1,65.7800,62.5600,1.799987
FILLER_19_113,VPWR,li1,60.2600,62.5600,1.799987
FILLER_19_110,VPWR,li1,56.5800,62.5600,1.799987
FILLER_19_83,VPWR,li1,46.4600,62.5600,1.799986
FILLER_19_65,VPWR,li1,35.8800,62.5600,1.799984
FILLER_19_57,VPWR,li1,33.5800,62.5600,1.799984
FILLER_19_53,VPWR,li1,30.5900,62.5600,1.799984
FILLER_19_45,VPWR,li1,28.0600,62.5600,1.799986
FILLER_19_32,VPWR,li1,21.1600,62.5600,1.799988
FILLER_19_18,VPWR,li1,14.0300,62.5600,1.799987
FILLER_19_6,VPWR,li1,11.0400,62.5600,1.799987
FILLER_18_401,VPWR,li1,191.3600,62.5600,1.799999
FILLER_18_389,VPWR,li1,187.2200,62.5600,1.799999
FILLER_18_377,VPWR,li1,181.7000,62.5600,1.799999
FILLER_18_365,VPWR,li1,176.1800,62.5600,1.799999
FILLER_18_363,VPWR,li1,172.7300,62.5600,1.799999
FILLER_18_357,VPWR,li1,171.1200,62.5600,1.799999
FILLER_18_345,VPWR,li1,166.9800,62.5600,1.799998
FILLER_18_333,VPWR,li1,161.4600,62.5600,1.799997
FILLER_18_321,VPWR,li1,155.9400,62.5600,1.799997
FILLER_18_309,VPWR,li1,150.4200,62.5600,1.799996
FILLER_18_307,VPWR,li1,146.9700,62.5600,1.799996
FILLER_18_301,VPWR,li1,145.3600,62.5600,1.799996
FILLER_18_289,VPWR,li1,141.2200,62.5600,1.799995
FILLER_18_277,VPWR,li1,135.7000,62.5600,1.799995
FILLER_18_265,VPWR,li1,130.1800,62.5600,1.799994
FILLER_18_253,VPWR,li1,124.6600,62.5600,1.799994
FILLER_18_251,VPWR,li1,121.2100,62.5600,1.799993
FILLER_18_247,VPWR,li1,120.0600,62.5600,1.799993
FILLER_18_235,VPWR,li1,116.3800,62.5600,1.799993
FILLER_18_223,VPWR,li1,110.8600,62.5600,1.799992
FILLER_18_211,VPWR,li1,105.3400,62.5600,1.799992
FILLER_18_203,VPWR,li1,99.1300,62.5600,1.799991
FILLER_18_197,VPWR,li1,97.5200,62.5600,1.799991
FILLER_18_190,VPWR,li1,94.3000,62.5600,1.799991
FILLER_18_178,VPWR,li1,90.1600,62.5600,1.799990
FILLER_18_166,VPWR,li1,84.6400,62.5600,1.799990
FILLER_18_154,VPWR,li1,79.1200,62.5600,1.799989
FILLER_18_134,VPWR,li1,68.5400,62.5600,1.799988
FILLER_18_122,VPWR,li1,64.4000,62.5600,1.799987
FILLER_18_110,VPWR,li1,58.8800,62.5600,1.799987
FILLER_18_98,VPWR,li1,53.3600,62.5600,1.799986
FILLER_18_89,VPWR,li1,46.9200,62.5600,1.799986
FILLER_18_82,VPWR,li1,43.7000,62.5600,1.799985
FILLER_18_77,VPWR,li1,41.1700,62.5600,1.799985
FILLER_18_73,VPWR,li1,40.0200,62.5600,1.799985
FILLER_18_66,VPWR,li1,36.3400,62.5600,1.799984
FILLER_18_45,VPWR,li1,26.4500,62.5600,1.799986
FILLER_18_26,VPWR,li1,17.9400,62.5600,1.799988
FILLER_18_15,VPWR,li1,13.8000,62.5600,1.799987
FILLER_18_3,VPWR,li1,9.6600,62.5600,1.799987
FILLER_17_405,VPWR,li1,192.2800,57.1200,1.800000
FILLER_17_393,VPWR,li1,189.0600,57.1200,1.800000
FILLER_17_391,VPWR,li1,185.6100,57.1200,1.800000
FILLER_17_385,VPWR,li1,184.0000,57.1200,1.800000
FILLER_17_373,VPWR,li1,179.8600,57.1200,1.800000
FILLER_17_361,VPWR,li1,174.3400,57.1200,1.800000
FILLER_17_349,VPWR,li1,168.8200,57.1200,1.800000
FILLER_17_337,VPWR,li1,163.3000,57.1200,1.800000
FILLER_17_335,VPWR,li1,159.8500,57.1200,1.800000
FILLER_17_329,VPWR,li1,158.2400,57.1200,1.800000
FILLER_17_317,VPWR,li1,154.1000,57.1200,1.800000
FILLER_17_305,VPWR,li1,148.5800,57.1200,1.800000
FILLER_17_293,VPWR,li1,143.0600,57.1200,1.800000
FILLER_17_281,VPWR,li1,137.5400,57.1200,1.800000
FILLER_17_279,VPWR,li1,134.0900,57.1200,1.800000
FILLER_17_275,VPWR,li1,132.9400,57.1200,1.800000
FILLER_17_263,VPWR,li1,129.2600,57.1200,1.800000
FILLER_17_251,VPWR,li1,123.7400,57.1200,1.800000
FILLER_17_239,VPWR,li1,118.2200,57.1200,1.800000
FILLER_17_231,VPWR,li1,112.0100,57.1200,1.800000
FILLER_17_225,VPWR,li1,110.4000,57.1200,1.800000
FILLER_17_212,VPWR,li1,105.8000,57.1200,1.800000
FILLER_17_201,VPWR,li1,98.4400,57.1200,1.800000
FILLER_17_193,VPWR,li1,96.1400,57.1200,1.800000
FILLER_17_181,VPWR,li1,91.5400,57.1200,1.800000
FILLER_17_169,VPWR,li1,86.0200,57.1200,1.800000
FILLER_17_167,VPWR,li1,82.5700,57.1200,1.800000
FILLER_17_163,VPWR,li1,80.7300,57.1200,1.800000
FILLER_17_147,VPWR,li1,74.9800,57.1200,1.800000
FILLER_17_125,VPWR,li1,64.8600,57.1200,1.800000
FILLER_17_113,VPWR,li1,60.2600,57.1200,1.800000
FILLER_17_100,VPWR,li1,54.2800,57.1200,1.800000
FILLER_17_88,VPWR,li1,48.7600,57.1200,1.800000
FILLER_17_82,VPWR,li1,43.7000,57.1200,1.800000
FILLER_17_72,VPWR,li1,38.8700,57.1200,1.800000
FILLER_17_66,VPWR,li1,37.2600,57.1200,1.800000
FILLER_17_42,VPWR,li1,25.5300,57.1200,1.800000
FILLER_17_30,VPWR,li1,22.0800,57.1200,1.800000
FILLER_17_18,VPWR,li1,16.5600,57.1200,1.799999
FILLER_17_6,VPWR,li1,11.0400,57.1200,1.799999
FILLER_16_401,VPWR,li1,191.3600,57.1200,1.800000
FILLER_16_389,VPWR,li1,187.2200,57.1200,1.800000
FILLER_16_377,VPWR,li1,181.7000,57.1200,1.800000
FILLER_16_365,VPWR,li1,176.1800,57.1200,1.800000
FILLER_16_363,VPWR,li1,172.7300,57.1200,1.800000
FILLER_16_357,VPWR,li1,171.1200,57.1200,1.800000
FILLER_16_345,VPWR,li1,166.9800,57.1200,1.800000
FILLER_16_333,VPWR,li1,161.4600,57.1200,1.800000
FILLER_16_321,VPWR,li1,155.9400,57.1200,1.800000
FILLER_16_309,VPWR,li1,150.4200,57.1200,1.800000
FILLER_16_300,VPWR,li1,145.3600,57.1200,1.800000
FILLER_16_288,VPWR,li1,140.7600,57.1200,1.800000
FILLER_16_267,VPWR,li1,128.8000,57.1200,1.800000
FILLER_16_251,VPWR,li1,121.2100,57.1200,1.800000
FILLER_16_246,VPWR,li1,118.9100,57.1200,1.800000
FILLER_16_242,VPWR,li1,117.7600,57.1200,1.800000
FILLER_16_236,VPWR,li1,114.3100,57.1200,1.800000
FILLER_16_232,VPWR,li1,113.1600,57.1200,1.800000
FILLER_16_221,VPWR,li1,107.4100,57.1200,1.800000
FILLER_16_209,VPWR,li1,104.4200,57.1200,1.800000
FILLER_16_197,VPWR,li1,98.9000,57.1200,1.800000
FILLER_16_195,VPWR,li1,95.4500,57.1200,1.800000
FILLER_16_191,VPWR,li1,94.3000,57.1200,1.800000
FILLER_16_183,VPWR,li1,89.9300,57.1200,1.800000
FILLER_16_179,VPWR,li1,88.0900,57.1200,1.800000
FILLER_16_175,VPWR,li1,86.9400,57.1200,1.800000
FILLER_16_163,VPWR,li1,83.2600,57.1200,1.800000
FILLER_16_153,VPWR,li1,76.3600,57.1200,1.800000
FILLER_16_141,VPWR,li1,73.1400,57.1200,1.800000
FILLER_16_128,VPWR,li1,67.1600,57.1200,1.800000
FILLER_16_102,VPWR,li1,52.6700,57.1200,1.800000
FILLER_16_94,VPWR,li1,50.6000,57.1200,1.800000
FILLER_16_77,VPWR,li1,41.1700,57.1200,1.800000
FILLER_16_65,VPWR,li1,38.1800,57.1200,1.800000
FILLER_16_53,VPWR,li1,32.6600,57.1200,1.800000
FILLER_16_41,VPWR,li1,27.1400,57.1200,1.800000
FILLER_16_29,VPWR,li1,21.6200,57.1200,1.800000
FILLER_16_27,VPWR,li1,18.1700,57.1200,1.799999
FILLER_16_15,VPWR,li1,15.1800,57.1200,1.799999
FILLER_16_3,VPWR,li1,9.6600,57.1200,1.799999
FILLER_15_405,VPWR,li1,192.2800,51.6800,1.799999
FILLER_15_393,VPWR,li1,189.0600,51.6800,1.799999
FILLER_15_391,VPWR,li1,185.6100,51.6800,1.799999
FILLER_15_385,VPWR,li1,184.0000,51.6800,1.799999
FILLER_15_373,VPWR,li1,179.8600,51.6800,1.799999
FILLER_15_361,VPWR,li1,174.3400,51.6800,1.799998
FILLER_15_349,VPWR,li1,168.8200,51.6800,1.799998
FILLER_15_337,VPWR,li1,163.3000,51.6800,1.799997
FILLER_15_335,VPWR,li1,159.8500,51.6800,1.799996
FILLER_15_329,VPWR,li1,158.2400,51.6800,1.799996
FILLER_15_317,VPWR,li1,154.1000,51.6800,1.799995
FILLER_15_305,VPWR,li1,148.5800,51.6800,1.799994
FILLER_15_293,VPWR,li1,143.0600,51.6800,1.799994
FILLER_15_281,VPWR,li1,137.5400,51.6800,1.799993
FILLER_15_278,VPWR,li1,133.8600,51.6800,1.799992
FILLER_15_266,VPWR,li1,130.6400,51.6800,1.799992
FILLER_15_254,VPWR,li1,125.1200,51.6800,1.799991
FILLER_15_237,VPWR,li1,117.3000,51.6800,1.799990
FILLER_15_225,VPWR,li1,111.7800,51.6800,1.799989
FILLER_15_223,VPWR,li1,108.3300,51.6800,1.799989
FILLER_15_215,VPWR,li1,106.2600,51.6800,1.799988
FILLER_15_196,VPWR,li1,97.5200,51.6800,1.799987
FILLER_15_184,VPWR,li1,92.9200,51.6800,1.799986
FILLER_15_166,VPWR,li1,82.3400,51.6800,1.799985
FILLER_15_154,VPWR,li1,79.1200,51.6800,1.799984
FILLER_15_142,VPWR,li1,73.6000,51.6800,1.799983
FILLER_15_131,VPWR,li1,66.0100,51.6800,1.799982
FILLER_15_125,VPWR,li1,64.4000,51.6800,1.799982
FILLER_15_113,VPWR,li1,60.2600,51.6800,1.799982
FILLER_15_108,VPWR,li1,56.1200,51.6800,1.799981
FILLER_15_95,VPWR,li1,51.0600,51.6800,1.799980
FILLER_15_71,VPWR,li1,38.8700,51.6800,1.799982
FILLER_15_63,VPWR,li1,36.3400,51.6800,1.799983
FILLER_15_57,VPWR,li1,32.2000,51.6800,1.799986
FILLER_15_55,VPWR,li1,31.0500,51.6800,1.799986
FILLER_15_49,VPWR,li1,29.4400,51.6800,1.799987
FILLER_15_18,VPWR,li1,15.1800,51.6800,1.799989
FILLER_15_6,VPWR,li1,11.0400,51.6800,1.799989
FILLER_14_401,VPWR,li1,191.3600,51.6800,1.799999
FILLER_14_389,VPWR,li1,187.2200,51.6800,1.799999
FILLER_14_377,VPWR,li1,181.7000,51.6800,1.799999
FILLER_14_365,VPWR,li1,176.1800,51.6800,1.799999
FILLER_14_363,VPWR,li1,172.7300,51.6800,1.799998
FILLER_14_357,VPWR,li1,171.1200,51.6800,1.799998
FILLER_14_345,VPWR,li1,166.9800,51.6800,1.799997
FILLER_14_333,VPWR,li1,161.4600,51.6800,1.799996
FILLER_14_321,VPWR,li1,155.9400,51.6800,1.799996
FILLER_14_309,VPWR,li1,150.4200,51.6800,1.799995
FILLER_14_307,VPWR,li1,146.9700,51.6800,1.799994
FILLER_14_301,VPWR,li1,145.3600,51.6800,1.799994
FILLER_14_289,VPWR,li1,141.2200,51.6800,1.799993
FILLER_14_277,VPWR,li1,135.7000,51.6800,1.799993
FILLER_14_265,VPWR,li1,130.1800,51.6800,1.799992
FILLER_14_253,VPWR,li1,124.6600,51.6800,1.799991
FILLER_14_251,VPWR,li1,121.2100,51.6800,1.799990
FILLER_14_245,VPWR,li1,119.6000,51.6800,1.799990
FILLER_14_233,VPWR,li1,115.4600,51.6800,1.799990
FILLER_14_221,VPWR,li1,109.9400,51.6800,1.799989
FILLER_14_209,VPWR,li1,104.4200,51.6800,1.799988
FILLER_14_197,VPWR,li1,98.9000,51.6800,1.799987
FILLER_14_193,VPWR,li1,94.9900,51.6800,1.799987
FILLER_14_181,VPWR,li1,91.5400,51.6800,1.799986
FILLER_14_169,VPWR,li1,86.0200,51.6800,1.799985
FILLER_14_164,VPWR,li1,81.4200,51.6800,1.799985
FILLER_14_153,VPWR,li1,76.5900,51.6800,1.799984
FILLER_14_141,VPWR,li1,73.1400,51.6800,1.799983
FILLER_14_139,VPWR,li1,69.6900,51.6800,1.799983
FILLER_14_133,VPWR,li1,68.0800,51.6800,1.799983
FILLER_14_121,VPWR,li1,63.9400,51.6800,1.799982
FILLER_14_109,VPWR,li1,58.4200,51.6800,1.799981
FILLER_14_97,VPWR,li1,52.9000,51.6800,1.799980
FILLER_14_85,VPWR,li1,47.3800,51.6800,1.799980
FILLER_14_81,VPWR,li1,43.4700,51.6800,1.799980
FILLER_14_69,VPWR,li1,40.0200,51.6800,1.799982
FILLER_14_47,VPWR,li1,27.3700,51.6800,1.799988
FILLER_14_41,VPWR,li1,25.7600,51.6800,1.799988
FILLER_14_29,VPWR,li1,19.5500,51.6800,1.799989
FILLER_14_27,VPWR,li1,18.1700,51.6800,1.799989
FILLER_14_15,VPWR,li1,15.1800,51.6800,1.799989
FILLER_14_3,VPWR,li1,9.6600,51.6800,1.799989
FILLER_13_405,VPWR,li1,192.2800,46.2400,1.799998
FILLER_13_393,VPWR,li1,189.0600,46.2400,1.799998
FILLER_13_391,VPWR,li1,185.6100,46.2400,1.799998
FILLER_13_385,VPWR,li1,184.0000,46.2400,1.799998
FILLER_13_373,VPWR,li1,179.8600,46.2400,1.799998
FILLER_13_361,VPWR,li1,174.3400,46.2400,1.799997
FILLER_13_349,VPWR,li1,168.8200,46.2400,1.799996
FILLER_13_337,VPWR,li1,163.3000,46.2400,1.799995
FILLER_13_335,VPWR,li1,159.8500,46.2400,1.799994
FILLER_13_329,VPWR,li1,158.2400,46.2400,1.799994
FILLER_13_317,VPWR,li1,154.1000,46.2400,1.799993
FILLER_13_305,VPWR,li1,148.5800,46.2400,1.799991
FILLER_13_293,VPWR,li1,143.0600,46.2400,1.799990
FILLER_13_281,VPWR,li1,137.5400,46.2400,1.799989
FILLER_13_279,VPWR,li1,134.0900,46.2400,1.799988
FILLER_13_267,VPWR,li1,131.1000,46.2400,1.799987
FILLER_13_255,VPWR,li1,125.5800,46.2400,1.799986
FILLER_13_243,VPWR,li1,120.0600,46.2400,1.799985
FILLER_13_232,VPWR,li1,113.1600,46.2400,1.799983
FILLER_13_223,VPWR,li1,108.3300,46.2400,1.799982
FILLER_13_217,VPWR,li1,106.7200,46.2400,1.799982
FILLER_13_205,VPWR,li1,102.5800,46.2400,1.799981
FILLER_13_193,VPWR,li1,97.0600,46.2400,1.799979
FILLER_13_181,VPWR,li1,91.5400,46.2400,1.799978
FILLER_13_169,VPWR,li1,86.0200,46.2400,1.799977
FILLER_13_162,VPWR,li1,81.4200,46.2400,1.799976
FILLER_13_152,VPWR,li1,75.9000,46.2400,1.799975
FILLER_13_140,VPWR,li1,72.6800,46.2400,1.799974
FILLER_13_128,VPWR,li1,67.1600,46.2400,1.799973
FILLER_13_121,VPWR,li1,61.6400,46.2400,1.799971
FILLER_13_113,VPWR,li1,59.3400,46.2400,1.799971
FILLER_13_111,VPWR,li1,56.8100,46.2400,1.799970
FILLER_13_103,VPWR,li1,54.7400,46.2400,1.799970
FILLER_13_96,VPWR,li1,49.9100,46.2400,1.799970
FILLER_13_90,VPWR,li1,48.3000,46.2400,1.799971
FILLER_13_78,VPWR,li1,44.1600,46.2400,1.799972
FILLER_13_66,VPWR,li1,38.6400,46.2400,1.799974
FILLER_13_55,VPWR,li1,31.0500,46.2400,1.799982
FILLER_13_51,VPWR,li1,29.9000,46.2400,1.799982
FILLER_13_39,VPWR,li1,26.2200,46.2400,1.799986
FILLER_13_27,VPWR,li1,20.7000,46.2400,1.799991
FILLER_13_15,VPWR,li1,15.1800,46.2400,1.799991
FILLER_13_3,VPWR,li1,9.6600,46.2400,1.799991
FILLER_12_401,VPWR,li1,191.3600,46.2400,1.799998
FILLER_12_389,VPWR,li1,187.2200,46.2400,1.799998
FILLER_12_377,VPWR,li1,181.7000,46.2400,1.799998
FILLER_12_365,VPWR,li1,176.1800,46.2400,1.799998
FILLER_12_363,VPWR,li1,172.7300,46.2400,1.799997
FILLER_12_357,VPWR,li1,171.1200,46.2400,1.799997
FILLER_12_345,VPWR,li1,166.9800,46.2400,1.799996
FILLER_12_333,VPWR,li1,161.4600,46.2400,1.799994
FILLER_12_321,VPWR,li1,155.9400,46.2400,1.799993
FILLER_12_309,VPWR,li1,150.4200,46.2400,1.799992
FILLER_12_305,VPWR,li1,146.5100,46.2400,1.799991
FILLER_12_297,VPWR,li1,143.9800,46.2400,1.799990
FILLER_12_285,VPWR,li1,139.3800,46.2400,1.799989
FILLER_12_273,VPWR,li1,133.8600,46.2400,1.799988
FILLER_12_253,VPWR,li1,122.1300,46.2400,1.799985
FILLER_12_248,VPWR,li1,119.8300,46.2400,1.799985
FILLER_12_240,VPWR,li1,117.7600,46.2400,1.799984
FILLER_12_229,VPWR,li1,112.7000,46.2400,1.799983
FILLER_12_212,VPWR,li1,105.8000,46.2400,1.799982
FILLER_12_197,VPWR,li1,97.9800,46.2400,1.799979
FILLER_12_192,VPWR,li1,94.7600,46.2400,1.799979
FILLER_12_177,VPWR,li1,87.1700,46.2400,1.799977
FILLER_12_173,VPWR,li1,86.0200,46.2400,1.799977
FILLER_12_161,VPWR,li1,82.3400,46.2400,1.799976
FILLER_12_149,VPWR,li1,76.8200,46.2400,1.799975
FILLER_12_141,VPWR,li1,70.6100,46.2400,1.799973
FILLER_12_133,VPWR,li1,67.1600,46.2400,1.799973
FILLER_12_111,VPWR,li1,56.8100,46.2400,1.799970
FILLER_12_89,VPWR,li1,46.6900,46.2400,1.799971
FILLER_12_85,VPWR,li1,45.5400,46.2400,1.799972
FILLER_12_66,VPWR,li1,36.1100,46.2400,1.799977
FILLER_12_54,VPWR,li1,33.1200,46.2400,1.799979
FILLER_12_42,VPWR,li1,27.6000,46.2400,1.799986
FILLER_12_29,VPWR,li1,19.7800,46.2400,1.799991
FILLER_12_27,VPWR,li1,18.1700,46.2400,1.799991
FILLER_12_15,VPWR,li1,15.1800,46.2400,1.799991
FILLER_12_3,VPWR,li1,9.6600,46.2400,1.799991
FILLER_11_405,VPWR,li1,192.2800,40.8000,1.800000
FILLER_11_393,VPWR,li1,189.0600,40.8000,1.800000
FILLER_11_391,VPWR,li1,185.6100,40.8000,1.800000
FILLER_11_385,VPWR,li1,184.0000,40.8000,1.800000
FILLER_11_373,VPWR,li1,179.8600,40.8000,1.800000
FILLER_11_361,VPWR,li1,174.3400,40.8000,1.799999
FILLER_11_349,VPWR,li1,168.8200,40.8000,1.799999
FILLER_11_337,VPWR,li1,163.3000,40.8000,1.799999
FILLER_11_335,VPWR,li1,159.8500,40.8000,1.799999
FILLER_11_329,VPWR,li1,158.2400,40.8000,1.799999
FILLER_11_317,VPWR,li1,154.1000,40.8000,1.799999
FILLER_11_305,VPWR,li1,148.5800,40.8000,1.799998
FILLER_11_293,VPWR,li1,143.0600,40.8000,1.799998
FILLER_11_281,VPWR,li1,137.5400,40.8000,1.799998
FILLER_11_279,VPWR,li1,134.0900,40.8000,1.799998
FILLER_11_275,VPWR,li1,132.9400,40.8000,1.799998
FILLER_11_263,VPWR,li1,129.2600,40.8000,1.799998
FILLER_11_251,VPWR,li1,123.7400,40.8000,1.799997
FILLER_11_241,VPWR,li1,116.6100,40.8000,1.799997
FILLER_11_237,VPWR,li1,115.4600,40.8000,1.799997
FILLER_11_225,VPWR,li1,111.7800,40.8000,1.799997
FILLER_11_222,VPWR,li1,108.1000,40.8000,1.799997
FILLER_11_214,VPWR,li1,105.8000,40.8000,1.799997
FILLER_11_197,VPWR,li1,97.9800,40.8000,1.799996
FILLER_11_185,VPWR,li1,93.3800,40.8000,1.799996
FILLER_11_169,VPWR,li1,84.1800,40.8000,1.799996
FILLER_11_163,VPWR,li1,80.9600,40.8000,1.799995
FILLER_11_149,VPWR,li1,75.4400,40.8000,1.799995
FILLER_11_138,VPWR,li1,69.9200,40.8000,1.799995
FILLER_11_126,VPWR,li1,66.2400,40.8000,1.799995
FILLER_11_119,VPWR,li1,60.4900,40.8000,1.799995
FILLER_11_113,VPWR,li1,58.8800,40.8000,1.799995
FILLER_11_106,VPWR,li1,55.6600,40.8000,1.799994
FILLER_11_91,VPWR,li1,47.8400,40.8000,1.799994
FILLER_11_75,VPWR,li1,40.7100,40.8000,1.799994
FILLER_11_69,VPWR,li1,37.4900,40.8000,1.799994
FILLER_11_57,VPWR,li1,34.5000,40.8000,1.799993
FILLER_11_55,VPWR,li1,31.0500,40.8000,1.799993
FILLER_11_47,VPWR,li1,28.9800,40.8000,1.799993
FILLER_11_24,VPWR,li1,16.7900,40.8000,1.799994
FILLER_11_18,VPWR,li1,15.1800,40.8000,1.799994
FILLER_11_6,VPWR,li1,11.0400,40.8000,1.799994
FILLER_10_401,VPWR,li1,191.3600,40.8000,1.800000
FILLER_10_389,VPWR,li1,187.2200,40.8000,1.800000
FILLER_10_377,VPWR,li1,181.7000,40.8000,1.800000
FILLER_10_365,VPWR,li1,176.1800,40.8000,1.800000
FILLER_10_363,VPWR,li1,172.7300,40.8000,1.799999
FILLER_10_357,VPWR,li1,171.1200,40.8000,1.799999
FILLER_10_345,VPWR,li1,166.9800,40.8000,1.799999
FILLER_10_333,VPWR,li1,161.4600,40.8000,1.799999
FILLER_10_321,VPWR,li1,155.9400,40.8000,1.799999
FILLER_10_309,VPWR,li1,150.4200,40.8000,1.799998
FILLER_10_307,VPWR,li1,146.9700,40.8000,1.799998
FILLER_10_301,VPWR,li1,145.3600,40.8000,1.799998
FILLER_10_289,VPWR,li1,141.2200,40.8000,1.799998
FILLER_10_277,VPWR,li1,135.7000,40.8000,1.799998
FILLER_10_265,VPWR,li1,130.1800,40.8000,1.799998
FILLER_10_253,VPWR,li1,124.6600,40.8000,1.799997
FILLER_10_251,VPWR,li1,121.2100,40.8000,1.799997
FILLER_10_245,VPWR,li1,119.6000,40.8000,1.799997
FILLER_10_233,VPWR,li1,115.4600,40.8000,1.799997
FILLER_10_221,VPWR,li1,109.9400,40.8000,1.799997
FILLER_10_209,VPWR,li1,104.4200,40.8000,1.799996
FILLER_10_197,VPWR,li1,98.9000,40.8000,1.799996
FILLER_10_188,VPWR,li1,93.8400,40.8000,1.799996
FILLER_10_176,VPWR,li1,89.2400,40.8000,1.799996
FILLER_10_164,VPWR,li1,83.7200,40.8000,1.799996
FILLER_10_153,VPWR,li1,76.5900,40.8000,1.799995
FILLER_10_141,VPWR,li1,73.1400,40.8000,1.799995
FILLER_10_139,VPWR,li1,69.6900,40.8000,1.799995
FILLER_10_133,VPWR,li1,68.0800,40.8000,1.799995
FILLER_10_121,VPWR,li1,63.9400,40.8000,1.799995
FILLER_10_109,VPWR,li1,58.4200,40.8000,1.799995
FILLER_10_97,VPWR,li1,52.9000,40.8000,1.799994
FILLER_10_85,VPWR,li1,47.3800,40.8000,1.799994
FILLER_10_83,VPWR,li1,43.9300,40.8000,1.799994
FILLER_10_79,VPWR,li1,42.7800,40.8000,1.799994
FILLER_10_67,VPWR,li1,39.1000,40.8000,1.799994
FILLER_10_55,VPWR,li1,33.5800,40.8000,1.799993
FILLER_10_43,VPWR,li1,28.0600,40.8000,1.799993
FILLER_10_33,VPWR,li1,20.9300,40.8000,1.799994
FILLER_10_29,VPWR,li1,19.7800,40.8000,1.799994
FILLER_10_27,VPWR,li1,18.1700,40.8000,1.799994
FILLER_10_15,VPWR,li1,15.1800,40.8000,1.799994
FILLER_10_3,VPWR,li1,9.6600,40.8000,1.799994
FILLER_9_405,VPWR,li1,192.2800,35.3600,1.799998
FILLER_9_393,VPWR,li1,189.0600,35.3600,1.799998
FILLER_9_391,VPWR,li1,185.6100,35.3600,1.799998
FILLER_9_385,VPWR,li1,184.0000,35.3600,1.799998
FILLER_9_373,VPWR,li1,179.8600,35.3600,1.799998
FILLER_9_361,VPWR,li1,174.3400,35.3600,1.799997
FILLER_9_349,VPWR,li1,168.8200,35.3600,1.799996
FILLER_9_337,VPWR,li1,163.3000,35.3600,1.799995
FILLER_9_335,VPWR,li1,159.8500,35.3600,1.799994
FILLER_9_329,VPWR,li1,158.2400,35.3600,1.799994
FILLER_9_317,VPWR,li1,154.1000,35.3600,1.799993
FILLER_9_305,VPWR,li1,148.5800,35.3600,1.799991
FILLER_9_293,VPWR,li1,143.0600,35.3600,1.799990
FILLER_9_281,VPWR,li1,137.5400,35.3600,1.799989
FILLER_9_277,VPWR,li1,133.6300,35.3600,1.799988
FILLER_9_269,VPWR,li1,131.1000,35.3600,1.799987
FILLER_9_257,VPWR,li1,126.5000,35.3600,1.799986
FILLER_9_245,VPWR,li1,120.9800,35.3600,1.799984
FILLER_9_232,VPWR,li1,113.6200,35.3600,1.799983
FILLER_9_223,VPWR,li1,108.3300,35.3600,1.799982
FILLER_9_217,VPWR,li1,106.7200,35.3600,1.799981
FILLER_9_211,VPWR,li1,103.2700,35.3600,1.799981
FILLER_9_203,VPWR,li1,100.7400,35.3600,1.799980
FILLER_9_193,VPWR,li1,94.7600,35.3600,1.799979
FILLER_9_181,VPWR,li1,91.5400,35.3600,1.799977
FILLER_9_169,VPWR,li1,86.0200,35.3600,1.799976
FILLER_9_160,VPWR,li1,80.9600,35.3600,1.799975
FILLER_9_149,VPWR,li1,75.9000,35.3600,1.799974
FILLER_9_137,VPWR,li1,71.3000,35.3600,1.799973
FILLER_9_125,VPWR,li1,65.7800,35.3600,1.799971
FILLER_9_113,VPWR,li1,60.2600,35.3600,1.799970
FILLER_9_111,VPWR,li1,56.8100,35.3600,1.799970
FILLER_9_103,VPWR,li1,54.7400,35.3600,1.799969
FILLER_9_98,VPWR,li1,50.8300,35.3600,1.799970
FILLER_9_86,VPWR,li1,47.8400,35.3600,1.799971
FILLER_9_69,VPWR,li1,39.1000,35.3600,1.799974
FILLER_9_57,VPWR,li1,34.5000,35.3600,1.799978
FILLER_9_55,VPWR,li1,31.0500,35.3600,1.799982
FILLER_9_51,VPWR,li1,29.9000,35.3600,1.799982
FILLER_9_39,VPWR,li1,26.2200,35.3600,1.799986
FILLER_9_27,VPWR,li1,20.7000,35.3600,1.799991
FILLER_9_15,VPWR,li1,15.1800,35.3600,1.799991
FILLER_9_3,VPWR,li1,9.6600,35.3600,1.799991
FILLER_8_401,VPWR,li1,191.3600,35.3600,1.799998
FILLER_8_389,VPWR,li1,187.2200,35.3600,1.799998
FILLER_8_377,VPWR,li1,181.7000,35.3600,1.799998
FILLER_8_365,VPWR,li1,176.1800,35.3600,1.799998
FILLER_8_363,VPWR,li1,172.7300,35.3600,1.799997
FILLER_8_357,VPWR,li1,171.1200,35.3600,1.799997
FILLER_8_345,VPWR,li1,166.9800,35.3600,1.799996
FILLER_8_333,VPWR,li1,161.4600,35.3600,1.799994
FILLER_8_321,VPWR,li1,155.9400,35.3600,1.799993
FILLER_8_309,VPWR,li1,150.4200,35.3600,1.799992
FILLER_8_307,VPWR,li1,146.9700,35.3600,1.799991
FILLER_8_301,VPWR,li1,145.3600,35.3600,1.799991
FILLER_8_289,VPWR,li1,141.2200,35.3600,1.799990
FILLER_8_277,VPWR,li1,135.7000,35.3600,1.799988
FILLER_8_265,VPWR,li1,130.1800,35.3600,1.799987
FILLER_8_253,VPWR,li1,124.6600,35.3600,1.799986
FILLER_8_251,VPWR,li1,121.2100,35.3600,1.799984
FILLER_8_245,VPWR,li1,119.6000,35.3600,1.799984
FILLER_8_233,VPWR,li1,115.4600,35.3600,1.799983
FILLER_8_221,VPWR,li1,109.9400,35.3600,1.799982
FILLER_8_216,VPWR,li1,105.1100,35.3600,1.799981
FILLER_8_212,VPWR,li1,103.9600,35.3600,1.799981
FILLER_8_197,VPWR,li1,97.5200,35.3600,1.799979
FILLER_8_194,VPWR,li1,95.2200,35.3600,1.799979
FILLER_8_186,VPWR,li1,92.9200,35.3600,1.799978
FILLER_8_170,VPWR,li1,86.4800,35.3600,1.799976
FILLER_8_158,VPWR,li1,80.9600,35.3600,1.799975
FILLER_8_131,VPWR,li1,66.0100,35.3600,1.799971
FILLER_8_125,VPWR,li1,64.4000,35.3600,1.799971
FILLER_8_113,VPWR,li1,60.2600,35.3600,1.799970
FILLER_8_85,VPWR,li1,45.3100,35.3600,1.799972
FILLER_8_65,VPWR,li1,35.8800,35.3600,1.799978
FILLER_8_53,VPWR,li1,32.6600,35.3600,1.799980
FILLER_8_41,VPWR,li1,27.1400,35.3600,1.799986
FILLER_8_29,VPWR,li1,21.6200,35.3600,1.799991
FILLER_8_27,VPWR,li1,18.1700,35.3600,1.799991
FILLER_8_15,VPWR,li1,15.1800,35.3600,1.799991
FILLER_8_3,VPWR,li1,9.6600,35.3600,1.799991
FILLER_7_405,VPWR,li1,192.2800,29.9200,1.800000
FILLER_7_393,VPWR,li1,189.0600,29.9200,1.800000
FILLER_7_391,VPWR,li1,185.6100,29.9200,1.800000
FILLER_7_385,VPWR,li1,184.0000,29.9200,1.800000
FILLER_7_373,VPWR,li1,179.8600,29.9200,1.800000
FILLER_7_361,VPWR,li1,174.3400,29.9200,1.800000
FILLER_7_349,VPWR,li1,168.8200,29.9200,1.800000
FILLER_7_337,VPWR,li1,163.3000,29.9200,1.800000
FILLER_7_335,VPWR,li1,159.8500,29.9200,1.800000
FILLER_7_329,VPWR,li1,158.2400,29.9200,1.800000
FILLER_7_317,VPWR,li1,154.1000,29.9200,1.800000
FILLER_7_305,VPWR,li1,148.5800,29.9200,1.800000
FILLER_7_293,VPWR,li1,143.0600,29.9200,1.800000
FILLER_7_281,VPWR,li1,137.5400,29.9200,1.800000
FILLER_7_279,VPWR,li1,134.0900,29.9200,1.800000
FILLER_7_271,VPWR,li1,132.0200,29.9200,1.800000
FILLER_7_259,VPWR,li1,127.4200,29.9200,1.800000
FILLER_7_247,VPWR,li1,121.9000,29.9200,1.800000
FILLER_7_237,VPWR,li1,115.2300,29.9200,1.800000
FILLER_7_225,VPWR,li1,111.7800,29.9200,1.800000
FILLER_7_223,VPWR,li1,108.3300,29.9200,1.800000
FILLER_7_215,VPWR,li1,106.2600,29.9200,1.800000
FILLER_7_203,VPWR,li1,101.6600,29.9200,1.800000
FILLER_7_193,VPWR,li1,94.9900,29.9200,1.800000
FILLER_7_185,VPWR,li1,92.4600,29.9200,1.800000
FILLER_7_157,VPWR,li1,79.1200,29.9200,1.800000
FILLER_7_149,VPWR,li1,74.2900,29.9200,1.800000
FILLER_7_145,VPWR,li1,72.4500,29.9200,1.800000
FILLER_7_137,VPWR,li1,70.3800,29.9200,1.800000
FILLER_7_125,VPWR,li1,65.7800,29.9200,1.800000
FILLER_7_113,VPWR,li1,60.2600,29.9200,1.800000
FILLER_7_111,VPWR,li1,56.8100,29.9200,1.800000
FILLER_7_103,VPWR,li1,54.7400,29.9200,1.800000
FILLER_7_86,VPWR,li1,46.9200,29.9200,1.800000
FILLER_7_69,VPWR,li1,37.9500,29.9200,1.800000
FILLER_7_57,VPWR,li1,34.5000,29.9200,1.800000
FILLER_7_55,VPWR,li1,31.0500,29.9200,1.800000
FILLER_7_51,VPWR,li1,29.9000,29.9200,1.800000
FILLER_7_39,VPWR,li1,26.2200,29.9200,1.800000
FILLER_7_27,VPWR,li1,20.7000,29.9200,1.800000
FILLER_7_15,VPWR,li1,15.1800,29.9200,1.800000
FILLER_7_3,VPWR,li1,9.6600,29.9200,1.800000
FILLER_6_401,VPWR,li1,191.3600,29.9200,1.800000
FILLER_6_389,VPWR,li1,187.2200,29.9200,1.800000
FILLER_6_377,VPWR,li1,181.7000,29.9200,1.800000
FILLER_6_365,VPWR,li1,176.1800,29.9200,1.800000
FILLER_6_363,VPWR,li1,172.7300,29.9200,1.800000
FILLER_6_357,VPWR,li1,171.1200,29.9200,1.800000
FILLER_6_345,VPWR,li1,166.9800,29.9200,1.800000
FILLER_6_333,VPWR,li1,161.4600,29.9200,1.800000
FILLER_6_321,VPWR,li1,155.9400,29.9200,1.800000
FILLER_6_309,VPWR,li1,150.4200,29.9200,1.800000
FILLER_6_307,VPWR,li1,146.9700,29.9200,1.800000
FILLER_6_301,VPWR,li1,145.3600,29.9200,1.800000
FILLER_6_289,VPWR,li1,141.2200,29.9200,1.800000
FILLER_6_277,VPWR,li1,135.7000,29.9200,1.800000
FILLER_6_265,VPWR,li1,130.1800,29.9200,1.800000
FILLER_6_253,VPWR,li1,124.6600,29.9200,1.800000
FILLER_6_251,VPWR,li1,121.2100,29.9200,1.800000
FILLER_6_245,VPWR,li1,119.6000,29.9200,1.800000
FILLER_6_219,VPWR,li1,106.4900,29.9200,1.800000
FILLER_6_213,VPWR,li1,104.8800,29.9200,1.800000
FILLER_6_195,VPWR,li1,95.4500,29.9200,1.800000
FILLER_6_189,VPWR,li1,93.8400,29.9200,1.800000
FILLER_6_181,VPWR,li1,89.0100,29.9200,1.800000
FILLER_6_177,VPWR,li1,87.8600,29.9200,1.800000
FILLER_6_165,VPWR,li1,84.1800,29.9200,1.800000
FILLER_6_153,VPWR,li1,78.6600,29.9200,1.800000
FILLER_6_141,VPWR,li1,73.1400,29.9200,1.800000
FILLER_6_139,VPWR,li1,69.6900,29.9200,1.800000
FILLER_6_133,VPWR,li1,68.0800,29.9200,1.800000
FILLER_6_121,VPWR,li1,63.9400,29.9200,1.800000
FILLER_6_109,VPWR,li1,58.4200,29.9200,1.800000
FILLER_6_97,VPWR,li1,52.9000,29.9200,1.800000
FILLER_6_85,VPWR,li1,47.3800,29.9200,1.800000
FILLER_6_83,VPWR,li1,43.9300,29.9200,1.800000
FILLER_6_77,VPWR,li1,42.3200,29.9200,1.800000
FILLER_6_65,VPWR,li1,38.1800,29.9200,1.800000
FILLER_6_53,VPWR,li1,32.6600,29.9200,1.800000
FILLER_6_41,VPWR,li1,27.1400,29.9200,1.800000
FILLER_6_29,VPWR,li1,21.6200,29.9200,1.800000
FILLER_6_27,VPWR,li1,18.1700,29.9200,1.800000
FILLER_6_15,VPWR,li1,15.1800,29.9200,1.800000
FILLER_6_3,VPWR,li1,9.6600,29.9200,1.800000
FILLER_5_405,VPWR,li1,192.2800,24.4800,1.800000
FILLER_5_393,VPWR,li1,189.0600,24.4800,1.800000
FILLER_5_391,VPWR,li1,185.6100,24.4800,1.800000
FILLER_5_385,VPWR,li1,184.0000,24.4800,1.800000
FILLER_5_373,VPWR,li1,179.8600,24.4800,1.800000
FILLER_5_361,VPWR,li1,174.3400,24.4800,1.800000
FILLER_5_349,VPWR,li1,168.8200,24.4800,1.800000
FILLER_5_337,VPWR,li1,163.3000,24.4800,1.800000
FILLER_5_335,VPWR,li1,159.8500,24.4800,1.800000
FILLER_5_329,VPWR,li1,158.2400,24.4800,1.800000
FILLER_5_317,VPWR,li1,154.1000,24.4800,1.800000
FILLER_5_305,VPWR,li1,148.5800,24.4800,1.800000
FILLER_5_293,VPWR,li1,143.0600,24.4800,1.800000
FILLER_5_281,VPWR,li1,137.5400,24.4800,1.800000
FILLER_5_279,VPWR,li1,134.0900,24.4800,1.800000
FILLER_5_273,VPWR,li1,132.4800,24.4800,1.800000
FILLER_5_261,VPWR,li1,128.3400,24.4800,1.800000
FILLER_5_249,VPWR,li1,122.8200,24.4800,1.800000
FILLER_5_237,VPWR,li1,117.3000,24.4800,1.800000
FILLER_5_225,VPWR,li1,111.7800,24.4800,1.800000
FILLER_5_223,VPWR,li1,108.3300,24.4800,1.800000
FILLER_5_217,VPWR,li1,106.7200,24.4800,1.800000
FILLER_5_205,VPWR,li1,102.5800,24.4800,1.800000
FILLER_5_193,VPWR,li1,97.0600,24.4800,1.800000
FILLER_5_181,VPWR,li1,91.5400,24.4800,1.800000
FILLER_5_169,VPWR,li1,86.0200,24.4800,1.800000
FILLER_5_167,VPWR,li1,82.5700,24.4800,1.800000
FILLER_5_161,VPWR,li1,80.9600,24.4800,1.800000
FILLER_5_149,VPWR,li1,76.8200,24.4800,1.800000
FILLER_5_137,VPWR,li1,71.3000,24.4800,1.800000
FILLER_5_125,VPWR,li1,65.7800,24.4800,1.800000
FILLER_5_113,VPWR,li1,60.2600,24.4800,1.800000
FILLER_5_111,VPWR,li1,56.8100,24.4800,1.800000
FILLER_5_105,VPWR,li1,55.2000,24.4800,1.800000
FILLER_5_93,VPWR,li1,51.0600,24.4800,1.800000
FILLER_5_81,VPWR,li1,45.5400,24.4800,1.800000
FILLER_5_69,VPWR,li1,40.0200,24.4800,1.800000
FILLER_5_57,VPWR,li1,34.5000,24.4800,1.800000
FILLER_5_55,VPWR,li1,31.0500,24.4800,1.800000
FILLER_5_51,VPWR,li1,29.9000,24.4800,1.800000
FILLER_5_39,VPWR,li1,26.2200,24.4800,1.800000
FILLER_5_27,VPWR,li1,20.7000,24.4800,1.800000
FILLER_5_15,VPWR,li1,15.1800,24.4800,1.800000
FILLER_5_3,VPWR,li1,9.6600,24.4800,1.800000
FILLER_4_401,VPWR,li1,191.3600,24.4800,1.800000
FILLER_4_389,VPWR,li1,187.2200,24.4800,1.800000
FILLER_4_377,VPWR,li1,181.7000,24.4800,1.800000
FILLER_4_365,VPWR,li1,176.1800,24.4800,1.800000
FILLER_4_363,VPWR,li1,172.7300,24.4800,1.800000
FILLER_4_357,VPWR,li1,171.1200,24.4800,1.800000
FILLER_4_345,VPWR,li1,166.9800,24.4800,1.800000
FILLER_4_333,VPWR,li1,161.4600,24.4800,1.800000
FILLER_4_321,VPWR,li1,155.9400,24.4800,1.800000
FILLER_4_309,VPWR,li1,150.4200,24.4800,1.800000
FILLER_4_307,VPWR,li1,146.9700,24.4800,1.800000
FILLER_4_301,VPWR,li1,145.3600,24.4800,1.800000
FILLER_4_289,VPWR,li1,141.2200,24.4800,1.800000
FILLER_4_277,VPWR,li1,135.7000,24.4800,1.800000
FILLER_4_265,VPWR,li1,130.1800,24.4800,1.800000
FILLER_4_253,VPWR,li1,124.6600,24.4800,1.800000
FILLER_4_251,VPWR,li1,121.2100,24.4800,1.800000
FILLER_4_245,VPWR,li1,119.6000,24.4800,1.800000
FILLER_4_233,VPWR,li1,115.4600,24.4800,1.800000
FILLER_4_221,VPWR,li1,109.9400,24.4800,1.800000
FILLER_4_209,VPWR,li1,104.4200,24.4800,1.800000
FILLER_4_197,VPWR,li1,98.9000,24.4800,1.800000
FILLER_4_195,VPWR,li1,95.4500,24.4800,1.800000
FILLER_4_189,VPWR,li1,93.8400,24.4800,1.800000
FILLER_4_177,VPWR,li1,89.7000,24.4800,1.800000
FILLER_4_165,VPWR,li1,84.1800,24.4800,1.800000
FILLER_4_153,VPWR,li1,78.6600,24.4800,1.800000
FILLER_4_141,VPWR,li1,73.1400,24.4800,1.800000
FILLER_4_139,VPWR,li1,69.6900,24.4800,1.800000
FILLER_4_133,VPWR,li1,68.0800,24.4800,1.800000
FILLER_4_121,VPWR,li1,63.9400,24.4800,1.800000
FILLER_4_109,VPWR,li1,58.4200,24.4800,1.800000
FILLER_4_97,VPWR,li1,52.9000,24.4800,1.800000
FILLER_4_85,VPWR,li1,47.3800,24.4800,1.800000
FILLER_4_83,VPWR,li1,43.9300,24.4800,1.800000
FILLER_4_77,VPWR,li1,42.3200,24.4800,1.800000
FILLER_4_65,VPWR,li1,38.1800,24.4800,1.800000
FILLER_4_53,VPWR,li1,32.6600,24.4800,1.800000
FILLER_4_41,VPWR,li1,27.1400,24.4800,1.800000
FILLER_4_29,VPWR,li1,21.6200,24.4800,1.800000
FILLER_4_27,VPWR,li1,18.1700,24.4800,1.800000
FILLER_4_15,VPWR,li1,15.1800,24.4800,1.800000
FILLER_4_3,VPWR,li1,9.6600,24.4800,1.800000
FILLER_3_405,VPWR,li1,192.2800,19.0400,1.800000
FILLER_3_393,VPWR,li1,189.0600,19.0400,1.800000
FILLER_3_391,VPWR,li1,185.6100,19.0400,1.800000
FILLER_3_385,VPWR,li1,184.0000,19.0400,1.800000
FILLER_3_373,VPWR,li1,179.8600,19.0400,1.800000
FILLER_3_361,VPWR,li1,174.3400,19.0400,1.800000
FILLER_3_349,VPWR,li1,168.8200,19.0400,1.800000
FILLER_3_337,VPWR,li1,163.3000,19.0400,1.800000
FILLER_3_335,VPWR,li1,159.8500,19.0400,1.800000
FILLER_3_329,VPWR,li1,158.2400,19.0400,1.800000
FILLER_3_317,VPWR,li1,154.1000,19.0400,1.800000
FILLER_3_305,VPWR,li1,148.5800,19.0400,1.800000
FILLER_3_293,VPWR,li1,143.0600,19.0400,1.800000
FILLER_3_281,VPWR,li1,137.5400,19.0400,1.800000
FILLER_3_279,VPWR,li1,134.0900,19.0400,1.800000
FILLER_3_273,VPWR,li1,132.4800,19.0400,1.800000
FILLER_3_261,VPWR,li1,128.3400,19.0400,1.800000
FILLER_3_249,VPWR,li1,122.8200,19.0400,1.800000
FILLER_3_237,VPWR,li1,117.3000,19.0400,1.800000
FILLER_3_225,VPWR,li1,111.7800,19.0400,1.800000
FILLER_3_223,VPWR,li1,108.3300,19.0400,1.800000
FILLER_3_217,VPWR,li1,106.7200,19.0400,1.800000
FILLER_3_205,VPWR,li1,102.5800,19.0400,1.800000
FILLER_3_193,VPWR,li1,97.0600,19.0400,1.800000
FILLER_3_181,VPWR,li1,91.5400,19.0400,1.800000
FILLER_3_169,VPWR,li1,86.0200,19.0400,1.800000
FILLER_3_167,VPWR,li1,82.5700,19.0400,1.800000
FILLER_3_161,VPWR,li1,80.9600,19.0400,1.800000
FILLER_3_149,VPWR,li1,76.8200,19.0400,1.800000
FILLER_3_137,VPWR,li1,71.3000,19.0400,1.800000
FILLER_3_125,VPWR,li1,65.7800,19.0400,1.800000
FILLER_3_113,VPWR,li1,60.2600,19.0400,1.800000
FILLER_3_111,VPWR,li1,56.8100,19.0400,1.800000
FILLER_3_105,VPWR,li1,55.2000,19.0400,1.800000
FILLER_3_93,VPWR,li1,51.0600,19.0400,1.800000
FILLER_3_81,VPWR,li1,45.5400,19.0400,1.800000
FILLER_3_69,VPWR,li1,40.0200,19.0400,1.800000
FILLER_3_57,VPWR,li1,34.5000,19.0400,1.800000
FILLER_3_55,VPWR,li1,31.0500,19.0400,1.800000
FILLER_3_51,VPWR,li1,29.9000,19.0400,1.800000
FILLER_3_39,VPWR,li1,26.2200,19.0400,1.800000
FILLER_3_27,VPWR,li1,20.7000,19.0400,1.800000
FILLER_3_15,VPWR,li1,15.1800,19.0400,1.800000
FILLER_3_3,VPWR,li1,9.6600,19.0400,1.800000
FILLER_2_401,VPWR,li1,191.3600,19.0400,1.800000
FILLER_2_389,VPWR,li1,187.2200,19.0400,1.800000
FILLER_2_377,VPWR,li1,181.7000,19.0400,1.800000
FILLER_2_365,VPWR,li1,176.1800,19.0400,1.800000
FILLER_2_363,VPWR,li1,172.7300,19.0400,1.800000
FILLER_2_357,VPWR,li1,171.1200,19.0400,1.800000
FILLER_2_345,VPWR,li1,166.9800,19.0400,1.800000
FILLER_2_333,VPWR,li1,161.4600,19.0400,1.800000
FILLER_2_321,VPWR,li1,155.9400,19.0400,1.800000
FILLER_2_309,VPWR,li1,150.4200,19.0400,1.800000
FILLER_2_307,VPWR,li1,146.9700,19.0400,1.800000
FILLER_2_301,VPWR,li1,145.3600,19.0400,1.800000
FILLER_2_289,VPWR,li1,141.2200,19.0400,1.800000
FILLER_2_277,VPWR,li1,135.7000,19.0400,1.800000
FILLER_2_265,VPWR,li1,130.1800,19.0400,1.800000
FILLER_2_253,VPWR,li1,124.6600,19.0400,1.800000
FILLER_2_251,VPWR,li1,121.2100,19.0400,1.800000
FILLER_2_245,VPWR,li1,119.6000,19.0400,1.800000
FILLER_2_233,VPWR,li1,115.4600,19.0400,1.800000
FILLER_2_221,VPWR,li1,109.9400,19.0400,1.800000
FILLER_2_209,VPWR,li1,104.4200,19.0400,1.800000
FILLER_2_197,VPWR,li1,98.9000,19.0400,1.800000
FILLER_2_195,VPWR,li1,95.4500,19.0400,1.800000
FILLER_2_189,VPWR,li1,93.8400,19.0400,1.800000
FILLER_2_177,VPWR,li1,89.7000,19.0400,1.800000
FILLER_2_165,VPWR,li1,84.1800,19.0400,1.800000
FILLER_2_153,VPWR,li1,78.6600,19.0400,1.800000
FILLER_2_141,VPWR,li1,73.1400,19.0400,1.800000
FILLER_2_139,VPWR,li1,69.6900,19.0400,1.800000
FILLER_2_133,VPWR,li1,68.0800,19.0400,1.800000
FILLER_2_121,VPWR,li1,63.9400,19.0400,1.800000
FILLER_2_109,VPWR,li1,58.4200,19.0400,1.800000
FILLER_2_97,VPWR,li1,52.9000,19.0400,1.800000
FILLER_2_85,VPWR,li1,47.3800,19.0400,1.800000
FILLER_2_83,VPWR,li1,43.9300,19.0400,1.800000
FILLER_2_77,VPWR,li1,42.3200,19.0400,1.800000
FILLER_2_65,VPWR,li1,38.1800,19.0400,1.800000
FILLER_2_53,VPWR,li1,32.6600,19.0400,1.800000
FILLER_2_41,VPWR,li1,27.1400,19.0400,1.800000
FILLER_2_29,VPWR,li1,21.6200,19.0400,1.800000
FILLER_2_27,VPWR,li1,18.1700,19.0400,1.800000
FILLER_2_15,VPWR,li1,15.1800,19.0400,1.800000
FILLER_2_3,VPWR,li1,9.6600,19.0400,1.800000
FILLER_1_405,VPWR,li1,192.2800,13.6000,1.800000
FILLER_1_393,VPWR,li1,189.0600,13.6000,1.800000
FILLER_1_391,VPWR,li1,185.6100,13.6000,1.800000
FILLER_1_385,VPWR,li1,184.0000,13.6000,1.800000
FILLER_1_373,VPWR,li1,179.8600,13.6000,1.800000
FILLER_1_361,VPWR,li1,174.3400,13.6000,1.800000
FILLER_1_349,VPWR,li1,168.8200,13.6000,1.800000
FILLER_1_337,VPWR,li1,163.3000,13.6000,1.800000
FILLER_1_335,VPWR,li1,159.8500,13.6000,1.800000
FILLER_1_329,VPWR,li1,158.2400,13.6000,1.800000
FILLER_1_317,VPWR,li1,154.1000,13.6000,1.800000
FILLER_1_305,VPWR,li1,148.5800,13.6000,1.800000
FILLER_1_293,VPWR,li1,143.0600,13.6000,1.799999
FILLER_1_281,VPWR,li1,137.5400,13.6000,1.799999
FILLER_1_279,VPWR,li1,134.0900,13.6000,1.799999
FILLER_1_273,VPWR,li1,132.4800,13.6000,1.799999
FILLER_1_261,VPWR,li1,128.3400,13.6000,1.799999
FILLER_1_249,VPWR,li1,122.8200,13.6000,1.799999
FILLER_1_237,VPWR,li1,117.3000,13.6000,1.799999
FILLER_1_225,VPWR,li1,111.7800,13.6000,1.799999
FILLER_1_223,VPWR,li1,108.3300,13.6000,1.799999
FILLER_1_217,VPWR,li1,106.7200,13.6000,1.799999
FILLER_1_205,VPWR,li1,102.5800,13.6000,1.799999
FILLER_1_193,VPWR,li1,97.0600,13.6000,1.799999
FILLER_1_181,VPWR,li1,91.5400,13.6000,1.799999
FILLER_1_169,VPWR,li1,86.0200,13.6000,1.799999
FILLER_1_167,VPWR,li1,82.5700,13.6000,1.799999
FILLER_1_161,VPWR,li1,80.9600,13.6000,1.799999
FILLER_1_149,VPWR,li1,76.8200,13.6000,1.799999
FILLER_1_137,VPWR,li1,71.3000,13.6000,1.799998
FILLER_1_125,VPWR,li1,65.7800,13.6000,1.799998
FILLER_1_113,VPWR,li1,60.2600,13.6000,1.799998
FILLER_1_111,VPWR,li1,56.8100,13.6000,1.799998
FILLER_1_105,VPWR,li1,55.2000,13.6000,1.799998
FILLER_1_93,VPWR,li1,51.0600,13.6000,1.799998
FILLER_1_81,VPWR,li1,45.5400,13.6000,1.799998
FILLER_1_69,VPWR,li1,40.0200,13.6000,1.799999
FILLER_1_57,VPWR,li1,34.5000,13.6000,1.799999
FILLER_1_55,VPWR,li1,31.0500,13.6000,1.799999
FILLER_1_51,VPWR,li1,29.9000,13.6000,1.799999
FILLER_1_39,VPWR,li1,26.2200,13.6000,1.799999
FILLER_1_27,VPWR,li1,20.7000,13.6000,1.800000
FILLER_1_15,VPWR,li1,15.1800,13.6000,1.800000
FILLER_1_3,VPWR,li1,9.6600,13.6000,1.800000
FILLER_0_405,VPWR,li1,192.2800,13.6000,1.800000
FILLER_0_393,VPWR,li1,189.0600,13.6000,1.800000
FILLER_0_389,VPWR,li1,185.1500,13.6000,1.800000
FILLER_0_377,VPWR,li1,181.7000,13.6000,1.800000
FILLER_0_365,VPWR,li1,176.1800,13.6000,1.800000
FILLER_0_361,VPWR,li1,172.2700,13.6000,1.800000
FILLER_0_349,VPWR,li1,168.8200,13.6000,1.800000
FILLER_0_337,VPWR,li1,163.3000,13.6000,1.800000
FILLER_0_333,VPWR,li1,159.3900,13.6000,1.800000
FILLER_0_321,VPWR,li1,155.9400,13.6000,1.800000
FILLER_0_309,VPWR,li1,150.4200,13.6000,1.800000
FILLER_0_305,VPWR,li1,146.5100,13.6000,1.799999
FILLER_0_293,VPWR,li1,143.0600,13.6000,1.799999
FILLER_0_281,VPWR,li1,137.5400,13.6000,1.799999
FILLER_0_277,VPWR,li1,133.6300,13.6000,1.799999
FILLER_0_265,VPWR,li1,130.1800,13.6000,1.799999
FILLER_0_253,VPWR,li1,124.6600,13.6000,1.799999
FILLER_0_249,VPWR,li1,120.7500,13.6000,1.799999
FILLER_0_237,VPWR,li1,117.3000,13.6000,1.799999
FILLER_0_225,VPWR,li1,111.7800,13.6000,1.799999
FILLER_0_221,VPWR,li1,107.8700,13.6000,1.799999
FILLER_0_209,VPWR,li1,104.4200,13.6000,1.799999
FILLER_0_197,VPWR,li1,98.9000,13.6000,1.799999
FILLER_0_193,VPWR,li1,94.9900,13.6000,1.799999
FILLER_0_181,VPWR,li1,91.5400,13.6000,1.799999
FILLER_0_169,VPWR,li1,86.0200,13.6000,1.799999
FILLER_0_165,VPWR,li1,82.1100,13.6000,1.799999
FILLER_0_153,VPWR,li1,78.6600,13.6000,1.799999
FILLER_0_141,VPWR,li1,73.1400,13.6000,1.799999
FILLER_0_137,VPWR,li1,69.2300,13.6000,1.799998
FILLER_0_125,VPWR,li1,65.7800,13.6000,1.799998
FILLER_0_113,VPWR,li1,60.2600,13.6000,1.799998
FILLER_0_104,VPWR,li1,55.2000,13.6000,1.799998
FILLER_0_98,VPWR,li1,51.2900,13.6000,1.799998
FILLER_0_90,VPWR,li1,48.7600,13.6000,1.799998
FILLER_0_85,VPWR,li1,45.0800,13.6000,1.799998
FILLER_0_81,VPWR,li1,43.4700,13.6000,1.799998
FILLER_0_69,VPWR,li1,40.0200,13.6000,1.799999
FILLER_0_57,VPWR,li1,34.5000,13.6000,1.799999
FILLER_0_53,VPWR,li1,30.5900,13.6000,1.799999
FILLER_0_41,VPWR,li1,27.1400,13.6000,1.799999
FILLER_0_29,VPWR,li1,21.6200,13.6000,1.800000
FILLER_0_27,VPWR,li1,18.1700,13.6000,1.800000
FILLER_0_15,VPWR,li1,15.1800,13.6000,1.800000
FILLER_0_3,VPWR,li1,9.6600,13.6000,1.800000
ANTENNA_1,VPWR,li1,13.3400,89.7600,1.799992
hold69,VPWR,li1,73.1400,160.4800,1.799975
hold68,VPWR,li1,116.3800,144.1600,1.799957
hold67,VPWR,li1,97.9800,155.0400,1.799721
hold66,VPWR,li1,88.7800,176.8000,1.799957
hold65,VPWR,li1,165.1400,149.6000,1.799976
hold64,VPWR,li1,142.1400,138.7200,1.799966
hold63,VPWR,li1,175.2600,111.5200,1.799915
hold62,VPWR,li1,167.9000,133.2800,1.799957
hold61,VPWR,li1,85.1000,149.6000,1.799927
hold60,VPWR,li1,149.5000,100.6400,1.799987
hold59,VPWR,li1,69.9200,149.6000,1.799931
hold58,VPWR,li1,126.0400,165.9200,1.799972
hold57,VPWR,li1,105.3400,171.3600,1.799889
hold56,VPWR,li1,33.5800,144.1600,1.799982
hold55,VPWR,li1,12.8800,122.4000,1.799985
hold54,VPWR,li1,20.7000,106.0800,1.799991
hold53,VPWR,li1,175.2600,100.6400,1.799988
hold52,VPWR,li1,136.6200,122.4000,1.799931
hold51,VPWR,li1,105.3400,138.7200,1.799974
hold50,VPWR,li1,54.7400,155.0400,1.799828
hold49,VPWR,li1,180.3200,122.4000,1.799948
hold48,VPWR,li1,177.5600,95.2000,1.799986
hold47,VPWR,li1,80.0400,171.3600,1.799888
hold46,VPWR,li1,183.5400,84.3200,1.799968
hold45,VPWR,li1,115.9200,176.8000,1.799952
hold44,VPWR,li1,178.4800,149.6000,1.799981
hold43,VPWR,li1,59.3400,171.3600,1.799911
hold42,VPWR,li1,185.8400,138.7200,1.799974
hold41,VPWR,li1,123.7400,176.8000,1.799956
hold40,VPWR,li1,118.2200,182.2400,1.799839
hold39,VPWR,li1,189.9800,100.6400,1.799979
hold38,VPWR,li1,188.6000,106.0800,1.799975
hold37,VPWR,li1,189.0600,122.4000,1.799943
hold36,VPWR,li1,190.9000,89.7600,1.799984
hold35,VPWR,li1,138.4600,182.2400,1.799869
hold34,VPWR,li1,131.5600,182.2400,1.799856
hold33,VPWR,li1,90.6200,182.2400,1.799851
hold32,VPWR,li1,103.9600,176.8000,1.799950
hold31,VPWR,li1,148.5800,176.8000,1.799971
hold30,VPWR,li1,189.5200,95.2000,1.799979
hold29,VPWR,li1,189.9800,111.5200,1.799911
hold28,VPWR,li1,189.0600,155.0400,1.799919
hold27,VPWR,li1,189.9800,127.8400,1.799955
hold26,VPWR,li1,190.9000,155.0400,1.799919
hold25,VPWR,li1,189.9800,138.7200,1.799973
hold24,VPWR,li1,27.6000,155.0400,1.799922
hold23,VPWR,li1,22.0800,138.7200,1.799995
hold22,VPWR,li1,11.0400,116.9600,1.799997
hold21,VPWR,li1,11.5000,133.2800,1.799951
hold20,VPWR,li1,13.3400,100.6400,1.799998
hold19,VPWR,li1,13.3400,84.3200,1.799951
rebuffer18,VPWR,li1,156.1700,89.7600,1.799989
clone16,VPWR,li1,33.8100,78.8800,1.799972
rebuffer15,VPWR,li1,49.9100,78.8800,1.799964
rebuffer14,VPWR,li1,54.9700,68.0000,1.800000
rebuffer13,VPWR,li1,53.3600,68.0000,1.800000
rebuffer12,VPWR,li1,49.4500,68.0000,1.800000
rebuffer11,VPWR,li1,47.3800,111.5200,1.799846
rebuffer10,VPWR,li1,31.5100,78.8800,1.799975
rebuffer9,VPWR,li1,55.4300,95.2000,1.799987
rebuffer8,VPWR,li1,59.8000,95.2000,1.799986
clone7,VPWR,li1,153.8700,127.8400,1.799935
rebuffer6,VPWR,li1,140.7600,78.8800,1.799977
rebuffer5,VPWR,li1,137.0800,78.8800,1.799976
rebuffer4,VPWR,li1,125.3500,149.6000,1.799948
rebuffer3,VPWR,li1,101.2000,73.4400,1.799914
rebuffer2,VPWR,li1,101.2000,68.0000,1.800000
rebuffer1,VPWR,li1,75.4400,78.8800,1.799968
clkload5,VPWR,li1,141.2200,149.6000,1.799957
clkload4,VPWR,li1,167.4400,127.8400,1.799930
clkload3,VPWR,li1,52.6700,133.2800,1.799828
clkload2,VPWR,li1,39.3300,127.8400,1.799976
clkload1,VPWR,li1,41.1700,78.8800,1.799963
clkload0,VPWR,li1,29.6700,84.3200,1.799919
clkbuf_3_7__f_clk,VPWR,li1,142.6000,155.0400,1.799691
clkbuf_3_6__f_clk,VPWR,li1,126.0400,155.0400,1.799652
clkbuf_3_5__f_clk,VPWR,li1,165.1400,111.5200,1.799831
clkbuf_3_4__f_clk,VPWR,li1,166.5200,122.4000,1.799916
clkbuf_3_3__f_clk,VPWR,li1,55.6600,133.2800,1.799818
clkbuf_3_2__f_clk,VPWR,li1,42.3200,127.8400,1.799975
clkbuf_3_1__f_clk,VPWR,li1,43.2400,73.4400,1.799853
clkbuf_3_0__f_clk,VPWR,li1,36.3400,84.3200,1.799892
clkbuf_0_clk,VPWR,li1,104.8800,111.5200,1.799614
top_117,VPWR,li1,7.5900,160.4800,1.799996
fanout116,VPWR,li1,104.4200,182.2400,1.799839
fanout115,VPWR,li1,100.7400,182.2400,1.799841
fanout114,VPWR,li1,145.3600,176.8000,1.799968
fanout113,VPWR,li1,174.8000,138.7200,1.799981
fanout112,VPWR,li1,94.7600,182.2400,1.799845
fanout111,VPWR,li1,30.3600,155.0400,1.799909
fanout110,VPWR,li1,31.7400,155.0400,1.799909
fanout109,VPWR,li1,23.4600,106.0800,1.799991
fanout108,VPWR,li1,15.1800,62.5600,1.799987
fanout107,VPWR,li1,15.1800,89.7600,1.799992
fanout106,VPWR,li1,179.8600,84.3200,1.799971
fanout105,VPWR,li1,107.1800,176.8000,1.799950
fanout104,VPWR,li1,27.1400,149.6000,1.799975
fanout103,VPWR,li1,93.3800,155.0400,1.799733
fanout102,VPWR,li1,143.0600,165.9200,1.799978
fanout101,VPWR,li1,133.4000,144.1600,1.799962
fanout100,VPWR,li1,104.4200,138.7200,1.799974
fanout99,VPWR,li1,135.2400,122.4000,1.799932
fanout98,VPWR,li1,141.6800,95.2000,1.799976
fanout97,VPWR,li1,22.5400,144.1600,1.799989
fanout96,VPWR,li1,25.3000,149.6000,1.799978
fanout95,VPWR,li1,78.2000,89.7600,1.799986
fanout94,VPWR,li1,24.8400,84.3200,1.799939
fanout93,VPWR,li1,80.5000,84.3200,1.799918
fanout92,VPWR,li1,37.2600,78.8800,1.799969
fanout91,VPWR,li1,16.5600,73.4400,1.799942
fanout90,VPWR,li1,79.5800,68.0000,1.800000
fanout89,VPWR,li1,23.4600,133.2800,1.799942
fanout88,VPWR,li1,27.1400,51.6800,1.799988
fanout87,VPWR,li1,34.9600,62.5600,1.799984
fanout86,VPWR,li1,29.9000,57.1200,1.800000
fanout85,VPWR,li1,45.0800,57.1200,1.800000
fanout84,VPWR,li1,42.7800,57.1200,1.800000
fanout83,VPWR,li1,51.5200,46.2400,1.799970
fanout82,VPWR,li1,53.3600,40.8000,1.799994
fanout81,VPWR,li1,54.0500,62.5600,1.799986
fanout80,VPWR,li1,46.4600,40.8000,1.799994
fanout79,VPWR,li1,23.4600,73.4400,1.799933
fanout78,VPWR,li1,29.9000,95.2000,1.799990
fanout77,VPWR,li1,34.2700,73.4400,1.799885
fanout76,VPWR,li1,38.1800,100.6400,1.799997
fanout75,VPWR,li1,20.7000,68.0000,1.800000
fanout74,VPWR,li1,24.1500,62.5600,1.799987
fanout73,VPWR,li1,22.7700,46.2400,1.799989
fanout72,VPWR,li1,59.8000,46.2400,1.799971
fanout71,VPWR,li1,63.9400,89.7600,1.799986
fanout70,VPWR,li1,33.5800,51.6800,1.799985
fanout69,VPWR,li1,42.3200,62.5600,1.799985
fanout68,VPWR,li1,45.5400,62.5600,1.799985
fanout67,VPWR,li1,51.9800,35.3600,1.799970
fanout66,VPWR,li1,51.9800,29.9200,1.800000
fanout65,VPWR,li1,43.0100,35.3600,1.799973
max_cap64,VPWR,li1,25.3000,133.2800,1.799935
max_cap63,VPWR,li1,27.1400,127.8400,1.799984
fanout62,VPWR,li1,35.8800,149.6000,1.799965
fanout61,VPWR,li1,103.9600,144.1600,1.799958
fanout60,VPWR,li1,102.1200,144.1600,1.799959
fanout59,VPWR,li1,53.8200,176.8000,1.799973
fanout58,VPWR,li1,124.2000,187.6800,1.799957
fanout57,VPWR,li1,182.6200,84.3200,1.799968
fanout55,VPWR,li1,150.4200,106.0800,1.799971
fanout54,VPWR,li1,144.4400,149.6000,1.799960
fanout53,VPWR,li1,132.0200,138.7200,1.799967
fanout52,VPWR,li1,123.2800,144.1600,1.799959
output51,VPWR,li1,191.8200,122.4000,1.799942
output50,VPWR,li1,127.8800,187.6800,1.799958
output49,VPWR,li1,104.4200,187.6800,1.799956
output48,VPWR,li1,56.1200,187.6800,1.799972
output47,VPWR,li1,7.8200,138.7200,1.799992
output46,VPWR,li1,7.8200,155.0400,1.799950
output45,VPWR,li1,7.8200,133.2800,1.799950
output44,VPWR,li1,52.9000,187.6800,1.799974
output43,VPWR,li1,78.6600,187.6800,1.799963
output42,VPWR,li1,7.8200,116.9600,1.799997
output41,VPWR,li1,91.5400,187.6800,1.799959
output40,VPWR,li1,114.0800,187.6800,1.799955
output39,VPWR,li1,110.8600,187.6800,1.799955
output38,VPWR,li1,133.4000,187.6800,1.799960
output37,VPWR,li1,126.0400,187.6800,1.799957
output36,VPWR,li1,191.8200,144.1600,1.799966
output35,VPWR,li1,149.5000,187.6800,1.799969
output34,VPWR,li1,191.8200,155.0400,1.799919
output33,VPWR,li1,191.8200,149.6000,1.799973
output32,VPWR,li1,187.2200,138.7200,1.799974
output31,VPWR,li1,7.8200,95.2000,1.799983
output30,VPWR,li1,191.8200,133.2800,1.799962
output29,VPWR,li1,191.8200,127.8400,1.799955
output28,VPWR,li1,191.8200,138.7200,1.799973
output27,VPWR,li1,187.2200,111.5200,1.799912
output26,VPWR,li1,191.8200,111.5200,1.799911
output25,VPWR,li1,189.9800,89.7600,1.799984
output24,VPWR,li1,188.1400,89.7600,1.799985
output23,VPWR,li1,191.8200,78.8800,1.799979
output22,VPWR,li1,191.8200,84.3200,1.799964
output21,VPWR,li1,191.8200,89.7600,1.799984
output20,VPWR,li1,7.8200,84.3200,1.799950
input19,VPWR,li1,7.5900,78.8800,1.799980
input18,VPWR,li1,46.2300,13.6000,1.799998
input17,VPWR,li1,52.6700,13.6000,1.799998
input16,VPWR,li1,7.5900,57.1200,1.799999
input15,VPWR,li1,7.5900,51.6800,1.799989
input14,VPWR,li1,7.5900,40.8000,1.799994
input13,VPWR,li1,7.5900,62.5600,1.799987
input12,VPWR,li1,7.5900,73.4400,1.799940
input11,VPWR,li1,7.5900,78.8800,1.799980
input10,VPWR,li1,7.8200,84.3200,1.799950
input9,VPWR,li1,143.5200,187.6800,1.799966
input8,VPWR,li1,7.5900,165.9200,1.799997
input7,VPWR,li1,7.5900,160.4800,1.799996
input6,VPWR,li1,7.5900,149.6000,1.799978
input5,VPWR,li1,7.5900,165.9200,1.799997
input4,VPWR,li1,7.5900,149.6000,1.799978
input3,VPWR,li1,7.5900,133.2800,1.799950
input2,VPWR,li1,7.5900,144.1600,1.799990
input1,VPWR,li1,7.5900,144.1600,1.799990
TAP_TAPCELL_ROW_64_598,VPWR,li1,186.0700,187.3730,1.799992
TAP_TAPCELL_ROW_64_597,VPWR,li1,173.1900,187.3730,1.799989
TAP_TAPCELL_ROW_64_596,VPWR,li1,160.3100,187.3730,1.799979
TAP_TAPCELL_ROW_64_595,VPWR,li1,147.4300,187.3730,1.799967
TAP_TAPCELL_ROW_64_594,VPWR,li1,134.5500,187.3730,1.799960
TAP_TAPCELL_ROW_64_593,VPWR,li1,121.6700,187.3730,1.799956
TAP_TAPCELL_ROW_64_592,VPWR,li1,108.7900,187.3730,1.799956
TAP_TAPCELL_ROW_64_591,VPWR,li1,95.9100,187.3730,1.799958
TAP_TAPCELL_ROW_64_590,VPWR,li1,83.0300,187.3730,1.799961
TAP_TAPCELL_ROW_64_589,VPWR,li1,70.1500,187.3730,1.799967
TAP_TAPCELL_ROW_64_588,VPWR,li1,57.2700,187.3730,1.799972
TAP_TAPCELL_ROW_64_587,VPWR,li1,44.3900,187.3730,1.799980
TAP_TAPCELL_ROW_64_586,VPWR,li1,31.5100,187.3730,1.799988
TAP_TAPCELL_ROW_64_585,VPWR,li1,18.6300,187.3730,1.799994
TAP_TAPCELL_ROW_63_584,VPWR,li1,186.0700,182.5460,1.799970
TAP_TAPCELL_ROW_63_583,VPWR,li1,160.3100,182.5460,1.799927
TAP_TAPCELL_ROW_63_582,VPWR,li1,134.5500,182.5460,1.799861
TAP_TAPCELL_ROW_63_581,VPWR,li1,108.7900,182.5460,1.799838
TAP_TAPCELL_ROW_63_580,VPWR,li1,83.0300,182.5460,1.799864
TAP_TAPCELL_ROW_63_579,VPWR,li1,57.2700,182.5460,1.799913
TAP_TAPCELL_ROW_63_578,VPWR,li1,31.5100,182.5460,1.799964
TAP_TAPCELL_ROW_62_577,VPWR,li1,173.1900,181.9330,1.799964
TAP_TAPCELL_ROW_62_576,VPWR,li1,147.4300,181.9330,1.799892
TAP_TAPCELL_ROW_62_575,VPWR,li1,121.6700,181.9330,1.799842
TAP_TAPCELL_ROW_62_574,VPWR,li1,95.9100,181.9330,1.799845
TAP_TAPCELL_ROW_62_573,VPWR,li1,70.1500,181.9330,1.799889
TAP_TAPCELL_ROW_62_572,VPWR,li1,44.3900,181.9330,1.799937
TAP_TAPCELL_ROW_62_571,VPWR,li1,18.6300,181.9330,1.799981
TAP_TAPCELL_ROW_61_570,VPWR,li1,186.0700,177.1060,1.799992
TAP_TAPCELL_ROW_61_569,VPWR,li1,160.3100,177.1060,1.799980
TAP_TAPCELL_ROW_61_568,VPWR,li1,134.5500,177.1060,1.799961
TAP_TAPCELL_ROW_61_567,VPWR,li1,108.7900,177.1060,1.799949
TAP_TAPCELL_ROW_61_566,VPWR,li1,83.0300,177.1060,1.799959
TAP_TAPCELL_ROW_61_565,VPWR,li1,57.2700,177.1060,1.799971
TAP_TAPCELL_ROW_61_564,VPWR,li1,31.5100,177.1060,1.799988
TAP_TAPCELL_ROW_60_563,VPWR,li1,173.1900,176.4930,1.799990
TAP_TAPCELL_ROW_60_562,VPWR,li1,147.4300,176.4930,1.799969
TAP_TAPCELL_ROW_60_561,VPWR,li1,121.6700,176.4930,1.799955
TAP_TAPCELL_ROW_60_560,VPWR,li1,95.9100,176.4930,1.799954
TAP_TAPCELL_ROW_60_559,VPWR,li1,70.1500,176.4930,1.799965
TAP_TAPCELL_ROW_60_558,VPWR,li1,44.3900,176.4930,1.799979
TAP_TAPCELL_ROW_60_557,VPWR,li1,18.6300,176.4930,1.799993
TAP_TAPCELL_ROW_59_556,VPWR,li1,186.0700,171.6660,1.799982
TAP_TAPCELL_ROW_59_555,VPWR,li1,160.3100,171.6660,1.799953
TAP_TAPCELL_ROW_59_554,VPWR,li1,134.5500,171.6660,1.799911
TAP_TAPCELL_ROW_59_553,VPWR,li1,108.7900,171.6660,1.799890
TAP_TAPCELL_ROW_59_552,VPWR,li1,83.0300,171.6660,1.799887
TAP_TAPCELL_ROW_59_551,VPWR,li1,57.2700,171.6660,1.799913
TAP_TAPCELL_ROW_59_550,VPWR,li1,31.5100,171.6660,1.799963
TAP_TAPCELL_ROW_58_549,VPWR,li1,173.1900,171.0530,1.799978
TAP_TAPCELL_ROW_58_548,VPWR,li1,147.4300,171.0530,1.799931
TAP_TAPCELL_ROW_58_547,VPWR,li1,121.6700,171.0530,1.799899
TAP_TAPCELL_ROW_58_546,VPWR,li1,95.9100,171.0530,1.799885
TAP_TAPCELL_ROW_58_545,VPWR,li1,70.1500,171.0530,1.799897
TAP_TAPCELL_ROW_58_544,VPWR,li1,44.3900,171.0530,1.799935
TAP_TAPCELL_ROW_58_543,VPWR,li1,18.6300,171.0530,1.799981
TAP_TAPCELL_ROW_57_542,VPWR,li1,186.0700,166.2260,1.799991
TAP_TAPCELL_ROW_57_541,VPWR,li1,160.3100,166.2260,1.799983
TAP_TAPCELL_ROW_57_540,VPWR,li1,134.5500,166.2260,1.799975
TAP_TAPCELL_ROW_57_539,VPWR,li1,108.7900,166.2260,1.799974
TAP_TAPCELL_ROW_57_538,VPWR,li1,83.0300,166.2260,1.799980
TAP_TAPCELL_ROW_57_537,VPWR,li1,57.2700,166.2260,1.799987
TAP_TAPCELL_ROW_57_536,VPWR,li1,31.5100,166.2260,1.799995
TAP_TAPCELL_ROW_56_535,VPWR,li1,173.1900,165.6130,1.799989
TAP_TAPCELL_ROW_56_534,VPWR,li1,147.4300,165.6130,1.799979
TAP_TAPCELL_ROW_56_533,VPWR,li1,121.6700,165.6130,1.799971
TAP_TAPCELL_ROW_56_532,VPWR,li1,95.9100,165.6130,1.799977
TAP_TAPCELL_ROW_56_531,VPWR,li1,70.1500,165.6130,1.799984
TAP_TAPCELL_ROW_56_530,VPWR,li1,44.3900,165.6130,1.799991
TAP_TAPCELL_ROW_56_529,VPWR,li1,18.6300,165.6130,1.799997
TAP_TAPCELL_ROW_55_528,VPWR,li1,186.0700,160.7860,1.799985
TAP_TAPCELL_ROW_55_527,VPWR,li1,160.3100,160.7860,1.799989
TAP_TAPCELL_ROW_55_526,VPWR,li1,134.5500,160.7860,1.799985
TAP_TAPCELL_ROW_55_525,VPWR,li1,108.7900,160.7860,1.799980
TAP_TAPCELL_ROW_55_524,VPWR,li1,83.0300,160.7860,1.799976
TAP_TAPCELL_ROW_55_523,VPWR,li1,57.2700,160.7860,1.799981
TAP_TAPCELL_ROW_55_522,VPWR,li1,31.5100,160.7860,1.799992
TAP_TAPCELL_ROW_54_521,VPWR,li1,173.1900,160.1730,1.799991
TAP_TAPCELL_ROW_54_520,VPWR,li1,147.4300,160.1730,1.799987
TAP_TAPCELL_ROW_54_519,VPWR,li1,121.6700,160.1730,1.799982
TAP_TAPCELL_ROW_54_518,VPWR,li1,95.9100,160.1730,1.799978
TAP_TAPCELL_ROW_54_517,VPWR,li1,70.1500,160.1730,1.799976
TAP_TAPCELL_ROW_54_516,VPWR,li1,44.3900,160.1730,1.799986
TAP_TAPCELL_ROW_54_515,VPWR,li1,18.6300,160.1730,1.799996
TAP_TAPCELL_ROW_53_514,VPWR,li1,186.0700,155.3460,1.799920
TAP_TAPCELL_ROW_53_513,VPWR,li1,160.3100,155.3460,1.799808
TAP_TAPCELL_ROW_53_512,VPWR,li1,134.5500,155.3460,1.799673
TAP_TAPCELL_ROW_53_511,VPWR,li1,108.7900,155.3460,1.799695
TAP_TAPCELL_ROW_53_510,VPWR,li1,83.0300,155.3460,1.799758
TAP_TAPCELL_ROW_53_509,VPWR,li1,57.2700,155.3460,1.799822
TAP_TAPCELL_ROW_53_508,VPWR,li1,31.5100,155.3460,1.799909
TAP_TAPCELL_ROW_52_507,VPWR,li1,173.1900,154.7330,1.799901
TAP_TAPCELL_ROW_52_506,VPWR,li1,147.4300,154.7330,1.799725
TAP_TAPCELL_ROW_52_505,VPWR,li1,121.6700,154.7330,1.799665
TAP_TAPCELL_ROW_52_504,VPWR,li1,95.9100,154.7330,1.799726
TAP_TAPCELL_ROW_52_503,VPWR,li1,70.1500,154.7330,1.799794
TAP_TAPCELL_ROW_52_502,VPWR,li1,44.3900,154.7330,1.799859
TAP_TAPCELL_ROW_52_501,VPWR,li1,18.6300,154.7330,1.799952
TAP_TAPCELL_ROW_51_500,VPWR,li1,186.0700,149.9060,1.799975
TAP_TAPCELL_ROW_51_499,VPWR,li1,160.3100,149.9060,1.799972
TAP_TAPCELL_ROW_51_498,VPWR,li1,134.5500,149.9060,1.799952
TAP_TAPCELL_ROW_51_497,VPWR,li1,108.7900,149.9060,1.799936
TAP_TAPCELL_ROW_51_496,VPWR,li1,83.0300,149.9060,1.799927
TAP_TAPCELL_ROW_51_495,VPWR,li1,57.2700,149.9060,1.799942
TAP_TAPCELL_ROW_51_494,VPWR,li1,31.5100,149.9060,1.799970
TAP_TAPCELL_ROW_50_493,VPWR,li1,173.1900,149.2930,1.799982
TAP_TAPCELL_ROW_50_492,VPWR,li1,147.4300,149.2930,1.799961
TAP_TAPCELL_ROW_50_491,VPWR,li1,121.6700,149.2930,1.799945
TAP_TAPCELL_ROW_50_490,VPWR,li1,95.9100,149.2930,1.799929
TAP_TAPCELL_ROW_50_489,VPWR,li1,70.1500,149.2930,1.799931
TAP_TAPCELL_ROW_50_488,VPWR,li1,44.3900,149.2930,1.799957
TAP_TAPCELL_ROW_50_487,VPWR,li1,18.6300,149.2930,1.799979
TAP_TAPCELL_ROW_49_486,VPWR,li1,186.0700,144.4660,1.799968
TAP_TAPCELL_ROW_49_485,VPWR,li1,160.3100,144.4660,1.799968
TAP_TAPCELL_ROW_49_484,VPWR,li1,134.5500,144.4660,1.799962
TAP_TAPCELL_ROW_49_483,VPWR,li1,108.7900,144.4660,1.799957
TAP_TAPCELL_ROW_49_482,VPWR,li1,83.0300,144.4660,1.799966
TAP_TAPCELL_ROW_49_481,VPWR,li1,57.2700,144.4660,1.799974
TAP_TAPCELL_ROW_49_480,VPWR,li1,31.5100,144.4660,1.799983
TAP_TAPCELL_ROW_48_479,VPWR,li1,173.1900,143.8530,1.799975
TAP_TAPCELL_ROW_48_478,VPWR,li1,147.4300,143.8530,1.799965
TAP_TAPCELL_ROW_48_477,VPWR,li1,121.6700,143.8530,1.799958
TAP_TAPCELL_ROW_48_476,VPWR,li1,95.9100,143.8530,1.799961
TAP_TAPCELL_ROW_48_475,VPWR,li1,70.1500,143.8530,1.799970
TAP_TAPCELL_ROW_48_474,VPWR,li1,44.3900,143.8530,1.799979
TAP_TAPCELL_ROW_48_473,VPWR,li1,18.6300,143.8530,1.799990
TAP_TAPCELL_ROW_47_472,VPWR,li1,186.0700,139.0260,1.799974
TAP_TAPCELL_ROW_47_471,VPWR,li1,160.3100,139.0260,1.799972
TAP_TAPCELL_ROW_47_470,VPWR,li1,134.5500,139.0260,1.799966
TAP_TAPCELL_ROW_47_469,VPWR,li1,108.7900,139.0260,1.799973
TAP_TAPCELL_ROW_47_468,VPWR,li1,83.0300,139.0260,1.799979
TAP_TAPCELL_ROW_47_467,VPWR,li1,57.2700,139.0260,1.799986
TAP_TAPCELL_ROW_47_466,VPWR,li1,31.5100,139.0260,1.799992
TAP_TAPCELL_ROW_46_465,VPWR,li1,173.1900,138.4130,1.799978
TAP_TAPCELL_ROW_46_464,VPWR,li1,147.4300,138.4130,1.799967
TAP_TAPCELL_ROW_46_463,VPWR,li1,121.6700,138.4130,1.799970
TAP_TAPCELL_ROW_46_462,VPWR,li1,95.9100,138.4130,1.799976
TAP_TAPCELL_ROW_46_461,VPWR,li1,70.1500,138.4130,1.799982
TAP_TAPCELL_ROW_46_460,VPWR,li1,44.3900,138.4130,1.799989
TAP_TAPCELL_ROW_46_459,VPWR,li1,18.6300,138.4130,1.799994
TAP_TAPCELL_ROW_45_458,VPWR,li1,186.0700,133.5860,1.799964
TAP_TAPCELL_ROW_45_457,VPWR,li1,160.3100,133.5860,1.799944
TAP_TAPCELL_ROW_45_456,VPWR,li1,134.5500,133.5860,1.799893
TAP_TAPCELL_ROW_45_455,VPWR,li1,108.7900,133.5860,1.799862
TAP_TAPCELL_ROW_45_454,VPWR,li1,83.0300,133.5860,1.799839
TAP_TAPCELL_ROW_45_453,VPWR,li1,57.2700,133.5860,1.799819
TAP_TAPCELL_ROW_45_452,VPWR,li1,31.5100,133.5860,1.799910
TAP_TAPCELL_ROW_44_451,VPWR,li1,173.1900,132.9730,1.799969
TAP_TAPCELL_ROW_44_450,VPWR,li1,147.4300,132.9730,1.799916
TAP_TAPCELL_ROW_44_449,VPWR,li1,121.6700,132.9730,1.799873
TAP_TAPCELL_ROW_44_448,VPWR,li1,95.9100,132.9730,1.799852
TAP_TAPCELL_ROW_44_447,VPWR,li1,70.1500,132.9730,1.799830
TAP_TAPCELL_ROW_44_446,VPWR,li1,44.3900,132.9730,1.799862
TAP_TAPCELL_ROW_44_445,VPWR,li1,18.6300,132.9730,1.799952
TAP_TAPCELL_ROW_43_444,VPWR,li1,186.0700,128.1460,1.799956
TAP_TAPCELL_ROW_43_443,VPWR,li1,160.3100,128.1460,1.799933
TAP_TAPCELL_ROW_43_442,VPWR,li1,134.5500,128.1460,1.799942
TAP_TAPCELL_ROW_43_441,VPWR,li1,108.7900,128.1460,1.799951
TAP_TAPCELL_ROW_43_440,VPWR,li1,83.0300,128.1460,1.799961
TAP_TAPCELL_ROW_43_439,VPWR,li1,57.2700,128.1460,1.799970
TAP_TAPCELL_ROW_43_438,VPWR,li1,31.5100,128.1460,1.799981
TAP_TAPCELL_ROW_42_437,VPWR,li1,173.1900,127.5330,1.799950
TAP_TAPCELL_ROW_42_436,VPWR,li1,147.4300,127.5330,1.799937
TAP_TAPCELL_ROW_42_435,VPWR,li1,121.6700,127.5330,1.799947
TAP_TAPCELL_ROW_42_434,VPWR,li1,95.9100,127.5330,1.799956
TAP_TAPCELL_ROW_42_433,VPWR,li1,70.1500,127.5330,1.799965
TAP_TAPCELL_ROW_42_432,VPWR,li1,44.3900,127.5330,1.799974
TAP_TAPCELL_ROW_42_431,VPWR,li1,18.6300,127.5330,1.799985
TAP_TAPCELL_ROW_41_430,VPWR,li1,186.0700,122.7060,1.799943
TAP_TAPCELL_ROW_41_429,VPWR,li1,160.3100,122.7060,1.799920
TAP_TAPCELL_ROW_41_428,VPWR,li1,134.5500,122.7060,1.799932
TAP_TAPCELL_ROW_41_427,VPWR,li1,108.7900,122.7060,1.799946
TAP_TAPCELL_ROW_41_426,VPWR,li1,83.0300,122.7060,1.799959
TAP_TAPCELL_ROW_41_425,VPWR,li1,57.2700,122.7060,1.799971
TAP_TAPCELL_ROW_41_424,VPWR,li1,31.5100,122.7060,1.799984
TAP_TAPCELL_ROW_40_423,VPWR,li1,173.1900,122.0930,1.799943
TAP_TAPCELL_ROW_40_422,VPWR,li1,147.4300,122.0930,1.799926
TAP_TAPCELL_ROW_40_421,VPWR,li1,121.6700,122.0930,1.799939
TAP_TAPCELL_ROW_40_420,VPWR,li1,95.9100,122.0930,1.799952
TAP_TAPCELL_ROW_40_419,VPWR,li1,70.1500,122.0930,1.799965
TAP_TAPCELL_ROW_40_418,VPWR,li1,44.3900,122.0930,1.799978
TAP_TAPCELL_ROW_40_417,VPWR,li1,18.6300,122.0930,1.799988
TAP_TAPCELL_ROW_39_416,VPWR,li1,186.0700,117.2660,1.799982
TAP_TAPCELL_ROW_39_415,VPWR,li1,160.3100,117.2660,1.799975
TAP_TAPCELL_ROW_39_414,VPWR,li1,134.5500,117.2660,1.799968
TAP_TAPCELL_ROW_39_413,VPWR,li1,108.7900,117.2660,1.799975
TAP_TAPCELL_ROW_39_412,VPWR,li1,83.0300,117.2660,1.799982
TAP_TAPCELL_ROW_39_411,VPWR,li1,57.2700,117.2660,1.799988
TAP_TAPCELL_ROW_39_410,VPWR,li1,31.5100,117.2660,1.799995
TAP_TAPCELL_ROW_38_409,VPWR,li1,173.1900,116.6530,1.799983
TAP_TAPCELL_ROW_38_408,VPWR,li1,147.4300,116.6530,1.799971
TAP_TAPCELL_ROW_38_407,VPWR,li1,121.6700,116.6530,1.799972
TAP_TAPCELL_ROW_38_406,VPWR,li1,95.9100,116.6530,1.799978
TAP_TAPCELL_ROW_38_405,VPWR,li1,70.1500,116.6530,1.799985
TAP_TAPCELL_ROW_38_404,VPWR,li1,44.3900,116.6530,1.799991
TAP_TAPCELL_ROW_38_403,VPWR,li1,18.6300,116.6530,1.799997
TAP_TAPCELL_ROW_37_402,VPWR,li1,186.0700,111.8260,1.799912
TAP_TAPCELL_ROW_37_401,VPWR,li1,160.3100,111.8260,1.799814
TAP_TAPCELL_ROW_37_400,VPWR,li1,134.5500,111.8260,1.799721
TAP_TAPCELL_ROW_37_399,VPWR,li1,108.7900,111.8260,1.799633
TAP_TAPCELL_ROW_37_398,VPWR,li1,83.0300,111.8260,1.799706
TAP_TAPCELL_ROW_37_397,VPWR,li1,57.2700,111.8260,1.799805
TAP_TAPCELL_ROW_37_396,VPWR,li1,31.5100,111.8260,1.799918
TAP_TAPCELL_ROW_36_395,VPWR,li1,173.1900,111.2130,1.799898
TAP_TAPCELL_ROW_36_394,VPWR,li1,147.4300,111.2130,1.799767
TAP_TAPCELL_ROW_36_393,VPWR,li1,121.6700,111.2130,1.799678
TAP_TAPCELL_ROW_36_392,VPWR,li1,95.9100,111.2130,1.799648
TAP_TAPCELL_ROW_36_391,VPWR,li1,70.1500,111.2130,1.799754
TAP_TAPCELL_ROW_36_390,VPWR,li1,44.3900,111.2130,1.799864
TAP_TAPCELL_ROW_36_389,VPWR,li1,18.6300,111.2130,1.799950
TAP_TAPCELL_ROW_35_388,VPWR,li1,186.0700,106.3860,1.799977
TAP_TAPCELL_ROW_35_387,VPWR,li1,160.3100,106.3860,1.799976
TAP_TAPCELL_ROW_35_386,VPWR,li1,134.5500,106.3860,1.799970
TAP_TAPCELL_ROW_35_385,VPWR,li1,108.7900,106.3860,1.799975
TAP_TAPCELL_ROW_35_384,VPWR,li1,83.0300,106.3860,1.799980
TAP_TAPCELL_ROW_35_383,VPWR,li1,57.2700,106.3860,1.799984
TAP_TAPCELL_ROW_35_382,VPWR,li1,31.5100,106.3860,1.799989
TAP_TAPCELL_ROW_34_381,VPWR,li1,173.1900,105.7730,1.799981
TAP_TAPCELL_ROW_34_380,VPWR,li1,147.4300,105.7730,1.799971
TAP_TAPCELL_ROW_34_379,VPWR,li1,121.6700,105.7730,1.799973
TAP_TAPCELL_ROW_34_378,VPWR,li1,95.9100,105.7730,1.799977
TAP_TAPCELL_ROW_34_377,VPWR,li1,70.1500,105.7730,1.799982
TAP_TAPCELL_ROW_34_376,VPWR,li1,44.3900,105.7730,1.799987
TAP_TAPCELL_ROW_34_375,VPWR,li1,18.6300,105.7730,1.799990
TAP_TAPCELL_ROW_33_374,VPWR,li1,186.0700,100.9460,1.799981
TAP_TAPCELL_ROW_33_373,VPWR,li1,160.3100,100.9460,1.799986
TAP_TAPCELL_ROW_33_372,VPWR,li1,134.5500,100.9460,1.799988
TAP_TAPCELL_ROW_33_371,VPWR,li1,108.7900,100.9460,1.799991
TAP_TAPCELL_ROW_33_370,VPWR,li1,83.0300,100.9460,1.799993
TAP_TAPCELL_ROW_33_369,VPWR,li1,57.2700,100.9460,1.799995
TAP_TAPCELL_ROW_33_368,VPWR,li1,31.5100,100.9460,1.799998
TAP_TAPCELL_ROW_32_367,VPWR,li1,173.1900,100.3330,1.799987
TAP_TAPCELL_ROW_32_366,VPWR,li1,147.4300,100.3330,1.799987
TAP_TAPCELL_ROW_32_365,VPWR,li1,121.6700,100.3330,1.799989
TAP_TAPCELL_ROW_32_364,VPWR,li1,95.9100,100.3330,1.799992
TAP_TAPCELL_ROW_32_363,VPWR,li1,70.1500,100.3330,1.799994
TAP_TAPCELL_ROW_32_362,VPWR,li1,44.3900,100.3330,1.799996
TAP_TAPCELL_ROW_32_361,VPWR,li1,18.6300,100.3330,1.799999
TAP_TAPCELL_ROW_31_360,VPWR,li1,186.0700,95.5060,1.799980
TAP_TAPCELL_ROW_31_359,VPWR,li1,160.3100,95.5060,1.799982
TAP_TAPCELL_ROW_31_358,VPWR,li1,134.5500,95.5060,1.799977
TAP_TAPCELL_ROW_31_357,VPWR,li1,108.7900,95.5060,1.799980
TAP_TAPCELL_ROW_31_356,VPWR,li1,83.0300,95.5060,1.799984
TAP_TAPCELL_ROW_31_355,VPWR,li1,57.2700,95.5060,1.799987
TAP_TAPCELL_ROW_31_354,VPWR,li1,31.5100,95.5060,1.799990
TAP_TAPCELL_ROW_30_353,VPWR,li1,173.1900,94.8930,1.799987
TAP_TAPCELL_ROW_30_352,VPWR,li1,147.4300,94.8930,1.799976
TAP_TAPCELL_ROW_30_351,VPWR,li1,121.6700,94.8930,1.799979
TAP_TAPCELL_ROW_30_350,VPWR,li1,95.9100,94.8930,1.799982
TAP_TAPCELL_ROW_30_349,VPWR,li1,70.1500,94.8930,1.799985
TAP_TAPCELL_ROW_30_348,VPWR,li1,44.3900,94.8930,1.799988
TAP_TAPCELL_ROW_30_347,VPWR,li1,18.6300,94.8930,1.799989
TAP_TAPCELL_ROW_29_346,VPWR,li1,186.0700,90.0660,1.799986
TAP_TAPCELL_ROW_29_345,VPWR,li1,160.3100,90.0660,1.799989
TAP_TAPCELL_ROW_29_344,VPWR,li1,134.5500,90.0660,1.799988
TAP_TAPCELL_ROW_29_343,VPWR,li1,108.7900,90.0660,1.799987
TAP_TAPCELL_ROW_29_342,VPWR,li1,83.0300,90.0660,1.799986
TAP_TAPCELL_ROW_29_341,VPWR,li1,57.2700,90.0660,1.799986
TAP_TAPCELL_ROW_29_340,VPWR,li1,31.5100,90.0660,1.799987
TAP_TAPCELL_ROW_28_339,VPWR,li1,173.1900,89.4530,1.799989
TAP_TAPCELL_ROW_28_338,VPWR,li1,147.4300,89.4530,1.799988
TAP_TAPCELL_ROW_28_337,VPWR,li1,121.6700,89.4530,1.799988
TAP_TAPCELL_ROW_28_336,VPWR,li1,95.9100,89.4530,1.799987
TAP_TAPCELL_ROW_28_335,VPWR,li1,70.1500,89.4530,1.799986
TAP_TAPCELL_ROW_28_334,VPWR,li1,44.3900,89.4530,1.799985
TAP_TAPCELL_ROW_28_333,VPWR,li1,18.6300,89.4530,1.799992
TAP_TAPCELL_ROW_27_332,VPWR,li1,186.0700,84.6260,1.799967
TAP_TAPCELL_ROW_27_331,VPWR,li1,160.3100,84.6260,1.799965
TAP_TAPCELL_ROW_27_330,VPWR,li1,134.5500,84.6260,1.799950
TAP_TAPCELL_ROW_27_329,VPWR,li1,108.7900,84.6260,1.799935
TAP_TAPCELL_ROW_27_328,VPWR,li1,83.0300,84.6260,1.799919
TAP_TAPCELL_ROW_27_327,VPWR,li1,57.2700,84.6260,1.799904
TAP_TAPCELL_ROW_27_326,VPWR,li1,31.5100,84.6260,1.799909
TAP_TAPCELL_ROW_26_325,VPWR,li1,173.1900,84.0130,1.799975
TAP_TAPCELL_ROW_26_324,VPWR,li1,147.4300,84.0130,1.799958
TAP_TAPCELL_ROW_26_323,VPWR,li1,121.6700,84.0130,1.799943
TAP_TAPCELL_ROW_26_322,VPWR,li1,95.9100,84.0130,1.799927
TAP_TAPCELL_ROW_26_321,VPWR,li1,70.1500,84.0130,1.799912
TAP_TAPCELL_ROW_26_320,VPWR,li1,44.3900,84.0130,1.799896
TAP_TAPCELL_ROW_26_319,VPWR,li1,18.6300,84.0130,1.799952
TAP_TAPCELL_ROW_25_318,VPWR,li1,186.0700,79.1860,1.799980
TAP_TAPCELL_ROW_25_317,VPWR,li1,160.3100,79.1860,1.799980
TAP_TAPCELL_ROW_25_316,VPWR,li1,134.5500,79.1860,1.799976
TAP_TAPCELL_ROW_25_315,VPWR,li1,108.7900,79.1860,1.799972
TAP_TAPCELL_ROW_25_314,VPWR,li1,83.0300,79.1860,1.799969
TAP_TAPCELL_ROW_25_313,VPWR,li1,57.2700,79.1860,1.799965
TAP_TAPCELL_ROW_25_312,VPWR,li1,31.5100,79.1860,1.799975
TAP_TAPCELL_ROW_24_311,VPWR,li1,173.1900,78.5730,1.799984
TAP_TAPCELL_ROW_24_310,VPWR,li1,147.4300,78.5730,1.799978
TAP_TAPCELL_ROW_24_309,VPWR,li1,121.6700,78.5730,1.799974
TAP_TAPCELL_ROW_24_308,VPWR,li1,95.9100,78.5730,1.799971
TAP_TAPCELL_ROW_24_307,VPWR,li1,70.1500,78.5730,1.799967
TAP_TAPCELL_ROW_24_306,VPWR,li1,44.3900,78.5730,1.799964
TAP_TAPCELL_ROW_24_305,VPWR,li1,18.6300,78.5730,1.799983
TAP_TAPCELL_ROW_23_304,VPWR,li1,186.0700,73.7460,1.799990
TAP_TAPCELL_ROW_23_303,VPWR,li1,160.3100,73.7460,1.799973
TAP_TAPCELL_ROW_23_302,VPWR,li1,134.5500,73.7460,1.799947
TAP_TAPCELL_ROW_23_301,VPWR,li1,108.7900,73.7460,1.799921
TAP_TAPCELL_ROW_23_300,VPWR,li1,83.0300,73.7460,1.799894
TAP_TAPCELL_ROW_23_299,VPWR,li1,57.2700,73.7460,1.799869
TAP_TAPCELL_ROW_23_298,VPWR,li1,31.5100,73.7460,1.799901
TAP_TAPCELL_ROW_22_297,VPWR,li1,173.1900,73.1330,1.799987
TAP_TAPCELL_ROW_22_296,VPWR,li1,147.4300,73.1330,1.799960
TAP_TAPCELL_ROW_22_295,VPWR,li1,121.6700,73.1330,1.799935
TAP_TAPCELL_ROW_22_294,VPWR,li1,95.9100,73.1330,1.799908
TAP_TAPCELL_ROW_22_293,VPWR,li1,70.1500,73.1330,1.799881
TAP_TAPCELL_ROW_22_292,VPWR,li1,44.3900,73.1330,1.799855
TAP_TAPCELL_ROW_22_291,VPWR,li1,18.6300,73.1330,1.799943
TAP_TAPCELL_ROW_21_290,VPWR,li1,186.0700,68.3060,1.800000
TAP_TAPCELL_ROW_21_289,VPWR,li1,160.3100,68.3060,1.800000
TAP_TAPCELL_ROW_21_288,VPWR,li1,134.5500,68.3060,1.800000
TAP_TAPCELL_ROW_21_287,VPWR,li1,108.7900,68.3060,1.800000
TAP_TAPCELL_ROW_21_286,VPWR,li1,83.0300,68.3060,1.800000
TAP_TAPCELL_ROW_21_285,VPWR,li1,57.2700,68.3060,1.800000
TAP_TAPCELL_ROW_21_284,VPWR,li1,31.5100,68.3060,1.800000
TAP_TAPCELL_ROW_20_283,VPWR,li1,173.1900,67.6930,1.800000
TAP_TAPCELL_ROW_20_282,VPWR,li1,147.4300,67.6930,1.800000
TAP_TAPCELL_ROW_20_281,VPWR,li1,121.6700,67.6930,1.800000
TAP_TAPCELL_ROW_20_280,VPWR,li1,95.9100,67.6930,1.800000
TAP_TAPCELL_ROW_20_279,VPWR,li1,70.1500,67.6930,1.800000
TAP_TAPCELL_ROW_20_278,VPWR,li1,44.3900,67.6930,1.800000
TAP_TAPCELL_ROW_20_277,VPWR,li1,18.6300,67.6930,1.800000
TAP_TAPCELL_ROW_19_276,VPWR,li1,186.0700,62.8660,1.799999
TAP_TAPCELL_ROW_19_275,VPWR,li1,160.3100,62.8660,1.799997
TAP_TAPCELL_ROW_19_274,VPWR,li1,134.5500,62.8660,1.799995
TAP_TAPCELL_ROW_19_273,VPWR,li1,108.7900,62.8660,1.799992
TAP_TAPCELL_ROW_19_272,VPWR,li1,83.0300,62.8660,1.799989
TAP_TAPCELL_ROW_19_271,VPWR,li1,57.2700,62.8660,1.799987
TAP_TAPCELL_ROW_19_270,VPWR,li1,31.5100,62.8660,1.799984
TAP_TAPCELL_ROW_18_269,VPWR,li1,173.1900,62.2530,1.799999
TAP_TAPCELL_ROW_18_268,VPWR,li1,147.4300,62.2530,1.799996
TAP_TAPCELL_ROW_18_267,VPWR,li1,121.6700,62.2530,1.799993
TAP_TAPCELL_ROW_18_266,VPWR,li1,95.9100,62.2530,1.799991
TAP_TAPCELL_ROW_18_265,VPWR,li1,70.1500,62.2530,1.799988
TAP_TAPCELL_ROW_18_264,VPWR,li1,44.3900,62.2530,1.799985
TAP_TAPCELL_ROW_18_263,VPWR,li1,18.6300,62.2530,1.799988
TAP_TAPCELL_ROW_17_262,VPWR,li1,186.0700,57.4260,1.800000
TAP_TAPCELL_ROW_17_261,VPWR,li1,160.3100,57.4260,1.800000
TAP_TAPCELL_ROW_17_260,VPWR,li1,134.5500,57.4260,1.800000
TAP_TAPCELL_ROW_17_259,VPWR,li1,108.7900,57.4260,1.800000
TAP_TAPCELL_ROW_17_258,VPWR,li1,83.0300,57.4260,1.800000
TAP_TAPCELL_ROW_17_257,VPWR,li1,57.2700,57.4260,1.800000
TAP_TAPCELL_ROW_17_256,VPWR,li1,31.5100,57.4260,1.800000
TAP_TAPCELL_ROW_16_255,VPWR,li1,173.1900,56.8130,1.800000
TAP_TAPCELL_ROW_16_254,VPWR,li1,147.4300,56.8130,1.800000
TAP_TAPCELL_ROW_16_253,VPWR,li1,121.6700,56.8130,1.800000
TAP_TAPCELL_ROW_16_252,VPWR,li1,95.9100,56.8130,1.800000
TAP_TAPCELL_ROW_16_251,VPWR,li1,70.1500,56.8130,1.800000
TAP_TAPCELL_ROW_16_250,VPWR,li1,44.3900,56.8130,1.800000
TAP_TAPCELL_ROW_16_249,VPWR,li1,18.6300,56.8130,1.799999
TAP_TAPCELL_ROW_15_248,VPWR,li1,186.0700,51.9860,1.799999
TAP_TAPCELL_ROW_15_247,VPWR,li1,160.3100,51.9860,1.799996
TAP_TAPCELL_ROW_15_246,VPWR,li1,134.5500,51.9860,1.799992
TAP_TAPCELL_ROW_15_245,VPWR,li1,108.7900,51.9860,1.799989
TAP_TAPCELL_ROW_15_244,VPWR,li1,83.0300,51.9860,1.799985
TAP_TAPCELL_ROW_15_243,VPWR,li1,57.2700,51.9860,1.799981
TAP_TAPCELL_ROW_15_242,VPWR,li1,31.5100,51.9860,1.799986
TAP_TAPCELL_ROW_14_241,VPWR,li1,173.1900,51.3730,1.799998
TAP_TAPCELL_ROW_14_240,VPWR,li1,147.4300,51.3730,1.799994
TAP_TAPCELL_ROW_14_239,VPWR,li1,121.6700,51.3730,1.799991
TAP_TAPCELL_ROW_14_238,VPWR,li1,95.9100,51.3730,1.799987
TAP_TAPCELL_ROW_14_237,VPWR,li1,70.1500,51.3730,1.799983
TAP_TAPCELL_ROW_14_236,VPWR,li1,44.3900,51.3730,1.799980
TAP_TAPCELL_ROW_14_235,VPWR,li1,18.6300,51.3730,1.799989
TAP_TAPCELL_ROW_13_234,VPWR,li1,186.0700,46.5460,1.799998
TAP_TAPCELL_ROW_13_233,VPWR,li1,160.3100,46.5460,1.799994
TAP_TAPCELL_ROW_13_232,VPWR,li1,134.5500,46.5460,1.799988
TAP_TAPCELL_ROW_13_231,VPWR,li1,108.7900,46.5460,1.799982
TAP_TAPCELL_ROW_13_230,VPWR,li1,83.0300,46.5460,1.799976
TAP_TAPCELL_ROW_13_229,VPWR,li1,57.2700,46.5460,1.799970
TAP_TAPCELL_ROW_13_228,VPWR,li1,31.5100,46.5460,1.799982
TAP_TAPCELL_ROW_12_227,VPWR,li1,173.1900,45.9330,1.799997
TAP_TAPCELL_ROW_12_226,VPWR,li1,147.4300,45.9330,1.799991
TAP_TAPCELL_ROW_12_225,VPWR,li1,121.6700,45.9330,1.799985
TAP_TAPCELL_ROW_12_224,VPWR,li1,95.9100,45.9330,1.799979
TAP_TAPCELL_ROW_12_223,VPWR,li1,70.1500,45.9330,1.799973
TAP_TAPCELL_ROW_12_222,VPWR,li1,44.3900,45.9330,1.799972
TAP_TAPCELL_ROW_12_221,VPWR,li1,18.6300,45.9330,1.799991
TAP_TAPCELL_ROW_11_220,VPWR,li1,186.0700,41.1060,1.800000
TAP_TAPCELL_ROW_11_219,VPWR,li1,160.3100,41.1060,1.799999
TAP_TAPCELL_ROW_11_218,VPWR,li1,134.5500,41.1060,1.799998
TAP_TAPCELL_ROW_11_217,VPWR,li1,108.7900,41.1060,1.799997
TAP_TAPCELL_ROW_11_216,VPWR,li1,83.0300,41.1060,1.799996
TAP_TAPCELL_ROW_11_215,VPWR,li1,57.2700,41.1060,1.799994
TAP_TAPCELL_ROW_11_214,VPWR,li1,31.5100,41.1060,1.799993
TAP_TAPCELL_ROW_10_213,VPWR,li1,173.1900,40.4930,1.799999
TAP_TAPCELL_ROW_10_212,VPWR,li1,147.4300,40.4930,1.799998
TAP_TAPCELL_ROW_10_211,VPWR,li1,121.6700,40.4930,1.799997
TAP_TAPCELL_ROW_10_210,VPWR,li1,95.9100,40.4930,1.799996
TAP_TAPCELL_ROW_10_209,VPWR,li1,70.1500,40.4930,1.799995
TAP_TAPCELL_ROW_10_208,VPWR,li1,44.3900,40.4930,1.799994
TAP_TAPCELL_ROW_10_207,VPWR,li1,18.6300,40.4930,1.799994
TAP_TAPCELL_ROW_9_206,VPWR,li1,186.0700,35.6660,1.799998
TAP_TAPCELL_ROW_9_205,VPWR,li1,160.3100,35.6660,1.799994
TAP_TAPCELL_ROW_9_204,VPWR,li1,134.5500,35.6660,1.799988
TAP_TAPCELL_ROW_9_203,VPWR,li1,108.7900,35.6660,1.799982
TAP_TAPCELL_ROW_9_202,VPWR,li1,83.0300,35.6660,1.799976
TAP_TAPCELL_ROW_9_201,VPWR,li1,57.2700,35.6660,1.799970
TAP_TAPCELL_ROW_9_200,VPWR,li1,31.5100,35.6660,1.799982
TAP_TAPCELL_ROW_8_199,VPWR,li1,173.1900,35.0530,1.799997
TAP_TAPCELL_ROW_8_198,VPWR,li1,147.4300,35.0530,1.799991
TAP_TAPCELL_ROW_8_197,VPWR,li1,121.6700,35.0530,1.799985
TAP_TAPCELL_ROW_8_196,VPWR,li1,95.9100,35.0530,1.799979
TAP_TAPCELL_ROW_8_195,VPWR,li1,70.1500,35.0530,1.799973
TAP_TAPCELL_ROW_8_194,VPWR,li1,44.3900,35.0530,1.799973
TAP_TAPCELL_ROW_8_193,VPWR,li1,18.6300,35.0530,1.799991
TAP_TAPCELL_ROW_7_192,VPWR,li1,186.0700,30.2260,1.800000
TAP_TAPCELL_ROW_7_191,VPWR,li1,160.3100,30.2260,1.800000
TAP_TAPCELL_ROW_7_190,VPWR,li1,134.5500,30.2260,1.800000
TAP_TAPCELL_ROW_7_189,VPWR,li1,108.7900,30.2260,1.800000
TAP_TAPCELL_ROW_7_188,VPWR,li1,83.0300,30.2260,1.800000
TAP_TAPCELL_ROW_7_187,VPWR,li1,57.2700,30.2260,1.800000
TAP_TAPCELL_ROW_7_186,VPWR,li1,31.5100,30.2260,1.800000
TAP_TAPCELL_ROW_6_185,VPWR,li1,173.1900,29.6130,1.800000
TAP_TAPCELL_ROW_6_184,VPWR,li1,147.4300,29.6130,1.800000
TAP_TAPCELL_ROW_6_183,VPWR,li1,121.6700,29.6130,1.800000
TAP_TAPCELL_ROW_6_182,VPWR,li1,95.9100,29.6130,1.800000
TAP_TAPCELL_ROW_6_181,VPWR,li1,70.1500,29.6130,1.800000
TAP_TAPCELL_ROW_6_180,VPWR,li1,44.3900,29.6130,1.800000
TAP_TAPCELL_ROW_6_179,VPWR,li1,18.6300,29.6130,1.800000
TAP_TAPCELL_ROW_5_178,VPWR,li1,186.0700,24.7860,1.800000
TAP_TAPCELL_ROW_5_177,VPWR,li1,160.3100,24.7860,1.800000
TAP_TAPCELL_ROW_5_176,VPWR,li1,134.5500,24.7860,1.800000
TAP_TAPCELL_ROW_5_175,VPWR,li1,108.7900,24.7860,1.800000
TAP_TAPCELL_ROW_5_174,VPWR,li1,83.0300,24.7860,1.800000
TAP_TAPCELL_ROW_5_173,VPWR,li1,57.2700,24.7860,1.800000
TAP_TAPCELL_ROW_5_172,VPWR,li1,31.5100,24.7860,1.800000
TAP_TAPCELL_ROW_4_171,VPWR,li1,173.1900,24.1730,1.800000
TAP_TAPCELL_ROW_4_170,VPWR,li1,147.4300,24.1730,1.800000
TAP_TAPCELL_ROW_4_169,VPWR,li1,121.6700,24.1730,1.800000
TAP_TAPCELL_ROW_4_168,VPWR,li1,95.9100,24.1730,1.800000
TAP_TAPCELL_ROW_4_167,VPWR,li1,70.1500,24.1730,1.800000
TAP_TAPCELL_ROW_4_166,VPWR,li1,44.3900,24.1730,1.800000
TAP_TAPCELL_ROW_4_165,VPWR,li1,18.6300,24.1730,1.800000
TAP_TAPCELL_ROW_3_164,VPWR,li1,186.0700,19.3460,1.800000
TAP_TAPCELL_ROW_3_163,VPWR,li1,160.3100,19.3460,1.800000
TAP_TAPCELL_ROW_3_162,VPWR,li1,134.5500,19.3460,1.800000
TAP_TAPCELL_ROW_3_161,VPWR,li1,108.7900,19.3460,1.800000
TAP_TAPCELL_ROW_3_160,VPWR,li1,83.0300,19.3460,1.800000
TAP_TAPCELL_ROW_3_159,VPWR,li1,57.2700,19.3460,1.800000
TAP_TAPCELL_ROW_3_158,VPWR,li1,31.5100,19.3460,1.800000
TAP_TAPCELL_ROW_2_157,VPWR,li1,173.1900,18.7330,1.800000
TAP_TAPCELL_ROW_2_156,VPWR,li1,147.4300,18.7330,1.800000
TAP_TAPCELL_ROW_2_155,VPWR,li1,121.6700,18.7330,1.800000
TAP_TAPCELL_ROW_2_154,VPWR,li1,95.9100,18.7330,1.800000
TAP_TAPCELL_ROW_2_153,VPWR,li1,70.1500,18.7330,1.800000
TAP_TAPCELL_ROW_2_152,VPWR,li1,44.3900,18.7330,1.800000
TAP_TAPCELL_ROW_2_151,VPWR,li1,18.6300,18.7330,1.800000
TAP_TAPCELL_ROW_1_150,VPWR,li1,186.0700,13.9060,1.800000
TAP_TAPCELL_ROW_1_149,VPWR,li1,160.3100,13.9060,1.800000
TAP_TAPCELL_ROW_1_148,VPWR,li1,134.5500,13.9060,1.799999
TAP_TAPCELL_ROW_1_147,VPWR,li1,108.7900,13.9060,1.799999
TAP_TAPCELL_ROW_1_146,VPWR,li1,83.0300,13.9060,1.799999
TAP_TAPCELL_ROW_1_145,VPWR,li1,57.2700,13.9060,1.799998
TAP_TAPCELL_ROW_1_144,VPWR,li1,31.5100,13.9060,1.799999
TAP_TAPCELL_ROW_0_143,VPWR,li1,186.0700,13.2930,1.800000
TAP_TAPCELL_ROW_0_142,VPWR,li1,173.1900,13.2930,1.800000
TAP_TAPCELL_ROW_0_141,VPWR,li1,160.3100,13.2930,1.800000
TAP_TAPCELL_ROW_0_140,VPWR,li1,147.4300,13.2930,1.799999
TAP_TAPCELL_ROW_0_139,VPWR,li1,134.5500,13.2930,1.799999
TAP_TAPCELL_ROW_0_138,VPWR,li1,121.6700,13.2930,1.799999
TAP_TAPCELL_ROW_0_137,VPWR,li1,108.7900,13.2930,1.799999
TAP_TAPCELL_ROW_0_136,VPWR,li1,95.9100,13.2930,1.799999
TAP_TAPCELL_ROW_0_135,VPWR,li1,83.0300,13.2930,1.799999
TAP_TAPCELL_ROW_0_134,VPWR,li1,70.1500,13.2930,1.799998
TAP_TAPCELL_ROW_0_133,VPWR,li1,57.2700,13.2930,1.799998
TAP_TAPCELL_ROW_0_132,VPWR,li1,44.3900,13.2930,1.799998
TAP_TAPCELL_ROW_0_131,VPWR,li1,31.5100,13.2930,1.799999
TAP_TAPCELL_ROW_0_130,VPWR,li1,18.6300,13.2930,1.800000
PHY_EDGE_ROW_64_Left_129,VPWR,li1,6.2100,187.6800,1.799994
PHY_EDGE_ROW_63_Left_128,VPWR,li1,6.2100,182.2400,1.799981
PHY_EDGE_ROW_62_Left_127,VPWR,li1,6.2100,182.2400,1.799981
PHY_EDGE_ROW_61_Left_126,VPWR,li1,6.2100,176.8000,1.799993
PHY_EDGE_ROW_60_Left_125,VPWR,li1,6.2100,176.8000,1.799993
PHY_EDGE_ROW_59_Left_124,VPWR,li1,6.2100,171.3600,1.799981
PHY_EDGE_ROW_58_Left_123,VPWR,li1,6.2100,171.3600,1.799981
PHY_EDGE_ROW_57_Left_122,VPWR,li1,6.2100,165.9200,1.799997
PHY_EDGE_ROW_56_Left_121,VPWR,li1,6.2100,165.9200,1.799997
PHY_EDGE_ROW_55_Left_120,VPWR,li1,6.2100,160.4800,1.799996
PHY_EDGE_ROW_54_Left_119,VPWR,li1,6.2100,160.4800,1.799996
PHY_EDGE_ROW_53_Left_118,VPWR,li1,6.2100,155.0400,1.799950
PHY_EDGE_ROW_52_Left_117,VPWR,li1,6.2100,155.0400,1.799950
PHY_EDGE_ROW_51_Left_116,VPWR,li1,6.2100,149.6000,1.799978
PHY_EDGE_ROW_50_Left_115,VPWR,li1,6.2100,149.6000,1.799978
PHY_EDGE_ROW_49_Left_114,VPWR,li1,6.2100,144.1600,1.799990
PHY_EDGE_ROW_48_Left_113,VPWR,li1,6.2100,144.1600,1.799990
PHY_EDGE_ROW_47_Left_112,VPWR,li1,6.2100,138.7200,1.799992
PHY_EDGE_ROW_46_Left_111,VPWR,li1,6.2100,138.7200,1.799992
PHY_EDGE_ROW_45_Left_110,VPWR,li1,6.2100,133.2800,1.799950
PHY_EDGE_ROW_44_Left_109,VPWR,li1,6.2100,133.2800,1.799950
PHY_EDGE_ROW_43_Left_108,VPWR,li1,6.2100,127.8400,1.799981
PHY_EDGE_ROW_42_Left_107,VPWR,li1,6.2100,127.8400,1.799981
PHY_EDGE_ROW_41_Left_106,VPWR,li1,6.2100,122.4000,1.799984
PHY_EDGE_ROW_40_Left_105,VPWR,li1,6.2100,122.4000,1.799984
PHY_EDGE_ROW_39_Left_104,VPWR,li1,6.2100,116.9600,1.799997
PHY_EDGE_ROW_38_Left_103,VPWR,li1,6.2100,116.9600,1.799997
PHY_EDGE_ROW_37_Left_102,VPWR,li1,6.2100,111.5200,1.799945
PHY_EDGE_ROW_36_Left_101,VPWR,li1,6.2100,111.5200,1.799945
PHY_EDGE_ROW_35_Left_100,VPWR,li1,6.2100,106.0800,1.799988
PHY_EDGE_ROW_34_Left_99,VPWR,li1,6.2100,106.0800,1.799988
PHY_EDGE_ROW_33_Left_98,VPWR,li1,6.2100,100.6400,1.799998
PHY_EDGE_ROW_32_Left_97,VPWR,li1,6.2100,100.6400,1.799998
PHY_EDGE_ROW_31_Left_96,VPWR,li1,6.2100,95.2000,1.799983
PHY_EDGE_ROW_30_Left_95,VPWR,li1,6.2100,95.2000,1.799983
PHY_EDGE_ROW_29_Left_94,VPWR,li1,6.2100,89.7600,1.799992
PHY_EDGE_ROW_28_Left_93,VPWR,li1,6.2100,89.7600,1.799992
PHY_EDGE_ROW_27_Left_92,VPWR,li1,6.2100,84.3200,1.799950
PHY_EDGE_ROW_26_Left_91,VPWR,li1,6.2100,84.3200,1.799950
PHY_EDGE_ROW_25_Left_90,VPWR,li1,6.2100,78.8800,1.799980
PHY_EDGE_ROW_24_Left_89,VPWR,li1,6.2100,78.8800,1.799980
PHY_EDGE_ROW_23_Left_88,VPWR,li1,6.2100,73.4400,1.799940
PHY_EDGE_ROW_22_Left_87,VPWR,li1,6.2100,73.4400,1.799940
PHY_EDGE_ROW_21_Left_86,VPWR,li1,6.2100,68.0000,1.800000
PHY_EDGE_ROW_20_Left_85,VPWR,li1,6.2100,68.0000,1.800000
PHY_EDGE_ROW_19_Left_84,VPWR,li1,6.2100,62.5600,1.799987
PHY_EDGE_ROW_18_Left_83,VPWR,li1,6.2100,62.5600,1.799987
PHY_EDGE_ROW_17_Left_82,VPWR,li1,6.2100,57.1200,1.799999
PHY_EDGE_ROW_16_Left_81,VPWR,li1,6.2100,57.1200,1.799999
PHY_EDGE_ROW_15_Left_80,VPWR,li1,6.2100,51.6800,1.799989
PHY_EDGE_ROW_14_Left_79,VPWR,li1,6.2100,51.6800,1.799989
PHY_EDGE_ROW_13_Left_78,VPWR,li1,6.2100,46.2400,1.799991
PHY_EDGE_ROW_12_Left_77,VPWR,li1,6.2100,46.2400,1.799991
PHY_EDGE_ROW_11_Left_76,VPWR,li1,6.2100,40.8000,1.799994
PHY_EDGE_ROW_10_Left_75,VPWR,li1,6.2100,40.8000,1.799994
PHY_EDGE_ROW_9_Left_74,VPWR,li1,6.2100,35.3600,1.799991
PHY_EDGE_ROW_8_Left_73,VPWR,li1,6.2100,35.3600,1.799991
PHY_EDGE_ROW_7_Left_72,VPWR,li1,6.2100,29.9200,1.800000
PHY_EDGE_ROW_6_Left_71,VPWR,li1,6.2100,29.9200,1.800000
PHY_EDGE_ROW_5_Left_70,VPWR,li1,6.2100,24.4800,1.800000
PHY_EDGE_ROW_4_Left_69,VPWR,li1,6.2100,24.4800,1.800000
PHY_EDGE_ROW_3_Left_68,VPWR,li1,6.2100,19.0400,1.800000
PHY_EDGE_ROW_2_Left_67,VPWR,li1,6.2100,19.0400,1.800000
PHY_EDGE_ROW_1_Left_66,VPWR,li1,6.2100,13.6000,1.800000
PHY_EDGE_ROW_0_Left_65,VPWR,li1,6.2100,13.6000,1.800000
PHY_EDGE_ROW_64_Right_64,VPWR,li1,193.4300,187.6800,1.799992
PHY_EDGE_ROW_63_Right_63,VPWR,li1,193.4300,182.2400,1.799970
PHY_EDGE_ROW_62_Right_62,VPWR,li1,193.4300,182.2400,1.799970
PHY_EDGE_ROW_61_Right_61,VPWR,li1,193.4300,176.8000,1.799992
PHY_EDGE_ROW_60_Right_60,VPWR,li1,193.4300,176.8000,1.799992
PHY_EDGE_ROW_59_Right_59,VPWR,li1,193.4300,171.3600,1.799982
PHY_EDGE_ROW_58_Right_58,VPWR,li1,193.4300,171.3600,1.799982
PHY_EDGE_ROW_57_Right_57,VPWR,li1,193.4300,165.9200,1.799991
PHY_EDGE_ROW_56_Right_56,VPWR,li1,193.4300,165.9200,1.799991
PHY_EDGE_ROW_55_Right_55,VPWR,li1,193.4300,160.4800,1.799984
PHY_EDGE_ROW_54_Right_54,VPWR,li1,193.4300,160.4800,1.799984
PHY_EDGE_ROW_53_Right_53,VPWR,li1,193.4300,155.0400,1.799919
PHY_EDGE_ROW_52_Right_52,VPWR,li1,193.4300,155.0400,1.799919
PHY_EDGE_ROW_51_Right_51,VPWR,li1,193.4300,149.6000,1.799973
PHY_EDGE_ROW_50_Right_50,VPWR,li1,193.4300,149.6000,1.799973
PHY_EDGE_ROW_49_Right_49,VPWR,li1,193.4300,144.1600,1.799966
PHY_EDGE_ROW_48_Right_48,VPWR,li1,193.4300,144.1600,1.799966
PHY_EDGE_ROW_47_Right_47,VPWR,li1,193.4300,138.7200,1.799973
PHY_EDGE_ROW_46_Right_46,VPWR,li1,193.4300,138.7200,1.799973
PHY_EDGE_ROW_45_Right_45,VPWR,li1,193.4300,133.2800,1.799962
PHY_EDGE_ROW_44_Right_44,VPWR,li1,193.4300,133.2800,1.799962
PHY_EDGE_ROW_43_Right_43,VPWR,li1,193.4300,127.8400,1.799955
PHY_EDGE_ROW_42_Right_42,VPWR,li1,193.4300,127.8400,1.799955
PHY_EDGE_ROW_41_Right_41,VPWR,li1,193.4300,122.4000,1.799942
PHY_EDGE_ROW_40_Right_40,VPWR,li1,193.4300,122.4000,1.799942
PHY_EDGE_ROW_39_Right_39,VPWR,li1,193.4300,116.9600,1.799982
PHY_EDGE_ROW_38_Right_38,VPWR,li1,193.4300,116.9600,1.799982
PHY_EDGE_ROW_37_Right_37,VPWR,li1,193.4300,111.5200,1.799911
PHY_EDGE_ROW_36_Right_36,VPWR,li1,193.4300,111.5200,1.799911
PHY_EDGE_ROW_35_Right_35,VPWR,li1,193.4300,106.0800,1.799975
PHY_EDGE_ROW_34_Right_34,VPWR,li1,193.4300,106.0800,1.799975
PHY_EDGE_ROW_33_Right_33,VPWR,li1,193.4300,100.6400,1.799979
PHY_EDGE_ROW_32_Right_32,VPWR,li1,193.4300,100.6400,1.799979
PHY_EDGE_ROW_31_Right_31,VPWR,li1,193.4300,95.2000,1.799979
PHY_EDGE_ROW_30_Right_30,VPWR,li1,193.4300,95.2000,1.799979
PHY_EDGE_ROW_29_Right_29,VPWR,li1,193.4300,89.7600,1.799984
PHY_EDGE_ROW_28_Right_28,VPWR,li1,193.4300,89.7600,1.799984
PHY_EDGE_ROW_27_Right_27,VPWR,li1,193.4300,84.3200,1.799964
PHY_EDGE_ROW_26_Right_26,VPWR,li1,193.4300,84.3200,1.799964
PHY_EDGE_ROW_25_Right_25,VPWR,li1,193.4300,78.8800,1.799979
PHY_EDGE_ROW_24_Right_24,VPWR,li1,193.4300,78.8800,1.799979
PHY_EDGE_ROW_23_Right_23,VPWR,li1,193.4300,73.4400,1.799990
PHY_EDGE_ROW_22_Right_22,VPWR,li1,193.4300,73.4400,1.799990
PHY_EDGE_ROW_21_Right_21,VPWR,li1,193.4300,68.0000,1.800000
PHY_EDGE_ROW_20_Right_20,VPWR,li1,193.4300,68.0000,1.800000
PHY_EDGE_ROW_19_Right_19,VPWR,li1,193.4300,62.5600,1.799999
PHY_EDGE_ROW_18_Right_18,VPWR,li1,193.4300,62.5600,1.799999
PHY_EDGE_ROW_17_Right_17,VPWR,li1,193.4300,57.1200,1.800000
PHY_EDGE_ROW_16_Right_16,VPWR,li1,193.4300,57.1200,1.800000
PHY_EDGE_ROW_15_Right_15,VPWR,li1,193.4300,51.6800,1.799999
PHY_EDGE_ROW_14_Right_14,VPWR,li1,193.4300,51.6800,1.799999
PHY_EDGE_ROW_13_Right_13,VPWR,li1,193.4300,46.2400,1.799998
PHY_EDGE_ROW_12_Right_12,VPWR,li1,193.4300,46.2400,1.799998
PHY_EDGE_ROW_11_Right_11,VPWR,li1,193.4300,40.8000,1.800000
PHY_EDGE_ROW_10_Right_10,VPWR,li1,193.4300,40.8000,1.800000
PHY_EDGE_ROW_9_Right_9,VPWR,li1,193.4300,35.3600,1.799998
PHY_EDGE_ROW_8_Right_8,VPWR,li1,193.4300,35.3600,1.799998
PHY_EDGE_ROW_7_Right_7,VPWR,li1,193.4300,29.9200,1.800000
PHY_EDGE_ROW_6_Right_6,VPWR,li1,193.4300,29.9200,1.800000
PHY_EDGE_ROW_5_Right_5,VPWR,li1,193.4300,24.4800,1.800000
PHY_EDGE_ROW_4_Right_4,VPWR,li1,193.4300,24.4800,1.800000
PHY_EDGE_ROW_3_Right_3,VPWR,li1,193.4300,19.0400,1.800000
PHY_EDGE_ROW_2_Right_2,VPWR,li1,193.4300,19.0400,1.800000
PHY_EDGE_ROW_1_Right_1,VPWR,li1,193.4300,13.6000,1.800000
PHY_EDGE_ROW_0_Right_0,VPWR,li1,193.4300,13.6000,1.800000
_1464_,VPWR,li1,72.6800,160.4800,1.799975
_1463_,VPWR,li1,87.8600,171.3600,1.799884
_1462_,VPWR,li1,92.9200,149.6000,1.799927
_1461_,VPWR,li1,99.8200,171.3600,1.799885
_1460_,VPWR,li1,112.2400,144.1600,1.799956
_1459_,VPWR,li1,120.5200,165.9200,1.799971
_1458_,VPWR,li1,131.1000,171.3600,1.799905
_1457_,VPWR,li1,140.5300,138.7200,1.799965
_1456_,VPWR,li1,141.6800,171.3600,1.799919
_1455_,VPWR,li1,167.9000,165.9200,1.799985
_1454_,VPWR,li1,173.8800,155.0400,1.799901
_1453_,VPWR,li1,165.8300,144.1600,1.799970
_1452_,VPWR,li1,167.4400,138.7200,1.799974
_1451_,VPWR,li1,177.1000,127.8400,1.799958
_1450_,VPWR,li1,132.4800,133.2800,1.799888
_1449_,VPWR,li1,167.9000,116.9600,1.799977
_1448_,VPWR,li1,172.9600,106.0800,1.799981
_1447_,VPWR,li1,169.2800,100.6400,1.799985
_1446_,VPWR,li1,169.2800,84.3200,1.799971
_1445_,VPWR,li1,167.4400,78.8800,1.799981
_1444_,VPWR,li1,147.6600,95.2000,1.799976
_1443_,VPWR,li1,143.0600,106.0800,1.799969
_1442_,VPWR,li1,138.4600,116.9600,1.799968
_1441_,VPWR,li1,122.3600,133.2800,1.799873
_1440_,VPWR,li1,102.1200,144.1600,1.799959
_1439_,VPWR,li1,79.1200,149.6000,1.799926
_1438_,VPWR,li1,64.4000,149.6000,1.799935
_1437_,VPWR,li1,40.4800,155.0400,1.799873
_1436_,VPWR,li1,27.1400,144.1600,1.799985
_1435_,VPWR,li1,11.5000,122.4000,1.799984
_1434_,VPWR,li1,14.2600,106.0800,1.799988
_1433_,VPWR,li1,37.2600,89.7600,1.799985
_1432_,VPWR,li1,40.2500,35.3600,1.799974
_1431_,VPWR,li1,53.8200,35.3600,1.799969
_1430_,VPWR,li1,40.0200,62.5600,1.799985
_1429_,VPWR,li1,33.5800,51.6800,1.799985
_1428_,VPWR,li1,23.2300,40.8000,1.799993
_1427_,VPWR,li1,22.5400,62.5600,1.799988
_1426_,VPWR,li1,36.8000,73.4400,1.799874
_1425_,VPWR,li1,26.4500,73.4400,1.799919
_1424_,VPWR,li1,53.3600,171.3600,1.799918
_1423_,VPWR,li1,76.3600,171.3600,1.799890
_1422_,VPWR,li1,90.1600,182.2400,1.799851
_1421_,VPWR,li1,112.7000,182.2400,1.799837
_1420_,VPWR,li1,110.4000,176.8000,1.799949
_1419_,VPWR,li1,132.9400,182.2400,1.799856
_1418_,VPWR,li1,117.7600,182.2400,1.799839
_1417_,VPWR,li1,177.5600,144.1600,1.799974
_1416_,VPWR,li1,151.3400,182.2400,1.799902
_1415_,VPWR,li1,188.1400,160.4800,1.799984
_1414_,VPWR,li1,189.0600,149.6000,1.799974
_1413_,VPWR,li1,189.0600,144.1600,1.799966
_1412_,VPWR,li1,189.0600,133.2800,1.799962
_1411_,VPWR,li1,187.6800,122.4000,1.799943
_1410_,VPWR,li1,180.3200,138.7200,1.799975
_1409_,VPWR,li1,189.0600,116.9600,1.799982
_1408_,VPWR,li1,187.2200,106.0800,1.799975
_1407_,VPWR,li1,187.6800,95.2000,1.799979
_1406_,VPWR,li1,189.0600,84.3200,1.799964
_1405_,VPWR,li1,182.1600,78.8800,1.799980
_1404_,VPWR,li1,176.6400,89.7600,1.799989
_1403_,VPWR,li1,188.6000,100.6400,1.799979
_1402_,VPWR,li1,179.4000,116.9600,1.799982
_1401_,VPWR,li1,126.0400,182.2400,1.799847
_1400_,VPWR,li1,99.8200,182.2400,1.799842
_1399_,VPWR,li1,51.9800,155.0400,1.799835
_1398_,VPWR,li1,22.0800,133.2800,1.799953
_1397_,VPWR,li1,27.1400,155.0400,1.799922
_1396_,VPWR,li1,11.5000,127.8400,1.799981
_1395_,VPWR,li1,10.5800,111.5200,1.799945
_1394_,VPWR,li1,10.5800,95.2000,1.799984
_1393_,VPWR,li1,13.3400,89.7600,1.799992
_1392_,VPWR,li1,40.2500,46.2400,1.799974
_1391_,VPWR,li1,52.9000,46.2400,1.799969
_1390_,VPWR,li1,45.5400,51.6800,1.799979
_1389_,VPWR,li1,30.3600,62.5600,1.799984
_1388_,VPWR,li1,22.5400,51.6800,1.799990
_1387_,VPWR,li1,11.9600,73.4400,1.799940
_1386_,VPWR,li1,35.4200,84.3200,1.799892
_1385_,VPWR,li1,24.8400,84.3200,1.799939
_1384_,VPWR,li1,17.0200,149.6000,1.799978
_1383_,VPWR,li1,77.7400,160.4800,1.799975
_1382_,VPWR,li1,75.6700,160.4800,1.799975
_1381_,VPWR,li1,84.8700,160.4800,1.799977
_1380_,VPWR,li1,81.4200,160.4800,1.799976
_1379_,VPWR,li1,81.1900,160.4800,1.799976
_1378_,VPWR,li1,86.9400,171.3600,1.799884
_1377_,VPWR,li1,89.9300,171.3600,1.799885
_1376_,VPWR,li1,93.1500,165.9200,1.799978
_1375_,VPWR,li1,97.2900,160.4800,1.799978
_1374_,VPWR,li1,94.3000,160.4800,1.799978
_1373_,VPWR,li1,96.6000,160.4800,1.799978
_1372_,VPWR,li1,107.1800,155.0400,1.799700
_1371_,VPWR,li1,92.6900,160.4800,1.799978
_1370_,VPWR,li1,89.0100,160.4800,1.799977
_1369_,VPWR,li1,87.6300,160.4800,1.799977
_1368_,VPWR,li1,89.4700,160.4800,1.799977
_1367_,VPWR,li1,91.5400,149.6000,1.799927
_1366_,VPWR,li1,88.5500,149.6000,1.799927
_1365_,VPWR,li1,103.2700,155.0400,1.799710
_1364_,VPWR,li1,106.7200,160.4800,1.799980
_1363_,VPWR,li1,99.1300,149.6000,1.799931
_1362_,VPWR,li1,99.3600,165.9200,1.799976
_1361_,VPWR,li1,112.9300,165.9200,1.799972
_1360_,VPWR,li1,108.3300,165.9200,1.799974
_1359_,VPWR,li1,109.7100,155.0400,1.799695
_1358_,VPWR,li1,105.5700,160.4800,1.799980
_1357_,VPWR,li1,101.4300,160.4800,1.799979
_1356_,VPWR,li1,103.2700,160.4800,1.799980
_1355_,VPWR,li1,111.0900,155.0400,1.799689
_1354_,VPWR,li1,116.6100,155.0400,1.799675
_1353_,VPWR,li1,138.2300,149.6000,1.799955
_1352_,VPWR,li1,131.1000,149.6000,1.799951
_1351_,VPWR,li1,111.3200,144.1600,1.799956
_1350_,VPWR,li1,113.3900,144.1600,1.799956
_1349_,VPWR,li1,120.7500,144.1600,1.799958
_1348_,VPWR,li1,117.5300,149.6000,1.799943
_1347_,VPWR,li1,119.3700,144.1600,1.799958
_1346_,VPWR,li1,119.6000,165.9200,1.799971
_1345_,VPWR,li1,119.3700,160.4800,1.799982
_1344_,VPWR,li1,122.1300,149.6000,1.799945
_1343_,VPWR,li1,131.1000,155.0400,1.799665
_1342_,VPWR,li1,132.0200,149.6000,1.799951
_1341_,VPWR,li1,125.8100,155.0400,1.799652
_1340_,VPWR,li1,120.7500,155.0400,1.799665
_1339_,VPWR,li1,120.2900,155.0400,1.799670
_1338_,VPWR,li1,130.6400,165.9200,1.799974
_1337_,VPWR,li1,129.9500,171.3600,1.799905
_1336_,VPWR,li1,132.2500,160.4800,1.799984
_1335_,VPWR,li1,136.1600,155.0400,1.799673
_1334_,VPWR,li1,128.5700,160.4800,1.799984
_1333_,VPWR,li1,136.6200,138.7200,1.799966
_1332_,VPWR,li1,136.6200,144.1600,1.799962
_1331_,VPWR,li1,139.3800,144.1600,1.799963
_1330_,VPWR,li1,135.2400,149.6000,1.799954
_1329_,VPWR,li1,147.6600,144.1600,1.799965
_1328_,VPWR,li1,149.5000,149.6000,1.799964
_1327_,VPWR,li1,143.2900,155.0400,1.799691
_1326_,VPWR,li1,129.0300,138.7200,1.799968
_1325_,VPWR,li1,141.2200,171.3600,1.799919
_1324_,VPWR,li1,137.3100,171.3600,1.799913
_1323_,VPWR,li1,147.8900,165.9200,1.799979
_1322_,VPWR,li1,151.3400,165.9200,1.799980
_1321_,VPWR,li1,141.4500,160.4800,1.799986
_1320_,VPWR,li1,162.3800,165.9200,1.799984
_1319_,VPWR,li1,159.8500,165.9200,1.799983
_1318_,VPWR,li1,154.3300,165.9200,1.799981
_1317_,VPWR,li1,156.4000,155.0400,1.799782
_1316_,VPWR,li1,155.4800,155.0400,1.799782
_1315_,VPWR,li1,155.7100,160.4800,1.799988
_1314_,VPWR,li1,154.3300,160.4800,1.799988
_1313_,VPWR,li1,152.4900,160.4800,1.799988
_1312_,VPWR,li1,168.3600,155.0400,1.799872
_1311_,VPWR,li1,165.6000,155.0400,1.799853
_1310_,VPWR,li1,163.3000,155.0400,1.799837
_1309_,VPWR,li1,159.1600,155.0400,1.799808
_1308_,VPWR,li1,144.6700,149.6000,1.799960
_1307_,VPWR,li1,158.2400,144.1600,1.799968
_1306_,VPWR,li1,155.9400,149.6000,1.799969
_1305_,VPWR,li1,152.4900,144.1600,1.799966
_1304_,VPWR,li1,154.7900,144.1600,1.799967
_1303_,VPWR,li1,150.1900,144.1600,1.799966
_1302_,VPWR,li1,148.8100,138.7200,1.799968
_1301_,VPWR,li1,148.8100,133.2800,1.799921
_1300_,VPWR,li1,153.1800,116.9600,1.799973
_1299_,VPWR,li1,152.4900,122.4000,1.799924
_1298_,VPWR,li1,143.7500,144.1600,1.799964
_1297_,VPWR,li1,161.9200,138.7200,1.799972
_1296_,VPWR,li1,159.3900,138.7200,1.799971
_1295_,VPWR,li1,155.2500,138.7200,1.799970
_1294_,VPWR,li1,157.3200,127.8400,1.799933
_1293_,VPWR,li1,149.2700,138.7200,1.799968
_1292_,VPWR,li1,169.7400,127.8400,1.799938
_1291_,VPWR,li1,166.7500,133.2800,1.799957
_1290_,VPWR,li1,164.9100,127.8400,1.799931
_1289_,VPWR,li1,158.2400,127.8400,1.799933
_1288_,VPWR,li1,161.4600,133.2800,1.799944
_1287_,VPWR,li1,154.3300,122.4000,1.799922
_1286_,VPWR,li1,159.3900,127.8400,1.799933
_1285_,VPWR,li1,136.6200,127.8400,1.799941
_1284_,VPWR,li1,144.4400,122.4000,1.799927
_1283_,VPWR,li1,142.1400,122.4000,1.799928
_1282_,VPWR,li1,149.5000,127.8400,1.799936
_1281_,VPWR,li1,142.1400,127.8400,1.799939
_1280_,VPWR,li1,162.3800,116.9600,1.799976
_1279_,VPWR,li1,162.3800,116.9600,1.799976
_1278_,VPWR,li1,155.7100,122.4000,1.799922
_1277_,VPWR,li1,158.0100,116.9600,1.799974
_1276_,VPWR,li1,156.6300,116.9600,1.799974
_1275_,VPWR,li1,162.1500,106.0800,1.799976
_1274_,VPWR,li1,157.0900,106.0800,1.799974
_1273_,VPWR,li1,151.3400,116.9600,1.799972
_1272_,VPWR,li1,166.2900,106.0800,1.799978
_1271_,VPWR,li1,162.8400,106.0800,1.799976
_1270_,VPWR,li1,165.6000,106.0800,1.799977
_1269_,VPWR,li1,158.4700,106.0800,1.799975
_1268_,VPWR,li1,155.7100,106.0800,1.799974
_1267_,VPWR,li1,152.9500,106.0800,1.799972
_1266_,VPWR,li1,122.8200,73.4400,1.799935
_1265_,VPWR,li1,116.6100,35.3600,1.799983
_1264_,VPWR,li1,97.0600,35.3600,1.799979
_1263_,VPWR,li1,97.2900,29.9200,1.800000
_1262_,VPWR,li1,100.9700,35.3600,1.799980
_1261_,VPWR,li1,117.3000,29.9200,1.800000
_1260_,VPWR,li1,166.9800,95.2000,1.799985
_1259_,VPWR,li1,163.3000,100.6400,1.799986
_1258_,VPWR,li1,159.3900,100.6400,1.799986
_1257_,VPWR,li1,161.4600,100.6400,1.799986
_1256_,VPWR,li1,150.1900,84.3200,1.799959
_1255_,VPWR,li1,149.0400,84.3200,1.799959
_1254_,VPWR,li1,155.2500,95.2000,1.799979
_1253_,VPWR,li1,153.1800,89.7600,1.799989
_1252_,VPWR,li1,158.0100,100.6400,1.799986
_1251_,VPWR,li1,155.7100,100.6400,1.799986
_1250_,VPWR,li1,160.3100,106.0800,1.799976
_1249_,VPWR,li1,154.3300,100.6400,1.799986
_1248_,VPWR,li1,131.3300,78.8800,1.799976
_1247_,VPWR,li1,128.1100,73.4400,1.799939
_1246_,VPWR,li1,117.9900,73.4400,1.799931
_1245_,VPWR,li1,123.7400,46.2400,1.799986
_1244_,VPWR,li1,117.5300,29.9200,1.800000
_1243_,VPWR,li1,115.0000,29.9200,1.800000
_1242_,VPWR,li1,112.0100,29.9200,1.800000
_1241_,VPWR,li1,108.5600,29.9200,1.800000
_1240_,VPWR,li1,101.8900,29.9200,1.800000
_1239_,VPWR,li1,98.2100,29.9200,1.800000
_1238_,VPWR,li1,90.1600,35.3600,1.799977
_1237_,VPWR,li1,90.8500,29.9200,1.800000
_1236_,VPWR,li1,72.4500,35.3600,1.799973
_1235_,VPWR,li1,87.8600,29.9200,1.800000
_1234_,VPWR,li1,134.5500,78.8800,1.799976
_1233_,VPWR,li1,136.1600,68.0000,1.800000
_1232_,VPWR,li1,163.7600,84.3200,1.799968
_1231_,VPWR,li1,162.1500,89.7600,1.799989
_1230_,VPWR,li1,159.3900,89.7600,1.799989
_1229_,VPWR,li1,154.5600,84.3200,1.799962
_1228_,VPWR,li1,146.9700,84.3200,1.799958
_1227_,VPWR,li1,141.4500,78.8800,1.799977
_1226_,VPWR,li1,137.0800,73.4400,1.799949
_1225_,VPWR,li1,137.7700,73.4400,1.799951
_1224_,VPWR,li1,135.0100,57.1200,1.800000
_1223_,VPWR,li1,130.6400,57.1200,1.800000
_1222_,VPWR,li1,124.2000,57.1200,1.800000
_1221_,VPWR,li1,128.1100,46.2400,1.799987
_1220_,VPWR,li1,89.0100,46.2400,1.799978
_1219_,VPWR,li1,120.7500,46.2400,1.799985
_1218_,VPWR,li1,117.9900,40.8000,1.799997
_1217_,VPWR,li1,120.0600,40.8000,1.799997
_1216_,VPWR,li1,110.6300,35.3600,1.799982
_1215_,VPWR,li1,106.2600,35.3600,1.799981
_1214_,VPWR,li1,84.8700,29.9200,1.800000
_1213_,VPWR,li1,81.6500,29.9200,1.800000
_1212_,VPWR,li1,76.1300,29.9200,1.800000
_1211_,VPWR,li1,73.3700,29.9200,1.800000
_1210_,VPWR,li1,68.0800,35.3600,1.799972
_1209_,VPWR,li1,76.3600,35.3600,1.799974
_1208_,VPWR,li1,89.9300,29.9200,1.800000
_1207_,VPWR,li1,72.4500,40.8000,1.799995
_1206_,VPWR,li1,104.6500,35.3600,1.799981
_1205_,VPWR,li1,103.0400,40.8000,1.799996
_1204_,VPWR,li1,100.9700,40.8000,1.799996
_1203_,VPWR,li1,161.9200,78.8800,1.799980
_1202_,VPWR,li1,159.3900,78.8800,1.799980
_1201_,VPWR,li1,157.0900,78.8800,1.799979
_1200_,VPWR,li1,152.4900,78.8800,1.799979
_1199_,VPWR,li1,153.8700,73.4400,1.799966
_1198_,VPWR,li1,146.7400,73.4400,1.799960
_1197_,VPWR,li1,145.1300,78.8800,1.799978
_1196_,VPWR,li1,123.9700,100.6400,1.799989
_1195_,VPWR,li1,129.7200,89.7600,1.799988
_1194_,VPWR,li1,129.7200,84.3200,1.799947
_1193_,VPWR,li1,139.1500,73.4400,1.799951
_1192_,VPWR,li1,132.2500,68.0000,1.800000
_1191_,VPWR,li1,136.1600,62.5600,1.799995
_1190_,VPWR,li1,126.9600,68.0000,1.800000
_1189_,VPWR,li1,126.7300,57.1200,1.800000
_1188_,VPWR,li1,122.5900,57.1200,1.800000
_1187_,VPWR,li1,121.2100,51.6800,1.799990
_1186_,VPWR,li1,120.0600,57.1200,1.800000
_1185_,VPWR,li1,115.6900,46.2400,1.799984
_1184_,VPWR,li1,115.2300,46.2400,1.799984
_1183_,VPWR,li1,92.2300,46.2400,1.799978
_1182_,VPWR,li1,86.7100,40.8000,1.799996
_1181_,VPWR,li1,89.4700,40.8000,1.799996
_1180_,VPWR,li1,82.1100,40.8000,1.799995
_1179_,VPWR,li1,79.1200,40.8000,1.799995
_1178_,VPWR,li1,78.6600,40.8000,1.799995
_1177_,VPWR,li1,72.4500,46.2400,1.799974
_1176_,VPWR,li1,110.6300,46.2400,1.799983
_1175_,VPWR,li1,109.7100,46.2400,1.799982
_1174_,VPWR,li1,103.5000,51.6800,1.799988
_1173_,VPWR,li1,101.4300,46.2400,1.799980
_1172_,VPWR,li1,65.0900,46.2400,1.799972
_1171_,VPWR,li1,62.1000,46.2400,1.799971
_1170_,VPWR,li1,88.3200,51.6800,1.799986
_1169_,VPWR,li1,153.4100,89.7600,1.799989
_1168_,VPWR,li1,143.5200,100.6400,1.799987
_1167_,VPWR,li1,139.8400,95.2000,1.799977
_1166_,VPWR,li1,140.5300,100.6400,1.799988
_1165_,VPWR,li1,137.7700,100.6400,1.799988
_1164_,VPWR,li1,138.6900,89.7600,1.799988
_1163_,VPWR,li1,142.3700,89.7600,1.799988
_1162_,VPWR,li1,133.6300,89.7600,1.799988
_1161_,VPWR,li1,126.9600,89.7600,1.799988
_1160_,VPWR,li1,130.8700,89.7600,1.799988
_1159_,VPWR,li1,126.5000,84.3200,1.799945
_1158_,VPWR,li1,124.6600,84.3200,1.799944
_1157_,VPWR,li1,123.9700,68.0000,1.800000
_1156_,VPWR,li1,118.9100,68.0000,1.800000
_1155_,VPWR,li1,119.8300,62.5600,1.799993
_1154_,VPWR,li1,112.2400,68.0000,1.800000
_1153_,VPWR,li1,113.8500,57.1200,1.800000
_1152_,VPWR,li1,115.6900,57.1200,1.800000
_1151_,VPWR,li1,109.2500,57.1200,1.800000
_1150_,VPWR,li1,111.5500,57.1200,1.800000
_1149_,VPWR,li1,102.1200,57.1200,1.800000
_1148_,VPWR,li1,100.9700,51.6800,1.799987
_1147_,VPWR,li1,67.8500,51.6800,1.799983
_1146_,VPWR,li1,70.1500,51.6800,1.799983
_1145_,VPWR,li1,63.2500,46.2400,1.799971
_1144_,VPWR,li1,62.1000,40.8000,1.799995
_1143_,VPWR,li1,91.7700,57.1200,1.800000
_1142_,VPWR,li1,89.0100,57.1200,1.800000
_1141_,VPWR,li1,84.8700,51.6800,1.799985
_1140_,VPWR,li1,82.5700,51.6800,1.799985
_1139_,VPWR,li1,78.2000,46.2400,1.799975
_1138_,VPWR,li1,79.1200,51.6800,1.799984
_1137_,VPWR,li1,63.7100,57.1200,1.800000
_1136_,VPWR,li1,87.8600,68.0000,1.800000
_1135_,VPWR,li1,137.5400,106.0800,1.799970
_1134_,VPWR,li1,136.8500,111.5200,1.799732
_1133_,VPWR,li1,132.7100,111.5200,1.799713
_1132_,VPWR,li1,129.4900,111.5200,1.799702
_1131_,VPWR,li1,128.3400,111.5200,1.799702
_1130_,VPWR,li1,131.3300,100.6400,1.799988
_1129_,VPWR,li1,133.6300,100.6400,1.799988
_1128_,VPWR,li1,126.2700,100.6400,1.799989
_1127_,VPWR,li1,126.9600,100.6400,1.799989
_1126_,VPWR,li1,117.3000,100.6400,1.799990
_1125_,VPWR,li1,117.3000,106.0800,1.799974
_1124_,VPWR,li1,123.5100,95.2000,1.799978
_1123_,VPWR,li1,116.8400,89.7600,1.799987
_1122_,VPWR,li1,119.1400,89.7600,1.799988
_1121_,VPWR,li1,121.6700,89.7600,1.799988
_1120_,VPWR,li1,116.6100,84.3200,1.799940
_1119_,VPWR,li1,119.8300,78.8800,1.799974
_1118_,VPWR,li1,114.7700,78.8800,1.799973
_1117_,VPWR,li1,117.5300,78.8800,1.799974
_1116_,VPWR,li1,103.9600,78.8800,1.799972
_1115_,VPWR,li1,110.6300,73.4400,1.799923
_1114_,VPWR,li1,110.6300,68.0000,1.800000
_1113_,VPWR,li1,107.6400,68.0000,1.800000
_1112_,VPWR,li1,110.1700,68.0000,1.800000
_1111_,VPWR,li1,98.4400,68.0000,1.800000
_1110_,VPWR,li1,100.9700,62.5600,1.799991
_1109_,VPWR,li1,62.3300,57.1200,1.800000
_1108_,VPWR,li1,57.7300,57.1200,1.800000
_1107_,VPWR,li1,60.4900,57.1200,1.800000
_1106_,VPWR,li1,54.0500,51.6800,1.799980
_1105_,VPWR,li1,57.9600,46.2400,1.799970
_1104_,VPWR,li1,68.7700,46.2400,1.799973
_1103_,VPWR,li1,54.5100,57.1200,1.800000
_1102_,VPWR,li1,100.0500,57.1200,1.800000
_1101_,VPWR,li1,48.9900,62.5600,1.799986
_1100_,VPWR,li1,90.8500,68.0000,1.800000
_1099_,VPWR,li1,85.3300,62.5600,1.799990
_1098_,VPWR,li1,88.0900,62.5600,1.799990
_1097_,VPWR,li1,81.6500,57.1200,1.800000
_1096_,VPWR,li1,78.6600,57.1200,1.800000
_1095_,VPWR,li1,78.6600,57.1200,1.800000
_1094_,VPWR,li1,71.9900,62.5600,1.799988
_1093_,VPWR,li1,91.5400,78.8800,1.799970
_1092_,VPWR,li1,131.1000,122.4000,1.799934
_1091_,VPWR,li1,128.8000,116.9600,1.799970
_1090_,VPWR,li1,125.5800,122.4000,1.799937
_1089_,VPWR,li1,127.8800,122.4000,1.799936
_1088_,VPWR,li1,128.5700,116.9600,1.799970
_1087_,VPWR,li1,130.4100,116.9600,1.799969
_1086_,VPWR,li1,127.1900,116.9600,1.799971
_1085_,VPWR,li1,118.9100,111.5200,1.799668
_1084_,VPWR,li1,115.9200,111.5200,1.799653
_1083_,VPWR,li1,119.8300,106.0800,1.799973
_1082_,VPWR,li1,113.3900,95.2000,1.799980
_1081_,VPWR,li1,114.5400,100.6400,1.799990
_1080_,VPWR,li1,112.2400,89.7600,1.799987
_1079_,VPWR,li1,112.7000,89.7600,1.799987
_1078_,VPWR,li1,103.5000,84.3200,1.799932
_1077_,VPWR,li1,106.2600,89.7600,1.799987
_1076_,VPWR,li1,101.6600,78.8800,1.799972
_1075_,VPWR,li1,111.0900,78.8800,1.799973
_1074_,VPWR,li1,104.4200,78.8800,1.799972
_1073_,VPWR,li1,100.9700,78.8800,1.799971
_1072_,VPWR,li1,72.2200,78.8800,1.799967
_1071_,VPWR,li1,104.4200,68.0000,1.800000
_1070_,VPWR,li1,97.7500,68.0000,1.800000
_1069_,VPWR,li1,50.6000,62.5600,1.799986
_1068_,VPWR,li1,62.3300,68.0000,1.800000
_1067_,VPWR,li1,60.4900,68.0000,1.800000
_1066_,VPWR,li1,46.2300,68.0000,1.800000
_1065_,VPWR,li1,57.5000,68.0000,1.800000
_1064_,VPWR,li1,50.8300,68.0000,1.800000
_1063_,VPWR,li1,75.6700,62.5600,1.799989
_1062_,VPWR,li1,74.9800,62.5600,1.799989
_1061_,VPWR,li1,71.5300,57.1200,1.800000
_1060_,VPWR,li1,68.3100,57.1200,1.800000
_1059_,VPWR,li1,77.9700,62.5600,1.799989
_1058_,VPWR,li1,92.2300,78.8800,1.799970
_1057_,VPWR,li1,86.7100,73.4400,1.799899
_1056_,VPWR,li1,89.4700,73.4400,1.799901
_1055_,VPWR,li1,85.7900,73.4400,1.799896
_1054_,VPWR,li1,83.2600,73.4400,1.799894
_1053_,VPWR,li1,79.5800,73.4400,1.799891
_1052_,VPWR,li1,67.8500,73.4400,1.799879
_1051_,VPWR,li1,118.9100,122.4000,1.799941
_1050_,VPWR,li1,119.3700,133.2800,1.799871
_1049_,VPWR,li1,123.9700,133.2800,1.799876
_1048_,VPWR,li1,118.4500,127.8400,1.799947
_1047_,VPWR,li1,111.0900,133.2800,1.799864
_1046_,VPWR,li1,117.9900,122.4000,1.799941
_1045_,VPWR,li1,117.9900,116.9600,1.799973
_1044_,VPWR,li1,116.1500,122.4000,1.799941
_1043_,VPWR,li1,111.5500,122.4000,1.799944
_1042_,VPWR,li1,114.5400,111.5200,1.799653
_1041_,VPWR,li1,106.9500,106.0800,1.799975
_1040_,VPWR,li1,111.3200,111.5200,1.799642
_1039_,VPWR,li1,106.2600,100.6400,1.799991
_1038_,VPWR,li1,106.0300,100.6400,1.799991
_1037_,VPWR,li1,103.5000,100.6400,1.799991
_1036_,VPWR,li1,101.8900,100.6400,1.799991
_1035_,VPWR,li1,102.5800,95.2000,1.799981
_1034_,VPWR,li1,103.5000,89.7600,1.799987
_1033_,VPWR,li1,100.7400,89.7600,1.799987
_1032_,VPWR,li1,101.4300,89.7600,1.799987
_1031_,VPWR,li1,74.0600,84.3200,1.799914
_1030_,VPWR,li1,70.8400,84.3200,1.799912
_1029_,VPWR,li1,72.2200,95.2000,1.799985
_1028_,VPWR,li1,69.4600,78.8800,1.799967
_1027_,VPWR,li1,72.6800,78.8800,1.799967
_1026_,VPWR,li1,57.9600,78.8800,1.799965
_1025_,VPWR,li1,60.2600,78.8800,1.799966
_1024_,VPWR,li1,46.9200,84.3200,1.799898
_1023_,VPWR,li1,60.2600,73.4400,1.799871
_1022_,VPWR,li1,55.2000,73.4400,1.799865
_1021_,VPWR,li1,46.0000,73.4400,1.799855
_1020_,VPWR,li1,49.4500,73.4400,1.799861
_1019_,VPWR,li1,49.4500,73.4400,1.799861
_1018_,VPWR,li1,71.0700,73.4400,1.799881
_1017_,VPWR,li1,71.7600,73.4400,1.799883
_1016_,VPWR,li1,64.6300,68.0000,1.800000
_1015_,VPWR,li1,66.4700,68.0000,1.800000
_1014_,VPWR,li1,74.7500,73.4400,1.799886
_1013_,VPWR,li1,94.0700,89.7600,1.799987
_1012_,VPWR,li1,96.8300,89.7600,1.799987
_1011_,VPWR,li1,89.9300,84.3200,1.799924
_1010_,VPWR,li1,90.3900,89.7600,1.799987
_1009_,VPWR,li1,84.8700,84.3200,1.799921
_1008_,VPWR,li1,85.1000,78.8800,1.799969
_1007_,VPWR,li1,80.5000,78.8800,1.799969
_1006_,VPWR,li1,61.1800,89.7600,1.799986
_1005_,VPWR,li1,87.6300,89.7600,1.799987
_1004_,VPWR,li1,100.2800,127.8400,1.799954
_1003_,VPWR,li1,101.6600,138.7200,1.799974
_1002_,VPWR,li1,110.8600,133.2800,1.799864
_1001_,VPWR,li1,108.1000,133.2800,1.799862
_1000_,VPWR,li1,114.3100,133.2800,1.799867
_0999_,VPWR,li1,82.1100,144.1600,1.799966
_0998_,VPWR,li1,104.4200,133.2800,1.799859
_0997_,VPWR,li1,102.3500,133.2800,1.799856
_0996_,VPWR,li1,99.8200,133.2800,1.799855
_0995_,VPWR,li1,97.5200,133.2800,1.799852
_0994_,VPWR,li1,100.2800,122.4000,1.799950
_0993_,VPWR,li1,102.5800,122.4000,1.799948
_0992_,VPWR,li1,102.5800,122.4000,1.799948
_0991_,VPWR,li1,104.8800,122.4000,1.799947
_0990_,VPWR,li1,105.1100,116.9600,1.799976
_0989_,VPWR,li1,100.2800,116.9600,1.799977
_0988_,VPWR,li1,107.8700,111.5200,1.799626
_0987_,VPWR,li1,99.1300,111.5200,1.799633
_0986_,VPWR,li1,101.6600,106.0800,1.799976
_0985_,VPWR,li1,98.9000,106.0800,1.799977
_0984_,VPWR,li1,99.1300,111.5200,1.799633
_0983_,VPWR,li1,85.5600,100.6400,1.799993
_0982_,VPWR,li1,88.7800,100.6400,1.799992
_0981_,VPWR,li1,88.3200,106.0800,1.799979
_0980_,VPWR,li1,68.0800,95.2000,1.799985
_0979_,VPWR,li1,65.7800,95.2000,1.799986
_0978_,VPWR,li1,50.8300,89.7600,1.799985
_0977_,VPWR,li1,51.9800,95.2000,1.799987
_0976_,VPWR,li1,52.4400,84.3200,1.799902
_0975_,VPWR,li1,49.4500,84.3200,1.799900
_0974_,VPWR,li1,48.0700,78.8800,1.799964
_0973_,VPWR,li1,45.5400,78.8800,1.799964
_0972_,VPWR,li1,61.4100,89.7600,1.799986
_0971_,VPWR,li1,61.4100,84.3200,1.799907
_0970_,VPWR,li1,59.1100,84.3200,1.799906
_0969_,VPWR,li1,58.6500,84.3200,1.799904
_0968_,VPWR,li1,92.6900,100.6400,1.799992
_0967_,VPWR,li1,94.9900,100.6400,1.799992
_0966_,VPWR,li1,84.8700,95.2000,1.799983
_0965_,VPWR,li1,85.1000,89.7600,1.799986
_0964_,VPWR,li1,80.9600,89.7600,1.799986
_0963_,VPWR,li1,77.9700,89.7600,1.799986
_0962_,VPWR,li1,81.6500,89.7600,1.799986
_0961_,VPWR,li1,78.8900,95.2000,1.799984
_0960_,VPWR,li1,74.2900,100.6400,1.799994
_0959_,VPWR,li1,89.7000,133.2800,1.799846
_0958_,VPWR,li1,78.2000,149.6000,1.799926
_0957_,VPWR,li1,75.6700,149.6000,1.799928
_0956_,VPWR,li1,73.8300,144.1600,1.799969
_0955_,VPWR,li1,62.1000,144.1600,1.799973
_0954_,VPWR,li1,79.1200,144.1600,1.799967
_0953_,VPWR,li1,85.1000,144.1600,1.799965
_0952_,VPWR,li1,87.6300,144.1600,1.799964
_0951_,VPWR,li1,90.1600,138.7200,1.799977
_0950_,VPWR,li1,87.8600,138.7200,1.799978
_0949_,VPWR,li1,92.4600,133.2800,1.799849
_0948_,VPWR,li1,89.0100,133.2800,1.799844
_0947_,VPWR,li1,87.8600,127.8400,1.799959
_0946_,VPWR,li1,88.3200,127.8400,1.799959
_0945_,VPWR,li1,91.5400,122.4000,1.799954
_0944_,VPWR,li1,92.9200,116.9600,1.799979
_0943_,VPWR,li1,89.4700,122.4000,1.799955
_0942_,VPWR,li1,86.9400,116.9600,1.799980
_0941_,VPWR,li1,90.1600,116.9600,1.799980
_0940_,VPWR,li1,77.7400,122.4000,1.799961
_0939_,VPWR,li1,88.3200,111.5200,1.799677
_0938_,VPWR,li1,90.6200,111.5200,1.799668
_0937_,VPWR,li1,61.1800,100.6400,1.799995
_0936_,VPWR,li1,63.4800,100.6400,1.799995
_0935_,VPWR,li1,60.7200,106.0800,1.799984
_0934_,VPWR,li1,56.1200,100.6400,1.799995
_0933_,VPWR,li1,58.6500,95.2000,1.799987
_0932_,VPWR,li1,52.9000,95.2000,1.799987
_0931_,VPWR,li1,44.6200,95.2000,1.799988
_0930_,VPWR,li1,48.5300,95.2000,1.799988
_0929_,VPWR,li1,46.6900,84.3200,1.799897
_0928_,VPWR,li1,62.7900,95.2000,1.799986
_0927_,VPWR,li1,79.8100,100.6400,1.799993
_0926_,VPWR,li1,75.4400,100.6400,1.799994
_0925_,VPWR,li1,67.3900,100.6400,1.799994
_0924_,VPWR,li1,70.6100,100.6400,1.799994
_0923_,VPWR,li1,62.7900,89.7600,1.799986
_0922_,VPWR,li1,82.1100,100.6400,1.799993
_0921_,VPWR,li1,84.8700,116.9600,1.799981
_0920_,VPWR,li1,81.4200,111.5200,1.799706
_0919_,VPWR,li1,85.1000,111.5200,1.799696
_0918_,VPWR,li1,60.2600,149.6000,1.799939
_0917_,VPWR,li1,62.7900,149.6000,1.799935
_0916_,VPWR,li1,59.1100,144.1600,1.799974
_0915_,VPWR,li1,50.6000,144.1600,1.799977
_0914_,VPWR,li1,64.6300,144.1600,1.799972
_0913_,VPWR,li1,69.6900,138.7200,1.799982
_0912_,VPWR,li1,66.4700,138.7200,1.799983
_0911_,VPWR,li1,67.8500,144.1600,1.799971
_0910_,VPWR,li1,73.3700,138.7200,1.799981
_0909_,VPWR,li1,66.7000,138.7200,1.799983
_0908_,VPWR,li1,72.6800,133.2800,1.799831
_0907_,VPWR,li1,74.7500,133.2800,1.799833
_0906_,VPWR,li1,73.6000,133.2800,1.799833
_0905_,VPWR,li1,76.8200,133.2800,1.799836
_0904_,VPWR,li1,74.9800,127.8400,1.799963
_0903_,VPWR,li1,78.2000,127.8400,1.799962
_0902_,VPWR,li1,60.7200,127.8400,1.799969
_0901_,VPWR,li1,77.2800,122.4000,1.799961
_0900_,VPWR,li1,79.5800,122.4000,1.799960
_0899_,VPWR,li1,64.8600,116.9600,1.799986
_0898_,VPWR,li1,67.1600,116.9600,1.799985
_0897_,VPWR,li1,55.6600,116.9600,1.799988
_0896_,VPWR,li1,64.8600,111.5200,1.799774
_0895_,VPWR,li1,62.7900,111.5200,1.799789
_0894_,VPWR,li1,51.0600,106.0800,1.799986
_0893_,VPWR,li1,54.9700,106.0800,1.799985
_0892_,VPWR,li1,60.0300,111.5200,1.799797
_0891_,VPWR,li1,74.2900,116.9600,1.799984
_0890_,VPWR,li1,77.9700,111.5200,1.799720
_0889_,VPWR,li1,75.6700,111.5200,1.799734
_0888_,VPWR,li1,76.1300,111.5200,1.799734
_0887_,VPWR,li1,73.6000,111.5200,1.799743
_0886_,VPWR,li1,70.6100,111.5200,1.799754
_0885_,VPWR,li1,35.6500,155.0400,1.799889
_0884_,VPWR,li1,38.8700,149.6000,1.799962
_0883_,VPWR,li1,37.0300,144.1600,1.799981
_0882_,VPWR,li1,33.5800,133.2800,1.799902
_0881_,VPWR,li1,43.0100,144.1600,1.799979
_0880_,VPWR,li1,47.8400,144.1600,1.799977
_0879_,VPWR,li1,48.5300,138.7200,1.799988
_0878_,VPWR,li1,55.6600,138.7200,1.799986
_0877_,VPWR,li1,52.6700,138.7200,1.799987
_0876_,VPWR,li1,50.1400,133.2800,1.799839
_0875_,VPWR,li1,55.4300,133.2800,1.799818
_0874_,VPWR,li1,47.6100,133.2800,1.799847
_0873_,VPWR,li1,58.8800,133.2800,1.799819
_0872_,VPWR,li1,56.1200,127.8400,1.799971
_0871_,VPWR,li1,58.8800,122.4000,1.799971
_0870_,VPWR,li1,56.1200,122.4000,1.799972
_0869_,VPWR,li1,43.7000,116.9600,1.799991
_0868_,VPWR,li1,53.3600,116.9600,1.799989
_0867_,VPWR,li1,58.6500,116.9600,1.799988
_0866_,VPWR,li1,51.5200,111.5200,1.799829
_0865_,VPWR,li1,55.4300,111.5200,1.799813
_0864_,VPWR,li1,58.1900,111.5200,1.799805
_0863_,VPWR,li1,66.0100,127.8400,1.799967
_0862_,VPWR,li1,67.3900,127.8400,1.799966
_0861_,VPWR,li1,64.4000,127.8400,1.799967
_0860_,VPWR,li1,24.8400,144.1600,1.799987
_0859_,VPWR,li1,27.3700,144.1600,1.799985
_0858_,VPWR,li1,32.4300,138.7200,1.799992
_0857_,VPWR,li1,24.3800,122.4000,1.799987
_0856_,VPWR,li1,32.8900,133.2800,1.799910
_0855_,VPWR,li1,36.5700,133.2800,1.799892
_0854_,VPWR,li1,30.5900,133.2800,1.799918
_0853_,VPWR,li1,43.0100,133.2800,1.799870
_0852_,VPWR,li1,42.7800,133.2800,1.799870
_0851_,VPWR,li1,45.7700,133.2800,1.799855
_0850_,VPWR,li1,48.5300,127.8400,1.799973
_0849_,VPWR,li1,45.7700,127.8400,1.799974
_0848_,VPWR,li1,42.7800,122.4000,1.799978
_0847_,VPWR,li1,45.5400,122.4000,1.799977
_0846_,VPWR,li1,32.6600,116.9600,1.799995
_0845_,VPWR,li1,41.4000,116.9600,1.799992
_0844_,VPWR,li1,46.2300,116.9600,1.799991
_0843_,VPWR,li1,41.8600,111.5200,1.799872
_0842_,VPWR,li1,40.7100,106.0800,1.799987
_0841_,VPWR,li1,43.0100,111.5200,1.799864
_0840_,VPWR,li1,13.3400,116.9600,1.799997
_0839_,VPWR,li1,15.8700,122.4000,1.799987
_0838_,VPWR,li1,21.3900,122.4000,1.799989
_0837_,VPWR,li1,25.3000,100.6400,1.799998
_0836_,VPWR,li1,20.4700,122.4000,1.799989
_0835_,VPWR,li1,22.3100,122.4000,1.799988
_0834_,VPWR,li1,25.9900,122.4000,1.799987
_0833_,VPWR,li1,36.5700,122.4000,1.799982
_0832_,VPWR,li1,34.9600,122.4000,1.799982
_0831_,VPWR,li1,32.8900,122.4000,1.799983
_0830_,VPWR,li1,30.3600,116.9600,1.799995
_0829_,VPWR,li1,35.1900,116.9600,1.799994
_0828_,VPWR,li1,28.0600,111.5200,1.799930
_0827_,VPWR,li1,26.9100,111.5200,1.799930
_0826_,VPWR,li1,33.8100,111.5200,1.799907
_0825_,VPWR,li1,17.0200,100.6400,1.799998
_0824_,VPWR,li1,19.5500,100.6400,1.799999
_0823_,VPWR,li1,22.7700,100.6400,1.799998
_0822_,VPWR,li1,28.7500,100.6400,1.799998
_0821_,VPWR,li1,30.3600,100.6400,1.799998
_0820_,VPWR,li1,32.8900,100.6400,1.799997
_0819_,VPWR,li1,36.1100,100.6400,1.799997
_0818_,VPWR,li1,26.9100,116.9600,1.799996
_0817_,VPWR,li1,33.3500,100.6400,1.799997
_0816_,VPWR,li1,33.3500,95.2000,1.799990
_0815_,VPWR,li1,29.6700,89.7600,1.799988
_0814_,VPWR,li1,27.8300,95.2000,1.799990
_0813_,VPWR,li1,35.6500,89.7600,1.799985
_0812_,VPWR,li1,39.7900,29.9200,1.800000
_0811_,VPWR,li1,43.0100,29.9200,1.800000
_0810_,VPWR,li1,49.9100,29.9200,1.800000
_0809_,VPWR,li1,48.0700,35.3600,1.799971
_0808_,VPWR,li1,37.9500,62.5600,1.799985
_0807_,VPWR,li1,41.1700,57.1200,1.800000
_0806_,VPWR,li1,28.7500,51.6800,1.799987
_0805_,VPWR,li1,33.8100,46.2400,1.799979
_0804_,VPWR,li1,18.1700,40.8000,1.799994
_0803_,VPWR,li1,23.2300,40.8000,1.799993
_0802_,VPWR,li1,16.3300,62.5600,1.799988
_0801_,VPWR,li1,18.1700,62.5600,1.799988
_0800_,VPWR,li1,31.9700,73.4400,1.799901
_0799_,VPWR,li1,34.2700,68.0000,1.800000
_0798_,VPWR,li1,20.9300,73.4400,1.799945
_0797_,VPWR,li1,24.1500,68.0000,1.800000
_0796_,VPWR,li1,20.0100,78.8800,1.799984
_0795_,VPWR,li1,53.1300,171.3600,1.799918
_0794_,VPWR,li1,55.4300,165.9200,1.799988
_0793_,VPWR,li1,76.1300,171.3600,1.799890
_0792_,VPWR,li1,81.1900,171.3600,1.799888
_0791_,VPWR,li1,89.9300,176.8000,1.799956
_0790_,VPWR,li1,92.6900,171.3600,1.799885
_0789_,VPWR,li1,107.4100,182.2400,1.799838
_0788_,VPWR,li1,102.8100,171.3600,1.799887
_0787_,VPWR,li1,111.0900,171.3600,1.799892
_0786_,VPWR,li1,111.0900,165.9200,1.799973
_0785_,VPWR,li1,129.9500,176.8000,1.799959
_0784_,VPWR,li1,125.3500,171.3600,1.799902
_0783_,VPWR,li1,119.8300,176.8000,1.799954
_0782_,VPWR,li1,119.3700,171.3600,1.799898
_0781_,VPWR,li1,171.8100,144.1600,1.799975
_0780_,VPWR,li1,169.9700,144.1600,1.799972
_0779_,VPWR,li1,145.1300,182.2400,1.799887
_0778_,VPWR,li1,144.6700,176.8000,1.799968
_0777_,VPWR,li1,182.3900,160.4800,1.799987
_0776_,VPWR,li1,177.3300,160.4800,1.799991
_0775_,VPWR,li1,188.3700,149.6000,1.799974
_0774_,VPWR,li1,179.1700,155.0400,1.799922
_0773_,VPWR,li1,183.3100,144.1600,1.799970
_0772_,VPWR,li1,177.7900,144.1600,1.799974
_0771_,VPWR,li1,183.3100,133.2800,1.799966
_0770_,VPWR,li1,174.5700,133.2800,1.799972
_0769_,VPWR,li1,182.8500,127.8400,1.799956
_0768_,VPWR,li1,179.1700,122.4000,1.799948
_0767_,VPWR,li1,175.4900,133.2800,1.799972
_0766_,VPWR,li1,170.8900,133.2800,1.799964
_0765_,VPWR,li1,183.3100,116.9600,1.799982
_0764_,VPWR,li1,175.0300,116.9600,1.799984
_0763_,VPWR,li1,182.3900,106.0800,1.799980
_0762_,VPWR,li1,178.2500,106.0800,1.799981
_0761_,VPWR,li1,183.3100,95.2000,1.799982
_0760_,VPWR,li1,178.2500,95.2000,1.799986
_0759_,VPWR,li1,188.3700,84.3200,1.799964
_0758_,VPWR,li1,176.8700,84.3200,1.799974
_0757_,VPWR,li1,178.2500,84.3200,1.799974
_0756_,VPWR,li1,174.5700,84.3200,1.799977
_0755_,VPWR,li1,170.8900,89.7600,1.799989
_0754_,VPWR,li1,165.3700,95.2000,1.799984
_0753_,VPWR,li1,183.3100,100.6400,1.799983
_0752_,VPWR,li1,178.2500,100.6400,1.799986
_0751_,VPWR,li1,173.6500,116.9600,1.799983
_0750_,VPWR,li1,143.2900,116.9600,1.799969
_0749_,VPWR,li1,123.9700,182.2400,1.799845
_0748_,VPWR,li1,123.5100,138.7200,1.799969
_0747_,VPWR,li1,100.0500,176.8000,1.799952
_0746_,VPWR,li1,45.0800,78.8800,1.799964
_0745_,VPWR,li1,100.0500,144.1600,1.799960
_0744_,VPWR,li1,50.1400,155.0400,1.799841
_0743_,VPWR,li1,48.5300,149.6000,1.799951
_0742_,VPWR,li1,46.2300,100.6400,1.799996
_0741_,VPWR,li1,25.7600,138.7200,1.799994
_0740_,VPWR,li1,42.5500,138.7200,1.799989
_0739_,VPWR,li1,46.2300,106.0800,1.799986
_0738_,VPWR,li1,27.1400,149.6000,1.799975
_0737_,VPWR,li1,32.8900,149.6000,1.799970
_0736_,VPWR,li1,33.8100,127.8400,1.799980
_0735_,VPWR,li1,11.9600,127.8400,1.799981
_0734_,VPWR,li1,21.3900,127.8400,1.799987
_0733_,VPWR,li1,24.6100,127.8400,1.799985
_0732_,VPWR,li1,11.9600,111.5200,1.799945
_0731_,VPWR,li1,15.8700,111.5200,1.799948
_0730_,VPWR,li1,19.0900,111.5200,1.799950
_0729_,VPWR,li1,16.1000,95.2000,1.799988
_0728_,VPWR,li1,19.5500,95.2000,1.799989
_0727_,VPWR,li1,25.0700,95.2000,1.799991
_0726_,VPWR,li1,17.0200,84.3200,1.799951
_0725_,VPWR,li1,21.8500,89.7600,1.799993
_0724_,VPWR,li1,25.0700,89.7600,1.799991
_0723_,VPWR,li1,15.4100,144.1600,1.799990
_0722_,VPWR,li1,15.4100,78.8800,1.799982
_0721_,VPWR,li1,10.1200,78.8800,1.799981
_0720_,VPWR,li1,14.9500,138.7200,1.799994
_0719_,VPWR,li1,11.2700,138.7200,1.799993
_0718_,VPWR,li1,38.8700,40.8000,1.799994
_0717_,VPWR,li1,43.4700,40.8000,1.799994
_0716_,VPWR,li1,48.0700,46.2400,1.799971
_0715_,VPWR,li1,50.3700,40.8000,1.799994
_0714_,VPWR,li1,40.7100,51.6800,1.799981
_0713_,VPWR,li1,46.6900,57.1200,1.800000
_0712_,VPWR,li1,27.3700,57.1200,1.800000
_0711_,VPWR,li1,33.8100,57.1200,1.800000
_0710_,VPWR,li1,17.7100,51.6800,1.799989
_0709_,VPWR,li1,22.3100,51.6800,1.799990
_0708_,VPWR,li1,10.8100,68.0000,1.800000
_0707_,VPWR,li1,15.4100,68.0000,1.800000
_0706_,VPWR,li1,30.5900,84.3200,1.799920
_0705_,VPWR,li1,34.2700,78.8800,1.799972
_0704_,VPWR,li1,20.0100,84.3200,1.799952
_0703_,VPWR,li1,24.1500,78.8800,1.799982
_0702_,VPWR,li1,14.9500,78.8800,1.799982
_0701_,VPWR,li1,8.0500,138.7200,1.799993
_0700_,VPWR,li1,13.5700,149.6000,1.799978
_0699_,VPWR,li1,15.6400,149.6000,1.799978
_0698_,VPWR,li1,11.2700,149.6000,1.799978
_0697_,VPWR,li1,9.6600,155.0400,1.799951
_0696_,VPWR,li1,11.0400,138.7200,1.799993
_0695_,VPWR,li1,9.4300,78.8800,1.799981
_0694_,VPWR,li1,15.8700,176.8000,1.799993
_0693_,VPWR,li1,9.4300,149.6000,1.799978
_0692_,VPWR,li1,78.4300,35.3600,1.799975
