Instance,Terminal,Layer,X location,Y location,Voltage
FILLER_64_405,VGND,li1,192.2800,184.9600,0.000013
FILLER_64_393,VGND,li1,189.0600,184.9600,0.000013
FILLER_64_389,VGND,li1,185.1500,184.9600,0.000013
FILLER_64_377,VGND,li1,181.7000,184.9600,0.000013
FILLER_64_365,VGND,li1,176.1800,184.9600,0.000016
FILLER_64_361,VGND,li1,172.2700,184.9600,0.000021
FILLER_64_349,VGND,li1,168.8200,184.9600,0.000025
FILLER_64_337,VGND,li1,163.3000,184.9600,0.000032
FILLER_64_335,VGND,li1,159.8500,184.9600,0.000037
FILLER_64_327,VGND,li1,157.7800,184.9600,0.000039
FILLER_64_315,VGND,li1,153.1800,184.9600,0.000045
FILLER_64_309,VGND,li1,148.1200,184.9600,0.000052
FILLER_64_307,VGND,li1,146.9700,184.9600,0.000054
FILLER_64_303,VGND,li1,145.8200,184.9600,0.000054
FILLER_64_293,VGND,li1,141.2200,184.9600,0.000059
FILLER_64_281,VGND,li1,137.5400,184.9600,0.000063
FILLER_64_268,VGND,li1,130.6400,184.9600,0.000070
FILLER_64_253,VGND,li1,122.5900,184.9600,0.000076
FILLER_64_250,VGND,li1,120.9800,184.9600,0.000076
FILLER_64_238,VGND,li1,117.7600,184.9600,0.000078
FILLER_64_231,VGND,li1,112.4700,184.9600,0.000080
FILLER_64_225,VGND,li1,109.4800,184.9600,0.000079
FILLER_64_223,VGND,li1,108.3300,184.9600,0.000078
FILLER_64_217,VGND,li1,106.7200,184.9600,0.000078
FILLER_64_209,VGND,li1,102.5800,184.9600,0.000076
FILLER_64_197,VGND,li1,98.9000,184.9600,0.000074
FILLER_64_195,VGND,li1,95.4500,184.9600,0.000072
FILLER_64_189,VGND,li1,93.8400,184.9600,0.000072
FILLER_64_181,VGND,li1,89.7000,184.9600,0.000069
FILLER_64_169,VGND,li1,86.0200,184.9600,0.000066
FILLER_64_167,VGND,li1,82.5700,184.9600,0.000063
FILLER_64_161,VGND,li1,80.9600,184.9600,0.000063
FILLER_64_153,VGND,li1,76.8200,184.9600,0.000059
FILLER_64_141,VGND,li1,73.1400,184.9600,0.000056
FILLER_64_137,VGND,li1,69.2300,184.9600,0.000053
FILLER_64_125,VGND,li1,65.7800,184.9600,0.000050
FILLER_64_113,VGND,li1,60.2600,184.9600,0.000046
FILLER_64_105,VGND,li1,54.5100,184.9600,0.000039
FILLER_64_97,VGND,li1,51.0600,184.9600,0.000037
FILLER_64_85,VGND,li1,47.3800,184.9600,0.000034
FILLER_64_81,VGND,li1,43.4700,184.9600,0.000030
FILLER_64_69,VGND,li1,40.0200,184.9600,0.000026
FILLER_64_57,VGND,li1,34.5000,184.9600,0.000020
FILLER_64_53,VGND,li1,30.5900,184.9600,0.000015
FILLER_64_41,VGND,li1,27.1400,184.9600,0.000013
FILLER_64_29,VGND,li1,21.6200,184.9600,0.000010
FILLER_64_27,VGND,li1,18.1700,184.9600,0.000010
FILLER_64_15,VGND,li1,15.1800,184.9600,0.000010
FILLER_64_3,VGND,li1,9.6600,184.9600,0.000010
FILLER_63_405,VGND,li1,192.2800,184.9600,0.000013
FILLER_63_393,VGND,li1,189.0600,184.9600,0.000013
FILLER_63_391,VGND,li1,185.6100,184.9600,0.000013
FILLER_63_385,VGND,li1,184.0000,184.9600,0.000013
FILLER_63_373,VGND,li1,179.8600,184.9600,0.000013
FILLER_63_361,VGND,li1,174.3400,184.9600,0.000018
FILLER_63_349,VGND,li1,168.8200,184.9600,0.000025
FILLER_63_337,VGND,li1,163.3000,184.9600,0.000032
FILLER_63_335,VGND,li1,159.8500,184.9600,0.000037
FILLER_63_329,VGND,li1,158.2400,184.9600,0.000039
FILLER_63_317,VGND,li1,154.1000,184.9600,0.000045
FILLER_63_305,VGND,li1,148.5800,184.9600,0.000052
FILLER_63_293,VGND,li1,143.0600,184.9600,0.000058
FILLER_63_281,VGND,li1,137.5400,184.9600,0.000063
FILLER_63_278,VGND,li1,133.8600,184.9600,0.000067
FILLER_63_253,VGND,li1,122.1300,184.9600,0.000076
FILLER_63_249,VGND,li1,120.9800,184.9600,0.000076
FILLER_63_218,VGND,li1,107.1800,184.9600,0.000078
FILLER_63_201,VGND,li1,98.2100,184.9600,0.000074
FILLER_63_189,VGND,li1,95.2200,184.9600,0.000072
FILLER_63_169,VGND,li1,86.0200,184.9600,0.000066
FILLER_63_167,VGND,li1,82.5700,184.9600,0.000063
FILLER_63_161,VGND,li1,80.9600,184.9600,0.000063
FILLER_63_149,VGND,li1,76.8200,184.9600,0.000059
FILLER_63_137,VGND,li1,71.3000,184.9600,0.000055
FILLER_63_125,VGND,li1,65.7800,184.9600,0.000050
FILLER_63_113,VGND,li1,60.2600,184.9600,0.000046
FILLER_63_111,VGND,li1,56.8100,184.9600,0.000042
FILLER_63_105,VGND,li1,55.2000,184.9600,0.000042
FILLER_63_93,VGND,li1,51.0600,184.9600,0.000037
FILLER_63_81,VGND,li1,45.5400,184.9600,0.000032
FILLER_63_69,VGND,li1,40.0200,184.9600,0.000026
FILLER_63_57,VGND,li1,34.5000,184.9600,0.000020
FILLER_63_55,VGND,li1,31.0500,184.9600,0.000015
FILLER_63_51,VGND,li1,29.9000,184.9600,0.000015
FILLER_63_39,VGND,li1,26.2200,184.9600,0.000010
FILLER_63_27,VGND,li1,20.7000,184.9600,0.000010
FILLER_63_15,VGND,li1,15.1800,184.9600,0.000010
FILLER_63_3,VGND,li1,9.6600,184.9600,0.000010
FILLER_62_401,VGND,li1,191.3600,179.5200,0.000019
FILLER_62_389,VGND,li1,187.2200,179.5200,0.000019
FILLER_62_377,VGND,li1,181.7000,179.5200,0.000019
FILLER_62_365,VGND,li1,176.1800,179.5200,0.000024
FILLER_62_361,VGND,li1,172.2700,179.5200,0.000031
FILLER_62_349,VGND,li1,168.8200,179.5200,0.000037
FILLER_62_337,VGND,li1,163.3000,179.5200,0.000048
FILLER_62_325,VGND,li1,157.7800,179.5200,0.000058
FILLER_62_293,VGND,li1,141.6800,179.5200,0.000081
FILLER_62_268,VGND,li1,129.0300,179.5200,0.000094
FILLER_62_262,VGND,li1,127.4200,179.5200,0.000096
FILLER_62_234,VGND,li1,113.6200,179.5200,0.000105
FILLER_62_226,VGND,li1,111.3200,179.5200,0.000105
FILLER_62_213,VGND,li1,104.4200,179.5200,0.000106
FILLER_62_173,VGND,li1,85.7900,179.5200,0.000093
FILLER_62_165,VGND,li1,83.2600,179.5200,0.000090
FILLER_62_153,VGND,li1,78.6600,179.5200,0.000085
FILLER_62_141,VGND,li1,73.1400,179.5200,0.000077
FILLER_62_139,VGND,li1,69.6900,179.5200,0.000070
FILLER_62_133,VGND,li1,68.0800,179.5200,0.000070
FILLER_62_121,VGND,li1,63.9400,179.5200,0.000065
FILLER_62_109,VGND,li1,58.4200,179.5200,0.000056
FILLER_62_97,VGND,li1,52.9000,179.5200,0.000050
FILLER_62_85,VGND,li1,47.3800,179.5200,0.000043
FILLER_62_83,VGND,li1,43.9300,179.5200,0.000036
FILLER_62_77,VGND,li1,42.3200,179.5200,0.000036
FILLER_62_65,VGND,li1,38.1800,179.5200,0.000031
FILLER_62_53,VGND,li1,32.6600,179.5200,0.000023
FILLER_62_41,VGND,li1,27.1400,179.5200,0.000016
FILLER_62_29,VGND,li1,21.6200,179.5200,0.000013
FILLER_62_27,VGND,li1,18.1700,179.5200,0.000013
FILLER_62_15,VGND,li1,15.1800,179.5200,0.000013
FILLER_62_3,VGND,li1,9.6600,179.5200,0.000013
FILLER_61_405,VGND,li1,192.2800,179.5200,0.000019
FILLER_61_393,VGND,li1,189.0600,179.5200,0.000019
FILLER_61_391,VGND,li1,185.6100,179.5200,0.000019
FILLER_61_385,VGND,li1,184.0000,179.5200,0.000019
FILLER_61_373,VGND,li1,179.8600,179.5200,0.000019
FILLER_61_361,VGND,li1,174.3400,179.5200,0.000027
FILLER_61_349,VGND,li1,168.8200,179.5200,0.000037
FILLER_61_337,VGND,li1,163.3000,179.5200,0.000048
FILLER_61_335,VGND,li1,159.8500,179.5200,0.000054
FILLER_61_327,VGND,li1,157.7800,179.5200,0.000058
FILLER_61_315,VGND,li1,153.1800,179.5200,0.000067
FILLER_61_293,VGND,li1,142.1400,179.5200,0.000081
FILLER_61_281,VGND,li1,137.5400,179.5200,0.000086
FILLER_61_279,VGND,li1,134.0900,179.5200,0.000090
FILLER_61_275,VGND,li1,132.9400,179.5200,0.000090
FILLER_61_265,VGND,li1,127.6500,179.5200,0.000096
FILLER_61_261,VGND,li1,126.5000,179.5200,0.000096
FILLER_61_243,VGND,li1,117.5300,179.5200,0.000104
FILLER_61_237,VGND,li1,115.9200,179.5200,0.000104
FILLER_61_225,VGND,li1,111.7800,179.5200,0.000105
FILLER_61_200,VGND,li1,97.7500,179.5200,0.000105
FILLER_61_188,VGND,li1,94.7600,179.5200,0.000103
FILLER_61_177,VGND,li1,87.4000,179.5200,0.000096
FILLER_61_169,VGND,li1,85.1000,179.5200,0.000093
FILLER_61_167,VGND,li1,82.5700,179.5200,0.000088
FILLER_61_161,VGND,li1,80.9600,179.5200,0.000088
FILLER_61_149,VGND,li1,76.8200,179.5200,0.000082
FILLER_61_137,VGND,li1,71.3000,179.5200,0.000073
FILLER_61_125,VGND,li1,65.7800,179.5200,0.000067
FILLER_61_113,VGND,li1,60.2600,179.5200,0.000060
FILLER_61_111,VGND,li1,56.8100,179.5200,0.000053
FILLER_61_105,VGND,li1,55.2000,179.5200,0.000053
FILLER_61_93,VGND,li1,51.0600,179.5200,0.000048
FILLER_61_81,VGND,li1,45.5400,179.5200,0.000039
FILLER_61_69,VGND,li1,40.0200,179.5200,0.000033
FILLER_61_57,VGND,li1,34.5000,179.5200,0.000026
FILLER_61_55,VGND,li1,31.0500,179.5200,0.000020
FILLER_61_51,VGND,li1,29.9000,179.5200,0.000020
FILLER_61_39,VGND,li1,26.2200,179.5200,0.000013
FILLER_61_27,VGND,li1,20.7000,179.5200,0.000013
FILLER_61_15,VGND,li1,15.1800,179.5200,0.000013
FILLER_61_3,VGND,li1,9.6600,179.5200,0.000013
FILLER_60_401,VGND,li1,191.3600,174.0800,0.000010
FILLER_60_389,VGND,li1,187.2200,174.0800,0.000010
FILLER_60_377,VGND,li1,181.7000,174.0800,0.000010
FILLER_60_365,VGND,li1,176.1800,174.0800,0.000013
FILLER_60_363,VGND,li1,172.7300,174.0800,0.000018
FILLER_60_357,VGND,li1,171.1200,174.0800,0.000018
FILLER_60_345,VGND,li1,166.9800,174.0800,0.000023
FILLER_60_333,VGND,li1,161.4600,174.0800,0.000028
FILLER_60_321,VGND,li1,155.9400,174.0800,0.000034
FILLER_60_309,VGND,li1,150.4200,174.0800,0.000040
FILLER_60_305,VGND,li1,146.5100,174.0800,0.000044
FILLER_60_297,VGND,li1,142.8300,174.0800,0.000049
FILLER_60_289,VGND,li1,140.3000,174.0800,0.000051
FILLER_60_277,VGND,li1,135.7000,174.0800,0.000056
FILLER_60_265,VGND,li1,130.1800,174.0800,0.000061
FILLER_60_253,VGND,li1,124.6600,174.0800,0.000067
FILLER_60_244,VGND,li1,119.6000,174.0800,0.000072
FILLER_60_217,VGND,li1,106.0300,174.0800,0.000083
FILLER_60_209,VGND,li1,103.5000,174.0800,0.000083
FILLER_60_197,VGND,li1,98.9000,174.0800,0.000085
FILLER_60_193,VGND,li1,94.9900,174.0800,0.000086
FILLER_60_185,VGND,li1,92.4600,174.0800,0.000087
FILLER_60_165,VGND,li1,84.1800,174.0800,0.000087
FILLER_60_153,VGND,li1,78.6600,174.0800,0.000086
FILLER_60_141,VGND,li1,73.1400,174.0800,0.000082
FILLER_60_132,VGND,li1,68.0800,174.0800,0.000079
FILLER_60_120,VGND,li1,63.4800,174.0800,0.000075
FILLER_60_108,VGND,li1,57.9600,174.0800,0.000069
FILLER_60_101,VGND,li1,52.2100,174.0800,0.000062
FILLER_60_97,VGND,li1,51.0600,174.0800,0.000062
FILLER_60_85,VGND,li1,47.3800,174.0800,0.000055
FILLER_60_83,VGND,li1,43.9300,174.0800,0.000047
FILLER_60_77,VGND,li1,42.3200,174.0800,0.000047
FILLER_60_65,VGND,li1,38.1800,174.0800,0.000040
FILLER_60_53,VGND,li1,32.6600,174.0800,0.000030
FILLER_60_41,VGND,li1,27.1400,174.0800,0.000021
FILLER_60_29,VGND,li1,21.6200,174.0800,0.000018
FILLER_60_24,VGND,li1,17.4800,174.0800,0.000018
FILLER_60_15,VGND,li1,13.8000,174.0800,0.000018
FILLER_60_3,VGND,li1,9.6600,174.0800,0.000018
FILLER_59_405,VGND,li1,192.2800,174.0800,0.000010
FILLER_59_393,VGND,li1,189.0600,174.0800,0.000010
FILLER_59_391,VGND,li1,185.6100,174.0800,0.000010
FILLER_59_385,VGND,li1,184.0000,174.0800,0.000010
FILLER_59_373,VGND,li1,179.8600,174.0800,0.000010
FILLER_59_361,VGND,li1,174.3400,174.0800,0.000016
FILLER_59_349,VGND,li1,168.8200,174.0800,0.000021
FILLER_59_337,VGND,li1,163.3000,174.0800,0.000026
FILLER_59_334,VGND,li1,159.6200,174.0800,0.000030
FILLER_59_322,VGND,li1,156.4000,174.0800,0.000034
FILLER_59_310,VGND,li1,150.8800,174.0800,0.000040
FILLER_59_298,VGND,li1,145.3600,174.0800,0.000046
FILLER_59_289,VGND,li1,139.1500,174.0800,0.000051
FILLER_59_281,VGND,li1,136.6200,174.0800,0.000054
FILLER_59_272,VGND,li1,132.4800,174.0800,0.000058
FILLER_59_263,VGND,li1,127.8800,174.0800,0.000063
FILLER_59_250,VGND,li1,122.3600,174.0800,0.000070
FILLER_59_242,VGND,li1,117.5300,174.0800,0.000074
FILLER_59_234,VGND,li1,115.0000,174.0800,0.000077
FILLER_59_222,VGND,li1,108.1000,174.0800,0.000082
FILLER_59_214,VGND,li1,105.8000,174.0800,0.000083
FILLER_59_208,VGND,li1,101.4300,174.0800,0.000084
FILLER_59_204,VGND,li1,100.2800,174.0800,0.000085
FILLER_59_192,VGND,li1,96.6000,174.0800,0.000086
FILLER_59_169,VGND,li1,83.7200,174.0800,0.000087
FILLER_59_167,VGND,li1,82.5700,174.0800,0.000087
FILLER_59_145,VGND,li1,72.4500,174.0800,0.000082
FILLER_59_133,VGND,li1,69.4600,174.0800,0.000079
FILLER_59_121,VGND,li1,63.9400,174.0800,0.000075
FILLER_59_93,VGND,li1,48.9900,174.0800,0.000055
FILLER_59_81,VGND,li1,45.5400,174.0800,0.000050
FILLER_59_69,VGND,li1,40.0200,174.0800,0.000043
FILLER_59_57,VGND,li1,34.5000,174.0800,0.000033
FILLER_59_55,VGND,li1,31.0500,174.0800,0.000026
FILLER_59_51,VGND,li1,29.9000,174.0800,0.000026
FILLER_59_39,VGND,li1,26.2200,174.0800,0.000018
FILLER_59_27,VGND,li1,20.7000,174.0800,0.000018
FILLER_59_15,VGND,li1,15.1800,174.0800,0.000018
FILLER_59_3,VGND,li1,9.6600,174.0800,0.000018
FILLER_58_401,VGND,li1,191.3600,168.6400,0.000015
FILLER_58_389,VGND,li1,187.2200,168.6400,0.000015
FILLER_58_377,VGND,li1,181.7000,168.6400,0.000015
FILLER_58_365,VGND,li1,176.1800,168.6400,0.000018
FILLER_58_363,VGND,li1,172.7300,168.6400,0.000026
FILLER_58_357,VGND,li1,171.1200,168.6400,0.000026
FILLER_58_345,VGND,li1,166.9800,168.6400,0.000032
FILLER_58_333,VGND,li1,161.4600,168.6400,0.000040
FILLER_58_321,VGND,li1,155.9400,168.6400,0.000048
FILLER_58_309,VGND,li1,150.4200,168.6400,0.000056
FILLER_58_304,VGND,li1,146.2800,168.6400,0.000063
FILLER_58_281,VGND,li1,135.7000,168.6400,0.000075
FILLER_58_253,VGND,li1,124.6600,168.6400,0.000081
FILLER_58_251,VGND,li1,121.2100,168.6400,0.000083
FILLER_58_245,VGND,li1,119.6000,168.6400,0.000083
FILLER_58_233,VGND,li1,115.4600,168.6400,0.000082
FILLER_58_221,VGND,li1,109.9400,168.6400,0.000080
FILLER_58_193,VGND,li1,94.9900,168.6400,0.000074
FILLER_58_185,VGND,li1,92.4600,168.6400,0.000072
FILLER_58_166,VGND,li1,83.2600,168.6400,0.000063
FILLER_58_141,VGND,li1,72.2200,168.6400,0.000054
FILLER_58_132,VGND,li1,68.0800,168.6400,0.000050
FILLER_58_120,VGND,li1,63.4800,168.6400,0.000046
FILLER_58_108,VGND,li1,57.9600,168.6400,0.000040
FILLER_58_97,VGND,li1,50.6000,168.6400,0.000034
FILLER_58_85,VGND,li1,47.3800,168.6400,0.000031
FILLER_58_83,VGND,li1,43.9300,168.6400,0.000026
FILLER_58_77,VGND,li1,42.3200,168.6400,0.000026
FILLER_58_65,VGND,li1,38.1800,168.6400,0.000022
FILLER_58_53,VGND,li1,32.6600,168.6400,0.000017
FILLER_58_41,VGND,li1,27.1400,168.6400,0.000012
FILLER_58_29,VGND,li1,21.6200,168.6400,0.000010
FILLER_58_27,VGND,li1,18.1700,168.6400,0.000010
FILLER_58_15,VGND,li1,15.1800,168.6400,0.000010
FILLER_58_3,VGND,li1,9.6600,168.6400,0.000010
FILLER_57_405,VGND,li1,192.2800,168.6400,0.000015
FILLER_57_393,VGND,li1,189.0600,168.6400,0.000015
FILLER_57_391,VGND,li1,185.6100,168.6400,0.000015
FILLER_57_385,VGND,li1,184.0000,168.6400,0.000015
FILLER_57_373,VGND,li1,179.8600,168.6400,0.000015
FILLER_57_361,VGND,li1,174.3400,168.6400,0.000023
FILLER_57_349,VGND,li1,168.8200,168.6400,0.000029
FILLER_57_337,VGND,li1,163.3000,168.6400,0.000037
FILLER_57_333,VGND,li1,159.3900,168.6400,0.000043
FILLER_57_325,VGND,li1,156.8600,168.6400,0.000048
FILLER_57_313,VGND,li1,152.2600,168.6400,0.000054
FILLER_57_304,VGND,li1,145.8200,168.6400,0.000063
FILLER_57_293,VGND,li1,140.5300,168.6400,0.000071
FILLER_57_281,VGND,li1,137.5400,168.6400,0.000073
FILLER_57_279,VGND,li1,134.0900,168.6400,0.000077
FILLER_57_275,VGND,li1,132.9400,168.6400,0.000077
FILLER_57_266,VGND,li1,128.5700,168.6400,0.000080
FILLER_57_241,VGND,li1,116.6100,168.6400,0.000082
FILLER_57_235,VGND,li1,115.0000,168.6400,0.000082
FILLER_57_225,VGND,li1,109.4800,168.6400,0.000080
FILLER_57_220,VGND,li1,107.6400,168.6400,0.000080
FILLER_57_208,VGND,li1,103.9600,168.6400,0.000079
FILLER_57_199,VGND,li1,97.2900,168.6400,0.000076
FILLER_57_193,VGND,li1,95.6800,168.6400,0.000074
FILLER_57_181,VGND,li1,91.5400,168.6400,0.000070
FILLER_57_169,VGND,li1,86.0200,168.6400,0.000066
FILLER_57_167,VGND,li1,82.5700,168.6400,0.000063
FILLER_57_161,VGND,li1,80.9600,168.6400,0.000061
FILLER_57_149,VGND,li1,76.8200,168.6400,0.000058
FILLER_57_137,VGND,li1,71.3000,168.6400,0.000052
FILLER_57_125,VGND,li1,65.7800,168.6400,0.000048
FILLER_57_113,VGND,li1,60.2600,168.6400,0.000043
FILLER_57_111,VGND,li1,56.8100,168.6400,0.000039
FILLER_57_105,VGND,li1,54.0500,168.6400,0.000036
FILLER_57_93,VGND,li1,51.0600,168.6400,0.000034
FILLER_57_81,VGND,li1,45.5400,168.6400,0.000028
FILLER_57_69,VGND,li1,40.0200,168.6400,0.000024
FILLER_57_57,VGND,li1,34.5000,168.6400,0.000019
FILLER_57_54,VGND,li1,30.8200,168.6400,0.000015
FILLER_57_42,VGND,li1,27.6000,168.6400,0.000012
FILLER_57_30,VGND,li1,22.0800,168.6400,0.000010
FILLER_57_18,VGND,li1,16.5600,168.6400,0.000010
FILLER_57_6,VGND,li1,11.0400,168.6400,0.000010
FILLER_56_401,VGND,li1,191.3600,163.2000,0.000007
FILLER_56_389,VGND,li1,187.2200,163.2000,0.000007
FILLER_56_377,VGND,li1,181.7000,163.2000,0.000007
FILLER_56_365,VGND,li1,176.1800,163.2000,0.000009
FILLER_56_361,VGND,li1,172.2700,163.2000,0.000012
FILLER_56_333,VGND,li1,158.9300,163.2000,0.000016
FILLER_56_327,VGND,li1,157.3200,163.2000,0.000016
FILLER_56_313,VGND,li1,149.7300,163.2000,0.000017
FILLER_56_309,VGND,li1,148.5800,163.2000,0.000017
FILLER_56_307,VGND,li1,146.9700,163.2000,0.000018
FILLER_56_301,VGND,li1,145.3600,163.2000,0.000018
FILLER_56_289,VGND,li1,141.2200,163.2000,0.000018
FILLER_56_277,VGND,li1,135.7000,163.2000,0.000019
FILLER_56_265,VGND,li1,130.1800,163.2000,0.000020
FILLER_56_253,VGND,li1,124.6600,163.2000,0.000020
FILLER_56_243,VGND,li1,117.5300,163.2000,0.000021
FILLER_56_239,VGND,li1,116.3800,163.2000,0.000021
FILLER_56_227,VGND,li1,112.7000,163.2000,0.000022
FILLER_56_217,VGND,li1,106.0300,163.2000,0.000023
FILLER_56_209,VGND,li1,103.5000,163.2000,0.000023
FILLER_56_197,VGND,li1,98.9000,163.2000,0.000023
FILLER_56_194,VGND,li1,95.2200,163.2000,0.000024
FILLER_56_185,VGND,li1,91.0800,163.2000,0.000025
FILLER_56_177,VGND,li1,88.7800,163.2000,0.000025
FILLER_56_165,VGND,li1,84.1800,163.2000,0.000025
FILLER_56_153,VGND,li1,78.6600,163.2000,0.000026
FILLER_56_141,VGND,li1,73.1400,163.2000,0.000027
FILLER_56_139,VGND,li1,69.6900,163.2000,0.000024
FILLER_56_133,VGND,li1,68.0800,163.2000,0.000024
FILLER_56_121,VGND,li1,63.9400,163.2000,0.000023
FILLER_56_109,VGND,li1,58.4200,163.2000,0.000020
FILLER_56_97,VGND,li1,52.9000,163.2000,0.000018
FILLER_56_85,VGND,li1,47.3800,163.2000,0.000015
FILLER_56_83,VGND,li1,43.9300,163.2000,0.000013
FILLER_56_77,VGND,li1,42.3200,163.2000,0.000013
FILLER_56_65,VGND,li1,38.1800,163.2000,0.000011
FILLER_56_53,VGND,li1,32.6600,163.2000,0.000008
FILLER_56_41,VGND,li1,27.1400,163.2000,0.000006
FILLER_56_29,VGND,li1,21.6200,163.2000,0.000005
FILLER_56_26,VGND,li1,17.9400,163.2000,0.000005
FILLER_56_18,VGND,li1,15.6400,163.2000,0.000005
FILLER_56_6,VGND,li1,11.0400,163.2000,0.000005
FILLER_55_405,VGND,li1,192.2800,163.2000,0.000007
FILLER_55_393,VGND,li1,189.0600,163.2000,0.000007
FILLER_55_391,VGND,li1,185.6100,163.2000,0.000007
FILLER_55_385,VGND,li1,184.0000,163.2000,0.000007
FILLER_55_373,VGND,li1,179.8600,163.2000,0.000007
FILLER_55_361,VGND,li1,174.3400,163.2000,0.000010
FILLER_55_349,VGND,li1,168.8200,163.2000,0.000015
FILLER_55_337,VGND,li1,163.3000,163.2000,0.000015
FILLER_55_328,VGND,li1,158.2400,163.2000,0.000016
FILLER_55_311,VGND,li1,149.9600,163.2000,0.000017
FILLER_55_299,VGND,li1,145.8200,163.2000,0.000018
FILLER_55_289,VGND,li1,139.1500,163.2000,0.000018
FILLER_55_281,VGND,li1,136.6200,163.2000,0.000019
FILLER_55_279,VGND,li1,134.0900,163.2000,0.000019
FILLER_55_271,VGND,li1,130.4100,163.2000,0.000019
FILLER_55_261,VGND,li1,126.2700,163.2000,0.000020
FILLER_55_249,VGND,li1,122.8200,163.2000,0.000021
FILLER_55_245,VGND,li1,118.4500,163.2000,0.000021
FILLER_55_237,VGND,li1,116.3800,163.2000,0.000021
FILLER_55_225,VGND,li1,111.7800,163.2000,0.000022
FILLER_55_220,VGND,li1,107.6400,163.2000,0.000022
FILLER_55_206,VGND,li1,100.5100,163.2000,0.000023
FILLER_55_200,VGND,li1,98.9000,163.2000,0.000023
FILLER_55_195,VGND,li1,95.4500,163.2000,0.000024
FILLER_55_184,VGND,li1,91.0800,163.2000,0.000025
FILLER_55_160,VGND,li1,79.3500,163.2000,0.000026
FILLER_55_137,VGND,li1,68.7700,163.2000,0.000024
FILLER_55_125,VGND,li1,65.7800,163.2000,0.000023
FILLER_55_113,VGND,li1,60.2600,163.2000,0.000021
FILLER_55_111,VGND,li1,56.8100,163.2000,0.000019
FILLER_55_105,VGND,li1,55.2000,163.2000,0.000019
FILLER_55_93,VGND,li1,51.0600,163.2000,0.000017
FILLER_55_81,VGND,li1,45.5400,163.2000,0.000014
FILLER_55_69,VGND,li1,40.0200,163.2000,0.000012
FILLER_55_57,VGND,li1,34.5000,163.2000,0.000009
FILLER_55_54,VGND,li1,30.8200,163.2000,0.000007
FILLER_55_42,VGND,li1,27.6000,163.2000,0.000006
FILLER_55_30,VGND,li1,22.0800,163.2000,0.000005
FILLER_55_18,VGND,li1,16.5600,163.2000,0.000005
FILLER_55_6,VGND,li1,11.0400,163.2000,0.000005
FILLER_54_405,VGND,li1,192.2800,157.7600,0.000053
FILLER_54_376,VGND,li1,179.4000,157.7600,0.000047
FILLER_54_365,VGND,li1,174.8000,157.7600,0.000060
FILLER_54_363,VGND,li1,172.7300,157.7600,0.000067
FILLER_54_357,VGND,li1,171.1200,157.7600,0.000067
FILLER_54_345,VGND,li1,166.9800,157.7600,0.000082
FILLER_54_333,VGND,li1,161.4600,157.7600,0.000100
FILLER_54_321,VGND,li1,155.9400,157.7600,0.000114
FILLER_54_309,VGND,li1,150.4200,157.7600,0.000131
FILLER_54_307,VGND,li1,146.9700,157.7600,0.000147
FILLER_54_301,VGND,li1,145.3600,157.7600,0.000147
FILLER_54_289,VGND,li1,141.2200,157.7600,0.000160
FILLER_54_277,VGND,li1,135.7000,157.7600,0.000181
FILLER_54_265,VGND,li1,130.1800,157.7600,0.000194
FILLER_54_253,VGND,li1,124.6600,157.7600,0.000211
FILLER_54_248,VGND,li1,120.5200,157.7600,0.000202
FILLER_54_236,VGND,li1,116.8400,157.7600,0.000198
FILLER_54_224,VGND,li1,111.3200,157.7600,0.000189
FILLER_54_214,VGND,li1,104.4200,157.7600,0.000178
FILLER_54_202,VGND,li1,101.2000,157.7600,0.000170
FILLER_54_195,VGND,li1,95.4500,157.7600,0.000163
FILLER_54_183,VGND,li1,92.4600,157.7600,0.000156
FILLER_54_179,VGND,li1,88.0900,157.7600,0.000151
FILLER_54_167,VGND,li1,85.1000,157.7600,0.000146
FILLER_54_162,VGND,li1,80.2700,157.7600,0.000137
FILLER_54_154,VGND,li1,78.2000,157.7600,0.000134
FILLER_54_141,VGND,li1,70.8400,157.7600,0.000121
FILLER_54_139,VGND,li1,69.6900,157.7600,0.000117
FILLER_54_133,VGND,li1,68.0800,157.7600,0.000117
FILLER_54_121,VGND,li1,63.9400,157.7600,0.000110
FILLER_54_109,VGND,li1,58.4200,157.7600,0.000101
FILLER_54_97,VGND,li1,52.9000,157.7600,0.000090
FILLER_54_85,VGND,li1,47.3800,157.7600,0.000080
FILLER_54_83,VGND,li1,43.9300,157.7600,0.000068
FILLER_54_77,VGND,li1,42.3200,157.7600,0.000068
FILLER_54_65,VGND,li1,38.1800,157.7600,0.000059
FILLER_54_53,VGND,li1,32.6600,157.7600,0.000046
FILLER_54_41,VGND,li1,27.1400,157.7600,0.000033
FILLER_54_29,VGND,li1,21.6200,157.7600,0.000025
FILLER_54_26,VGND,li1,17.9400,157.7600,0.000025
FILLER_54_18,VGND,li1,15.6400,157.7600,0.000025
FILLER_54_6,VGND,li1,11.0400,157.7600,0.000025
FILLER_53_393,VGND,li1,186.7600,157.7600,0.000052
FILLER_53_386,VGND,li1,184.4600,157.7600,0.000051
FILLER_53_374,VGND,li1,180.3200,157.7600,0.000047
FILLER_53_349,VGND,li1,166.2900,157.7600,0.000082
FILLER_53_337,VGND,li1,163.3000,157.7600,0.000091
FILLER_53_318,VGND,li1,152.2600,157.7600,0.000125
FILLER_53_306,VGND,li1,149.0400,157.7600,0.000141
FILLER_53_281,VGND,li1,137.5400,157.7600,0.000171
FILLER_53_272,VGND,li1,132.4800,157.7600,0.000187
FILLER_53_246,VGND,li1,118.9100,157.7600,0.000202
FILLER_53_240,VGND,li1,117.3000,157.7600,0.000198
FILLER_53_228,VGND,li1,113.1600,157.7600,0.000192
FILLER_53_223,VGND,li1,108.3300,157.7600,0.000182
FILLER_53_217,VGND,li1,106.7200,157.7600,0.000182
FILLER_53_205,VGND,li1,102.5800,157.7600,0.000175
FILLER_53_193,VGND,li1,97.0600,157.7600,0.000163
FILLER_53_181,VGND,li1,91.5400,157.7600,0.000156
FILLER_53_169,VGND,li1,86.0200,157.7600,0.000146
FILLER_53_167,VGND,li1,82.5700,157.7600,0.000141
FILLER_53_161,VGND,li1,80.9600,157.7600,0.000137
FILLER_53_149,VGND,li1,76.8200,157.7600,0.000130
FILLER_53_137,VGND,li1,71.3000,157.7600,0.000121
FILLER_53_125,VGND,li1,65.7800,157.7600,0.000113
FILLER_53_113,VGND,li1,60.2600,157.7600,0.000104
FILLER_53_109,VGND,li1,56.3500,157.7600,0.000098
FILLER_53_81,VGND,li1,45.5400,157.7600,0.000073
FILLER_53_69,VGND,li1,40.0200,157.7600,0.000063
FILLER_53_57,VGND,li1,34.5000,157.7600,0.000050
FILLER_53_36,VGND,li1,23.9200,157.7600,0.000025
FILLER_53_24,VGND,li1,19.3200,157.7600,0.000025
FILLER_53_12,VGND,li1,13.8000,157.7600,0.000025
FILLER_53_3,VGND,li1,7.5900,157.7600,0.000025
FILLER_52_398,VGND,li1,188.8300,152.3200,0.000048
FILLER_52_392,VGND,li1,187.2200,152.3200,0.000047
FILLER_52_380,VGND,li1,183.0800,152.3200,0.000047
FILLER_52_373,VGND,li1,177.5600,152.3200,0.000046
FILLER_52_365,VGND,li1,175.2600,152.3200,0.000060
FILLER_52_362,VGND,li1,172.5000,152.3200,0.000068
FILLER_52_350,VGND,li1,169.2800,152.3200,0.000084
FILLER_52_338,VGND,li1,161.4600,152.3200,0.000122
FILLER_52_328,VGND,li1,156.8600,152.3200,0.000143
FILLER_52_321,VGND,li1,153.8700,152.3200,0.000151
FILLER_52_309,VGND,li1,150.4200,152.3200,0.000169
FILLER_52_287,VGND,li1,137.7700,152.3200,0.000203
FILLER_52_263,VGND,li1,126.9600,152.3200,0.000199
FILLER_52_259,VGND,li1,124.8900,152.3200,0.000198
FILLER_52_253,VGND,li1,123.2800,152.3200,0.000196
FILLER_52_246,VGND,li1,119.3700,152.3200,0.000195
FILLER_52_231,VGND,li1,113.1600,152.3200,0.000191
FILLER_52_226,VGND,li1,109.9400,152.3200,0.000190
FILLER_52_205,VGND,li1,100.7400,152.3200,0.000186
FILLER_52_185,VGND,li1,90.8500,152.3200,0.000180
FILLER_52_177,VGND,li1,88.7800,152.3200,0.000176
FILLER_52_165,VGND,li1,84.1800,152.3200,0.000172
FILLER_52_153,VGND,li1,78.6600,152.3200,0.000167
FILLER_52_141,VGND,li1,73.1400,152.3200,0.000158
FILLER_52_139,VGND,li1,69.6900,152.3200,0.000150
FILLER_52_135,VGND,li1,68.5400,152.3200,0.000150
FILLER_52_123,VGND,li1,64.8600,152.3200,0.000143
FILLER_52_111,VGND,li1,59.3400,152.3200,0.000132
FILLER_52_101,VGND,li1,52.4400,152.3200,0.000117
FILLER_52_85,VGND,li1,46.4600,152.3200,0.000103
FILLER_52_59,VGND,li1,33.5800,152.3200,0.000071
FILLER_52_37,VGND,li1,23.0000,152.3200,0.000045
FILLER_52_29,VGND,li1,20.7000,152.3200,0.000046
FILLER_52_27,VGND,li1,18.1700,152.3200,0.000048
FILLER_52_19,VGND,li1,16.1000,152.3200,0.000049
FILLER_52_7,VGND,li1,11.5000,152.3200,0.000050
FILLER_51_402,VGND,li1,190.6700,152.3200,0.000048
FILLER_51_391,VGND,li1,185.6100,152.3200,0.000047
FILLER_51_385,VGND,li1,184.0000,152.3200,0.000047
FILLER_51_373,VGND,li1,179.8600,152.3200,0.000046
FILLER_51_361,VGND,li1,174.3400,152.3200,0.000060
FILLER_51_349,VGND,li1,168.8200,152.3200,0.000084
FILLER_51_337,VGND,li1,163.3000,152.3200,0.000109
FILLER_51_328,VGND,li1,158.2400,152.3200,0.000131
FILLER_51_316,VGND,li1,153.6400,152.3200,0.000151
FILLER_51_306,VGND,li1,147.2000,152.3200,0.000179
FILLER_51_298,VGND,li1,142.8300,152.3200,0.000206
FILLER_51_289,VGND,li1,139.1500,152.3200,0.000205
FILLER_51_281,VGND,li1,136.6200,152.3200,0.000203
FILLER_51_277,VGND,li1,133.6300,152.3200,0.000202
FILLER_51_272,VGND,li1,130.8700,152.3200,0.000201
FILLER_51_260,VGND,li1,127.8800,152.3200,0.000199
FILLER_51_237,VGND,li1,115.2300,152.3200,0.000193
FILLER_51_225,VGND,li1,111.7800,152.3200,0.000191
FILLER_51_223,VGND,li1,108.3300,152.3200,0.000189
FILLER_51_219,VGND,li1,107.1800,152.3200,0.000189
FILLER_51_207,VGND,li1,103.5000,152.3200,0.000187
FILLER_51_198,VGND,li1,97.0600,152.3200,0.000184
FILLER_51_177,VGND,li1,87.4000,152.3200,0.000176
FILLER_51_144,VGND,li1,73.6000,152.3200,0.000158
FILLER_51_119,VGND,li1,60.4900,152.3200,0.000132
FILLER_51_113,VGND,li1,58.8800,152.3200,0.000128
FILLER_51_109,VGND,li1,56.3500,152.3200,0.000122
FILLER_51_101,VGND,li1,53.8200,152.3200,0.000117
FILLER_51_89,VGND,li1,49.2200,152.3200,0.000109
FILLER_51_77,VGND,li1,43.7000,152.3200,0.000097
FILLER_51_65,VGND,li1,36.1100,152.3200,0.000076
FILLER_51_57,VGND,li1,33.5800,152.3200,0.000071
FILLER_51_55,VGND,li1,31.0500,152.3200,0.000060
FILLER_51_51,VGND,li1,29.9000,152.3200,0.000060
FILLER_51_41,VGND,li1,24.8400,152.3200,0.000043
FILLER_51_33,VGND,li1,22.5400,152.3200,0.000045
FILLER_51_14,VGND,li1,12.6500,152.3200,0.000050
FILLER_51_6,VGND,li1,10.1200,152.3200,0.000050
FILLER_50_388,VGND,li1,184.6900,146.8800,0.000024
FILLER_50_380,VGND,li1,182.1600,146.8800,0.000022
FILLER_50_371,VGND,li1,176.4100,146.8800,0.000020
FILLER_50_365,VGND,li1,174.8000,146.8800,0.000020
FILLER_50_363,VGND,li1,172.7300,146.8800,0.000021
FILLER_50_351,VGND,li1,169.7400,146.8800,0.000022
FILLER_50_331,VGND,li1,160.5400,146.8800,0.000024
FILLER_50_321,VGND,li1,153.6400,146.8800,0.000023
FILLER_50_309,VGND,li1,150.4200,146.8800,0.000022
FILLER_50_304,VGND,li1,146.2800,146.8800,0.000022
FILLER_50_292,VGND,li1,141.6800,146.8800,0.000021
FILLER_50_276,VGND,li1,133.1700,146.8800,0.000020
FILLER_50_264,VGND,li1,128.3400,146.8800,0.000019
FILLER_50_253,VGND,li1,122.8200,146.8800,0.000019
FILLER_50_251,VGND,li1,121.2100,146.8800,0.000018
FILLER_50_245,VGND,li1,119.6000,146.8800,0.000018
FILLER_50_233,VGND,li1,115.4600,146.8800,0.000018
FILLER_50_221,VGND,li1,109.9400,146.8800,0.000017
FILLER_50_209,VGND,li1,104.4200,146.8800,0.000016
FILLER_50_197,VGND,li1,98.9000,146.8800,0.000015
FILLER_50_190,VGND,li1,94.3000,146.8800,0.000015
FILLER_50_182,VGND,li1,89.7000,146.8800,0.000014
FILLER_50_174,VGND,li1,87.4000,146.8800,0.000013
FILLER_50_162,VGND,li1,82.8000,146.8800,0.000013
FILLER_50_149,VGND,li1,74.5200,146.8800,0.000011
FILLER_50_141,VGND,li1,72.2200,146.8800,0.000011
FILLER_50_138,VGND,li1,69.4600,146.8800,0.000011
FILLER_50_126,VGND,li1,66.2400,146.8800,0.000010
FILLER_50_109,VGND,li1,57.0400,146.8800,0.000009
FILLER_50_97,VGND,li1,52.9000,146.8800,0.000008
FILLER_50_89,VGND,li1,46.6900,146.8800,0.000007
FILLER_50_85,VGND,li1,45.5400,146.8800,0.000007
FILLER_50_81,VGND,li1,43.4700,146.8800,0.000006
FILLER_50_69,VGND,li1,40.0200,146.8800,0.000006
FILLER_50_55,VGND,li1,31.0500,146.8800,0.000004
FILLER_50_49,VGND,li1,29.4400,146.8800,0.000004
FILLER_50_29,VGND,li1,21.6200,146.8800,0.000003
FILLER_50_24,VGND,li1,17.4800,146.8800,0.000003
FILLER_50_6,VGND,li1,8.5100,146.8800,0.000004
FILLER_49_401,VGND,li1,190.4400,146.8800,0.000027
FILLER_49_393,VGND,li1,188.1400,146.8800,0.000026
FILLER_49_390,VGND,li1,185.3800,146.8800,0.000024
FILLER_49_382,VGND,li1,183.0800,146.8800,0.000022
FILLER_49_337,VGND,li1,161.2300,146.8800,0.000024
FILLER_49_312,VGND,li1,150.4200,146.8800,0.000022
FILLER_49_304,VGND,li1,145.8200,146.8800,0.000022
FILLER_49_293,VGND,li1,141.2200,146.8800,0.000021
FILLER_49_270,VGND,li1,131.1000,146.8800,0.000020
FILLER_49_258,VGND,li1,126.9600,146.8800,0.000019
FILLER_49_245,VGND,li1,118.6800,146.8800,0.000018
FILLER_49_236,VGND,li1,114.3100,146.8800,0.000017
FILLER_49_225,VGND,li1,109.4800,146.8800,0.000017
FILLER_49_216,VGND,li1,106.7200,146.8800,0.000016
FILLER_49_201,VGND,li1,98.4400,146.8800,0.000015
FILLER_49_193,VGND,li1,96.1400,146.8800,0.000015
FILLER_49_181,VGND,li1,91.5400,146.8800,0.000014
FILLER_49_169,VGND,li1,86.0200,146.8800,0.000013
FILLER_49_164,VGND,li1,81.8800,146.8800,0.000013
FILLER_49_152,VGND,li1,78.2000,146.8800,0.000012
FILLER_49_144,VGND,li1,71.9900,146.8800,0.000011
FILLER_49_132,VGND,li1,69.0000,146.8800,0.000011
FILLER_49_120,VGND,li1,63.4800,146.8800,0.000010
FILLER_49_108,VGND,li1,56.1200,146.8800,0.000009
FILLER_49_96,VGND,li1,52.4400,146.8800,0.000008
FILLER_49_84,VGND,li1,46.9200,146.8800,0.000007
FILLER_49_72,VGND,li1,41.4000,146.8800,0.000006
FILLER_49_55,VGND,li1,31.0500,146.8800,0.000004
FILLER_49_32,VGND,li1,20.9300,146.8800,0.000003
FILLER_49_24,VGND,li1,18.4000,146.8800,0.000003
FILLER_49_18,VGND,li1,14.0300,146.8800,0.000004
FILLER_49_6,VGND,li1,11.0400,146.8800,0.000004
FILLER_48_381,VGND,li1,181.0100,141.4400,0.000016
FILLER_48_377,VGND,li1,179.8600,141.4400,0.000014
FILLER_48_371,VGND,li1,176.4100,141.4400,0.000015
FILLER_48_365,VGND,li1,174.8000,141.4400,0.000016
FILLER_48_360,VGND,li1,172.0400,141.4400,0.000018
FILLER_48_354,VGND,li1,168.5900,141.4400,0.000019
FILLER_48_342,VGND,li1,165.6000,141.4400,0.000021
FILLER_48_330,VGND,li1,160.0800,141.4400,0.000025
FILLER_48_318,VGND,li1,154.5600,141.4400,0.000027
FILLER_48_309,VGND,li1,148.1200,141.4400,0.000031
FILLER_48_307,VGND,li1,146.9700,141.4400,0.000033
FILLER_48_301,VGND,li1,145.3600,141.4400,0.000033
FILLER_48_289,VGND,li1,141.2200,141.4400,0.000035
FILLER_48_277,VGND,li1,135.7000,141.4400,0.000038
FILLER_48_265,VGND,li1,130.1800,141.4400,0.000042
FILLER_48_253,VGND,li1,124.6600,141.4400,0.000044
FILLER_48_251,VGND,li1,121.2100,141.4400,0.000046
FILLER_48_240,VGND,li1,116.8400,141.4400,0.000049
FILLER_48_218,VGND,li1,107.1800,141.4400,0.000052
FILLER_48_201,VGND,li1,98.2100,141.4400,0.000049
FILLER_48_197,VGND,li1,97.0600,141.4400,0.000049
FILLER_48_193,VGND,li1,94.9900,141.4400,0.000048
FILLER_48_181,VGND,li1,91.5400,141.4400,0.000046
FILLER_48_153,VGND,li1,76.8200,141.4400,0.000037
FILLER_48_141,VGND,li1,73.1400,141.4400,0.000035
FILLER_48_138,VGND,li1,69.4600,141.4400,0.000033
FILLER_48_131,VGND,li1,66.2400,141.4400,0.000031
FILLER_48_119,VGND,li1,60.4900,141.4400,0.000027
FILLER_48_113,VGND,li1,58.8800,141.4400,0.000025
FILLER_48_101,VGND,li1,54.7400,141.4400,0.000024
FILLER_48_85,VGND,li1,45.5400,141.4400,0.000018
FILLER_48_73,VGND,li1,40.4800,141.4400,0.000015
FILLER_48_61,VGND,li1,36.3400,141.4400,0.000013
FILLER_48_49,VGND,li1,30.8200,141.4400,0.000009
FILLER_48_37,VGND,li1,22.7700,141.4400,0.000006
FILLER_48_29,VGND,li1,20.7000,141.4400,0.000007
FILLER_48_26,VGND,li1,17.9400,141.4400,0.000007
FILLER_48_18,VGND,li1,15.6400,141.4400,0.000007
FILLER_48_6,VGND,li1,11.0400,141.4400,0.000007
FILLER_47_405,VGND,li1,192.2800,141.4400,0.000021
FILLER_47_391,VGND,li1,185.6100,141.4400,0.000019
FILLER_47_385,VGND,li1,184.0000,141.4400,0.000017
FILLER_47_373,VGND,li1,179.8600,141.4400,0.000014
FILLER_47_361,VGND,li1,174.3400,141.4400,0.000016
FILLER_47_349,VGND,li1,168.8200,141.4400,0.000019
FILLER_47_337,VGND,li1,163.3000,141.4400,0.000022
FILLER_47_333,VGND,li1,159.3900,141.4400,0.000025
FILLER_47_325,VGND,li1,156.8600,141.4400,0.000026
FILLER_47_313,VGND,li1,152.2600,141.4400,0.000029
FILLER_47_309,VGND,li1,147.8900,141.4400,0.000031
FILLER_47_301,VGND,li1,145.8200,141.4400,0.000033
FILLER_47_289,VGND,li1,139.3800,141.4400,0.000036
FILLER_47_278,VGND,li1,133.8600,141.4400,0.000039
FILLER_47_261,VGND,li1,126.5000,141.4400,0.000043
FILLER_47_249,VGND,li1,122.8200,141.4400,0.000046
FILLER_47_237,VGND,li1,117.3000,141.4400,0.000049
FILLER_47_225,VGND,li1,111.7800,141.4400,0.000052
FILLER_47_221,VGND,li1,107.8700,141.4400,0.000052
FILLER_47_193,VGND,li1,97.0600,141.4400,0.000049
FILLER_47_181,VGND,li1,91.5400,141.4400,0.000046
FILLER_47_169,VGND,li1,86.0200,141.4400,0.000042
FILLER_47_167,VGND,li1,82.5700,141.4400,0.000040
FILLER_47_155,VGND,li1,79.5800,141.4400,0.000038
FILLER_47_143,VGND,li1,74.0600,141.4400,0.000035
FILLER_47_125,VGND,li1,63.9400,141.4400,0.000029
FILLER_47_113,VGND,li1,60.2600,141.4400,0.000027
FILLER_47_108,VGND,li1,56.1200,141.4400,0.000024
FILLER_47_96,VGND,li1,52.4400,141.4400,0.000023
FILLER_47_89,VGND,li1,46.9200,141.4400,0.000018
FILLER_47_81,VGND,li1,44.6200,141.4400,0.000017
FILLER_47_69,VGND,li1,40.0200,141.4400,0.000015
FILLER_47_57,VGND,li1,34.5000,141.4400,0.000012
FILLER_47_55,VGND,li1,31.0500,141.4400,0.000009
FILLER_47_49,VGND,li1,29.4400,141.4400,0.000009
FILLER_47_37,VGND,li1,25.3000,141.4400,0.000006
FILLER_47_25,VGND,li1,19.7800,141.4400,0.000007
FILLER_46_402,VGND,li1,190.6700,136.0000,0.000017
FILLER_46_396,VGND,li1,189.0600,136.0000,0.000017
FILLER_46_370,VGND,li1,176.1800,136.0000,0.000021
FILLER_46_365,VGND,li1,173.6500,136.0000,0.000024
FILLER_46_360,VGND,li1,172.0400,136.0000,0.000026
FILLER_46_329,VGND,li1,157.7800,136.0000,0.000037
FILLER_46_316,VGND,li1,152.2600,136.0000,0.000041
FILLER_46_302,VGND,li1,145.8200,136.0000,0.000046
FILLER_46_283,VGND,li1,136.1600,136.0000,0.000050
FILLER_46_271,VGND,li1,132.9400,136.0000,0.000050
FILLER_46_259,VGND,li1,127.4200,136.0000,0.000051
FILLER_46_253,VGND,li1,122.1300,136.0000,0.000052
FILLER_46_249,VGND,li1,120.7500,136.0000,0.000052
FILLER_46_241,VGND,li1,118.2200,136.0000,0.000050
FILLER_46_229,VGND,li1,113.6200,136.0000,0.000048
FILLER_46_217,VGND,li1,108.1000,136.0000,0.000046
FILLER_46_209,VGND,li1,102.5800,136.0000,0.000043
FILLER_46_197,VGND,li1,98.9000,136.0000,0.000042
FILLER_46_194,VGND,li1,95.2200,136.0000,0.000040
FILLER_46_186,VGND,li1,92.9200,136.0000,0.000039
FILLER_46_173,VGND,li1,85.7900,136.0000,0.000035
FILLER_46_161,VGND,li1,82.3400,136.0000,0.000034
FILLER_46_149,VGND,li1,76.8200,136.0000,0.000032
FILLER_46_145,VGND,li1,72.4500,136.0000,0.000029
FILLER_46_141,VGND,li1,71.3000,136.0000,0.000029
FILLER_46_136,VGND,li1,69.0000,136.0000,0.000028
FILLER_46_124,VGND,li1,63.9400,136.0000,0.000025
FILLER_46_112,VGND,li1,59.8000,136.0000,0.000024
FILLER_46_97,VGND,li1,50.6000,136.0000,0.000019
FILLER_46_85,VGND,li1,47.3800,136.0000,0.000018
FILLER_46_74,VGND,li1,40.2500,136.0000,0.000014
FILLER_46_62,VGND,li1,36.8000,136.0000,0.000013
FILLER_46_54,VGND,li1,30.5900,136.0000,0.000010
FILLER_46_48,VGND,li1,28.9800,136.0000,0.000009
FILLER_46_29,VGND,li1,19.5500,136.0000,0.000009
FILLER_46_16,VGND,li1,15.6400,136.0000,0.000009
FILLER_46_7,VGND,li1,9.2000,136.0000,0.000010
FILLER_45_401,VGND,li1,190.4400,136.0000,0.000017
FILLER_45_393,VGND,li1,188.1400,136.0000,0.000017
FILLER_45_386,VGND,li1,184.4600,136.0000,0.000017
FILLER_45_374,VGND,li1,180.3200,136.0000,0.000016
FILLER_45_362,VGND,li1,172.7300,136.0000,0.000024
FILLER_45_337,VGND,li1,163.3000,136.0000,0.000033
FILLER_45_328,VGND,li1,158.2400,136.0000,0.000037
FILLER_45_316,VGND,li1,153.6400,136.0000,0.000041
FILLER_45_305,VGND,li1,146.2800,136.0000,0.000046
FILLER_45_293,VGND,li1,143.0600,136.0000,0.000048
FILLER_45_281,VGND,li1,137.5400,136.0000,0.000050
FILLER_45_274,VGND,li1,132.9400,136.0000,0.000050
FILLER_45_262,VGND,li1,128.8000,136.0000,0.000051
FILLER_45_245,VGND,li1,118.4500,136.0000,0.000050
FILLER_45_233,VGND,li1,115.4600,136.0000,0.000049
FILLER_45_223,VGND,li1,108.3300,136.0000,0.000046
FILLER_45_215,VGND,li1,106.2600,136.0000,0.000045
FILLER_45_203,VGND,li1,101.6600,136.0000,0.000043
FILLER_45_191,VGND,li1,96.1400,136.0000,0.000040
FILLER_45_177,VGND,li1,87.4000,136.0000,0.000036
FILLER_45_169,VGND,li1,85.1000,136.0000,0.000035
FILLER_45_164,VGND,li1,81.8800,136.0000,0.000034
FILLER_45_152,VGND,li1,78.2000,136.0000,0.000032
FILLER_45_148,VGND,li1,73.8300,136.0000,0.000030
FILLER_45_143,VGND,li1,71.5300,136.0000,0.000029
FILLER_45_131,VGND,li1,68.5400,136.0000,0.000028
FILLER_45_119,VGND,li1,63.0200,136.0000,0.000025
FILLER_45_111,VGND,li1,56.8100,136.0000,0.000022
FILLER_45_83,VGND,li1,46.4600,136.0000,0.000018
FILLER_45_78,VGND,li1,41.8600,136.0000,0.000016
FILLER_45_70,VGND,li1,39.5600,136.0000,0.000014
FILLER_45_52,VGND,li1,29.6700,136.0000,0.000010
FILLER_45_44,VGND,li1,27.6000,136.0000,0.000009
FILLER_45_26,VGND,li1,17.9400,136.0000,0.000009
FILLER_45_18,VGND,li1,15.6400,136.0000,0.000009
FILLER_45_6,VGND,li1,11.0400,136.0000,0.000010
FILLER_44_370,VGND,li1,178.4800,130.5600,0.000028
FILLER_44_352,VGND,li1,170.2000,130.5600,0.000047
FILLER_44_341,VGND,li1,164.2200,130.5600,0.000059
FILLER_44_333,VGND,li1,159.6200,130.5600,0.000069
FILLER_44_321,VGND,li1,155.9400,130.5600,0.000077
FILLER_44_309,VGND,li1,150.4200,130.5600,0.000088
FILLER_44_296,VGND,li1,144.4400,130.5600,0.000101
FILLER_44_284,VGND,li1,138.9200,130.5600,0.000113
FILLER_44_262,VGND,li1,127.4200,130.5600,0.000134
FILLER_44_250,VGND,li1,120.9800,130.5600,0.000147
FILLER_44_239,VGND,li1,116.8400,130.5600,0.000151
FILLER_44_217,VGND,li1,106.2600,130.5600,0.000167
FILLER_44_197,VGND,li1,96.3700,130.5600,0.000183
FILLER_44_184,VGND,li1,92.9200,130.5600,0.000188
FILLER_44_171,VGND,li1,86.0200,130.5600,0.000201
FILLER_44_159,VGND,li1,81.4200,130.5600,0.000206
FILLER_44_141,VGND,li1,71.3000,130.5600,0.000222
FILLER_44_139,VGND,li1,69.6900,130.5600,0.000224
FILLER_44_131,VGND,li1,67.6200,130.5600,0.000230
FILLER_44_119,VGND,li1,63.0200,130.5600,0.000234
FILLER_44_93,VGND,li1,49.6800,130.5600,0.000234
FILLER_44_83,VGND,li1,43.9300,130.5600,0.000213
FILLER_44_73,VGND,li1,40.4800,130.5600,0.000199
FILLER_44_61,VGND,li1,36.3400,130.5600,0.000169
FILLER_44_57,VGND,li1,31.9700,130.5600,0.000130
FILLER_44_45,VGND,li1,28.9800,130.5600,0.000115
FILLER_44_29,VGND,li1,20.7000,130.5600,0.000076
FILLER_44_25,VGND,li1,17.7100,130.5600,0.000076
FILLER_44_17,VGND,li1,15.1800,130.5600,0.000076
FILLER_44_7,VGND,li1,9.2000,130.5600,0.000077
FILLER_43_405,VGND,li1,192.2800,130.5600,0.000036
FILLER_43_393,VGND,li1,187.2200,130.5600,0.000033
FILLER_43_391,VGND,li1,185.6100,130.5600,0.000033
FILLER_43_385,VGND,li1,184.0000,130.5600,0.000032
FILLER_43_373,VGND,li1,179.8600,130.5600,0.000028
FILLER_43_361,VGND,li1,174.3400,130.5600,0.000040
FILLER_43_337,VGND,li1,161.2300,130.5600,0.000065
FILLER_43_325,VGND,li1,155.4800,130.5600,0.000077
FILLER_43_313,VGND,li1,152.2600,130.5600,0.000084
FILLER_43_301,VGND,li1,146.7400,130.5600,0.000096
FILLER_43_289,VGND,li1,141.2200,130.5600,0.000108
FILLER_43_279,VGND,li1,134.0900,130.5600,0.000126
FILLER_43_273,VGND,li1,132.4800,130.5600,0.000126
FILLER_43_261,VGND,li1,128.3400,130.5600,0.000134
FILLER_43_249,VGND,li1,122.8200,130.5600,0.000143
FILLER_43_237,VGND,li1,117.3000,130.5600,0.000151
FILLER_43_225,VGND,li1,111.7800,130.5600,0.000160
FILLER_43_222,VGND,li1,108.1000,130.5600,0.000164
FILLER_43_210,VGND,li1,104.8800,130.5600,0.000170
FILLER_43_201,VGND,li1,98.2100,130.5600,0.000180
FILLER_43_197,VGND,li1,97.0600,130.5600,0.000183
FILLER_43_185,VGND,li1,93.3800,130.5600,0.000188
FILLER_43_169,VGND,li1,84.6400,130.5600,0.000201
FILLER_43_162,VGND,li1,81.4200,130.5600,0.000206
FILLER_43_145,VGND,li1,72.9100,130.5600,0.000222
FILLER_43_133,VGND,li1,69.4600,130.5600,0.000224
FILLER_43_124,VGND,li1,63.9400,130.5600,0.000234
FILLER_43_113,VGND,li1,58.1900,130.5600,0.000243
FILLER_43_105,VGND,li1,54.5100,130.5600,0.000248
FILLER_43_97,VGND,li1,51.9800,130.5600,0.000240
FILLER_43_69,VGND,li1,37.4900,130.5600,0.000169
FILLER_43_57,VGND,li1,34.5000,130.5600,0.000144
FILLER_43_55,VGND,li1,31.0500,130.5600,0.000130
FILLER_43_49,VGND,li1,29.4400,130.5600,0.000115
FILLER_43_29,VGND,li1,19.3200,130.5600,0.000076
FILLER_43_21,VGND,li1,17.0200,130.5600,0.000076
FILLER_43_3,VGND,li1,7.3600,130.5600,0.000077
FILLER_42_402,VGND,li1,190.6700,125.1200,0.000083
FILLER_42_390,VGND,li1,187.6800,125.1200,0.000083
FILLER_42_317,VGND,li1,152.2600,125.1200,0.000145
FILLER_42_285,VGND,li1,136.8500,125.1200,0.000129
FILLER_42_277,VGND,li1,134.7800,125.1200,0.000127
FILLER_42_265,VGND,li1,130.1800,125.1200,0.000123
FILLER_42_253,VGND,li1,124.6600,125.1200,0.000117
FILLER_42_249,VGND,li1,120.7500,125.1200,0.000113
FILLER_42_241,VGND,li1,116.6100,125.1200,0.000109
FILLER_42_233,VGND,li1,114.5400,125.1200,0.000107
FILLER_42_221,VGND,li1,109.9400,125.1200,0.000102
FILLER_42_209,VGND,li1,104.4200,125.1200,0.000097
FILLER_42_197,VGND,li1,98.9000,125.1200,0.000091
FILLER_42_195,VGND,li1,95.4500,125.1200,0.000088
FILLER_42_183,VGND,li1,92.4600,125.1200,0.000084
FILLER_42_173,VGND,li1,85.5600,125.1200,0.000078
FILLER_42_165,VGND,li1,83.2600,125.1200,0.000076
FILLER_42_153,VGND,li1,78.6600,125.1200,0.000070
FILLER_42_141,VGND,li1,73.1400,125.1200,0.000065
FILLER_42_138,VGND,li1,69.4600,125.1200,0.000062
FILLER_42_122,VGND,li1,62.3300,125.1200,0.000055
FILLER_42_114,VGND,li1,59.8000,125.1200,0.000052
FILLER_42_102,VGND,li1,55.2000,125.1200,0.000047
FILLER_42_90,VGND,li1,49.6800,125.1200,0.000042
FILLER_42_83,VGND,li1,43.9300,125.1200,0.000035
FILLER_42_77,VGND,li1,42.3200,125.1200,0.000035
FILLER_42_69,VGND,li1,37.4900,125.1200,0.000029
FILLER_42_65,VGND,li1,36.3400,125.1200,0.000026
FILLER_42_57,VGND,li1,31.9700,125.1200,0.000021
FILLER_42_53,VGND,li1,30.8200,125.1200,0.000021
FILLER_42_41,VGND,li1,27.1400,125.1200,0.000016
FILLER_42_29,VGND,li1,21.6200,125.1200,0.000013
FILLER_42_26,VGND,li1,17.9400,125.1200,0.000013
FILLER_42_18,VGND,li1,15.6400,125.1200,0.000013
FILLER_42_9,VGND,li1,9.8900,125.1200,0.000013
FILLER_42_3,VGND,li1,8.2800,125.1200,0.000013
FILLER_41_393,VGND,li1,186.7600,125.1200,0.000083
FILLER_41_380,VGND,li1,183.0800,125.1200,0.000082
FILLER_41_372,VGND,li1,177.3300,125.1200,0.000081
FILLER_41_360,VGND,li1,173.8800,125.1200,0.000110
FILLER_41_337,VGND,li1,161.2300,125.1200,0.000153
FILLER_41_330,VGND,li1,158.7000,125.1200,0.000151
FILLER_41_316,VGND,li1,151.1100,125.1200,0.000142
FILLER_41_304,VGND,li1,148.1200,125.1200,0.000140
FILLER_41_293,VGND,li1,140.5300,125.1200,0.000132
FILLER_41_289,VGND,li1,139.3800,125.1200,0.000132
FILLER_41_279,VGND,li1,134.0900,125.1200,0.000127
FILLER_41_271,VGND,li1,132.0200,125.1200,0.000125
FILLER_41_259,VGND,li1,127.4200,125.1200,0.000120
FILLER_41_247,VGND,li1,121.9000,125.1200,0.000113
FILLER_41_241,VGND,li1,116.6100,125.1200,0.000109
FILLER_41_237,VGND,li1,115.4600,125.1200,0.000107
FILLER_41_225,VGND,li1,111.7800,125.1200,0.000104
FILLER_41_221,VGND,li1,107.8700,125.1200,0.000100
FILLER_41_213,VGND,li1,105.3400,125.1200,0.000097
FILLER_41_201,VGND,li1,98.4400,125.1200,0.000091
FILLER_41_189,VGND,li1,95.2200,125.1200,0.000088
FILLER_41_177,VGND,li1,87.6300,125.1200,0.000080
FILLER_41_169,VGND,li1,85.1000,125.1200,0.000078
FILLER_41_167,VGND,li1,82.5700,125.1200,0.000074
FILLER_41_163,VGND,li1,81.4200,125.1200,0.000074
FILLER_41_151,VGND,li1,75.4400,125.1200,0.000068
FILLER_41_143,VGND,li1,73.1400,125.1200,0.000065
FILLER_41_131,VGND,li1,68.5400,125.1200,0.000060
FILLER_41_119,VGND,li1,63.0200,125.1200,0.000055
FILLER_41_105,VGND,li1,54.5100,125.1200,0.000047
FILLER_41_93,VGND,li1,51.0600,125.1200,0.000042
FILLER_41_81,VGND,li1,45.5400,125.1200,0.000037
FILLER_41_69,VGND,li1,40.0200,125.1200,0.000032
FILLER_41_54,VGND,li1,30.8200,125.1200,0.000021
FILLER_41_46,VGND,li1,28.5200,125.1200,0.000016
FILLER_41_28,VGND,li1,19.0900,125.1200,0.000013
FILLER_41_20,VGND,li1,16.5600,125.1200,0.000013
FILLER_41_11,VGND,li1,10.8100,125.1200,0.000013
FILLER_41_3,VGND,li1,8.7400,125.1200,0.000013
FILLER_40_404,VGND,li1,192.0500,119.6800,0.000022
FILLER_40_384,VGND,li1,183.0800,119.6800,0.000020
FILLER_40_373,VGND,li1,177.7900,119.6800,0.000017
FILLER_40_365,VGND,li1,175.2600,119.6800,0.000018
FILLER_40_352,VGND,li1,170.2000,119.6800,0.000020
FILLER_40_340,VGND,li1,164.6800,119.6800,0.000022
FILLER_40_328,VGND,li1,159.1600,119.6800,0.000025
FILLER_40_324,VGND,li1,154.7900,119.6800,0.000026
FILLER_40_309,VGND,li1,149.0400,119.6800,0.000029
FILLER_40_307,VGND,li1,146.9700,119.6800,0.000029
FILLER_40_299,VGND,li1,144.9000,119.6800,0.000030
FILLER_40_287,VGND,li1,140.3000,119.6800,0.000031
FILLER_40_253,VGND,li1,123.2800,119.6800,0.000029
FILLER_40_250,VGND,li1,120.9800,119.6800,0.000028
FILLER_40_234,VGND,li1,114.0800,119.6800,0.000027
FILLER_40_226,VGND,li1,109.7100,119.6800,0.000026
FILLER_40_218,VGND,li1,107.6400,119.6800,0.000026
FILLER_40_205,VGND,li1,100.5100,119.6800,0.000024
FILLER_40_197,VGND,li1,97.9800,119.6800,0.000024
FILLER_40_193,VGND,li1,94.9900,119.6800,0.000023
FILLER_40_185,VGND,li1,92.4600,119.6800,0.000023
FILLER_40_173,VGND,li1,87.8600,119.6800,0.000022
FILLER_40_161,VGND,li1,82.3400,119.6800,0.000021
FILLER_40_141,VGND,li1,73.1400,119.6800,0.000019
FILLER_40_137,VGND,li1,69.2300,119.6800,0.000018
FILLER_40_125,VGND,li1,65.7800,119.6800,0.000017
FILLER_40_113,VGND,li1,60.2600,119.6800,0.000016
FILLER_40_101,VGND,li1,54.7400,119.6800,0.000015
FILLER_40_89,VGND,li1,49.2200,119.6800,0.000014
FILLER_40_74,VGND,li1,40.4800,119.6800,0.000012
FILLER_40_62,VGND,li1,36.8000,119.6800,0.000012
FILLER_40_50,VGND,li1,31.2800,119.6800,0.000010
FILLER_40_38,VGND,li1,25.7600,119.6800,0.000009
FILLER_40_29,VGND,li1,19.3200,119.6800,0.000013
FILLER_40_24,VGND,li1,17.4800,119.6800,0.000014
FILLER_40_3,VGND,li1,7.3600,119.6800,0.000018
FILLER_39_405,VGND,li1,192.2800,119.6800,0.000022
FILLER_39_393,VGND,li1,189.0600,119.6800,0.000022
FILLER_39_386,VGND,li1,184.4600,119.6800,0.000020
FILLER_39_357,VGND,li1,170.6600,119.6800,0.000020
FILLER_39_345,VGND,li1,166.9800,119.6800,0.000021
FILLER_39_335,VGND,li1,159.8500,119.6800,0.000024
FILLER_39_302,VGND,li1,145.3600,119.6800,0.000029
FILLER_39_279,VGND,li1,134.0900,119.6800,0.000031
FILLER_39_273,VGND,li1,132.4800,119.6800,0.000031
FILLER_39_265,VGND,li1,127.6500,119.6800,0.000030
FILLER_39_259,VGND,li1,126.0400,119.6800,0.000029
FILLER_39_247,VGND,li1,121.9000,119.6800,0.000028
FILLER_39_241,VGND,li1,116.6100,119.6800,0.000027
FILLER_39_237,VGND,li1,115.4600,119.6800,0.000027
FILLER_39_225,VGND,li1,111.7800,119.6800,0.000027
FILLER_39_216,VGND,li1,106.7200,119.6800,0.000026
FILLER_39_204,VGND,li1,102.1200,119.6800,0.000025
FILLER_39_192,VGND,li1,96.6000,119.6800,0.000023
FILLER_39_169,VGND,li1,83.7200,119.6800,0.000021
FILLER_39_165,VGND,li1,82.1100,119.6800,0.000021
FILLER_39_153,VGND,li1,78.6600,119.6800,0.000020
FILLER_39_144,VGND,li1,72.2200,119.6800,0.000019
FILLER_39_136,VGND,li1,69.9200,119.6800,0.000018
FILLER_39_118,VGND,li1,61.6400,119.6800,0.000016
FILLER_39_99,VGND,li1,51.7500,119.6800,0.000015
FILLER_39_91,VGND,li1,49.2200,119.6800,0.000014
FILLER_39_75,VGND,li1,40.2500,119.6800,0.000012
FILLER_39_69,VGND,li1,38.6400,119.6800,0.000012
FILLER_39_57,VGND,li1,34.5000,119.6800,0.000011
FILLER_39_53,VGND,li1,30.5900,119.6800,0.000010
FILLER_39_45,VGND,li1,28.0600,119.6800,0.000010
FILLER_39_33,VGND,li1,23.4600,119.6800,0.000009
FILLER_39_21,VGND,li1,17.9400,119.6800,0.000013
FILLER_39_7,VGND,li1,10.1200,119.6800,0.000018
FILLER_38_379,VGND,li1,180.5500,114.2400,0.000056
FILLER_38_371,VGND,li1,178.0200,114.2400,0.000054
FILLER_38_365,VGND,li1,173.6500,114.2400,0.000080
FILLER_38_361,VGND,li1,172.2700,114.2400,0.000080
FILLER_38_336,VGND,li1,160.3100,114.2400,0.000107
FILLER_38_332,VGND,li1,159.1600,114.2400,0.000107
FILLER_38_309,VGND,li1,149.5000,114.2400,0.000099
FILLER_38_305,VGND,li1,146.5100,114.2400,0.000097
FILLER_38_293,VGND,li1,143.0600,114.2400,0.000095
FILLER_38_281,VGND,li1,137.5400,114.2400,0.000091
FILLER_38_269,VGND,li1,132.0200,114.2400,0.000087
FILLER_38_261,VGND,li1,126.0400,114.2400,0.000082
FILLER_38_253,VGND,li1,123.7400,114.2400,0.000080
FILLER_38_251,VGND,li1,121.2100,114.2400,0.000079
FILLER_38_243,VGND,li1,119.1400,114.2400,0.000077
FILLER_38_231,VGND,li1,114.5400,114.2400,0.000074
FILLER_38_219,VGND,li1,109.0200,114.2400,0.000069
FILLER_38_211,VGND,li1,103.2700,114.2400,0.000066
FILLER_38_197,VGND,li1,97.0600,114.2400,0.000060
FILLER_38_195,VGND,li1,95.4500,114.2400,0.000059
FILLER_38_189,VGND,li1,93.8400,114.2400,0.000059
FILLER_38_177,VGND,li1,89.7000,114.2400,0.000056
FILLER_38_165,VGND,li1,84.1800,114.2400,0.000052
FILLER_38_153,VGND,li1,78.6600,114.2400,0.000047
FILLER_38_141,VGND,li1,73.1400,114.2400,0.000044
FILLER_38_139,VGND,li1,69.6900,114.2400,0.000040
FILLER_38_133,VGND,li1,68.0800,114.2400,0.000040
FILLER_38_121,VGND,li1,63.9400,114.2400,0.000037
FILLER_38_109,VGND,li1,58.4200,114.2400,0.000032
FILLER_38_97,VGND,li1,52.9000,114.2400,0.000028
FILLER_38_85,VGND,li1,47.3800,114.2400,0.000024
FILLER_38_83,VGND,li1,43.9300,114.2400,0.000021
FILLER_38_79,VGND,li1,42.7800,114.2400,0.000021
FILLER_38_67,VGND,li1,39.1000,114.2400,0.000019
FILLER_38_50,VGND,li1,28.9800,114.2400,0.000011
FILLER_38_41,VGND,li1,24.8400,114.2400,0.000008
FILLER_38_29,VGND,li1,21.6200,114.2400,0.000009
FILLER_38_16,VGND,li1,15.6400,114.2400,0.000009
FILLER_38_7,VGND,li1,8.9700,114.2400,0.000010
FILLER_38_3,VGND,li1,7.8200,114.2400,0.000010
FILLER_37_405,VGND,li1,192.2800,114.2400,0.000062
FILLER_37_389,VGND,li1,185.1500,114.2400,0.000059
FILLER_37_381,VGND,li1,182.6200,114.2400,0.000057
FILLER_37_369,VGND,li1,178.0200,114.2400,0.000054
FILLER_37_357,VGND,li1,172.5000,114.2400,0.000080
FILLER_37_335,VGND,li1,159.8500,114.2400,0.000107
FILLER_37_329,VGND,li1,158.2400,114.2400,0.000105
FILLER_37_317,VGND,li1,154.1000,114.2400,0.000102
FILLER_37_305,VGND,li1,148.5800,114.2400,0.000099
FILLER_37_293,VGND,li1,143.0600,114.2400,0.000095
FILLER_37_281,VGND,li1,137.5400,114.2400,0.000091
FILLER_37_278,VGND,li1,133.8600,114.2400,0.000088
FILLER_37_270,VGND,li1,131.5600,114.2400,0.000087
FILLER_37_262,VGND,li1,126.5000,114.2400,0.000082
FILLER_37_250,VGND,li1,123.2800,114.2400,0.000080
FILLER_37_225,VGND,li1,111.7800,114.2400,0.000072
FILLER_37_219,VGND,li1,106.7200,114.2400,0.000067
FILLER_37_207,VGND,li1,103.5000,114.2400,0.000066
FILLER_37_197,VGND,li1,96.8300,114.2400,0.000060
FILLER_37_189,VGND,li1,94.3000,114.2400,0.000059
FILLER_37_177,VGND,li1,89.7000,114.2400,0.000056
FILLER_37_159,VGND,li1,79.3500,114.2400,0.000047
FILLER_37_136,VGND,li1,68.5400,114.2400,0.000040
FILLER_37_128,VGND,li1,66.2400,114.2400,0.000039
FILLER_37_116,VGND,li1,61.6400,114.2400,0.000035
FILLER_37_83,VGND,li1,46.4600,114.2400,0.000024
FILLER_37_79,VGND,li1,42.0900,114.2400,0.000020
FILLER_37_75,VGND,li1,40.9400,114.2400,0.000020
FILLER_37_63,VGND,li1,37.2600,114.2400,0.000017
FILLER_37_57,VGND,li1,32.4300,114.2400,0.000013
FILLER_37_50,VGND,li1,29.9000,114.2400,0.000011
FILLER_37_41,VGND,li1,24.8400,114.2400,0.000008
FILLER_37_33,VGND,li1,22.5400,114.2400,0.000009
FILLER_37_18,VGND,li1,14.0300,114.2400,0.000009
FILLER_37_9,VGND,li1,9.8900,114.2400,0.000010
FILLER_37_3,VGND,li1,8.2800,114.2400,0.000010
FILLER_36_397,VGND,li1,189.5200,108.8000,0.000053
FILLER_36_385,VGND,li1,185.3800,108.8000,0.000052
FILLER_36_373,VGND,li1,179.8600,108.8000,0.000051
FILLER_36_363,VGND,li1,172.7300,108.8000,0.000085
FILLER_36_357,VGND,li1,171.1200,108.8000,0.000085
FILLER_36_345,VGND,li1,166.9800,108.8000,0.000106
FILLER_36_333,VGND,li1,161.4600,108.8000,0.000131
FILLER_36_321,VGND,li1,155.9400,108.8000,0.000150
FILLER_36_309,VGND,li1,150.4200,108.8000,0.000174
FILLER_36_307,VGND,li1,146.9700,108.8000,0.000189
FILLER_36_299,VGND,li1,144.9000,108.8000,0.000198
FILLER_36_287,VGND,li1,140.3000,108.8000,0.000216
FILLER_36_280,VGND,li1,135.2400,108.8000,0.000238
FILLER_36_265,VGND,li1,127.6500,108.8000,0.000264
FILLER_36_253,VGND,li1,124.6600,108.8000,0.000275
FILLER_36_240,VGND,li1,118.6800,108.8000,0.000303
FILLER_36_197,VGND,li1,97.0600,108.8000,0.000319
FILLER_36_195,VGND,li1,95.4500,108.8000,0.000319
FILLER_36_187,VGND,li1,93.3800,108.8000,0.000311
FILLER_36_174,VGND,li1,86.2500,108.8000,0.000283
FILLER_36_166,VGND,li1,83.7200,108.8000,0.000269
FILLER_36_154,VGND,li1,79.1200,108.8000,0.000256
FILLER_36_149,VGND,li1,74.5200,108.8000,0.000238
FILLER_36_141,VGND,li1,72.2200,108.8000,0.000229
FILLER_36_139,VGND,li1,69.6900,108.8000,0.000219
FILLER_36_131,VGND,li1,67.6200,108.8000,0.000211
FILLER_36_120,VGND,li1,61.1800,108.8000,0.000186
FILLER_36_116,VGND,li1,59.1100,108.8000,0.000178
FILLER_36_108,VGND,li1,57.0400,108.8000,0.000169
FILLER_36_96,VGND,li1,52.4400,108.8000,0.000146
FILLER_36_85,VGND,li1,44.8500,108.8000,0.000120
FILLER_36_66,VGND,li1,37.7200,108.8000,0.000094
FILLER_36_54,VGND,li1,33.1200,108.8000,0.000077
FILLER_36_41,VGND,li1,25.0700,108.8000,0.000045
FILLER_36_29,VGND,li1,21.6200,108.8000,0.000048
FILLER_36_27,VGND,li1,18.1700,108.8000,0.000049
FILLER_36_19,VGND,li1,16.1000,108.8000,0.000051
FILLER_35_406,VGND,li1,192.5100,108.8000,0.000053
FILLER_35_402,VGND,li1,191.3600,108.8000,0.000053
FILLER_35_393,VGND,li1,186.5300,108.8000,0.000052
FILLER_35_389,VGND,li1,185.1500,108.8000,0.000052
FILLER_35_378,VGND,li1,179.8600,108.8000,0.000051
FILLER_35_372,VGND,li1,176.8700,108.8000,0.000066
FILLER_35_354,VGND,li1,168.8200,108.8000,0.000095
FILLER_35_344,VGND,li1,163.9900,108.8000,0.000116
FILLER_35_281,VGND,li1,135.2400,108.8000,0.000238
FILLER_35_279,VGND,li1,134.0900,108.8000,0.000246
FILLER_35_273,VGND,li1,132.4800,108.8000,0.000246
FILLER_35_261,VGND,li1,128.3400,108.8000,0.000264
FILLER_35_249,VGND,li1,122.8200,108.8000,0.000286
FILLER_35_237,VGND,li1,117.3000,108.8000,0.000303
FILLER_35_225,VGND,li1,111.7800,108.8000,0.000325
FILLER_35_211,VGND,li1,103.9600,108.8000,0.000353
FILLER_35_205,VGND,li1,100.2800,108.8000,0.000333
FILLER_35_193,VGND,li1,96.1400,108.8000,0.000319
FILLER_35_181,VGND,li1,91.5400,108.8000,0.000301
FILLER_35_169,VGND,li1,86.0200,108.8000,0.000283
FILLER_35_167,VGND,li1,82.5700,108.8000,0.000269
FILLER_35_159,VGND,li1,80.5000,108.8000,0.000256
FILLER_35_147,VGND,li1,75.9000,108.8000,0.000238
FILLER_35_135,VGND,li1,70.3800,108.8000,0.000219
FILLER_35_123,VGND,li1,64.8600,108.8000,0.000200
FILLER_35_113,VGND,li1,58.4200,108.8000,0.000169
FILLER_35_111,VGND,li1,56.8100,108.8000,0.000169
FILLER_35_92,VGND,li1,48.3000,108.8000,0.000132
FILLER_35_80,VGND,li1,45.0800,108.8000,0.000120
FILLER_35_69,VGND,li1,38.1800,108.8000,0.000094
FILLER_35_57,VGND,li1,34.5000,108.8000,0.000077
FILLER_35_55,VGND,li1,31.0500,108.8000,0.000064
FILLER_35_51,VGND,li1,29.9000,108.8000,0.000064
FILLER_35_39,VGND,li1,26.2200,108.8000,0.000045
FILLER_35_27,VGND,li1,20.7000,108.8000,0.000048
FILLER_35_15,VGND,li1,15.1800,108.8000,0.000051
FILLER_35_3,VGND,li1,9.6600,108.8000,0.000055
FILLER_34_403,VGND,li1,191.8200,103.3600,0.000002
FILLER_34_385,VGND,li1,183.0800,103.3600,0.000002
FILLER_34_377,VGND,li1,180.7800,103.3600,0.000001
FILLER_34_365,VGND,li1,176.1800,103.3600,0.000001
FILLER_34_363,VGND,li1,172.7300,103.3600,0.000001
FILLER_34_351,VGND,li1,169.7400,103.3600,0.000001
FILLER_34_338,VGND,li1,161.2300,103.3600,0.000002
FILLER_34_322,VGND,li1,153.8700,103.3600,0.000002
FILLER_34_317,VGND,li1,151.8000,103.3600,0.000002
FILLER_34_309,VGND,li1,149.5000,103.3600,0.000002
FILLER_34_307,VGND,li1,146.9700,103.3600,0.000002
FILLER_34_301,VGND,li1,145.3600,103.3600,0.000002
FILLER_34_289,VGND,li1,141.2200,103.3600,0.000002
FILLER_34_277,VGND,li1,135.7000,103.3600,0.000003
FILLER_34_265,VGND,li1,130.1800,103.3600,0.000003
FILLER_34_253,VGND,li1,124.6600,103.3600,0.000003
FILLER_34_250,VGND,li1,120.9800,103.3600,0.000003
FILLER_34_233,VGND,li1,114.0800,103.3600,0.000003
FILLER_34_221,VGND,li1,109.9400,103.3600,0.000004
FILLER_34_209,VGND,li1,104.4200,103.3600,0.000004
FILLER_34_197,VGND,li1,98.9000,103.3600,0.000004
FILLER_34_184,VGND,li1,92.9200,103.3600,0.000004
FILLER_34_173,VGND,li1,85.7900,103.3600,0.000004
FILLER_34_165,VGND,li1,83.2600,103.3600,0.000005
FILLER_34_153,VGND,li1,78.6600,103.3600,0.000005
FILLER_34_141,VGND,li1,73.1400,103.3600,0.000005
FILLER_34_128,VGND,li1,67.1600,103.3600,0.000005
FILLER_34_116,VGND,li1,61.6400,103.3600,0.000005
FILLER_34_104,VGND,li1,56.1200,103.3600,0.000005
FILLER_34_92,VGND,li1,50.6000,103.3600,0.000006
FILLER_34_83,VGND,li1,43.9300,103.3600,0.000006
FILLER_34_77,VGND,li1,42.3200,103.3600,0.000006
FILLER_34_65,VGND,li1,38.1800,103.3600,0.000006
FILLER_34_53,VGND,li1,32.6600,103.3600,0.000006
FILLER_34_41,VGND,li1,27.1400,103.3600,0.000006
FILLER_34_27,VGND,li1,18.1700,103.3600,0.000011
FILLER_34_3,VGND,li1,8.7400,103.3600,0.000013
FILLER_33_405,VGND,li1,192.2800,103.3600,0.000002
FILLER_33_393,VGND,li1,187.2200,103.3600,0.000002
FILLER_33_391,VGND,li1,185.6100,103.3600,0.000002
FILLER_33_378,VGND,li1,180.3200,103.3600,0.000001
FILLER_33_361,VGND,li1,174.3400,103.3600,0.000001
FILLER_33_349,VGND,li1,168.8200,103.3600,0.000001
FILLER_33_337,VGND,li1,163.3000,103.3600,0.000002
FILLER_33_334,VGND,li1,159.6200,103.3600,0.000002
FILLER_33_317,VGND,li1,154.1000,103.3600,0.000002
FILLER_33_305,VGND,li1,148.5800,103.3600,0.000002
FILLER_33_293,VGND,li1,143.0600,103.3600,0.000002
FILLER_33_281,VGND,li1,137.5400,103.3600,0.000003
FILLER_33_277,VGND,li1,133.6300,103.3600,0.000003
FILLER_33_267,VGND,li1,129.0300,103.3600,0.000003
FILLER_33_253,VGND,li1,122.1300,103.3600,0.000003
FILLER_33_247,VGND,li1,120.5200,103.3600,0.000003
FILLER_33_237,VGND,li1,115.0000,103.3600,0.000003
FILLER_33_225,VGND,li1,111.7800,103.3600,0.000004
FILLER_33_221,VGND,li1,107.8700,103.3600,0.000004
FILLER_33_208,VGND,li1,101.4300,103.3600,0.000004
FILLER_33_196,VGND,li1,98.4400,103.3600,0.000004
FILLER_33_185,VGND,li1,90.8500,103.3600,0.000004
FILLER_33_181,VGND,li1,89.7000,103.3600,0.000004
FILLER_33_169,VGND,li1,86.0200,103.3600,0.000004
FILLER_33_157,VGND,li1,77.9700,103.3600,0.000005
FILLER_33_153,VGND,li1,76.8200,103.3600,0.000005
FILLER_33_145,VGND,li1,72.4500,103.3600,0.000005
FILLER_33_128,VGND,li1,65.0900,103.3600,0.000005
FILLER_33_117,VGND,li1,59.5700,103.3600,0.000005
FILLER_33_113,VGND,li1,58.4200,103.3600,0.000005
FILLER_33_104,VGND,li1,55.2000,103.3600,0.000005
FILLER_33_92,VGND,li1,50.6000,103.3600,0.000006
FILLER_33_73,VGND,li1,41.8600,103.3600,0.000006
FILLER_33_45,VGND,li1,27.1400,103.3600,0.000006
FILLER_33_32,VGND,li1,20.7000,103.3600,0.000010
FILLER_33_15,VGND,li1,13.8000,103.3600,0.000013
FILLER_33_3,VGND,li1,9.6600,103.3600,0.000013
FILLER_32_406,VGND,li1,192.5100,97.9200,0.000024
FILLER_32_389,VGND,li1,184.6900,97.9200,0.000020
FILLER_32_385,VGND,li1,183.5400,97.9200,0.000020
FILLER_32_373,VGND,li1,179.8600,97.9200,0.000017
FILLER_32_345,VGND,li1,164.9100,97.9200,0.000027
FILLER_32_328,VGND,li1,157.3200,97.9200,0.000030
FILLER_32_321,VGND,li1,153.4100,97.9200,0.000031
FILLER_32_317,VGND,li1,152.2600,97.9200,0.000031
FILLER_32_304,VGND,li1,146.2800,97.9200,0.000034
FILLER_32_280,VGND,li1,135.2400,97.9200,0.000031
FILLER_32_274,VGND,li1,132.2500,97.9200,0.000031
FILLER_32_266,VGND,li1,129.7200,97.9200,0.000030
FILLER_32_253,VGND,li1,123.2800,97.9200,0.000029
FILLER_32_250,VGND,li1,120.9800,97.9200,0.000029
FILLER_32_242,VGND,li1,118.6800,97.9200,0.000028
FILLER_32_231,VGND,li1,112.0100,97.9200,0.000027
FILLER_32_223,VGND,li1,109.9400,97.9200,0.000026
FILLER_32_213,VGND,li1,103.7300,97.9200,0.000025
FILLER_32_205,VGND,li1,100.0500,97.9200,0.000024
FILLER_32_197,VGND,li1,97.9800,97.9200,0.000024
FILLER_32_193,VGND,li1,94.9900,97.9200,0.000023
FILLER_32_185,VGND,li1,92.4600,97.9200,0.000023
FILLER_32_167,VGND,li1,83.2600,97.9200,0.000021
FILLER_32_155,VGND,li1,79.5800,97.9200,0.000020
FILLER_32_141,VGND,li1,72.2200,97.9200,0.000019
FILLER_32_136,VGND,li1,69.0000,97.9200,0.000018
FILLER_32_124,VGND,li1,65.3200,97.9200,0.000018
FILLER_32_112,VGND,li1,59.8000,97.9200,0.000016
FILLER_32_105,VGND,li1,54.5100,97.9200,0.000015
FILLER_32_97,VGND,li1,51.9800,97.9200,0.000015
FILLER_32_85,VGND,li1,47.3800,97.9200,0.000014
FILLER_32_82,VGND,li1,43.7000,97.9200,0.000013
FILLER_32_74,VGND,li1,41.4000,97.9200,0.000013
FILLER_32_62,VGND,li1,36.8000,97.9200,0.000012
FILLER_32_53,VGND,li1,30.8200,97.9200,0.000011
FILLER_32_41,VGND,li1,27.1400,97.9200,0.000010
FILLER_32_29,VGND,li1,21.6200,97.9200,0.000011
FILLER_32_27,VGND,li1,18.1700,97.9200,0.000013
FILLER_32_21,VGND,li1,16.5600,97.9200,0.000015
FILLER_32_11,VGND,li1,11.0400,97.9200,0.000018
FILLER_32_3,VGND,li1,8.7400,97.9200,0.000018
FILLER_31_404,VGND,li1,192.0500,97.9200,0.000024
FILLER_31_393,VGND,li1,186.9900,97.9200,0.000022
FILLER_31_391,VGND,li1,185.6100,97.9200,0.000022
FILLER_31_378,VGND,li1,180.3200,97.9200,0.000018
FILLER_31_367,VGND,li1,175.7200,97.9200,0.000019
FILLER_31_355,VGND,li1,171.5800,97.9200,0.000023
FILLER_31_345,VGND,li1,164.6800,97.9200,0.000027
FILLER_31_337,VGND,li1,162.3800,97.9200,0.000028
FILLER_31_335,VGND,li1,159.8500,97.9200,0.000029
FILLER_31_329,VGND,li1,158.2400,97.9200,0.000030
FILLER_31_317,VGND,li1,154.1000,97.9200,0.000031
FILLER_31_298,VGND,li1,143.2900,97.9200,0.000033
FILLER_31_289,VGND,li1,138.6900,97.9200,0.000032
FILLER_31_281,VGND,li1,136.6200,97.9200,0.000032
FILLER_31_274,VGND,li1,132.9400,97.9200,0.000031
FILLER_31_262,VGND,li1,128.8000,97.9200,0.000030
FILLER_31_250,VGND,li1,123.2800,97.9200,0.000029
FILLER_31_238,VGND,li1,117.7600,97.9200,0.000028
FILLER_31_225,VGND,li1,110.4000,97.9200,0.000026
FILLER_31_222,VGND,li1,108.1000,97.9200,0.000026
FILLER_31_214,VGND,li1,105.8000,97.9200,0.000026
FILLER_31_205,VGND,li1,100.5100,97.9200,0.000024
FILLER_31_193,VGND,li1,97.0600,97.9200,0.000024
FILLER_31_181,VGND,li1,91.5400,97.9200,0.000023
FILLER_31_169,VGND,li1,86.0200,97.9200,0.000022
FILLER_31_162,VGND,li1,81.4200,97.9200,0.000021
FILLER_31_150,VGND,li1,77.2800,97.9200,0.000020
FILLER_31_138,VGND,li1,71.7600,97.9200,0.000019
FILLER_31_126,VGND,li1,66.2400,97.9200,0.000018
FILLER_31_97,VGND,li1,51.0600,97.9200,0.000015
FILLER_31_77,VGND,li1,41.6300,97.9200,0.000013
FILLER_31_69,VGND,li1,39.1000,97.9200,0.000012
FILLER_31_57,VGND,li1,34.5000,97.9200,0.000011
FILLER_31_54,VGND,li1,30.8200,97.9200,0.000011
FILLER_31_46,VGND,li1,28.5200,97.9200,0.000010
FILLER_31_34,VGND,li1,23.9200,97.9200,0.000009
FILLER_30_404,VGND,li1,192.0500,92.4800,0.000024
FILLER_30_386,VGND,li1,183.5400,92.4800,0.000020
FILLER_30_378,VGND,li1,181.2400,92.4800,0.000018
FILLER_30_369,VGND,li1,175.4900,92.4800,0.000017
FILLER_30_365,VGND,li1,174.3400,92.4800,0.000017
FILLER_30_362,VGND,li1,172.5000,92.4800,0.000017
FILLER_30_350,VGND,li1,169.2800,92.4800,0.000016
FILLER_30_344,VGND,li1,163.9900,92.4800,0.000016
FILLER_30_332,VGND,li1,161.0000,92.4800,0.000016
FILLER_30_317,VGND,li1,151.8000,92.4800,0.000015
FILLER_30_309,VGND,li1,149.5000,92.4800,0.000015
FILLER_30_306,VGND,li1,146.7400,92.4800,0.000014
FILLER_30_294,VGND,li1,143.5200,92.4800,0.000014
FILLER_30_282,VGND,li1,138.0000,92.4800,0.000014
FILLER_30_270,VGND,li1,132.4800,92.4800,0.000013
FILLER_30_258,VGND,li1,126.9600,92.4800,0.000013
FILLER_30_253,VGND,li1,122.3600,92.4800,0.000012
FILLER_30_251,VGND,li1,121.2100,92.4800,0.000012
FILLER_30_245,VGND,li1,119.6000,92.4800,0.000012
FILLER_30_233,VGND,li1,115.4600,92.4800,0.000012
FILLER_30_221,VGND,li1,109.9400,92.4800,0.000011
FILLER_30_209,VGND,li1,104.4200,92.4800,0.000011
FILLER_30_197,VGND,li1,98.9000,92.4800,0.000010
FILLER_30_194,VGND,li1,95.2200,92.4800,0.000010
FILLER_30_186,VGND,li1,92.9200,92.4800,0.000010
FILLER_30_174,VGND,li1,88.3200,92.4800,0.000009
FILLER_30_163,VGND,li1,82.3400,92.4800,0.000009
FILLER_30_155,VGND,li1,77.0500,92.4800,0.000008
FILLER_30_149,VGND,li1,75.4400,92.4800,0.000008
FILLER_30_139,VGND,li1,69.6900,92.4800,0.000008
FILLER_30_126,VGND,li1,64.1700,92.4800,0.000007
FILLER_30_118,VGND,li1,61.6400,92.4800,0.000007
FILLER_30_112,VGND,li1,57.2700,92.4800,0.000007
FILLER_30_106,VGND,li1,55.6600,92.4800,0.000006
FILLER_30_93,VGND,li1,48.9900,92.4800,0.000006
FILLER_30_85,VGND,li1,46.4600,92.4800,0.000006
FILLER_30_83,VGND,li1,43.9300,92.4800,0.000005
FILLER_30_75,VGND,li1,41.8600,92.4800,0.000005
FILLER_30_63,VGND,li1,37.2600,92.4800,0.000005
FILLER_30_55,VGND,li1,31.5100,92.4800,0.000004
FILLER_30_37,VGND,li1,23.0000,92.4800,0.000004
FILLER_30_29,VGND,li1,20.7000,92.4800,0.000005
FILLER_30_27,VGND,li1,18.1700,92.4800,0.000006
FILLER_30_19,VGND,li1,16.1000,92.4800,0.000006
FILLER_30_7,VGND,li1,11.5000,92.4800,0.000007
FILLER_29_393,VGND,li1,186.7600,92.4800,0.000022
FILLER_29_380,VGND,li1,183.0800,92.4800,0.000020
FILLER_29_349,VGND,li1,167.4400,92.4800,0.000016
FILLER_29_337,VGND,li1,163.3000,92.4800,0.000016
FILLER_29_335,VGND,li1,159.8500,92.4800,0.000016
FILLER_29_323,VGND,li1,156.8600,92.4800,0.000015
FILLER_29_312,VGND,li1,150.8800,92.4800,0.000015
FILLER_29_300,VGND,li1,146.2800,92.4800,0.000014
FILLER_29_293,VGND,li1,140.7600,92.4800,0.000014
FILLER_29_285,VGND,li1,136.8500,92.4800,0.000014
FILLER_29_281,VGND,li1,135.7000,92.4800,0.000013
FILLER_29_279,VGND,li1,134.0900,92.4800,0.000013
FILLER_29_273,VGND,li1,132.4800,92.4800,0.000013
FILLER_29_255,VGND,li1,124.2000,92.4800,0.000012
FILLER_29_238,VGND,li1,115.4600,92.4800,0.000012
FILLER_29_225,VGND,li1,109.7100,92.4800,0.000011
FILLER_29_223,VGND,li1,108.3300,92.4800,0.000011
FILLER_29_215,VGND,li1,106.2600,92.4800,0.000011
FILLER_29_205,VGND,li1,100.0500,92.4800,0.000010
FILLER_29_201,VGND,li1,98.9000,92.4800,0.000010
FILLER_29_188,VGND,li1,92.2300,92.4800,0.000010
FILLER_29_180,VGND,li1,90.1600,92.4800,0.000010
FILLER_29_153,VGND,li1,76.5900,92.4800,0.000008
FILLER_29_141,VGND,li1,73.1400,92.4800,0.000008
FILLER_29_129,VGND,li1,67.6200,92.4800,0.000008
FILLER_29_117,VGND,li1,59.5700,92.4800,0.000007
FILLER_29_113,VGND,li1,58.4200,92.4800,0.000007
FILLER_29_110,VGND,li1,56.5800,92.4800,0.000007
FILLER_29_102,VGND,li1,54.2800,92.4800,0.000006
FILLER_29_89,VGND,li1,47.8400,92.4800,0.000006
FILLER_29_77,VGND,li1,43.7000,92.4800,0.000005
FILLER_29_57,VGND,li1,32.6600,92.4800,0.000004
FILLER_29_54,VGND,li1,30.8200,92.4800,0.000004
FILLER_29_50,VGND,li1,28.7500,92.4800,0.000004
FILLER_29_46,VGND,li1,27.6000,92.4800,0.000004
FILLER_29_24,VGND,li1,18.4000,92.4800,0.000006
FILLER_29_15,VGND,li1,12.6500,92.4800,0.000007
FILLER_29_3,VGND,li1,9.6600,92.4800,0.000007
FILLER_28_397,VGND,li1,188.6000,87.0400,0.000018
FILLER_28_389,VGND,li1,186.3000,87.0400,0.000017
FILLER_28_377,VGND,li1,181.7000,87.0400,0.000017
FILLER_28_365,VGND,li1,176.1800,87.0400,0.000018
FILLER_28_362,VGND,li1,172.5000,87.0400,0.000022
FILLER_28_354,VGND,li1,170.2000,87.0400,0.000025
FILLER_28_342,VGND,li1,165.6000,87.0400,0.000027
FILLER_28_338,VGND,li1,161.2300,87.0400,0.000030
FILLER_28_317,VGND,li1,151.5700,87.0400,0.000034
FILLER_28_309,VGND,li1,149.5000,87.0400,0.000035
FILLER_28_306,VGND,li1,146.7400,87.0400,0.000036
FILLER_28_294,VGND,li1,143.5200,87.0400,0.000039
FILLER_28_282,VGND,li1,138.0000,87.0400,0.000041
FILLER_28_269,VGND,li1,129.4900,87.0400,0.000045
FILLER_28_265,VGND,li1,128.3400,87.0400,0.000046
FILLER_28_253,VGND,li1,124.6600,87.0400,0.000047
FILLER_28_248,VGND,li1,120.5200,87.0400,0.000049
FILLER_28_236,VGND,li1,116.8400,87.0400,0.000051
FILLER_28_227,VGND,li1,110.1700,87.0400,0.000054
FILLER_28_209,VGND,li1,102.1200,87.0400,0.000058
FILLER_28_197,VGND,li1,97.9800,87.0400,0.000060
FILLER_28_195,VGND,li1,95.4500,87.0400,0.000061
FILLER_28_187,VGND,li1,93.3800,87.0400,0.000062
FILLER_28_179,VGND,li1,88.5500,87.0400,0.000065
FILLER_28_167,VGND,li1,85.1000,87.0400,0.000066
FILLER_28_161,VGND,li1,80.2700,87.0400,0.000069
FILLER_28_153,VGND,li1,76.1300,87.0400,0.000071
FILLER_28_141,VGND,li1,73.1400,87.0400,0.000072
FILLER_28_138,VGND,li1,69.4600,87.0400,0.000075
FILLER_28_126,VGND,li1,66.2400,87.0400,0.000076
FILLER_28_117,VGND,li1,59.8000,87.0400,0.000079
FILLER_28_109,VGND,li1,57.5000,87.0400,0.000080
FILLER_28_97,VGND,li1,52.9000,87.0400,0.000082
FILLER_28_85,VGND,li1,47.3800,87.0400,0.000085
FILLER_28_81,VGND,li1,43.4700,87.0400,0.000087
FILLER_28_69,VGND,li1,40.0200,87.0400,0.000088
FILLER_28_61,VGND,li1,33.8100,87.0400,0.000083
FILLER_28_53,VGND,li1,31.7400,87.0400,0.000075
FILLER_28_41,VGND,li1,27.1400,87.0400,0.000057
FILLER_28_29,VGND,li1,21.6200,87.0400,0.000052
FILLER_28_25,VGND,li1,17.7100,87.0400,0.000055
FILLER_28_3,VGND,li1,8.2800,87.0400,0.000058
FILLER_27_402,VGND,li1,190.6700,87.0400,0.000018
FILLER_27_388,VGND,li1,184.9200,87.0400,0.000017
FILLER_27_375,VGND,li1,178.2500,87.0400,0.000016
FILLER_27_364,VGND,li1,174.3400,87.0400,0.000020
FILLER_27_337,VGND,li1,161.2300,87.0400,0.000030
FILLER_27_335,VGND,li1,159.8500,87.0400,0.000030
FILLER_27_327,VGND,li1,157.7800,87.0400,0.000031
FILLER_27_318,VGND,li1,152.4900,87.0400,0.000034
FILLER_27_301,VGND,li1,144.6700,87.0400,0.000037
FILLER_27_293,VGND,li1,142.1400,87.0400,0.000039
FILLER_27_281,VGND,li1,137.5400,87.0400,0.000041
FILLER_27_279,VGND,li1,134.0900,87.0400,0.000043
FILLER_27_273,VGND,li1,132.4800,87.0400,0.000043
FILLER_27_261,VGND,li1,126.9600,87.0400,0.000046
FILLER_27_249,VGND,li1,122.8200,87.0400,0.000048
FILLER_27_237,VGND,li1,117.3000,87.0400,0.000051
FILLER_27_225,VGND,li1,111.7800,87.0400,0.000054
FILLER_27_223,VGND,li1,108.3300,87.0400,0.000055
FILLER_27_217,VGND,li1,106.7200,87.0400,0.000056
FILLER_27_207,VGND,li1,101.2000,87.0400,0.000059
FILLER_27_199,VGND,li1,98.9000,87.0400,0.000060
FILLER_27_187,VGND,li1,94.3000,87.0400,0.000062
FILLER_27_177,VGND,li1,87.6300,87.0400,0.000065
FILLER_27_169,VGND,li1,85.1000,87.0400,0.000066
FILLER_27_164,VGND,li1,81.8800,87.0400,0.000069
FILLER_27_152,VGND,li1,78.2000,87.0400,0.000070
FILLER_27_135,VGND,li1,68.3100,87.0400,0.000075
FILLER_27_123,VGND,li1,64.8600,87.0400,0.000076
FILLER_27_104,VGND,li1,55.2000,87.0400,0.000081
FILLER_27_85,VGND,li1,45.3100,87.0400,0.000086
FILLER_27_77,VGND,li1,42.7800,87.0400,0.000087
FILLER_27_48,VGND,li1,27.8300,87.0400,0.000057
FILLER_27_44,VGND,li1,26.6800,87.0400,0.000049
FILLER_27_37,VGND,li1,23.2300,87.0400,0.000050
FILLER_27_29,VGND,li1,20.7000,87.0400,0.000052
FILLER_27_7,VGND,li1,10.1200,87.0400,0.000058
FILLER_26_380,VGND,li1,181.0100,81.6000,0.000019
FILLER_26_370,VGND,li1,175.9500,81.6000,0.000015
FILLER_26_363,VGND,li1,172.7300,81.6000,0.000015
FILLER_26_351,VGND,li1,169.7400,81.6000,0.000015
FILLER_26_339,VGND,li1,164.2200,81.6000,0.000015
FILLER_26_327,VGND,li1,158.7000,81.6000,0.000016
FILLER_26_315,VGND,li1,153.1800,81.6000,0.000016
FILLER_26_307,VGND,li1,146.9700,81.6000,0.000016
FILLER_26_301,VGND,li1,145.3600,81.6000,0.000016
FILLER_26_289,VGND,li1,141.2200,81.6000,0.000016
FILLER_26_277,VGND,li1,135.7000,81.6000,0.000017
FILLER_26_265,VGND,li1,130.1800,81.6000,0.000017
FILLER_26_253,VGND,li1,122.8200,81.6000,0.000017
FILLER_26_251,VGND,li1,121.2100,81.6000,0.000017
FILLER_26_245,VGND,li1,119.6000,81.6000,0.000017
FILLER_26_237,VGND,li1,114.7700,81.6000,0.000018
FILLER_26_233,VGND,li1,113.6200,81.6000,0.000018
FILLER_26_221,VGND,li1,109.9400,81.6000,0.000018
FILLER_26_209,VGND,li1,104.4200,81.6000,0.000018
FILLER_26_197,VGND,li1,98.9000,81.6000,0.000018
FILLER_26_195,VGND,li1,95.4500,81.6000,0.000018
FILLER_26_187,VGND,li1,93.3800,81.6000,0.000019
FILLER_26_175,VGND,li1,88.7800,81.6000,0.000019
FILLER_26_169,VGND,li1,83.4900,81.6000,0.000019
FILLER_26_165,VGND,li1,82.3400,81.6000,0.000019
FILLER_26_153,VGND,li1,77.7400,81.6000,0.000019
FILLER_26_141,VGND,li1,73.1400,81.6000,0.000019
FILLER_26_138,VGND,li1,69.4600,81.6000,0.000020
FILLER_26_130,VGND,li1,67.1600,81.6000,0.000020
FILLER_26_118,VGND,li1,62.5600,81.6000,0.000020
FILLER_26_105,VGND,li1,55.6600,81.6000,0.000020
FILLER_26_93,VGND,li1,51.0600,81.6000,0.000020
FILLER_26_85,VGND,li1,45.0800,81.6000,0.000021
FILLER_26_81,VGND,li1,43.4700,81.6000,0.000021
FILLER_26_73,VGND,li1,40.9400,81.6000,0.000021
FILLER_26_50,VGND,li1,28.9800,81.6000,0.000018
FILLER_26_27,VGND,li1,18.1700,81.6000,0.000018
FILLER_26_19,VGND,li1,16.1000,81.6000,0.000020
FILLER_26_7,VGND,li1,11.5000,81.6000,0.000021
FILLER_25_401,VGND,li1,190.4400,81.6000,0.000025
FILLER_25_393,VGND,li1,188.1400,81.6000,0.000024
FILLER_25_373,VGND,li1,177.7900,81.6000,0.000015
FILLER_25_361,VGND,li1,174.3400,81.6000,0.000015
FILLER_25_349,VGND,li1,168.8200,81.6000,0.000015
FILLER_25_337,VGND,li1,163.3000,81.6000,0.000015
FILLER_25_334,VGND,li1,159.6200,81.6000,0.000016
FILLER_25_326,VGND,li1,157.3200,81.6000,0.000016
FILLER_25_314,VGND,li1,152.7200,81.6000,0.000016
FILLER_25_302,VGND,li1,147.2000,81.6000,0.000016
FILLER_25_281,VGND,li1,136.6200,81.6000,0.000017
FILLER_25_279,VGND,li1,134.0900,81.6000,0.000017
FILLER_25_275,VGND,li1,132.9400,81.6000,0.000017
FILLER_25_263,VGND,li1,129.2600,81.6000,0.000017
FILLER_25_251,VGND,li1,123.7400,81.6000,0.000017
FILLER_25_223,VGND,li1,108.3300,81.6000,0.000018
FILLER_25_217,VGND,li1,106.7200,81.6000,0.000018
FILLER_25_204,VGND,li1,100.0500,81.6000,0.000018
FILLER_25_192,VGND,li1,96.6000,81.6000,0.000018
FILLER_25_177,VGND,li1,88.7800,81.6000,0.000019
FILLER_25_167,VGND,li1,82.5700,81.6000,0.000019
FILLER_25_158,VGND,li1,78.4300,81.6000,0.000019
FILLER_25_154,VGND,li1,77.2800,81.6000,0.000019
FILLER_25_133,VGND,li1,67.3900,81.6000,0.000020
FILLER_25_125,VGND,li1,64.8600,81.6000,0.000020
FILLER_25_113,VGND,li1,60.2600,81.6000,0.000020
FILLER_25_100,VGND,li1,54.2800,81.6000,0.000020
FILLER_25_90,VGND,li1,47.6100,81.6000,0.000021
FILLER_25_79,VGND,li1,42.5500,81.6000,0.000021
FILLER_25_71,VGND,li1,40.0200,81.6000,0.000021
FILLER_25_57,VGND,li1,31.9700,81.6000,0.000019
FILLER_25_53,VGND,li1,30.5900,81.6000,0.000019
FILLER_25_45,VGND,li1,28.0600,81.6000,0.000018
FILLER_25_14,VGND,li1,12.4200,81.6000,0.000020
FILLER_24_401,VGND,li1,191.3600,76.1600,0.000015
FILLER_24_389,VGND,li1,187.2200,76.1600,0.000015
FILLER_24_377,VGND,li1,181.7000,76.1600,0.000015
FILLER_24_365,VGND,li1,176.1800,76.1600,0.000019
FILLER_24_360,VGND,li1,172.0400,76.1600,0.000025
FILLER_24_309,VGND,li1,148.5800,76.1600,0.000051
FILLER_24_288,VGND,li1,138.2300,76.1600,0.000060
FILLER_24_269,VGND,li1,129.4900,76.1600,0.000069
FILLER_24_265,VGND,li1,128.3400,76.1600,0.000069
FILLER_24_253,VGND,li1,124.6600,76.1600,0.000072
FILLER_24_250,VGND,li1,120.9800,76.1600,0.000075
FILLER_24_242,VGND,li1,118.6800,76.1600,0.000078
FILLER_24_230,VGND,li1,114.0800,76.1600,0.000082
FILLER_24_218,VGND,li1,108.5600,76.1600,0.000088
FILLER_24_197,VGND,li1,97.5200,76.1600,0.000097
FILLER_24_195,VGND,li1,95.4500,76.1600,0.000099
FILLER_24_189,VGND,li1,93.8400,76.1600,0.000101
FILLER_24_173,VGND,li1,87.8600,76.1600,0.000107
FILLER_24_161,VGND,li1,82.3400,76.1600,0.000112
FILLER_24_149,VGND,li1,76.8200,76.1600,0.000116
FILLER_24_139,VGND,li1,69.6900,76.1600,0.000123
FILLER_24_133,VGND,li1,68.0800,76.1600,0.000125
FILLER_24_121,VGND,li1,63.9400,76.1600,0.000128
FILLER_24_107,VGND,li1,55.6600,76.1600,0.000137
FILLER_24_95,VGND,li1,51.9800,76.1600,0.000140
FILLER_24_89,VGND,li1,46.6900,76.1600,0.000146
FILLER_24_83,VGND,li1,43.9300,76.1600,0.000148
FILLER_24_71,VGND,li1,38.4100,76.1600,0.000126
FILLER_24_63,VGND,li1,36.3400,76.1600,0.000116
FILLER_24_41,VGND,li1,27.1400,76.1600,0.000069
FILLER_24_29,VGND,li1,21.6200,76.1600,0.000051
FILLER_24_25,VGND,li1,17.7100,76.1600,0.000051
FILLER_24_15,VGND,li1,12.6500,76.1600,0.000052
FILLER_24_11,VGND,li1,11.5000,76.1600,0.000052
FILLER_23_405,VGND,li1,192.2800,76.1600,0.000015
FILLER_23_393,VGND,li1,189.0600,76.1600,0.000015
FILLER_23_391,VGND,li1,185.6100,76.1600,0.000015
FILLER_23_385,VGND,li1,184.0000,76.1600,0.000015
FILLER_23_373,VGND,li1,179.8600,76.1600,0.000015
FILLER_23_361,VGND,li1,174.3400,76.1600,0.000022
FILLER_23_349,VGND,li1,168.8200,76.1600,0.000032
FILLER_23_337,VGND,li1,163.3000,76.1600,0.000037
FILLER_23_333,VGND,li1,159.3900,76.1600,0.000040
FILLER_23_325,VGND,li1,156.8600,76.1600,0.000042
FILLER_23_318,VGND,li1,152.2600,76.1600,0.000046
FILLER_23_295,VGND,li1,141.4500,76.1600,0.000057
FILLER_23_291,VGND,li1,140.3000,76.1600,0.000057
FILLER_23_281,VGND,li1,135.4700,76.1600,0.000062
FILLER_23_277,VGND,li1,133.6300,76.1600,0.000064
FILLER_23_269,VGND,li1,131.1000,76.1600,0.000066
FILLER_23_262,VGND,li1,126.5000,76.1600,0.000070
FILLER_23_237,VGND,li1,115.4600,76.1600,0.000082
FILLER_23_225,VGND,li1,111.7800,76.1600,0.000084
FILLER_23_221,VGND,li1,107.8700,76.1600,0.000088
FILLER_23_209,VGND,li1,104.4200,76.1600,0.000091
FILLER_23_197,VGND,li1,98.9000,76.1600,0.000097
FILLER_23_185,VGND,li1,93.3800,76.1600,0.000101
FILLER_23_169,VGND,li1,84.1800,76.1600,0.000110
FILLER_23_164,VGND,li1,81.8800,76.1600,0.000112
FILLER_23_152,VGND,li1,78.2000,76.1600,0.000116
FILLER_23_133,VGND,li1,67.3900,76.1600,0.000125
FILLER_23_125,VGND,li1,64.8600,76.1600,0.000128
FILLER_23_103,VGND,li1,53.1300,76.1600,0.000140
FILLER_23_99,VGND,li1,51.9800,76.1600,0.000140
FILLER_23_71,VGND,li1,38.4100,76.1600,0.000126
FILLER_23_67,VGND,li1,37.2600,76.1600,0.000116
FILLER_23_57,VGND,li1,31.9700,76.1600,0.000087
FILLER_23_53,VGND,li1,30.5900,76.1600,0.000087
FILLER_23_45,VGND,li1,28.0600,76.1600,0.000069
FILLER_23_27,VGND,li1,19.3200,76.1600,0.000051
FILLER_23_15,VGND,li1,15.1800,76.1600,0.000051
FILLER_23_3,VGND,li1,9.6600,76.1600,0.000052
FILLER_22_401,VGND,li1,191.3600,70.7200,0.000001
FILLER_22_389,VGND,li1,187.2200,70.7200,0.000001
FILLER_22_377,VGND,li1,181.7000,70.7200,0.000001
FILLER_22_365,VGND,li1,176.1800,70.7200,0.000002
FILLER_22_363,VGND,li1,172.7300,70.7200,0.000003
FILLER_22_357,VGND,li1,171.1200,70.7200,0.000003
FILLER_22_345,VGND,li1,166.9800,70.7200,0.000003
FILLER_22_333,VGND,li1,161.4600,70.7200,0.000004
FILLER_22_321,VGND,li1,155.9400,70.7200,0.000005
FILLER_22_309,VGND,li1,150.4200,70.7200,0.000006
FILLER_22_304,VGND,li1,146.2800,70.7200,0.000006
FILLER_22_292,VGND,li1,142.6000,70.7200,0.000007
FILLER_22_277,VGND,li1,134.3200,70.7200,0.000008
FILLER_22_265,VGND,li1,130.1800,70.7200,0.000009
FILLER_22_253,VGND,li1,124.6600,70.7200,0.000010
FILLER_22_244,VGND,li1,119.6000,70.7200,0.000010
FILLER_22_232,VGND,li1,115.0000,70.7200,0.000011
FILLER_22_213,VGND,li1,106.2600,70.7200,0.000012
FILLER_22_197,VGND,li1,97.5200,70.7200,0.000014
FILLER_22_188,VGND,li1,93.8400,70.7200,0.000014
FILLER_22_176,VGND,li1,89.2400,70.7200,0.000015
FILLER_22_155,VGND,li1,77.2800,70.7200,0.000017
FILLER_22_147,VGND,li1,74.9800,70.7200,0.000017
FILLER_22_139,VGND,li1,69.6900,70.7200,0.000018
FILLER_22_124,VGND,li1,64.4000,70.7200,0.000019
FILLER_22_112,VGND,li1,59.8000,70.7200,0.000019
FILLER_22_100,VGND,li1,54.2800,70.7200,0.000020
FILLER_22_76,VGND,li1,42.3200,70.7200,0.000022
FILLER_22_29,VGND,li1,19.3200,70.7200,0.000020
FILLER_22_26,VGND,li1,17.9400,70.7200,0.000020
FILLER_21_405,VGND,li1,192.2800,70.7200,0.000001
FILLER_21_393,VGND,li1,189.0600,70.7200,0.000001
FILLER_21_391,VGND,li1,185.6100,70.7200,0.000001
FILLER_21_385,VGND,li1,184.0000,70.7200,0.000001
FILLER_21_373,VGND,li1,179.8600,70.7200,0.000001
FILLER_21_361,VGND,li1,174.3400,70.7200,0.000002
FILLER_21_349,VGND,li1,168.8200,70.7200,0.000003
FILLER_21_337,VGND,li1,163.3000,70.7200,0.000004
FILLER_21_335,VGND,li1,159.8500,70.7200,0.000005
FILLER_21_329,VGND,li1,158.2400,70.7200,0.000005
FILLER_21_317,VGND,li1,154.1000,70.7200,0.000005
FILLER_21_305,VGND,li1,148.5800,70.7200,0.000006
FILLER_21_293,VGND,li1,143.0600,70.7200,0.000007
FILLER_21_281,VGND,li1,137.5400,70.7200,0.000008
FILLER_21_268,VGND,li1,131.5600,70.7200,0.000009
FILLER_21_256,VGND,li1,126.0400,70.7200,0.000010
FILLER_21_244,VGND,li1,120.5200,70.7200,0.000010
FILLER_21_232,VGND,li1,115.0000,70.7200,0.000011
FILLER_21_223,VGND,li1,108.3300,70.7200,0.000012
FILLER_21_217,VGND,li1,106.7200,70.7200,0.000012
FILLER_21_197,VGND,li1,96.3700,70.7200,0.000014
FILLER_21_193,VGND,li1,95.2200,70.7200,0.000014
FILLER_21_181,VGND,li1,91.5400,70.7200,0.000014
FILLER_21_169,VGND,li1,86.0200,70.7200,0.000015
FILLER_21_167,VGND,li1,82.5700,70.7200,0.000016
FILLER_21_163,VGND,li1,81.4200,70.7200,0.000016
FILLER_21_156,VGND,li1,77.9700,70.7200,0.000017
FILLER_21_148,VGND,li1,75.4400,70.7200,0.000017
FILLER_21_136,VGND,li1,70.8400,70.7200,0.000018
FILLER_21_125,VGND,li1,63.9400,70.7200,0.000019
FILLER_21_113,VGND,li1,60.2600,70.7200,0.000019
FILLER_21_111,VGND,li1,56.8100,70.7200,0.000020
FILLER_21_102,VGND,li1,52.9000,70.7200,0.000020
FILLER_21_91,VGND,li1,48.3000,70.7200,0.000021
FILLER_21_79,VGND,li1,44.6200,70.7200,0.000021
FILLER_21_67,VGND,li1,39.1000,70.7200,0.000022
FILLER_21_57,VGND,li1,31.9700,70.7200,0.000020
FILLER_21_53,VGND,li1,30.5900,70.7200,0.000020
FILLER_21_45,VGND,li1,28.0600,70.7200,0.000018
FILLER_21_34,VGND,li1,21.6200,70.7200,0.000018
FILLER_21_26,VGND,li1,19.3200,70.7200,0.000020
FILLER_21_14,VGND,li1,12.6500,70.7200,0.000023
FILLER_21_3,VGND,li1,8.2800,70.7200,0.000024
FILLER_20_401,VGND,li1,191.3600,65.2800,0.000001
FILLER_20_389,VGND,li1,187.2200,65.2800,0.000001
FILLER_20_377,VGND,li1,181.7000,65.2800,0.000001
FILLER_20_365,VGND,li1,176.1800,65.2800,0.000001
FILLER_20_363,VGND,li1,172.7300,65.2800,0.000002
FILLER_20_357,VGND,li1,171.1200,65.2800,0.000002
FILLER_20_345,VGND,li1,166.9800,65.2800,0.000002
FILLER_20_333,VGND,li1,161.4600,65.2800,0.000003
FILLER_20_321,VGND,li1,155.9400,65.2800,0.000003
FILLER_20_309,VGND,li1,150.4200,65.2800,0.000004
FILLER_20_307,VGND,li1,146.9700,65.2800,0.000004
FILLER_20_299,VGND,li1,144.9000,65.2800,0.000004
FILLER_20_287,VGND,li1,140.3000,65.2800,0.000004
FILLER_20_279,VGND,li1,134.3200,65.2800,0.000005
FILLER_20_271,VGND,li1,130.4100,65.2800,0.000006
FILLER_20_267,VGND,li1,129.2600,65.2800,0.000006
FILLER_20_253,VGND,li1,122.1300,65.2800,0.000006
FILLER_20_250,VGND,li1,120.9800,65.2800,0.000006
FILLER_20_242,VGND,li1,117.0700,65.2800,0.000007
FILLER_20_234,VGND,li1,115.0000,65.2800,0.000007
FILLER_20_216,VGND,li1,105.5700,65.2800,0.000008
FILLER_20_204,VGND,li1,102.1200,65.2800,0.000008
FILLER_20_197,VGND,li1,96.8300,65.2800,0.000009
FILLER_20_195,VGND,li1,95.4500,65.2800,0.000009
FILLER_20_189,VGND,li1,93.8400,65.2800,0.000009
FILLER_20_173,VGND,li1,85.7900,65.2800,0.000010
FILLER_20_165,VGND,li1,83.2600,65.2800,0.000010
FILLER_20_153,VGND,li1,78.6600,65.2800,0.000010
FILLER_20_141,VGND,li1,73.1400,65.2800,0.000011
FILLER_20_132,VGND,li1,68.0800,65.2800,0.000011
FILLER_20_72,VGND,li1,41.4000,65.2800,0.000014
FILLER_20_60,VGND,li1,35.8800,65.2800,0.000012
FILLER_20_48,VGND,li1,30.3600,65.2800,0.000009
FILLER_20_36,VGND,li1,24.8400,65.2800,0.000006
FILLER_20_29,VGND,li1,19.0900,65.2800,0.000007
FILLER_20_27,VGND,li1,18.1700,65.2800,0.000007
FILLER_20_15,VGND,li1,15.1800,65.2800,0.000007
FILLER_20_3,VGND,li1,9.6600,65.2800,0.000007
FILLER_19_405,VGND,li1,192.2800,65.2800,0.000001
FILLER_19_393,VGND,li1,189.0600,65.2800,0.000001
FILLER_19_391,VGND,li1,185.6100,65.2800,0.000001
FILLER_19_385,VGND,li1,184.0000,65.2800,0.000001
FILLER_19_373,VGND,li1,179.8600,65.2800,0.000001
FILLER_19_361,VGND,li1,174.3400,65.2800,0.000001
FILLER_19_349,VGND,li1,168.8200,65.2800,0.000002
FILLER_19_337,VGND,li1,163.3000,65.2800,0.000002
FILLER_19_335,VGND,li1,159.8500,65.2800,0.000003
FILLER_19_323,VGND,li1,156.8600,65.2800,0.000003
FILLER_19_311,VGND,li1,151.3400,65.2800,0.000004
FILLER_19_299,VGND,li1,145.8200,65.2800,0.000004
FILLER_19_287,VGND,li1,140.3000,65.2800,0.000004
FILLER_19_279,VGND,li1,134.0900,65.2800,0.000005
FILLER_19_275,VGND,li1,132.9400,65.2800,0.000005
FILLER_19_263,VGND,li1,129.2600,65.2800,0.000006
FILLER_19_251,VGND,li1,123.7400,65.2800,0.000006
FILLER_19_245,VGND,li1,118.4500,65.2800,0.000007
FILLER_19_237,VGND,li1,116.3800,65.2800,0.000007
FILLER_19_225,VGND,li1,111.7800,65.2800,0.000007
FILLER_19_218,VGND,li1,107.1800,65.2800,0.000008
FILLER_19_206,VGND,li1,103.0400,65.2800,0.000008
FILLER_19_194,VGND,li1,97.5200,65.2800,0.000009
FILLER_19_182,VGND,li1,92.0000,65.2800,0.000009
FILLER_19_169,VGND,li1,83.4900,65.2800,0.000010
FILLER_19_167,VGND,li1,82.5700,65.2800,0.000010
FILLER_19_159,VGND,li1,80.5000,65.2800,0.000010
FILLER_19_137,VGND,li1,71.3000,65.2800,0.000011
FILLER_19_125,VGND,li1,65.7800,65.2800,0.000011
FILLER_19_113,VGND,li1,60.2600,65.2800,0.000012
FILLER_19_110,VGND,li1,56.5800,65.2800,0.000012
FILLER_19_83,VGND,li1,46.4600,65.2800,0.000013
FILLER_19_65,VGND,li1,35.8800,65.2800,0.000012
FILLER_19_57,VGND,li1,33.5800,65.2800,0.000011
FILLER_19_53,VGND,li1,30.5900,65.2800,0.000009
FILLER_19_45,VGND,li1,28.0600,65.2800,0.000008
FILLER_19_32,VGND,li1,21.1600,65.2800,0.000006
FILLER_19_18,VGND,li1,14.0300,65.2800,0.000007
FILLER_19_6,VGND,li1,11.0400,65.2800,0.000007
FILLER_18_401,VGND,li1,191.3600,59.8400,0.000001
FILLER_18_389,VGND,li1,187.2200,59.8400,0.000001
FILLER_18_377,VGND,li1,181.7000,59.8400,0.000001
FILLER_18_365,VGND,li1,176.1800,59.8400,0.000001
FILLER_18_363,VGND,li1,172.7300,59.8400,0.000002
FILLER_18_357,VGND,li1,171.1200,59.8400,0.000002
FILLER_18_345,VGND,li1,166.9800,59.8400,0.000002
FILLER_18_333,VGND,li1,161.4600,59.8400,0.000002
FILLER_18_321,VGND,li1,155.9400,59.8400,0.000003
FILLER_18_309,VGND,li1,150.4200,59.8400,0.000003
FILLER_18_307,VGND,li1,146.9700,59.8400,0.000004
FILLER_18_301,VGND,li1,145.3600,59.8400,0.000004
FILLER_18_289,VGND,li1,141.2200,59.8400,0.000004
FILLER_18_277,VGND,li1,135.7000,59.8400,0.000005
FILLER_18_265,VGND,li1,130.1800,59.8400,0.000005
FILLER_18_253,VGND,li1,124.6600,59.8400,0.000006
FILLER_18_251,VGND,li1,121.2100,59.8400,0.000006
FILLER_18_247,VGND,li1,120.0600,59.8400,0.000006
FILLER_18_235,VGND,li1,116.3800,59.8400,0.000006
FILLER_18_223,VGND,li1,110.8600,59.8400,0.000007
FILLER_18_211,VGND,li1,105.3400,59.8400,0.000007
FILLER_18_203,VGND,li1,99.1300,59.8400,0.000008
FILLER_18_197,VGND,li1,97.5200,59.8400,0.000008
FILLER_18_190,VGND,li1,94.3000,59.8400,0.000008
FILLER_18_178,VGND,li1,90.1600,59.8400,0.000008
FILLER_18_166,VGND,li1,84.6400,59.8400,0.000009
FILLER_18_154,VGND,li1,79.1200,59.8400,0.000009
FILLER_18_134,VGND,li1,68.5400,59.8400,0.000010
FILLER_18_122,VGND,li1,64.4000,59.8400,0.000011
FILLER_18_110,VGND,li1,58.8800,59.8400,0.000011
FILLER_18_98,VGND,li1,53.3600,59.8400,0.000012
FILLER_18_89,VGND,li1,46.9200,59.8400,0.000012
FILLER_18_82,VGND,li1,43.7000,59.8400,0.000012
FILLER_18_77,VGND,li1,41.1700,59.8400,0.000013
FILLER_18_73,VGND,li1,40.0200,59.8400,0.000013
FILLER_18_66,VGND,li1,36.3400,59.8400,0.000013
FILLER_18_45,VGND,li1,26.4500,59.8400,0.000011
FILLER_18_26,VGND,li1,17.9400,59.8400,0.000013
FILLER_18_15,VGND,li1,13.8000,59.8400,0.000013
FILLER_18_3,VGND,li1,9.6600,59.8400,0.000013
FILLER_17_405,VGND,li1,192.2800,59.8400,0.000001
FILLER_17_393,VGND,li1,189.0600,59.8400,0.000001
FILLER_17_391,VGND,li1,185.6100,59.8400,0.000001
FILLER_17_385,VGND,li1,184.0000,59.8400,0.000001
FILLER_17_373,VGND,li1,179.8600,59.8400,0.000001
FILLER_17_361,VGND,li1,174.3400,59.8400,0.000001
FILLER_17_349,VGND,li1,168.8200,59.8400,0.000002
FILLER_17_337,VGND,li1,163.3000,59.8400,0.000002
FILLER_17_335,VGND,li1,159.8500,59.8400,0.000003
FILLER_17_329,VGND,li1,158.2400,59.8400,0.000003
FILLER_17_317,VGND,li1,154.1000,59.8400,0.000003
FILLER_17_305,VGND,li1,148.5800,59.8400,0.000004
FILLER_17_293,VGND,li1,143.0600,59.8400,0.000004
FILLER_17_281,VGND,li1,137.5400,59.8400,0.000004
FILLER_17_279,VGND,li1,134.0900,59.8400,0.000005
FILLER_17_275,VGND,li1,132.9400,59.8400,0.000005
FILLER_17_263,VGND,li1,129.2600,59.8400,0.000005
FILLER_17_251,VGND,li1,123.7400,59.8400,0.000006
FILLER_17_239,VGND,li1,118.2200,59.8400,0.000006
FILLER_17_231,VGND,li1,112.0100,59.8400,0.000007
FILLER_17_225,VGND,li1,110.4000,59.8400,0.000007
FILLER_17_212,VGND,li1,105.8000,59.8400,0.000007
FILLER_17_201,VGND,li1,98.4400,59.8400,0.000008
FILLER_17_193,VGND,li1,96.1400,59.8400,0.000008
FILLER_17_181,VGND,li1,91.5400,59.8400,0.000008
FILLER_17_169,VGND,li1,86.0200,59.8400,0.000009
FILLER_17_167,VGND,li1,82.5700,59.8400,0.000009
FILLER_17_163,VGND,li1,80.7300,59.8400,0.000009
FILLER_17_147,VGND,li1,74.9800,59.8400,0.000010
FILLER_17_125,VGND,li1,64.8600,59.8400,0.000011
FILLER_17_113,VGND,li1,60.2600,59.8400,0.000011
FILLER_17_100,VGND,li1,54.2800,59.8400,0.000012
FILLER_17_88,VGND,li1,48.7600,59.8400,0.000012
FILLER_17_82,VGND,li1,43.7000,59.8400,0.000012
FILLER_17_72,VGND,li1,38.8700,59.8400,0.000013
FILLER_17_66,VGND,li1,37.2600,59.8400,0.000013
FILLER_17_42,VGND,li1,25.5300,59.8400,0.000011
FILLER_17_30,VGND,li1,22.0800,59.8400,0.000013
FILLER_17_18,VGND,li1,16.5600,59.8400,0.000013
FILLER_17_6,VGND,li1,11.0400,59.8400,0.000013
FILLER_16_401,VGND,li1,191.3600,54.4000,0.000001
FILLER_16_389,VGND,li1,187.2200,54.4000,0.000001
FILLER_16_377,VGND,li1,181.7000,54.4000,0.000001
FILLER_16_365,VGND,li1,176.1800,54.4000,0.000002
FILLER_16_363,VGND,li1,172.7300,54.4000,0.000002
FILLER_16_357,VGND,li1,171.1200,54.4000,0.000002
FILLER_16_345,VGND,li1,166.9800,54.4000,0.000003
FILLER_16_333,VGND,li1,161.4600,54.4000,0.000004
FILLER_16_321,VGND,li1,155.9400,54.4000,0.000005
FILLER_16_309,VGND,li1,150.4200,54.4000,0.000005
FILLER_16_300,VGND,li1,145.3600,54.4000,0.000006
FILLER_16_288,VGND,li1,140.7600,54.4000,0.000007
FILLER_16_267,VGND,li1,128.8000,54.4000,0.000008
FILLER_16_251,VGND,li1,121.2100,54.4000,0.000009
FILLER_16_246,VGND,li1,118.9100,54.4000,0.000010
FILLER_16_242,VGND,li1,117.7600,54.4000,0.000010
FILLER_16_236,VGND,li1,114.3100,54.4000,0.000010
FILLER_16_232,VGND,li1,113.1600,54.4000,0.000011
FILLER_16_221,VGND,li1,107.4100,54.4000,0.000011
FILLER_16_209,VGND,li1,104.4200,54.4000,0.000012
FILLER_16_197,VGND,li1,98.9000,54.4000,0.000012
FILLER_16_195,VGND,li1,95.4500,54.4000,0.000013
FILLER_16_191,VGND,li1,94.3000,54.4000,0.000013
FILLER_16_183,VGND,li1,89.9300,54.4000,0.000014
FILLER_16_179,VGND,li1,88.0900,54.4000,0.000014
FILLER_16_175,VGND,li1,86.9400,54.4000,0.000014
FILLER_16_163,VGND,li1,83.2600,54.4000,0.000015
FILLER_16_153,VGND,li1,76.3600,54.4000,0.000015
FILLER_16_141,VGND,li1,73.1400,54.4000,0.000016
FILLER_16_128,VGND,li1,67.1600,54.4000,0.000017
FILLER_16_102,VGND,li1,52.6700,54.4000,0.000019
FILLER_16_94,VGND,li1,50.6000,54.4000,0.000019
FILLER_16_77,VGND,li1,41.1700,54.4000,0.000017
FILLER_16_65,VGND,li1,38.1800,54.4000,0.000016
FILLER_16_53,VGND,li1,32.6600,54.4000,0.000013
FILLER_16_41,VGND,li1,27.1400,54.4000,0.000011
FILLER_16_29,VGND,li1,21.6200,54.4000,0.000013
FILLER_16_27,VGND,li1,18.1700,54.4000,0.000013
FILLER_16_15,VGND,li1,15.1800,54.4000,0.000013
FILLER_16_3,VGND,li1,9.6600,54.4000,0.000013
FILLER_15_405,VGND,li1,192.2800,54.4000,0.000001
FILLER_15_393,VGND,li1,189.0600,54.4000,0.000001
FILLER_15_391,VGND,li1,185.6100,54.4000,0.000001
FILLER_15_385,VGND,li1,184.0000,54.4000,0.000001
FILLER_15_373,VGND,li1,179.8600,54.4000,0.000001
FILLER_15_361,VGND,li1,174.3400,54.4000,0.000002
FILLER_15_349,VGND,li1,168.8200,54.4000,0.000003
FILLER_15_337,VGND,li1,163.3000,54.4000,0.000003
FILLER_15_335,VGND,li1,159.8500,54.4000,0.000004
FILLER_15_329,VGND,li1,158.2400,54.4000,0.000004
FILLER_15_317,VGND,li1,154.1000,54.4000,0.000005
FILLER_15_305,VGND,li1,148.5800,54.4000,0.000006
FILLER_15_293,VGND,li1,143.0600,54.4000,0.000006
FILLER_15_281,VGND,li1,137.5400,54.4000,0.000007
FILLER_15_278,VGND,li1,133.8600,54.4000,0.000008
FILLER_15_266,VGND,li1,130.6400,54.4000,0.000008
FILLER_15_254,VGND,li1,125.1200,54.4000,0.000009
FILLER_15_237,VGND,li1,117.3000,54.4000,0.000010
FILLER_15_225,VGND,li1,111.7800,54.4000,0.000011
FILLER_15_223,VGND,li1,108.3300,54.4000,0.000011
FILLER_15_215,VGND,li1,106.2600,54.4000,0.000011
FILLER_15_196,VGND,li1,97.5200,54.4000,0.000012
FILLER_15_184,VGND,li1,92.9200,54.4000,0.000013
FILLER_15_166,VGND,li1,82.3400,54.4000,0.000015
FILLER_15_154,VGND,li1,79.1200,54.4000,0.000015
FILLER_15_142,VGND,li1,73.6000,54.4000,0.000016
FILLER_15_131,VGND,li1,66.0100,54.4000,0.000017
FILLER_15_125,VGND,li1,64.4000,54.4000,0.000017
FILLER_15_113,VGND,li1,60.2600,54.4000,0.000018
FILLER_15_108,VGND,li1,56.1200,54.4000,0.000018
FILLER_15_95,VGND,li1,51.0600,54.4000,0.000019
FILLER_15_71,VGND,li1,38.8700,54.4000,0.000016
FILLER_15_63,VGND,li1,36.3400,54.4000,0.000016
FILLER_15_57,VGND,li1,32.2000,54.4000,0.000013
FILLER_15_55,VGND,li1,31.0500,54.4000,0.000012
FILLER_15_49,VGND,li1,29.4400,54.4000,0.000012
FILLER_15_18,VGND,li1,15.1800,54.4000,0.000013
FILLER_15_6,VGND,li1,11.0400,54.4000,0.000013
FILLER_14_401,VGND,li1,191.3600,48.9600,0.000001
FILLER_14_389,VGND,li1,187.2200,48.9600,0.000001
FILLER_14_377,VGND,li1,181.7000,48.9600,0.000001
FILLER_14_365,VGND,li1,176.1800,48.9600,0.000001
FILLER_14_363,VGND,li1,172.7300,48.9600,0.000001
FILLER_14_357,VGND,li1,171.1200,48.9600,0.000001
FILLER_14_345,VGND,li1,166.9800,48.9600,0.000001
FILLER_14_333,VGND,li1,161.4600,48.9600,0.000002
FILLER_14_321,VGND,li1,155.9400,48.9600,0.000002
FILLER_14_309,VGND,li1,150.4200,48.9600,0.000002
FILLER_14_307,VGND,li1,146.9700,48.9600,0.000003
FILLER_14_301,VGND,li1,145.3600,48.9600,0.000003
FILLER_14_289,VGND,li1,141.2200,48.9600,0.000003
FILLER_14_277,VGND,li1,135.7000,48.9600,0.000003
FILLER_14_265,VGND,li1,130.1800,48.9600,0.000004
FILLER_14_253,VGND,li1,124.6600,48.9600,0.000004
FILLER_14_251,VGND,li1,121.2100,48.9600,0.000004
FILLER_14_245,VGND,li1,119.6000,48.9600,0.000004
FILLER_14_233,VGND,li1,115.4600,48.9600,0.000005
FILLER_14_221,VGND,li1,109.9400,48.9600,0.000005
FILLER_14_209,VGND,li1,104.4200,48.9600,0.000005
FILLER_14_197,VGND,li1,98.9000,48.9600,0.000006
FILLER_14_193,VGND,li1,94.9900,48.9600,0.000006
FILLER_14_181,VGND,li1,91.5400,48.9600,0.000006
FILLER_14_169,VGND,li1,86.0200,48.9600,0.000006
FILLER_14_164,VGND,li1,81.4200,48.9600,0.000007
FILLER_14_153,VGND,li1,76.5900,48.9600,0.000007
FILLER_14_141,VGND,li1,73.1400,48.9600,0.000007
FILLER_14_139,VGND,li1,69.6900,48.9600,0.000007
FILLER_14_133,VGND,li1,68.0800,48.9600,0.000007
FILLER_14_121,VGND,li1,63.9400,48.9600,0.000008
FILLER_14_109,VGND,li1,58.4200,48.9600,0.000008
FILLER_14_97,VGND,li1,52.9000,48.9600,0.000008
FILLER_14_85,VGND,li1,47.3800,48.9600,0.000009
FILLER_14_81,VGND,li1,43.4700,48.9600,0.000009
FILLER_14_69,VGND,li1,40.0200,48.9600,0.000009
FILLER_14_47,VGND,li1,27.3700,48.9600,0.000006
FILLER_14_41,VGND,li1,25.7600,48.9600,0.000005
FILLER_14_29,VGND,li1,19.5500,48.9600,0.000005
FILLER_14_27,VGND,li1,18.1700,48.9600,0.000005
FILLER_14_15,VGND,li1,15.1800,48.9600,0.000005
FILLER_14_3,VGND,li1,9.6600,48.9600,0.000005
FILLER_13_405,VGND,li1,192.2800,48.9600,0.000001
FILLER_13_393,VGND,li1,189.0600,48.9600,0.000001
FILLER_13_391,VGND,li1,185.6100,48.9600,0.000001
FILLER_13_385,VGND,li1,184.0000,48.9600,0.000001
FILLER_13_373,VGND,li1,179.8600,48.9600,0.000001
FILLER_13_361,VGND,li1,174.3400,48.9600,0.000001
FILLER_13_349,VGND,li1,168.8200,48.9600,0.000001
FILLER_13_337,VGND,li1,163.3000,48.9600,0.000002
FILLER_13_335,VGND,li1,159.8500,48.9600,0.000002
FILLER_13_329,VGND,li1,158.2400,48.9600,0.000002
FILLER_13_317,VGND,li1,154.1000,48.9600,0.000002
FILLER_13_305,VGND,li1,148.5800,48.9600,0.000003
FILLER_13_293,VGND,li1,143.0600,48.9600,0.000003
FILLER_13_281,VGND,li1,137.5400,48.9600,0.000003
FILLER_13_279,VGND,li1,134.0900,48.9600,0.000003
FILLER_13_267,VGND,li1,131.1000,48.9600,0.000004
FILLER_13_255,VGND,li1,125.5800,48.9600,0.000004
FILLER_13_243,VGND,li1,120.0600,48.9600,0.000004
FILLER_13_232,VGND,li1,113.1600,48.9600,0.000005
FILLER_13_223,VGND,li1,108.3300,48.9600,0.000005
FILLER_13_217,VGND,li1,106.7200,48.9600,0.000005
FILLER_13_205,VGND,li1,102.5800,48.9600,0.000005
FILLER_13_193,VGND,li1,97.0600,48.9600,0.000006
FILLER_13_181,VGND,li1,91.5400,48.9600,0.000006
FILLER_13_169,VGND,li1,86.0200,48.9600,0.000006
FILLER_13_162,VGND,li1,81.4200,48.9600,0.000007
FILLER_13_152,VGND,li1,75.9000,48.9600,0.000007
FILLER_13_140,VGND,li1,72.6800,48.9600,0.000007
FILLER_13_128,VGND,li1,67.1600,48.9600,0.000007
FILLER_13_121,VGND,li1,61.6400,48.9600,0.000008
FILLER_13_113,VGND,li1,59.3400,48.9600,0.000008
FILLER_13_111,VGND,li1,56.8100,48.9600,0.000008
FILLER_13_103,VGND,li1,54.7400,48.9600,0.000008
FILLER_13_96,VGND,li1,49.9100,48.9600,0.000009
FILLER_13_90,VGND,li1,48.3000,48.9600,0.000009
FILLER_13_78,VGND,li1,44.1600,48.9600,0.000009
FILLER_13_66,VGND,li1,38.6400,48.9600,0.000009
FILLER_13_55,VGND,li1,31.0500,48.9600,0.000008
FILLER_13_51,VGND,li1,29.9000,48.9600,0.000008
FILLER_13_39,VGND,li1,26.2200,48.9600,0.000005
FILLER_13_27,VGND,li1,20.7000,48.9600,0.000005
FILLER_13_15,VGND,li1,15.1800,48.9600,0.000005
FILLER_13_3,VGND,li1,9.6600,48.9600,0.000005
FILLER_12_401,VGND,li1,191.3600,43.5200,0.000002
FILLER_12_389,VGND,li1,187.2200,43.5200,0.000002
FILLER_12_377,VGND,li1,181.7000,43.5200,0.000002
FILLER_12_365,VGND,li1,176.1800,43.5200,0.000003
FILLER_12_363,VGND,li1,172.7300,43.5200,0.000004
FILLER_12_357,VGND,li1,171.1200,43.5200,0.000004
FILLER_12_345,VGND,li1,166.9800,43.5200,0.000005
FILLER_12_333,VGND,li1,161.4600,43.5200,0.000007
FILLER_12_321,VGND,li1,155.9400,43.5200,0.000008
FILLER_12_309,VGND,li1,150.4200,43.5200,0.000009
FILLER_12_305,VGND,li1,146.5100,43.5200,0.000010
FILLER_12_297,VGND,li1,143.9800,43.5200,0.000011
FILLER_12_285,VGND,li1,139.3800,43.5200,0.000012
FILLER_12_273,VGND,li1,133.8600,43.5200,0.000013
FILLER_12_253,VGND,li1,122.1300,43.5200,0.000016
FILLER_12_248,VGND,li1,119.8300,43.5200,0.000017
FILLER_12_240,VGND,li1,117.7600,43.5200,0.000017
FILLER_12_229,VGND,li1,112.7000,43.5200,0.000019
FILLER_12_212,VGND,li1,105.8000,43.5200,0.000020
FILLER_12_197,VGND,li1,97.9800,43.5200,0.000022
FILLER_12_192,VGND,li1,94.7600,43.5200,0.000023
FILLER_12_177,VGND,li1,87.1700,43.5200,0.000025
FILLER_12_173,VGND,li1,86.0200,43.5200,0.000025
FILLER_12_161,VGND,li1,82.3400,43.5200,0.000026
FILLER_12_149,VGND,li1,76.8200,43.5200,0.000027
FILLER_12_141,VGND,li1,70.6100,43.5200,0.000029
FILLER_12_133,VGND,li1,67.1600,43.5200,0.000029
FILLER_12_111,VGND,li1,56.8100,43.5200,0.000032
FILLER_12_89,VGND,li1,46.6900,43.5200,0.000030
FILLER_12_85,VGND,li1,45.5400,43.5200,0.000030
FILLER_12_66,VGND,li1,36.1100,43.5200,0.000025
FILLER_12_54,VGND,li1,33.1200,43.5200,0.000023
FILLER_12_42,VGND,li1,27.6000,43.5200,0.000018
FILLER_12_29,VGND,li1,19.7800,43.5200,0.000017
FILLER_12_27,VGND,li1,18.1700,43.5200,0.000017
FILLER_12_15,VGND,li1,15.1800,43.5200,0.000017
FILLER_12_3,VGND,li1,9.6600,43.5200,0.000017
FILLER_11_405,VGND,li1,192.2800,43.5200,0.000002
FILLER_11_393,VGND,li1,189.0600,43.5200,0.000002
FILLER_11_391,VGND,li1,185.6100,43.5200,0.000002
FILLER_11_385,VGND,li1,184.0000,43.5200,0.000002
FILLER_11_373,VGND,li1,179.8600,43.5200,0.000002
FILLER_11_361,VGND,li1,174.3400,43.5200,0.000004
FILLER_11_349,VGND,li1,168.8200,43.5200,0.000005
FILLER_11_337,VGND,li1,163.3000,43.5200,0.000006
FILLER_11_335,VGND,li1,159.8500,43.5200,0.000007
FILLER_11_329,VGND,li1,158.2400,43.5200,0.000007
FILLER_11_317,VGND,li1,154.1000,43.5200,0.000008
FILLER_11_305,VGND,li1,148.5800,43.5200,0.000010
FILLER_11_293,VGND,li1,143.0600,43.5200,0.000011
FILLER_11_281,VGND,li1,137.5400,43.5200,0.000012
FILLER_11_279,VGND,li1,134.0900,43.5200,0.000013
FILLER_11_275,VGND,li1,132.9400,43.5200,0.000013
FILLER_11_263,VGND,li1,129.2600,43.5200,0.000015
FILLER_11_251,VGND,li1,123.7400,43.5200,0.000016
FILLER_11_241,VGND,li1,116.6100,43.5200,0.000018
FILLER_11_237,VGND,li1,115.4600,43.5200,0.000018
FILLER_11_225,VGND,li1,111.7800,43.5200,0.000019
FILLER_11_222,VGND,li1,108.1000,43.5200,0.000019
FILLER_11_214,VGND,li1,105.8000,43.5200,0.000020
FILLER_11_197,VGND,li1,97.9800,43.5200,0.000022
FILLER_11_185,VGND,li1,93.3800,43.5200,0.000023
FILLER_11_169,VGND,li1,84.1800,43.5200,0.000025
FILLER_11_163,VGND,li1,80.9600,43.5200,0.000026
FILLER_11_149,VGND,li1,75.4400,43.5200,0.000027
FILLER_11_138,VGND,li1,69.9200,43.5200,0.000029
FILLER_11_126,VGND,li1,66.2400,43.5200,0.000030
FILLER_11_119,VGND,li1,60.4900,43.5200,0.000031
FILLER_11_113,VGND,li1,58.8800,43.5200,0.000031
FILLER_11_106,VGND,li1,55.6600,43.5200,0.000032
FILLER_11_91,VGND,li1,47.8400,43.5200,0.000031
FILLER_11_75,VGND,li1,40.7100,43.5200,0.000028
FILLER_11_69,VGND,li1,37.4900,43.5200,0.000025
FILLER_11_57,VGND,li1,34.5000,43.5200,0.000023
FILLER_11_55,VGND,li1,31.0500,43.5200,0.000021
FILLER_11_47,VGND,li1,28.9800,43.5200,0.000018
FILLER_11_24,VGND,li1,16.7900,43.5200,0.000017
FILLER_11_18,VGND,li1,15.1800,43.5200,0.000017
FILLER_11_6,VGND,li1,11.0400,43.5200,0.000017
FILLER_10_401,VGND,li1,191.3600,38.0800,0.000000
FILLER_10_389,VGND,li1,187.2200,38.0800,0.000000
FILLER_10_377,VGND,li1,181.7000,38.0800,0.000000
FILLER_10_365,VGND,li1,176.1800,38.0800,0.000000
FILLER_10_363,VGND,li1,172.7300,38.0800,0.000000
FILLER_10_357,VGND,li1,171.1200,38.0800,0.000000
FILLER_10_345,VGND,li1,166.9800,38.0800,0.000000
FILLER_10_333,VGND,li1,161.4600,38.0800,0.000000
FILLER_10_321,VGND,li1,155.9400,38.0800,0.000000
FILLER_10_309,VGND,li1,150.4200,38.0800,0.000000
FILLER_10_307,VGND,li1,146.9700,38.0800,0.000000
FILLER_10_301,VGND,li1,145.3600,38.0800,0.000000
FILLER_10_289,VGND,li1,141.2200,38.0800,0.000000
FILLER_10_277,VGND,li1,135.7000,38.0800,0.000000
FILLER_10_265,VGND,li1,130.1800,38.0800,0.000000
FILLER_10_253,VGND,li1,124.6600,38.0800,0.000000
FILLER_10_251,VGND,li1,121.2100,38.0800,0.000000
FILLER_10_245,VGND,li1,119.6000,38.0800,0.000000
FILLER_10_233,VGND,li1,115.4600,38.0800,0.000000
FILLER_10_221,VGND,li1,109.9400,38.0800,0.000000
FILLER_10_209,VGND,li1,104.4200,38.0800,0.000000
FILLER_10_197,VGND,li1,98.9000,38.0800,0.000000
FILLER_10_188,VGND,li1,93.8400,38.0800,0.000000
FILLER_10_176,VGND,li1,89.2400,38.0800,0.000000
FILLER_10_164,VGND,li1,83.7200,38.0800,0.000000
FILLER_10_153,VGND,li1,76.5900,38.0800,0.000000
FILLER_10_141,VGND,li1,73.1400,38.0800,0.000000
FILLER_10_139,VGND,li1,69.6900,38.0800,0.000000
FILLER_10_133,VGND,li1,68.0800,38.0800,0.000000
FILLER_10_121,VGND,li1,63.9400,38.0800,0.000000
FILLER_10_109,VGND,li1,58.4200,38.0800,0.000000
FILLER_10_97,VGND,li1,52.9000,38.0800,0.000000
FILLER_10_85,VGND,li1,47.3800,38.0800,0.000000
FILLER_10_83,VGND,li1,43.9300,38.0800,0.000000
FILLER_10_79,VGND,li1,42.7800,38.0800,0.000000
FILLER_10_67,VGND,li1,39.1000,38.0800,0.000000
FILLER_10_55,VGND,li1,33.5800,38.0800,0.000000
FILLER_10_43,VGND,li1,28.0600,38.0800,0.000000
FILLER_10_33,VGND,li1,20.9300,38.0800,0.000000
FILLER_10_29,VGND,li1,19.7800,38.0800,0.000000
FILLER_10_27,VGND,li1,18.1700,38.0800,0.000000
FILLER_10_15,VGND,li1,15.1800,38.0800,0.000000
FILLER_10_3,VGND,li1,9.6600,38.0800,0.000000
FILLER_9_405,VGND,li1,192.2800,38.0800,0.000000
FILLER_9_393,VGND,li1,189.0600,38.0800,0.000000
FILLER_9_391,VGND,li1,185.6100,38.0800,0.000000
FILLER_9_385,VGND,li1,184.0000,38.0800,0.000000
FILLER_9_373,VGND,li1,179.8600,38.0800,0.000000
FILLER_9_361,VGND,li1,174.3400,38.0800,0.000000
FILLER_9_349,VGND,li1,168.8200,38.0800,0.000000
FILLER_9_337,VGND,li1,163.3000,38.0800,0.000000
FILLER_9_335,VGND,li1,159.8500,38.0800,0.000000
FILLER_9_329,VGND,li1,158.2400,38.0800,0.000000
FILLER_9_317,VGND,li1,154.1000,38.0800,0.000000
FILLER_9_305,VGND,li1,148.5800,38.0800,0.000000
FILLER_9_293,VGND,li1,143.0600,38.0800,0.000000
FILLER_9_281,VGND,li1,137.5400,38.0800,0.000000
FILLER_9_277,VGND,li1,133.6300,38.0800,0.000000
FILLER_9_269,VGND,li1,131.1000,38.0800,0.000000
FILLER_9_257,VGND,li1,126.5000,38.0800,0.000000
FILLER_9_245,VGND,li1,120.9800,38.0800,0.000000
FILLER_9_232,VGND,li1,113.6200,38.0800,0.000000
FILLER_9_223,VGND,li1,108.3300,38.0800,0.000000
FILLER_9_217,VGND,li1,106.7200,38.0800,0.000000
FILLER_9_211,VGND,li1,103.2700,38.0800,0.000000
FILLER_9_203,VGND,li1,100.7400,38.0800,0.000000
FILLER_9_193,VGND,li1,94.7600,38.0800,0.000000
FILLER_9_181,VGND,li1,91.5400,38.0800,0.000000
FILLER_9_169,VGND,li1,86.0200,38.0800,0.000000
FILLER_9_160,VGND,li1,80.9600,38.0800,0.000000
FILLER_9_149,VGND,li1,75.9000,38.0800,0.000000
FILLER_9_137,VGND,li1,71.3000,38.0800,0.000000
FILLER_9_125,VGND,li1,65.7800,38.0800,0.000000
FILLER_9_113,VGND,li1,60.2600,38.0800,0.000000
FILLER_9_111,VGND,li1,56.8100,38.0800,0.000000
FILLER_9_103,VGND,li1,54.7400,38.0800,0.000000
FILLER_9_98,VGND,li1,50.8300,38.0800,0.000000
FILLER_9_86,VGND,li1,47.8400,38.0800,0.000000
FILLER_9_69,VGND,li1,39.1000,38.0800,0.000000
FILLER_9_57,VGND,li1,34.5000,38.0800,0.000000
FILLER_9_55,VGND,li1,31.0500,38.0800,0.000000
FILLER_9_51,VGND,li1,29.9000,38.0800,0.000000
FILLER_9_39,VGND,li1,26.2200,38.0800,0.000000
FILLER_9_27,VGND,li1,20.7000,38.0800,0.000000
FILLER_9_15,VGND,li1,15.1800,38.0800,0.000000
FILLER_9_3,VGND,li1,9.6600,38.0800,0.000000
FILLER_8_401,VGND,li1,191.3600,32.6400,0.000002
FILLER_8_389,VGND,li1,187.2200,32.6400,0.000002
FILLER_8_377,VGND,li1,181.7000,32.6400,0.000002
FILLER_8_365,VGND,li1,176.1800,32.6400,0.000003
FILLER_8_363,VGND,li1,172.7300,32.6400,0.000004
FILLER_8_357,VGND,li1,171.1200,32.6400,0.000004
FILLER_8_345,VGND,li1,166.9800,32.6400,0.000005
FILLER_8_333,VGND,li1,161.4600,32.6400,0.000006
FILLER_8_321,VGND,li1,155.9400,32.6400,0.000007
FILLER_8_309,VGND,li1,150.4200,32.6400,0.000008
FILLER_8_307,VGND,li1,146.9700,32.6400,0.000009
FILLER_8_301,VGND,li1,145.3600,32.6400,0.000009
FILLER_8_289,VGND,li1,141.2200,32.6400,0.000010
FILLER_8_277,VGND,li1,135.7000,32.6400,0.000012
FILLER_8_265,VGND,li1,130.1800,32.6400,0.000012
FILLER_8_253,VGND,li1,124.6600,32.6400,0.000014
FILLER_8_251,VGND,li1,121.2100,32.6400,0.000015
FILLER_8_245,VGND,li1,119.6000,32.6400,0.000015
FILLER_8_233,VGND,li1,115.4600,32.6400,0.000016
FILLER_8_221,VGND,li1,109.9400,32.6400,0.000017
FILLER_8_216,VGND,li1,105.1100,32.6400,0.000018
FILLER_8_212,VGND,li1,103.9600,32.6400,0.000018
FILLER_8_197,VGND,li1,97.5200,32.6400,0.000019
FILLER_8_194,VGND,li1,95.2200,32.6400,0.000020
FILLER_8_186,VGND,li1,92.9200,32.6400,0.000020
FILLER_8_170,VGND,li1,86.4800,32.6400,0.000022
FILLER_8_158,VGND,li1,80.9600,32.6400,0.000023
FILLER_8_131,VGND,li1,66.0100,32.6400,0.000026
FILLER_8_125,VGND,li1,64.4000,32.6400,0.000026
FILLER_8_113,VGND,li1,60.2600,32.6400,0.000027
FILLER_8_85,VGND,li1,45.3100,32.6400,0.000025
FILLER_8_65,VGND,li1,35.8800,32.6400,0.000018
FILLER_8_53,VGND,li1,32.6600,32.6400,0.000017
FILLER_8_41,VGND,li1,27.1400,32.6400,0.000011
FILLER_8_29,VGND,li1,21.6200,32.6400,0.000009
FILLER_8_27,VGND,li1,18.1700,32.6400,0.000009
FILLER_8_15,VGND,li1,15.1800,32.6400,0.000009
FILLER_8_3,VGND,li1,9.6600,32.6400,0.000009
FILLER_7_405,VGND,li1,192.2800,32.6400,0.000002
FILLER_7_393,VGND,li1,189.0600,32.6400,0.000002
FILLER_7_391,VGND,li1,185.6100,32.6400,0.000002
FILLER_7_385,VGND,li1,184.0000,32.6400,0.000002
FILLER_7_373,VGND,li1,179.8600,32.6400,0.000002
FILLER_7_361,VGND,li1,174.3400,32.6400,0.000003
FILLER_7_349,VGND,li1,168.8200,32.6400,0.000004
FILLER_7_337,VGND,li1,163.3000,32.6400,0.000005
FILLER_7_335,VGND,li1,159.8500,32.6400,0.000006
FILLER_7_329,VGND,li1,158.2400,32.6400,0.000006
FILLER_7_317,VGND,li1,154.1000,32.6400,0.000007
FILLER_7_305,VGND,li1,148.5800,32.6400,0.000009
FILLER_7_293,VGND,li1,143.0600,32.6400,0.000010
FILLER_7_281,VGND,li1,137.5400,32.6400,0.000011
FILLER_7_279,VGND,li1,134.0900,32.6400,0.000012
FILLER_7_271,VGND,li1,132.0200,32.6400,0.000012
FILLER_7_259,VGND,li1,127.4200,32.6400,0.000013
FILLER_7_247,VGND,li1,121.9000,32.6400,0.000014
FILLER_7_237,VGND,li1,115.2300,32.6400,0.000016
FILLER_7_225,VGND,li1,111.7800,32.6400,0.000016
FILLER_7_223,VGND,li1,108.3300,32.6400,0.000017
FILLER_7_215,VGND,li1,106.2600,32.6400,0.000017
FILLER_7_203,VGND,li1,101.6600,32.6400,0.000018
FILLER_7_193,VGND,li1,94.9900,32.6400,0.000020
FILLER_7_185,VGND,li1,92.4600,32.6400,0.000020
FILLER_7_157,VGND,li1,79.1200,32.6400,0.000023
FILLER_7_149,VGND,li1,74.2900,32.6400,0.000024
FILLER_7_145,VGND,li1,72.4500,32.6400,0.000025
FILLER_7_137,VGND,li1,70.3800,32.6400,0.000025
FILLER_7_125,VGND,li1,65.7800,32.6400,0.000026
FILLER_7_113,VGND,li1,60.2600,32.6400,0.000027
FILLER_7_111,VGND,li1,56.8100,32.6400,0.000028
FILLER_7_103,VGND,li1,54.7400,32.6400,0.000028
FILLER_7_86,VGND,li1,46.9200,32.6400,0.000025
FILLER_7_69,VGND,li1,37.9500,32.6400,0.000022
FILLER_7_57,VGND,li1,34.5000,32.6400,0.000018
FILLER_7_55,VGND,li1,31.0500,32.6400,0.000014
FILLER_7_51,VGND,li1,29.9000,32.6400,0.000014
FILLER_7_39,VGND,li1,26.2200,32.6400,0.000009
FILLER_7_27,VGND,li1,20.7000,32.6400,0.000009
FILLER_7_15,VGND,li1,15.1800,32.6400,0.000009
FILLER_7_3,VGND,li1,9.6600,32.6400,0.000009
FILLER_6_401,VGND,li1,191.3600,27.2000,0.000000
FILLER_6_389,VGND,li1,187.2200,27.2000,0.000000
FILLER_6_377,VGND,li1,181.7000,27.2000,0.000000
FILLER_6_365,VGND,li1,176.1800,27.2000,0.000000
FILLER_6_363,VGND,li1,172.7300,27.2000,0.000000
FILLER_6_357,VGND,li1,171.1200,27.2000,0.000000
FILLER_6_345,VGND,li1,166.9800,27.2000,0.000000
FILLER_6_333,VGND,li1,161.4600,27.2000,0.000000
FILLER_6_321,VGND,li1,155.9400,27.2000,0.000000
FILLER_6_309,VGND,li1,150.4200,27.2000,0.000000
FILLER_6_307,VGND,li1,146.9700,27.2000,0.000000
FILLER_6_301,VGND,li1,145.3600,27.2000,0.000000
FILLER_6_289,VGND,li1,141.2200,27.2000,0.000000
FILLER_6_277,VGND,li1,135.7000,27.2000,0.000000
FILLER_6_265,VGND,li1,130.1800,27.2000,0.000000
FILLER_6_253,VGND,li1,124.6600,27.2000,0.000000
FILLER_6_251,VGND,li1,121.2100,27.2000,0.000000
FILLER_6_245,VGND,li1,119.6000,27.2000,0.000000
FILLER_6_219,VGND,li1,106.4900,27.2000,0.000000
FILLER_6_213,VGND,li1,104.8800,27.2000,0.000000
FILLER_6_195,VGND,li1,95.4500,27.2000,0.000000
FILLER_6_189,VGND,li1,93.8400,27.2000,0.000000
FILLER_6_181,VGND,li1,89.0100,27.2000,0.000000
FILLER_6_177,VGND,li1,87.8600,27.2000,0.000000
FILLER_6_165,VGND,li1,84.1800,27.2000,0.000000
FILLER_6_153,VGND,li1,78.6600,27.2000,0.000000
FILLER_6_141,VGND,li1,73.1400,27.2000,0.000000
FILLER_6_139,VGND,li1,69.6900,27.2000,0.000000
FILLER_6_133,VGND,li1,68.0800,27.2000,0.000000
FILLER_6_121,VGND,li1,63.9400,27.2000,0.000000
FILLER_6_109,VGND,li1,58.4200,27.2000,0.000000
FILLER_6_97,VGND,li1,52.9000,27.2000,0.000000
FILLER_6_85,VGND,li1,47.3800,27.2000,0.000000
FILLER_6_83,VGND,li1,43.9300,27.2000,0.000000
FILLER_6_77,VGND,li1,42.3200,27.2000,0.000000
FILLER_6_65,VGND,li1,38.1800,27.2000,0.000000
FILLER_6_53,VGND,li1,32.6600,27.2000,0.000000
FILLER_6_41,VGND,li1,27.1400,27.2000,0.000000
FILLER_6_29,VGND,li1,21.6200,27.2000,0.000000
FILLER_6_27,VGND,li1,18.1700,27.2000,0.000000
FILLER_6_15,VGND,li1,15.1800,27.2000,0.000000
FILLER_6_3,VGND,li1,9.6600,27.2000,0.000000
FILLER_5_405,VGND,li1,192.2800,27.2000,0.000000
FILLER_5_393,VGND,li1,189.0600,27.2000,0.000000
FILLER_5_391,VGND,li1,185.6100,27.2000,0.000000
FILLER_5_385,VGND,li1,184.0000,27.2000,0.000000
FILLER_5_373,VGND,li1,179.8600,27.2000,0.000000
FILLER_5_361,VGND,li1,174.3400,27.2000,0.000000
FILLER_5_349,VGND,li1,168.8200,27.2000,0.000000
FILLER_5_337,VGND,li1,163.3000,27.2000,0.000000
FILLER_5_335,VGND,li1,159.8500,27.2000,0.000000
FILLER_5_329,VGND,li1,158.2400,27.2000,0.000000
FILLER_5_317,VGND,li1,154.1000,27.2000,0.000000
FILLER_5_305,VGND,li1,148.5800,27.2000,0.000000
FILLER_5_293,VGND,li1,143.0600,27.2000,0.000000
FILLER_5_281,VGND,li1,137.5400,27.2000,0.000000
FILLER_5_279,VGND,li1,134.0900,27.2000,0.000000
FILLER_5_273,VGND,li1,132.4800,27.2000,0.000000
FILLER_5_261,VGND,li1,128.3400,27.2000,0.000000
FILLER_5_249,VGND,li1,122.8200,27.2000,0.000000
FILLER_5_237,VGND,li1,117.3000,27.2000,0.000000
FILLER_5_225,VGND,li1,111.7800,27.2000,0.000000
FILLER_5_223,VGND,li1,108.3300,27.2000,0.000000
FILLER_5_217,VGND,li1,106.7200,27.2000,0.000000
FILLER_5_205,VGND,li1,102.5800,27.2000,0.000000
FILLER_5_193,VGND,li1,97.0600,27.2000,0.000000
FILLER_5_181,VGND,li1,91.5400,27.2000,0.000000
FILLER_5_169,VGND,li1,86.0200,27.2000,0.000000
FILLER_5_167,VGND,li1,82.5700,27.2000,0.000000
FILLER_5_161,VGND,li1,80.9600,27.2000,0.000000
FILLER_5_149,VGND,li1,76.8200,27.2000,0.000000
FILLER_5_137,VGND,li1,71.3000,27.2000,0.000000
FILLER_5_125,VGND,li1,65.7800,27.2000,0.000000
FILLER_5_113,VGND,li1,60.2600,27.2000,0.000000
FILLER_5_111,VGND,li1,56.8100,27.2000,0.000000
FILLER_5_105,VGND,li1,55.2000,27.2000,0.000000
FILLER_5_93,VGND,li1,51.0600,27.2000,0.000000
FILLER_5_81,VGND,li1,45.5400,27.2000,0.000000
FILLER_5_69,VGND,li1,40.0200,27.2000,0.000000
FILLER_5_57,VGND,li1,34.5000,27.2000,0.000000
FILLER_5_55,VGND,li1,31.0500,27.2000,0.000000
FILLER_5_51,VGND,li1,29.9000,27.2000,0.000000
FILLER_5_39,VGND,li1,26.2200,27.2000,0.000000
FILLER_5_27,VGND,li1,20.7000,27.2000,0.000000
FILLER_5_15,VGND,li1,15.1800,27.2000,0.000000
FILLER_5_3,VGND,li1,9.6600,27.2000,0.000000
FILLER_4_401,VGND,li1,191.3600,21.7600,0.000000
FILLER_4_389,VGND,li1,187.2200,21.7600,0.000000
FILLER_4_377,VGND,li1,181.7000,21.7600,0.000000
FILLER_4_365,VGND,li1,176.1800,21.7600,0.000000
FILLER_4_363,VGND,li1,172.7300,21.7600,0.000000
FILLER_4_357,VGND,li1,171.1200,21.7600,0.000000
FILLER_4_345,VGND,li1,166.9800,21.7600,0.000000
FILLER_4_333,VGND,li1,161.4600,21.7600,0.000000
FILLER_4_321,VGND,li1,155.9400,21.7600,0.000000
FILLER_4_309,VGND,li1,150.4200,21.7600,0.000000
FILLER_4_307,VGND,li1,146.9700,21.7600,0.000000
FILLER_4_301,VGND,li1,145.3600,21.7600,0.000000
FILLER_4_289,VGND,li1,141.2200,21.7600,0.000000
FILLER_4_277,VGND,li1,135.7000,21.7600,0.000000
FILLER_4_265,VGND,li1,130.1800,21.7600,0.000000
FILLER_4_253,VGND,li1,124.6600,21.7600,0.000000
FILLER_4_251,VGND,li1,121.2100,21.7600,0.000000
FILLER_4_245,VGND,li1,119.6000,21.7600,0.000000
FILLER_4_233,VGND,li1,115.4600,21.7600,0.000000
FILLER_4_221,VGND,li1,109.9400,21.7600,0.000000
FILLER_4_209,VGND,li1,104.4200,21.7600,0.000000
FILLER_4_197,VGND,li1,98.9000,21.7600,0.000000
FILLER_4_195,VGND,li1,95.4500,21.7600,0.000000
FILLER_4_189,VGND,li1,93.8400,21.7600,0.000000
FILLER_4_177,VGND,li1,89.7000,21.7600,0.000000
FILLER_4_165,VGND,li1,84.1800,21.7600,0.000000
FILLER_4_153,VGND,li1,78.6600,21.7600,0.000000
FILLER_4_141,VGND,li1,73.1400,21.7600,0.000000
FILLER_4_139,VGND,li1,69.6900,21.7600,0.000000
FILLER_4_133,VGND,li1,68.0800,21.7600,0.000000
FILLER_4_121,VGND,li1,63.9400,21.7600,0.000000
FILLER_4_109,VGND,li1,58.4200,21.7600,0.000000
FILLER_4_97,VGND,li1,52.9000,21.7600,0.000000
FILLER_4_85,VGND,li1,47.3800,21.7600,0.000000
FILLER_4_83,VGND,li1,43.9300,21.7600,0.000000
FILLER_4_77,VGND,li1,42.3200,21.7600,0.000000
FILLER_4_65,VGND,li1,38.1800,21.7600,0.000000
FILLER_4_53,VGND,li1,32.6600,21.7600,0.000000
FILLER_4_41,VGND,li1,27.1400,21.7600,0.000000
FILLER_4_29,VGND,li1,21.6200,21.7600,0.000000
FILLER_4_27,VGND,li1,18.1700,21.7600,0.000000
FILLER_4_15,VGND,li1,15.1800,21.7600,0.000000
FILLER_4_3,VGND,li1,9.6600,21.7600,0.000000
FILLER_3_405,VGND,li1,192.2800,21.7600,0.000000
FILLER_3_393,VGND,li1,189.0600,21.7600,0.000000
FILLER_3_391,VGND,li1,185.6100,21.7600,0.000000
FILLER_3_385,VGND,li1,184.0000,21.7600,0.000000
FILLER_3_373,VGND,li1,179.8600,21.7600,0.000000
FILLER_3_361,VGND,li1,174.3400,21.7600,0.000000
FILLER_3_349,VGND,li1,168.8200,21.7600,0.000000
FILLER_3_337,VGND,li1,163.3000,21.7600,0.000000
FILLER_3_335,VGND,li1,159.8500,21.7600,0.000000
FILLER_3_329,VGND,li1,158.2400,21.7600,0.000000
FILLER_3_317,VGND,li1,154.1000,21.7600,0.000000
FILLER_3_305,VGND,li1,148.5800,21.7600,0.000000
FILLER_3_293,VGND,li1,143.0600,21.7600,0.000000
FILLER_3_281,VGND,li1,137.5400,21.7600,0.000000
FILLER_3_279,VGND,li1,134.0900,21.7600,0.000000
FILLER_3_273,VGND,li1,132.4800,21.7600,0.000000
FILLER_3_261,VGND,li1,128.3400,21.7600,0.000000
FILLER_3_249,VGND,li1,122.8200,21.7600,0.000000
FILLER_3_237,VGND,li1,117.3000,21.7600,0.000000
FILLER_3_225,VGND,li1,111.7800,21.7600,0.000000
FILLER_3_223,VGND,li1,108.3300,21.7600,0.000000
FILLER_3_217,VGND,li1,106.7200,21.7600,0.000000
FILLER_3_205,VGND,li1,102.5800,21.7600,0.000000
FILLER_3_193,VGND,li1,97.0600,21.7600,0.000000
FILLER_3_181,VGND,li1,91.5400,21.7600,0.000000
FILLER_3_169,VGND,li1,86.0200,21.7600,0.000000
FILLER_3_167,VGND,li1,82.5700,21.7600,0.000000
FILLER_3_161,VGND,li1,80.9600,21.7600,0.000000
FILLER_3_149,VGND,li1,76.8200,21.7600,0.000000
FILLER_3_137,VGND,li1,71.3000,21.7600,0.000000
FILLER_3_125,VGND,li1,65.7800,21.7600,0.000000
FILLER_3_113,VGND,li1,60.2600,21.7600,0.000000
FILLER_3_111,VGND,li1,56.8100,21.7600,0.000000
FILLER_3_105,VGND,li1,55.2000,21.7600,0.000000
FILLER_3_93,VGND,li1,51.0600,21.7600,0.000000
FILLER_3_81,VGND,li1,45.5400,21.7600,0.000000
FILLER_3_69,VGND,li1,40.0200,21.7600,0.000000
FILLER_3_57,VGND,li1,34.5000,21.7600,0.000000
FILLER_3_55,VGND,li1,31.0500,21.7600,0.000000
FILLER_3_51,VGND,li1,29.9000,21.7600,0.000000
FILLER_3_39,VGND,li1,26.2200,21.7600,0.000000
FILLER_3_27,VGND,li1,20.7000,21.7600,0.000000
FILLER_3_15,VGND,li1,15.1800,21.7600,0.000000
FILLER_3_3,VGND,li1,9.6600,21.7600,0.000000
FILLER_2_401,VGND,li1,191.3600,16.3200,0.000000
FILLER_2_389,VGND,li1,187.2200,16.3200,0.000000
FILLER_2_377,VGND,li1,181.7000,16.3200,0.000000
FILLER_2_365,VGND,li1,176.1800,16.3200,0.000000
FILLER_2_363,VGND,li1,172.7300,16.3200,0.000000
FILLER_2_357,VGND,li1,171.1200,16.3200,0.000000
FILLER_2_345,VGND,li1,166.9800,16.3200,0.000000
FILLER_2_333,VGND,li1,161.4600,16.3200,0.000000
FILLER_2_321,VGND,li1,155.9400,16.3200,0.000000
FILLER_2_309,VGND,li1,150.4200,16.3200,0.000000
FILLER_2_307,VGND,li1,146.9700,16.3200,0.000000
FILLER_2_301,VGND,li1,145.3600,16.3200,0.000000
FILLER_2_289,VGND,li1,141.2200,16.3200,0.000000
FILLER_2_277,VGND,li1,135.7000,16.3200,0.000000
FILLER_2_265,VGND,li1,130.1800,16.3200,0.000000
FILLER_2_253,VGND,li1,124.6600,16.3200,0.000000
FILLER_2_251,VGND,li1,121.2100,16.3200,0.000000
FILLER_2_245,VGND,li1,119.6000,16.3200,0.000000
FILLER_2_233,VGND,li1,115.4600,16.3200,0.000000
FILLER_2_221,VGND,li1,109.9400,16.3200,0.000000
FILLER_2_209,VGND,li1,104.4200,16.3200,0.000000
FILLER_2_197,VGND,li1,98.9000,16.3200,0.000000
FILLER_2_195,VGND,li1,95.4500,16.3200,0.000000
FILLER_2_189,VGND,li1,93.8400,16.3200,0.000000
FILLER_2_177,VGND,li1,89.7000,16.3200,0.000000
FILLER_2_165,VGND,li1,84.1800,16.3200,0.000000
FILLER_2_153,VGND,li1,78.6600,16.3200,0.000000
FILLER_2_141,VGND,li1,73.1400,16.3200,0.000000
FILLER_2_139,VGND,li1,69.6900,16.3200,0.000000
FILLER_2_133,VGND,li1,68.0800,16.3200,0.000000
FILLER_2_121,VGND,li1,63.9400,16.3200,0.000000
FILLER_2_109,VGND,li1,58.4200,16.3200,0.000000
FILLER_2_97,VGND,li1,52.9000,16.3200,0.000000
FILLER_2_85,VGND,li1,47.3800,16.3200,0.000000
FILLER_2_83,VGND,li1,43.9300,16.3200,0.000000
FILLER_2_77,VGND,li1,42.3200,16.3200,0.000000
FILLER_2_65,VGND,li1,38.1800,16.3200,0.000000
FILLER_2_53,VGND,li1,32.6600,16.3200,0.000000
FILLER_2_41,VGND,li1,27.1400,16.3200,0.000000
FILLER_2_29,VGND,li1,21.6200,16.3200,0.000000
FILLER_2_27,VGND,li1,18.1700,16.3200,0.000000
FILLER_2_15,VGND,li1,15.1800,16.3200,0.000000
FILLER_2_3,VGND,li1,9.6600,16.3200,0.000000
FILLER_1_405,VGND,li1,192.2800,16.3200,0.000000
FILLER_1_393,VGND,li1,189.0600,16.3200,0.000000
FILLER_1_391,VGND,li1,185.6100,16.3200,0.000000
FILLER_1_385,VGND,li1,184.0000,16.3200,0.000000
FILLER_1_373,VGND,li1,179.8600,16.3200,0.000000
FILLER_1_361,VGND,li1,174.3400,16.3200,0.000000
FILLER_1_349,VGND,li1,168.8200,16.3200,0.000000
FILLER_1_337,VGND,li1,163.3000,16.3200,0.000000
FILLER_1_335,VGND,li1,159.8500,16.3200,0.000000
FILLER_1_329,VGND,li1,158.2400,16.3200,0.000000
FILLER_1_317,VGND,li1,154.1000,16.3200,0.000000
FILLER_1_305,VGND,li1,148.5800,16.3200,0.000000
FILLER_1_293,VGND,li1,143.0600,16.3200,0.000000
FILLER_1_281,VGND,li1,137.5400,16.3200,0.000000
FILLER_1_279,VGND,li1,134.0900,16.3200,0.000000
FILLER_1_273,VGND,li1,132.4800,16.3200,0.000000
FILLER_1_261,VGND,li1,128.3400,16.3200,0.000000
FILLER_1_249,VGND,li1,122.8200,16.3200,0.000000
FILLER_1_237,VGND,li1,117.3000,16.3200,0.000000
FILLER_1_225,VGND,li1,111.7800,16.3200,0.000000
FILLER_1_223,VGND,li1,108.3300,16.3200,0.000000
FILLER_1_217,VGND,li1,106.7200,16.3200,0.000000
FILLER_1_205,VGND,li1,102.5800,16.3200,0.000000
FILLER_1_193,VGND,li1,97.0600,16.3200,0.000000
FILLER_1_181,VGND,li1,91.5400,16.3200,0.000000
FILLER_1_169,VGND,li1,86.0200,16.3200,0.000000
FILLER_1_167,VGND,li1,82.5700,16.3200,0.000000
FILLER_1_161,VGND,li1,80.9600,16.3200,0.000000
FILLER_1_149,VGND,li1,76.8200,16.3200,0.000000
FILLER_1_137,VGND,li1,71.3000,16.3200,0.000000
FILLER_1_125,VGND,li1,65.7800,16.3200,0.000000
FILLER_1_113,VGND,li1,60.2600,16.3200,0.000000
FILLER_1_111,VGND,li1,56.8100,16.3200,0.000000
FILLER_1_105,VGND,li1,55.2000,16.3200,0.000000
FILLER_1_93,VGND,li1,51.0600,16.3200,0.000000
FILLER_1_81,VGND,li1,45.5400,16.3200,0.000000
FILLER_1_69,VGND,li1,40.0200,16.3200,0.000000
FILLER_1_57,VGND,li1,34.5000,16.3200,0.000000
FILLER_1_55,VGND,li1,31.0500,16.3200,0.000000
FILLER_1_51,VGND,li1,29.9000,16.3200,0.000000
FILLER_1_39,VGND,li1,26.2200,16.3200,0.000000
FILLER_1_27,VGND,li1,20.7000,16.3200,0.000000
FILLER_1_15,VGND,li1,15.1800,16.3200,0.000000
FILLER_1_3,VGND,li1,9.6600,16.3200,0.000000
FILLER_0_405,VGND,li1,192.2800,10.8800,0.000000
FILLER_0_393,VGND,li1,189.0600,10.8800,0.000000
FILLER_0_389,VGND,li1,185.1500,10.8800,0.000000
FILLER_0_377,VGND,li1,181.7000,10.8800,0.000000
FILLER_0_365,VGND,li1,176.1800,10.8800,0.000000
FILLER_0_361,VGND,li1,172.2700,10.8800,0.000000
FILLER_0_349,VGND,li1,168.8200,10.8800,0.000000
FILLER_0_337,VGND,li1,163.3000,10.8800,0.000000
FILLER_0_333,VGND,li1,159.3900,10.8800,0.000000
FILLER_0_321,VGND,li1,155.9400,10.8800,0.000000
FILLER_0_309,VGND,li1,150.4200,10.8800,0.000000
FILLER_0_305,VGND,li1,146.5100,10.8800,0.000001
FILLER_0_293,VGND,li1,143.0600,10.8800,0.000001
FILLER_0_281,VGND,li1,137.5400,10.8800,0.000001
FILLER_0_277,VGND,li1,133.6300,10.8800,0.000001
FILLER_0_265,VGND,li1,130.1800,10.8800,0.000001
FILLER_0_253,VGND,li1,124.6600,10.8800,0.000001
FILLER_0_249,VGND,li1,120.7500,10.8800,0.000001
FILLER_0_237,VGND,li1,117.3000,10.8800,0.000001
FILLER_0_225,VGND,li1,111.7800,10.8800,0.000001
FILLER_0_221,VGND,li1,107.8700,10.8800,0.000001
FILLER_0_209,VGND,li1,104.4200,10.8800,0.000001
FILLER_0_197,VGND,li1,98.9000,10.8800,0.000001
FILLER_0_193,VGND,li1,94.9900,10.8800,0.000001
FILLER_0_181,VGND,li1,91.5400,10.8800,0.000001
FILLER_0_169,VGND,li1,86.0200,10.8800,0.000001
FILLER_0_165,VGND,li1,82.1100,10.8800,0.000001
FILLER_0_153,VGND,li1,78.6600,10.8800,0.000001
FILLER_0_141,VGND,li1,73.1400,10.8800,0.000001
FILLER_0_137,VGND,li1,69.2300,10.8800,0.000001
FILLER_0_125,VGND,li1,65.7800,10.8800,0.000001
FILLER_0_113,VGND,li1,60.2600,10.8800,0.000002
FILLER_0_104,VGND,li1,55.2000,10.8800,0.000002
FILLER_0_98,VGND,li1,51.2900,10.8800,0.000002
FILLER_0_90,VGND,li1,48.7600,10.8800,0.000002
FILLER_0_85,VGND,li1,45.0800,10.8800,0.000001
FILLER_0_81,VGND,li1,43.4700,10.8800,0.000001
FILLER_0_69,VGND,li1,40.0200,10.8800,0.000001
FILLER_0_57,VGND,li1,34.5000,10.8800,0.000001
FILLER_0_53,VGND,li1,30.5900,10.8800,0.000001
FILLER_0_41,VGND,li1,27.1400,10.8800,0.000001
FILLER_0_29,VGND,li1,21.6200,10.8800,0.000000
FILLER_0_27,VGND,li1,18.1700,10.8800,0.000000
FILLER_0_15,VGND,li1,15.1800,10.8800,0.000000
FILLER_0_3,VGND,li1,9.6600,10.8800,0.000000
ANTENNA_1,VGND,li1,13.3400,92.4800,0.000007
hold69,VGND,li1,73.1400,157.7600,0.000126
hold68,VGND,li1,116.3800,146.8800,0.000018
hold67,VGND,li1,97.9800,152.3200,0.000185
hold66,VGND,li1,88.7800,174.0800,0.000089
hold65,VGND,li1,165.1400,146.8800,0.000024
hold64,VGND,li1,142.1400,141.4400,0.000035
hold63,VGND,li1,175.2600,108.8000,0.000066
hold62,VGND,li1,167.9000,136.0000,0.000031
hold61,VGND,li1,85.1000,152.3200,0.000174
hold60,VGND,li1,149.5000,97.9200,0.000033
hold59,VGND,li1,69.9200,152.3200,0.000150
hold58,VGND,li1,126.0400,168.6400,0.000081
hold57,VGND,li1,105.3400,168.6400,0.000079
hold56,VGND,li1,33.5800,146.8800,0.000005
hold55,VGND,li1,12.8800,125.1200,0.000013
hold54,VGND,li1,20.7000,103.3600,0.000010
hold53,VGND,li1,175.2600,97.9200,0.000019
hold52,VGND,li1,136.6200,125.1200,0.000129
hold51,VGND,li1,105.3400,141.4400,0.000052
hold50,VGND,li1,54.7400,152.3200,0.000122
hold49,VGND,li1,180.3200,119.6800,0.000019
hold48,VGND,li1,177.5600,92.4800,0.000017
hold47,VGND,li1,80.0400,168.6400,0.000061
hold46,VGND,li1,183.5400,81.6000,0.000021
hold45,VGND,li1,115.9200,174.0800,0.000077
hold44,VGND,li1,178.4800,146.8800,0.000019
hold43,VGND,li1,59.3400,174.0800,0.000071
hold42,VGND,li1,185.8400,136.0000,0.000017
hold41,VGND,li1,123.7400,179.5200,0.000099
hold40,VGND,li1,118.2200,184.9600,0.000078
hold39,VGND,li1,189.9800,103.3600,0.000002
hold38,VGND,li1,188.6000,108.8000,0.000053
hold37,VGND,li1,189.0600,125.1200,0.000083
hold36,VGND,li1,190.9000,87.0400,0.000018
hold35,VGND,li1,138.4600,179.5200,0.000086
hold34,VGND,li1,131.5600,184.9600,0.000070
hold33,VGND,li1,90.6200,184.9600,0.000069
hold32,VGND,li1,103.9600,179.5200,0.000106
hold31,VGND,li1,148.5800,179.5200,0.000075
hold30,VGND,li1,189.5200,97.9200,0.000024
hold29,VGND,li1,189.9800,114.2400,0.000062
hold28,VGND,li1,189.0600,157.7600,0.000053
hold27,VGND,li1,189.9800,130.5600,0.000036
hold26,VGND,li1,190.9000,152.3200,0.000048
hold25,VGND,li1,189.9800,141.4400,0.000021
hold24,VGND,li1,27.6000,157.7600,0.000033
hold23,VGND,li1,22.0800,136.0000,0.000008
hold22,VGND,li1,11.0400,114.2400,0.000010
hold21,VGND,li1,11.5000,130.5600,0.000077
hold20,VGND,li1,13.3400,97.9200,0.000017
hold19,VGND,li1,13.3400,87.0400,0.000058
rebuffer18,VGND,li1,156.1700,87.0400,0.000032
clone16,VGND,li1,33.8100,76.1600,0.000103
rebuffer15,VGND,li1,49.9100,81.6000,0.000020
rebuffer14,VGND,li1,54.9700,70.7200,0.000020
rebuffer13,VGND,li1,53.3600,65.2800,0.000012
rebuffer12,VGND,li1,49.4500,65.2800,0.000013
rebuffer11,VGND,li1,47.3800,108.8000,0.000132
rebuffer10,VGND,li1,31.5100,76.1600,0.000087
rebuffer9,VGND,li1,55.4300,97.9200,0.000016
rebuffer8,VGND,li1,59.8000,97.9200,0.000016
clone7,VGND,li1,153.8700,125.1200,0.000145
rebuffer6,VGND,li1,140.7600,76.1600,0.000057
rebuffer5,VGND,li1,137.0800,76.1600,0.000062
rebuffer4,VGND,li1,125.3500,146.8800,0.000019
rebuffer3,VGND,li1,101.2000,70.7200,0.000013
rebuffer2,VGND,li1,101.2000,70.7200,0.000013
rebuffer1,VGND,li1,75.4400,81.6000,0.000019
clkload5,VGND,li1,141.2200,152.3200,0.000206
clkload4,VGND,li1,167.4400,125.1200,0.000159
clkload3,VGND,li1,52.6700,136.0000,0.000021
clkload2,VGND,li1,39.3300,125.1200,0.000032
clkload1,VGND,li1,41.1700,76.1600,0.000140
clkload0,VGND,li1,29.6700,87.0400,0.000067
clkbuf_3_7__f_clk,VGND,li1,142.6000,152.3200,0.000206
clkbuf_3_6__f_clk,VGND,li1,126.0400,157.7600,0.000212
clkbuf_3_5__f_clk,VGND,li1,165.1400,114.2400,0.000111
clkbuf_3_4__f_clk,VGND,li1,166.5200,125.1200,0.000159
clkbuf_3_3__f_clk,VGND,li1,55.6600,130.5600,0.000248
clkbuf_3_2__f_clk,VGND,li1,42.3200,130.5600,0.000213
clkbuf_3_1__f_clk,VGND,li1,43.2400,76.1600,0.000148
clkbuf_3_0__f_clk,VGND,li1,36.3400,87.0400,0.000091
clkbuf_0_clk,VGND,li1,104.8800,108.8000,0.000353
top_117,VGND,li1,7.5900,163.2000,0.000005
fanout116,VGND,li1,104.4200,184.9600,0.000077
fanout115,VGND,li1,100.7400,184.9600,0.000075
fanout114,VGND,li1,145.3600,179.5200,0.000078
fanout113,VGND,li1,174.8000,136.0000,0.000021
fanout112,VGND,li1,94.7600,179.5200,0.000103
fanout111,VGND,li1,30.3600,157.7600,0.000041
fanout110,VGND,li1,31.7400,152.3200,0.000065
fanout109,VGND,li1,23.4600,103.3600,0.000008
fanout108,VGND,li1,15.1800,65.2800,0.000007
fanout107,VGND,li1,15.1800,92.4800,0.000006
fanout106,VGND,li1,179.8600,87.0400,0.000016
fanout105,VGND,li1,107.1800,179.5200,0.000106
fanout104,VGND,li1,27.1400,146.8800,0.000003
fanout103,VGND,li1,93.3800,152.3200,0.000182
fanout102,VGND,li1,143.0600,168.6400,0.000067
fanout101,VGND,li1,133.4000,146.8800,0.000020
fanout100,VGND,li1,104.4200,136.0000,0.000044
fanout99,VGND,li1,135.2400,119.6800,0.000031
fanout98,VGND,li1,141.6800,97.9200,0.000033
fanout97,VGND,li1,22.5400,146.8800,0.000003
fanout96,VGND,li1,25.3000,146.8800,0.000003
fanout95,VGND,li1,78.2000,92.4800,0.000009
fanout94,VGND,li1,24.8400,87.0400,0.000050
fanout93,VGND,li1,80.5000,81.6000,0.000019
fanout92,VGND,li1,37.2600,81.6000,0.000021
fanout91,VGND,li1,16.5600,70.7200,0.000021
fanout90,VGND,li1,79.5800,70.7200,0.000016
fanout89,VGND,li1,23.4600,130.5600,0.000075
fanout88,VGND,li1,27.1400,54.4000,0.000011
fanout87,VGND,li1,34.9600,59.8400,0.000013
fanout86,VGND,li1,29.9000,59.8400,0.000013
fanout85,VGND,li1,45.0800,59.8400,0.000012
fanout84,VGND,li1,42.7800,54.4000,0.000018
fanout83,VGND,li1,51.5200,48.9600,0.000009
fanout82,VGND,li1,53.3600,43.5200,0.000033
fanout81,VGND,li1,54.0500,65.2800,0.000012
fanout80,VGND,li1,46.4600,43.5200,0.000030
fanout79,VGND,li1,23.4600,76.1600,0.000051
fanout78,VGND,li1,29.9000,92.4800,0.000004
fanout77,VGND,li1,34.2700,76.1600,0.000103
fanout76,VGND,li1,38.1800,103.3600,0.000006
fanout75,VGND,li1,20.7000,65.2800,0.000006
fanout74,VGND,li1,24.1500,65.2800,0.000006
fanout73,VGND,li1,22.7700,43.5200,0.000017
fanout72,VGND,li1,59.8000,43.5200,0.000031
fanout71,VGND,li1,63.9400,92.4800,0.000007
fanout70,VGND,li1,33.5800,54.4000,0.000014
fanout69,VGND,li1,42.3200,59.8400,0.000013
fanout68,VGND,li1,45.5400,59.8400,0.000012
fanout67,VGND,li1,51.9800,38.0800,0.000000
fanout66,VGND,li1,51.9800,32.6400,0.000028
fanout65,VGND,li1,43.0100,38.0800,0.000000
max_cap64,VGND,li1,25.3000,130.5600,0.000088
max_cap63,VGND,li1,27.1400,130.5600,0.000102
fanout62,VGND,li1,35.8800,146.8800,0.000005
fanout61,VGND,li1,103.9600,146.8800,0.000016
fanout60,VGND,li1,102.1200,146.8800,0.000016
fanout59,VGND,li1,53.8200,174.0800,0.000066
fanout58,VGND,li1,124.2000,184.9600,0.000075
fanout57,VGND,li1,182.6200,87.0400,0.000017
fanout55,VGND,li1,150.4200,108.8000,0.000174
fanout54,VGND,li1,144.4400,146.8800,0.000021
fanout53,VGND,li1,132.0200,141.4400,0.000040
fanout52,VGND,li1,123.2800,146.8800,0.000019
output51,VGND,li1,191.8200,125.1200,0.000084
output50,VGND,li1,127.8800,184.9600,0.000072
output49,VGND,li1,104.4200,184.9600,0.000077
output48,VGND,li1,56.1200,184.9600,0.000042
output47,VGND,li1,7.8200,136.0000,0.000011
output46,VGND,li1,7.8200,152.3200,0.000050
output45,VGND,li1,7.8200,130.5600,0.000077
output44,VGND,li1,52.9000,184.9600,0.000039
output43,VGND,li1,78.6600,184.9600,0.000061
output42,VGND,li1,7.8200,119.6800,0.000018
output41,VGND,li1,91.5400,184.9600,0.000070
output40,VGND,li1,114.0800,184.9600,0.000080
output39,VGND,li1,110.8600,184.9600,0.000080
output38,VGND,li1,133.4000,184.9600,0.000067
output37,VGND,li1,126.0400,184.9600,0.000073
output36,VGND,li1,191.8200,146.8800,0.000027
output35,VGND,li1,149.5000,184.9600,0.000052
output34,VGND,li1,191.8200,157.7600,0.000053
output33,VGND,li1,191.8200,152.3200,0.000048
output32,VGND,li1,187.2200,141.4400,0.000019
output31,VGND,li1,7.8200,92.4800,0.000007
output30,VGND,li1,191.8200,136.0000,0.000017
output29,VGND,li1,191.8200,125.1200,0.000084
output28,VGND,li1,191.8200,136.0000,0.000017
output27,VGND,li1,187.2200,114.2400,0.000061
output26,VGND,li1,191.8200,108.8000,0.000053
output25,VGND,li1,189.9800,92.4800,0.000023
output24,VGND,li1,188.1400,92.4800,0.000023
output23,VGND,li1,191.8200,81.6000,0.000025
output22,VGND,li1,191.8200,87.0400,0.000018
output21,VGND,li1,191.8200,92.4800,0.000024
output20,VGND,li1,7.8200,87.0400,0.000058
input19,VGND,li1,7.5900,81.6000,0.000022
input18,VGND,li1,46.2300,10.8800,0.000002
input17,VGND,li1,52.6700,10.8800,0.000002
input16,VGND,li1,7.5900,59.8400,0.000014
input15,VGND,li1,7.5900,54.4000,0.000013
input14,VGND,li1,7.5900,43.5200,0.000017
input13,VGND,li1,7.5900,65.2800,0.000007
input12,VGND,li1,7.5900,70.7200,0.000024
input11,VGND,li1,7.5900,76.1600,0.000052
input10,VGND,li1,7.8200,81.6000,0.000022
input9,VGND,li1,143.5200,184.9600,0.000058
input8,VGND,li1,7.5900,163.2000,0.000005
input7,VGND,li1,7.5900,157.7600,0.000025
input6,VGND,li1,7.5900,152.3200,0.000050
input5,VGND,li1,7.5900,168.6400,0.000010
input4,VGND,li1,7.5900,146.8800,0.000004
input3,VGND,li1,7.5900,136.0000,0.000011
input2,VGND,li1,7.5900,141.4400,0.000007
input1,VGND,li1,7.5900,146.8800,0.000004
TAP_TAPCELL_ROW_64_598,VGND,li1,186.0700,185.2510,0.000013
TAP_TAPCELL_ROW_64_597,VGND,li1,173.1900,185.2510,0.000021
TAP_TAPCELL_ROW_64_596,VGND,li1,160.3100,185.2510,0.000037
TAP_TAPCELL_ROW_64_595,VGND,li1,147.4300,185.2510,0.000054
TAP_TAPCELL_ROW_64_594,VGND,li1,134.5500,185.2510,0.000067
TAP_TAPCELL_ROW_64_593,VGND,li1,121.6700,185.2510,0.000076
TAP_TAPCELL_ROW_64_592,VGND,li1,108.7900,185.2510,0.000079
TAP_TAPCELL_ROW_64_591,VGND,li1,95.9100,185.2510,0.000073
TAP_TAPCELL_ROW_64_590,VGND,li1,83.0300,185.2510,0.000064
TAP_TAPCELL_ROW_64_589,VGND,li1,70.1500,185.2510,0.000053
TAP_TAPCELL_ROW_64_588,VGND,li1,57.2700,185.2510,0.000043
TAP_TAPCELL_ROW_64_587,VGND,li1,44.3900,185.2510,0.000030
TAP_TAPCELL_ROW_64_586,VGND,li1,31.5100,185.2510,0.000015
TAP_TAPCELL_ROW_64_585,VGND,li1,18.6300,185.2510,0.000010
TAP_TAPCELL_ROW_63_584,VGND,li1,186.0700,184.6680,0.000013
TAP_TAPCELL_ROW_63_583,VGND,li1,160.3100,184.6680,0.000037
TAP_TAPCELL_ROW_63_582,VGND,li1,134.5500,184.6680,0.000067
TAP_TAPCELL_ROW_63_581,VGND,li1,108.7900,184.6680,0.000079
TAP_TAPCELL_ROW_63_580,VGND,li1,83.0300,184.6680,0.000064
TAP_TAPCELL_ROW_63_579,VGND,li1,57.2700,184.6680,0.000043
TAP_TAPCELL_ROW_63_578,VGND,li1,31.5100,184.6680,0.000015
TAP_TAPCELL_ROW_62_577,VGND,li1,173.1900,179.8110,0.000031
TAP_TAPCELL_ROW_62_576,VGND,li1,147.4300,179.8110,0.000075
TAP_TAPCELL_ROW_62_575,VGND,li1,121.6700,179.8110,0.000101
TAP_TAPCELL_ROW_62_574,VGND,li1,95.9100,179.8110,0.000103
TAP_TAPCELL_ROW_62_573,VGND,li1,70.1500,179.8110,0.000073
TAP_TAPCELL_ROW_62_572,VGND,li1,44.3900,179.8110,0.000039
TAP_TAPCELL_ROW_62_571,VGND,li1,18.6300,179.8110,0.000013
TAP_TAPCELL_ROW_61_570,VGND,li1,186.0700,179.2280,0.000019
TAP_TAPCELL_ROW_61_569,VGND,li1,160.3100,179.2280,0.000054
TAP_TAPCELL_ROW_61_568,VGND,li1,134.5500,179.2280,0.000090
TAP_TAPCELL_ROW_61_567,VGND,li1,108.7900,179.2280,0.000106
TAP_TAPCELL_ROW_61_566,VGND,li1,83.0300,179.2280,0.000090
TAP_TAPCELL_ROW_61_565,VGND,li1,57.2700,179.2280,0.000056
TAP_TAPCELL_ROW_61_564,VGND,li1,31.5100,179.2280,0.000020
TAP_TAPCELL_ROW_60_563,VGND,li1,173.1900,174.3710,0.000016
TAP_TAPCELL_ROW_60_562,VGND,li1,147.4300,174.3710,0.000044
TAP_TAPCELL_ROW_60_561,VGND,li1,121.6700,174.3710,0.000070
TAP_TAPCELL_ROW_60_560,VGND,li1,95.9100,174.3710,0.000086
TAP_TAPCELL_ROW_60_559,VGND,li1,70.1500,174.3710,0.000080
TAP_TAPCELL_ROW_60_558,VGND,li1,44.3900,174.3710,0.000050
TAP_TAPCELL_ROW_60_557,VGND,li1,18.6300,174.3710,0.000018
TAP_TAPCELL_ROW_59_556,VGND,li1,186.0700,173.7880,0.000010
TAP_TAPCELL_ROW_59_555,VGND,li1,160.3100,173.7880,0.000030
TAP_TAPCELL_ROW_59_554,VGND,li1,134.5500,173.7880,0.000056
TAP_TAPCELL_ROW_59_553,VGND,li1,108.7900,173.7880,0.000082
TAP_TAPCELL_ROW_59_552,VGND,li1,83.0300,173.7880,0.000087
TAP_TAPCELL_ROW_59_551,VGND,li1,57.2700,173.7880,0.000069
TAP_TAPCELL_ROW_59_550,VGND,li1,31.5100,173.7880,0.000026
TAP_TAPCELL_ROW_58_549,VGND,li1,173.1900,168.9310,0.000023
TAP_TAPCELL_ROW_58_548,VGND,li1,147.4300,168.9310,0.000063
TAP_TAPCELL_ROW_58_547,VGND,li1,121.6700,168.9310,0.000082
TAP_TAPCELL_ROW_58_546,VGND,li1,95.9100,168.9310,0.000074
TAP_TAPCELL_ROW_58_545,VGND,li1,70.1500,168.9310,0.000052
TAP_TAPCELL_ROW_58_544,VGND,li1,44.3900,168.9310,0.000028
TAP_TAPCELL_ROW_58_543,VGND,li1,18.6300,168.9310,0.000010
TAP_TAPCELL_ROW_57_542,VGND,li1,186.0700,168.3480,0.000015
TAP_TAPCELL_ROW_57_541,VGND,li1,160.3100,168.3480,0.000043
TAP_TAPCELL_ROW_57_540,VGND,li1,134.5500,168.3480,0.000077
TAP_TAPCELL_ROW_57_539,VGND,li1,108.7900,168.3480,0.000080
TAP_TAPCELL_ROW_57_538,VGND,li1,83.0300,168.3480,0.000063
TAP_TAPCELL_ROW_57_537,VGND,li1,57.2700,168.3480,0.000040
TAP_TAPCELL_ROW_57_536,VGND,li1,31.5100,168.3480,0.000015
TAP_TAPCELL_ROW_56_535,VGND,li1,173.1900,163.4910,0.000012
TAP_TAPCELL_ROW_56_534,VGND,li1,147.4300,163.4910,0.000017
TAP_TAPCELL_ROW_56_533,VGND,li1,121.6700,163.4910,0.000021
TAP_TAPCELL_ROW_56_532,VGND,li1,95.9100,163.4910,0.000024
TAP_TAPCELL_ROW_56_531,VGND,li1,70.1500,163.4910,0.000025
TAP_TAPCELL_ROW_56_530,VGND,li1,44.3900,163.4910,0.000014
TAP_TAPCELL_ROW_56_529,VGND,li1,18.6300,163.4910,0.000005
TAP_TAPCELL_ROW_55_528,VGND,li1,186.0700,162.9080,0.000007
TAP_TAPCELL_ROW_55_527,VGND,li1,160.3100,162.9080,0.000016
TAP_TAPCELL_ROW_55_526,VGND,li1,134.5500,162.9080,0.000019
TAP_TAPCELL_ROW_55_525,VGND,li1,108.7900,162.9080,0.000022
TAP_TAPCELL_ROW_55_524,VGND,li1,83.0300,162.9080,0.000025
TAP_TAPCELL_ROW_55_523,VGND,li1,57.2700,162.9080,0.000020
TAP_TAPCELL_ROW_55_522,VGND,li1,31.5100,162.9080,0.000007
TAP_TAPCELL_ROW_54_521,VGND,li1,173.1900,158.0510,0.000060
TAP_TAPCELL_ROW_54_520,VGND,li1,147.4300,158.0510,0.000141
TAP_TAPCELL_ROW_54_519,VGND,li1,121.6700,158.0510,0.000207
TAP_TAPCELL_ROW_54_518,VGND,li1,95.9100,158.0510,0.000163
TAP_TAPCELL_ROW_54_517,VGND,li1,70.1500,158.0510,0.000121
TAP_TAPCELL_ROW_54_516,VGND,li1,44.3900,158.0510,0.000073
TAP_TAPCELL_ROW_54_515,VGND,li1,18.6300,158.0510,0.000025
TAP_TAPCELL_ROW_53_514,VGND,li1,186.0700,157.4680,0.000051
TAP_TAPCELL_ROW_53_513,VGND,li1,160.3100,157.4680,0.000100
TAP_TAPCELL_ROW_53_512,VGND,li1,134.5500,157.4680,0.000181
TAP_TAPCELL_ROW_53_511,VGND,li1,108.7900,157.4680,0.000185
TAP_TAPCELL_ROW_53_510,VGND,li1,83.0300,157.4680,0.000141
TAP_TAPCELL_ROW_53_509,VGND,li1,57.2700,157.4680,0.000098
TAP_TAPCELL_ROW_53_508,VGND,li1,31.5100,157.4680,0.000041
TAP_TAPCELL_ROW_52_507,VGND,li1,173.1900,152.6110,0.000068
TAP_TAPCELL_ROW_52_506,VGND,li1,147.4300,152.6110,0.000179
TAP_TAPCELL_ROW_52_505,VGND,li1,121.6700,152.6110,0.000196
TAP_TAPCELL_ROW_52_504,VGND,li1,95.9100,152.6110,0.000184
TAP_TAPCELL_ROW_52_503,VGND,li1,70.1500,152.6110,0.000150
TAP_TAPCELL_ROW_52_502,VGND,li1,44.3900,152.6110,0.000097
TAP_TAPCELL_ROW_52_501,VGND,li1,18.6300,152.6110,0.000048
TAP_TAPCELL_ROW_51_500,VGND,li1,186.0700,152.0280,0.000047
TAP_TAPCELL_ROW_51_499,VGND,li1,160.3100,152.0280,0.000122
TAP_TAPCELL_ROW_51_498,VGND,li1,134.5500,152.0280,0.000202
TAP_TAPCELL_ROW_51_497,VGND,li1,108.7900,152.0280,0.000189
TAP_TAPCELL_ROW_51_496,VGND,li1,83.0300,152.0280,0.000172
TAP_TAPCELL_ROW_51_495,VGND,li1,57.2700,152.0280,0.000128
TAP_TAPCELL_ROW_51_494,VGND,li1,31.5100,152.0280,0.000060
TAP_TAPCELL_ROW_50_493,VGND,li1,173.1900,147.1710,0.000021
TAP_TAPCELL_ROW_50_492,VGND,li1,147.4300,147.1710,0.000022
TAP_TAPCELL_ROW_50_491,VGND,li1,121.6700,147.1710,0.000018
TAP_TAPCELL_ROW_50_490,VGND,li1,95.9100,147.1710,0.000015
TAP_TAPCELL_ROW_50_489,VGND,li1,70.1500,147.1710,0.000011
TAP_TAPCELL_ROW_50_488,VGND,li1,44.3900,147.1710,0.000006
TAP_TAPCELL_ROW_50_487,VGND,li1,18.6300,147.1710,0.000003
TAP_TAPCELL_ROW_49_486,VGND,li1,186.0700,146.5880,0.000024
TAP_TAPCELL_ROW_49_485,VGND,li1,160.3100,146.5880,0.000024
TAP_TAPCELL_ROW_49_484,VGND,li1,134.5500,146.5880,0.000020
TAP_TAPCELL_ROW_49_483,VGND,li1,108.7900,146.5880,0.000017
TAP_TAPCELL_ROW_49_482,VGND,li1,83.0300,146.5880,0.000013
TAP_TAPCELL_ROW_49_481,VGND,li1,57.2700,146.5880,0.000009
TAP_TAPCELL_ROW_49_480,VGND,li1,31.5100,146.5880,0.000004
TAP_TAPCELL_ROW_48_479,VGND,li1,173.1900,141.7310,0.000018
TAP_TAPCELL_ROW_48_478,VGND,li1,147.4300,141.7310,0.000031
TAP_TAPCELL_ROW_48_477,VGND,li1,121.6700,141.7310,0.000046
TAP_TAPCELL_ROW_48_476,VGND,li1,95.9100,141.7310,0.000048
TAP_TAPCELL_ROW_48_475,VGND,li1,70.1500,141.7310,0.000033
TAP_TAPCELL_ROW_48_474,VGND,li1,44.3900,141.7310,0.000017
TAP_TAPCELL_ROW_48_473,VGND,li1,18.6300,141.7310,0.000007
TAP_TAPCELL_ROW_47_472,VGND,li1,186.0700,141.1480,0.000019
TAP_TAPCELL_ROW_47_471,VGND,li1,160.3100,141.1480,0.000025
TAP_TAPCELL_ROW_47_470,VGND,li1,134.5500,141.1480,0.000039
TAP_TAPCELL_ROW_47_469,VGND,li1,108.7900,141.1480,0.000052
TAP_TAPCELL_ROW_47_468,VGND,li1,83.0300,141.1480,0.000040
TAP_TAPCELL_ROW_47_467,VGND,li1,57.2700,141.1480,0.000025
TAP_TAPCELL_ROW_47_466,VGND,li1,31.5100,141.1480,0.000010
TAP_TAPCELL_ROW_46_465,VGND,li1,173.1900,136.2910,0.000024
TAP_TAPCELL_ROW_46_464,VGND,li1,147.4300,136.2910,0.000046
TAP_TAPCELL_ROW_46_463,VGND,li1,121.6700,136.2910,0.000052
TAP_TAPCELL_ROW_46_462,VGND,li1,95.9100,136.2910,0.000040
TAP_TAPCELL_ROW_46_461,VGND,li1,70.1500,136.2910,0.000028
TAP_TAPCELL_ROW_46_460,VGND,li1,44.3900,136.2910,0.000017
TAP_TAPCELL_ROW_46_459,VGND,li1,18.6300,136.2910,0.000009
TAP_TAPCELL_ROW_45_458,VGND,li1,186.0700,135.7080,0.000017
TAP_TAPCELL_ROW_45_457,VGND,li1,160.3100,135.7080,0.000036
TAP_TAPCELL_ROW_45_456,VGND,li1,134.5500,135.7080,0.000050
TAP_TAPCELL_ROW_45_455,VGND,li1,108.7900,135.7080,0.000046
TAP_TAPCELL_ROW_45_454,VGND,li1,83.0300,135.7080,0.000034
TAP_TAPCELL_ROW_45_453,VGND,li1,57.2700,135.7080,0.000023
TAP_TAPCELL_ROW_45_452,VGND,li1,31.5100,135.7080,0.000011
TAP_TAPCELL_ROW_44_451,VGND,li1,173.1900,130.8510,0.000040
TAP_TAPCELL_ROW_44_450,VGND,li1,147.4300,130.8510,0.000096
TAP_TAPCELL_ROW_44_449,VGND,li1,121.6700,130.8510,0.000143
TAP_TAPCELL_ROW_44_448,VGND,li1,95.9100,130.8510,0.000183
TAP_TAPCELL_ROW_44_447,VGND,li1,70.1500,130.8510,0.000224
TAP_TAPCELL_ROW_44_446,VGND,li1,44.3900,130.8510,0.000219
TAP_TAPCELL_ROW_44_445,VGND,li1,18.6300,130.8510,0.000076
TAP_TAPCELL_ROW_43_444,VGND,li1,186.0700,130.2680,0.000033
TAP_TAPCELL_ROW_43_443,VGND,li1,160.3100,130.2680,0.000069
TAP_TAPCELL_ROW_43_442,VGND,li1,134.5500,130.2680,0.000122
TAP_TAPCELL_ROW_43_441,VGND,li1,108.7900,130.2680,0.000164
TAP_TAPCELL_ROW_43_440,VGND,li1,83.0300,130.2680,0.000206
TAP_TAPCELL_ROW_43_439,VGND,li1,57.2700,130.2680,0.000243
TAP_TAPCELL_ROW_43_438,VGND,li1,31.5100,130.2680,0.000130
TAP_TAPCELL_ROW_42_437,VGND,li1,173.1900,125.4110,0.000110
TAP_TAPCELL_ROW_42_436,VGND,li1,147.4300,125.4110,0.000140
TAP_TAPCELL_ROW_42_435,VGND,li1,121.6700,125.4110,0.000113
TAP_TAPCELL_ROW_42_434,VGND,li1,95.9100,125.4110,0.000088
TAP_TAPCELL_ROW_42_433,VGND,li1,70.1500,125.4110,0.000062
TAP_TAPCELL_ROW_42_432,VGND,li1,44.3900,125.4110,0.000037
TAP_TAPCELL_ROW_42_431,VGND,li1,18.6300,125.4110,0.000013
TAP_TAPCELL_ROW_41_430,VGND,li1,186.0700,124.8280,0.000083
TAP_TAPCELL_ROW_41_429,VGND,li1,160.3100,124.8280,0.000153
TAP_TAPCELL_ROW_41_428,VGND,li1,134.5500,124.8280,0.000127
TAP_TAPCELL_ROW_41_427,VGND,li1,108.7900,124.8280,0.000100
TAP_TAPCELL_ROW_41_426,VGND,li1,83.0300,124.8280,0.000074
TAP_TAPCELL_ROW_41_425,VGND,li1,57.2700,124.8280,0.000050
TAP_TAPCELL_ROW_41_424,VGND,li1,31.5100,124.8280,0.000021
TAP_TAPCELL_ROW_40_423,VGND,li1,173.1900,119.9710,0.000019
TAP_TAPCELL_ROW_40_422,VGND,li1,147.4300,119.9710,0.000029
TAP_TAPCELL_ROW_40_421,VGND,li1,121.6700,119.9710,0.000028
TAP_TAPCELL_ROW_40_420,VGND,li1,95.9100,119.9710,0.000023
TAP_TAPCELL_ROW_40_419,VGND,li1,70.1500,119.9710,0.000018
TAP_TAPCELL_ROW_40_418,VGND,li1,44.3900,119.9710,0.000013
TAP_TAPCELL_ROW_40_417,VGND,li1,18.6300,119.9710,0.000013
TAP_TAPCELL_ROW_39_416,VGND,li1,186.0700,119.3880,0.000022
TAP_TAPCELL_ROW_39_415,VGND,li1,160.3100,119.3880,0.000024
TAP_TAPCELL_ROW_39_414,VGND,li1,134.5500,119.3880,0.000031
TAP_TAPCELL_ROW_39_413,VGND,li1,108.7900,119.3880,0.000026
TAP_TAPCELL_ROW_39_412,VGND,li1,83.0300,119.3880,0.000021
TAP_TAPCELL_ROW_39_411,VGND,li1,57.2700,119.3880,0.000016
TAP_TAPCELL_ROW_39_410,VGND,li1,31.5100,119.3880,0.000010
TAP_TAPCELL_ROW_38_409,VGND,li1,173.1900,114.5310,0.000080
TAP_TAPCELL_ROW_38_408,VGND,li1,147.4300,114.5310,0.000097
TAP_TAPCELL_ROW_38_407,VGND,li1,121.6700,114.5310,0.000079
TAP_TAPCELL_ROW_38_406,VGND,li1,95.9100,114.5310,0.000060
TAP_TAPCELL_ROW_38_405,VGND,li1,70.1500,114.5310,0.000042
TAP_TAPCELL_ROW_38_404,VGND,li1,44.3900,114.5310,0.000021
TAP_TAPCELL_ROW_38_403,VGND,li1,18.6300,114.5310,0.000009
TAP_TAPCELL_ROW_37_402,VGND,li1,186.0700,113.9480,0.000059
TAP_TAPCELL_ROW_37_401,VGND,li1,160.3100,113.9480,0.000107
TAP_TAPCELL_ROW_37_400,VGND,li1,134.5500,113.9480,0.000088
TAP_TAPCELL_ROW_37_399,VGND,li1,108.7900,113.9480,0.000069
TAP_TAPCELL_ROW_37_398,VGND,li1,83.0300,113.9480,0.000050
TAP_TAPCELL_ROW_37_397,VGND,li1,57.2700,113.9480,0.000032
TAP_TAPCELL_ROW_37_396,VGND,li1,31.5100,113.9480,0.000013
TAP_TAPCELL_ROW_36_395,VGND,li1,173.1900,109.0910,0.000077
TAP_TAPCELL_ROW_36_394,VGND,li1,147.4300,109.0910,0.000189
TAP_TAPCELL_ROW_36_393,VGND,li1,121.6700,109.0910,0.000286
TAP_TAPCELL_ROW_36_392,VGND,li1,95.9100,109.0910,0.000319
TAP_TAPCELL_ROW_36_391,VGND,li1,70.1500,109.0910,0.000219
TAP_TAPCELL_ROW_36_390,VGND,li1,44.3900,109.0910,0.000120
TAP_TAPCELL_ROW_36_389,VGND,li1,18.6300,109.0910,0.000049
TAP_TAPCELL_ROW_35_388,VGND,li1,186.0700,108.5080,0.000052
TAP_TAPCELL_ROW_35_387,VGND,li1,160.3100,108.5080,0.000131
TAP_TAPCELL_ROW_35_386,VGND,li1,134.5500,108.5080,0.000238
TAP_TAPCELL_ROW_35_385,VGND,li1,108.7900,108.5080,0.000334
TAP_TAPCELL_ROW_35_384,VGND,li1,83.0300,108.5080,0.000269
TAP_TAPCELL_ROW_35_383,VGND,li1,57.2700,108.5080,0.000169
TAP_TAPCELL_ROW_35_382,VGND,li1,31.5100,108.5080,0.000064
TAP_TAPCELL_ROW_34_381,VGND,li1,173.1900,103.6510,0.000001
TAP_TAPCELL_ROW_34_380,VGND,li1,147.4300,103.6510,0.000002
TAP_TAPCELL_ROW_34_379,VGND,li1,121.6700,103.6510,0.000003
TAP_TAPCELL_ROW_34_378,VGND,li1,95.9100,103.6510,0.000004
TAP_TAPCELL_ROW_34_377,VGND,li1,70.1500,103.6510,0.000005
TAP_TAPCELL_ROW_34_376,VGND,li1,44.3900,103.6510,0.000006
TAP_TAPCELL_ROW_34_375,VGND,li1,18.6300,103.6510,0.000011
TAP_TAPCELL_ROW_33_374,VGND,li1,186.0700,103.0680,0.000002
TAP_TAPCELL_ROW_33_373,VGND,li1,160.3100,103.0680,0.000002
TAP_TAPCELL_ROW_33_372,VGND,li1,134.5500,103.0680,0.000003
TAP_TAPCELL_ROW_33_371,VGND,li1,108.7900,103.0680,0.000004
TAP_TAPCELL_ROW_33_370,VGND,li1,83.0300,103.0680,0.000005
TAP_TAPCELL_ROW_33_369,VGND,li1,57.2700,103.0680,0.000005
TAP_TAPCELL_ROW_33_368,VGND,li1,31.5100,103.0680,0.000006
TAP_TAPCELL_ROW_32_367,VGND,li1,173.1900,98.2110,0.000023
TAP_TAPCELL_ROW_32_366,VGND,li1,147.4300,98.2110,0.000034
TAP_TAPCELL_ROW_32_365,VGND,li1,121.6700,98.2110,0.000029
TAP_TAPCELL_ROW_32_364,VGND,li1,95.9100,98.2110,0.000023
TAP_TAPCELL_ROW_32_363,VGND,li1,70.1500,98.2110,0.000018
TAP_TAPCELL_ROW_32_362,VGND,li1,44.3900,98.2110,0.000013
TAP_TAPCELL_ROW_32_361,VGND,li1,18.6300,98.2110,0.000013
TAP_TAPCELL_ROW_31_360,VGND,li1,186.0700,97.6280,0.000022
TAP_TAPCELL_ROW_31_359,VGND,li1,160.3100,97.6280,0.000029
TAP_TAPCELL_ROW_31_358,VGND,li1,134.5500,97.6280,0.000031
TAP_TAPCELL_ROW_31_357,VGND,li1,108.7900,97.6280,0.000026
TAP_TAPCELL_ROW_31_356,VGND,li1,83.0300,97.6280,0.000021
TAP_TAPCELL_ROW_31_355,VGND,li1,57.2700,97.6280,0.000016
TAP_TAPCELL_ROW_31_354,VGND,li1,31.5100,97.6280,0.000011
TAP_TAPCELL_ROW_30_353,VGND,li1,173.1900,92.7710,0.000017
TAP_TAPCELL_ROW_30_352,VGND,li1,147.4300,92.7710,0.000014
TAP_TAPCELL_ROW_30_351,VGND,li1,121.6700,92.7710,0.000012
TAP_TAPCELL_ROW_30_350,VGND,li1,95.9100,92.7710,0.000010
TAP_TAPCELL_ROW_30_349,VGND,li1,70.1500,92.7710,0.000008
TAP_TAPCELL_ROW_30_348,VGND,li1,44.3900,92.7710,0.000005
TAP_TAPCELL_ROW_30_347,VGND,li1,18.6300,92.7710,0.000006
TAP_TAPCELL_ROW_29_346,VGND,li1,186.0700,92.1880,0.000022
TAP_TAPCELL_ROW_29_345,VGND,li1,160.3100,92.1880,0.000016
TAP_TAPCELL_ROW_29_344,VGND,li1,134.5500,92.1880,0.000013
TAP_TAPCELL_ROW_29_343,VGND,li1,108.7900,92.1880,0.000011
TAP_TAPCELL_ROW_29_342,VGND,li1,83.0300,92.1880,0.000009
TAP_TAPCELL_ROW_29_341,VGND,li1,57.2700,92.1880,0.000007
TAP_TAPCELL_ROW_29_340,VGND,li1,31.5100,92.1880,0.000004
TAP_TAPCELL_ROW_28_339,VGND,li1,173.1900,87.3310,0.000022
TAP_TAPCELL_ROW_28_338,VGND,li1,147.4300,87.3310,0.000036
TAP_TAPCELL_ROW_28_337,VGND,li1,121.6700,87.3310,0.000049
TAP_TAPCELL_ROW_28_336,VGND,li1,95.9100,87.3310,0.000061
TAP_TAPCELL_ROW_28_335,VGND,li1,70.1500,87.3310,0.000074
TAP_TAPCELL_ROW_28_334,VGND,li1,44.3900,87.3310,0.000087
TAP_TAPCELL_ROW_28_333,VGND,li1,18.6300,87.3310,0.000055
TAP_TAPCELL_ROW_27_332,VGND,li1,186.0700,86.7480,0.000017
TAP_TAPCELL_ROW_27_331,VGND,li1,160.3100,86.7480,0.000030
TAP_TAPCELL_ROW_27_330,VGND,li1,134.5500,86.7480,0.000042
TAP_TAPCELL_ROW_27_329,VGND,li1,108.7900,86.7480,0.000055
TAP_TAPCELL_ROW_27_328,VGND,li1,83.0300,86.7480,0.000067
TAP_TAPCELL_ROW_27_327,VGND,li1,57.2700,86.7480,0.000080
TAP_TAPCELL_ROW_27_326,VGND,li1,31.5100,86.7480,0.000075
TAP_TAPCELL_ROW_26_325,VGND,li1,173.1900,81.8910,0.000015
TAP_TAPCELL_ROW_26_324,VGND,li1,147.4300,81.8910,0.000016
TAP_TAPCELL_ROW_26_323,VGND,li1,121.6700,81.8910,0.000017
TAP_TAPCELL_ROW_26_322,VGND,li1,95.9100,81.8910,0.000018
TAP_TAPCELL_ROW_26_321,VGND,li1,70.1500,81.8910,0.000020
TAP_TAPCELL_ROW_26_320,VGND,li1,44.3900,81.8910,0.000021
TAP_TAPCELL_ROW_26_319,VGND,li1,18.6300,81.8910,0.000018
TAP_TAPCELL_ROW_25_318,VGND,li1,186.0700,81.3080,0.000023
TAP_TAPCELL_ROW_25_317,VGND,li1,160.3100,81.3080,0.000016
TAP_TAPCELL_ROW_25_316,VGND,li1,134.5500,81.3080,0.000017
TAP_TAPCELL_ROW_25_315,VGND,li1,108.7900,81.3080,0.000018
TAP_TAPCELL_ROW_25_314,VGND,li1,83.0300,81.3080,0.000019
TAP_TAPCELL_ROW_25_313,VGND,li1,57.2700,81.3080,0.000020
TAP_TAPCELL_ROW_25_312,VGND,li1,31.5100,81.3080,0.000019
TAP_TAPCELL_ROW_24_311,VGND,li1,173.1900,76.4510,0.000025
TAP_TAPCELL_ROW_24_310,VGND,li1,147.4300,76.4510,0.000051
TAP_TAPCELL_ROW_24_309,VGND,li1,121.6700,76.4510,0.000075
TAP_TAPCELL_ROW_24_308,VGND,li1,95.9100,76.4510,0.000099
TAP_TAPCELL_ROW_24_307,VGND,li1,70.1500,76.4510,0.000123
TAP_TAPCELL_ROW_24_306,VGND,li1,44.3900,76.4510,0.000148
TAP_TAPCELL_ROW_24_305,VGND,li1,18.6300,76.4510,0.000051
TAP_TAPCELL_ROW_23_304,VGND,li1,186.0700,75.8680,0.000015
TAP_TAPCELL_ROW_23_303,VGND,li1,160.3100,75.8680,0.000040
TAP_TAPCELL_ROW_23_302,VGND,li1,134.5500,75.8680,0.000064
TAP_TAPCELL_ROW_23_301,VGND,li1,108.7900,75.8680,0.000088
TAP_TAPCELL_ROW_23_300,VGND,li1,83.0300,75.8680,0.000112
TAP_TAPCELL_ROW_23_299,VGND,li1,57.2700,75.8680,0.000135
TAP_TAPCELL_ROW_23_298,VGND,li1,31.5100,75.8680,0.000087
TAP_TAPCELL_ROW_22_297,VGND,li1,173.1900,71.0110,0.000002
TAP_TAPCELL_ROW_22_296,VGND,li1,147.4300,71.0110,0.000006
TAP_TAPCELL_ROW_22_295,VGND,li1,121.6700,71.0110,0.000010
TAP_TAPCELL_ROW_22_294,VGND,li1,95.9100,71.0110,0.000014
TAP_TAPCELL_ROW_22_293,VGND,li1,70.1500,71.0110,0.000018
TAP_TAPCELL_ROW_22_292,VGND,li1,44.3900,71.0110,0.000021
TAP_TAPCELL_ROW_22_291,VGND,li1,18.6300,71.0110,0.000020
TAP_TAPCELL_ROW_21_290,VGND,li1,186.0700,70.4280,0.000001
TAP_TAPCELL_ROW_21_289,VGND,li1,160.3100,70.4280,0.000004
TAP_TAPCELL_ROW_21_288,VGND,li1,134.5500,70.4280,0.000008
TAP_TAPCELL_ROW_21_287,VGND,li1,108.7900,70.4280,0.000012
TAP_TAPCELL_ROW_21_286,VGND,li1,83.0300,70.4280,0.000016
TAP_TAPCELL_ROW_21_285,VGND,li1,57.2700,70.4280,0.000020
TAP_TAPCELL_ROW_21_284,VGND,li1,31.5100,70.4280,0.000020
TAP_TAPCELL_ROW_20_283,VGND,li1,173.1900,65.5710,0.000001
TAP_TAPCELL_ROW_20_282,VGND,li1,147.4300,65.5710,0.000004
TAP_TAPCELL_ROW_20_281,VGND,li1,121.6700,65.5710,0.000006
TAP_TAPCELL_ROW_20_280,VGND,li1,95.9100,65.5710,0.000009
TAP_TAPCELL_ROW_20_279,VGND,li1,70.1500,65.5710,0.000011
TAP_TAPCELL_ROW_20_278,VGND,li1,44.3900,65.5710,0.000013
TAP_TAPCELL_ROW_20_277,VGND,li1,18.6300,65.5710,0.000007
TAP_TAPCELL_ROW_19_276,VGND,li1,186.0700,64.9880,0.000001
TAP_TAPCELL_ROW_19_275,VGND,li1,160.3100,64.9880,0.000003
TAP_TAPCELL_ROW_19_274,VGND,li1,134.5500,64.9880,0.000005
TAP_TAPCELL_ROW_19_273,VGND,li1,108.7900,64.9880,0.000008
TAP_TAPCELL_ROW_19_272,VGND,li1,83.0300,64.9880,0.000010
TAP_TAPCELL_ROW_19_271,VGND,li1,57.2700,64.9880,0.000012
TAP_TAPCELL_ROW_19_270,VGND,li1,31.5100,64.9880,0.000009
TAP_TAPCELL_ROW_18_269,VGND,li1,173.1900,60.1310,0.000001
TAP_TAPCELL_ROW_18_268,VGND,li1,147.4300,60.1310,0.000004
TAP_TAPCELL_ROW_18_267,VGND,li1,121.6700,60.1310,0.000006
TAP_TAPCELL_ROW_18_266,VGND,li1,95.9100,60.1310,0.000008
TAP_TAPCELL_ROW_18_265,VGND,li1,70.1500,60.1310,0.000010
TAP_TAPCELL_ROW_18_264,VGND,li1,44.3900,60.1310,0.000012
TAP_TAPCELL_ROW_18_263,VGND,li1,18.6300,60.1310,0.000013
TAP_TAPCELL_ROW_17_262,VGND,li1,186.0700,59.5480,0.000001
TAP_TAPCELL_ROW_17_261,VGND,li1,160.3100,59.5480,0.000002
TAP_TAPCELL_ROW_17_260,VGND,li1,134.5500,59.5480,0.000005
TAP_TAPCELL_ROW_17_259,VGND,li1,108.7900,59.5480,0.000007
TAP_TAPCELL_ROW_17_258,VGND,li1,83.0300,59.5480,0.000009
TAP_TAPCELL_ROW_17_257,VGND,li1,57.2700,59.5480,0.000011
TAP_TAPCELL_ROW_17_256,VGND,li1,31.5100,59.5480,0.000013
TAP_TAPCELL_ROW_16_255,VGND,li1,173.1900,54.6910,0.000002
TAP_TAPCELL_ROW_16_254,VGND,li1,147.4300,54.6910,0.000006
TAP_TAPCELL_ROW_16_253,VGND,li1,121.6700,54.6910,0.000009
TAP_TAPCELL_ROW_16_252,VGND,li1,95.9100,54.6910,0.000013
TAP_TAPCELL_ROW_16_251,VGND,li1,70.1500,54.6910,0.000016
TAP_TAPCELL_ROW_16_250,VGND,li1,44.3900,54.6910,0.000018
TAP_TAPCELL_ROW_16_249,VGND,li1,18.6300,54.6910,0.000013
TAP_TAPCELL_ROW_15_248,VGND,li1,186.0700,54.1080,0.000001
TAP_TAPCELL_ROW_15_247,VGND,li1,160.3100,54.1080,0.000004
TAP_TAPCELL_ROW_15_246,VGND,li1,134.5500,54.1080,0.000008
TAP_TAPCELL_ROW_15_245,VGND,li1,108.7900,54.1080,0.000011
TAP_TAPCELL_ROW_15_244,VGND,li1,83.0300,54.1080,0.000015
TAP_TAPCELL_ROW_15_243,VGND,li1,57.2700,54.1080,0.000018
TAP_TAPCELL_ROW_15_242,VGND,li1,31.5100,54.1080,0.000013
TAP_TAPCELL_ROW_14_241,VGND,li1,173.1900,49.2510,0.000001
TAP_TAPCELL_ROW_14_240,VGND,li1,147.4300,49.2510,0.000003
TAP_TAPCELL_ROW_14_239,VGND,li1,121.6700,49.2510,0.000004
TAP_TAPCELL_ROW_14_238,VGND,li1,95.9100,49.2510,0.000006
TAP_TAPCELL_ROW_14_237,VGND,li1,70.1500,49.2510,0.000007
TAP_TAPCELL_ROW_14_236,VGND,li1,44.3900,49.2510,0.000009
TAP_TAPCELL_ROW_14_235,VGND,li1,18.6300,49.2510,0.000005
TAP_TAPCELL_ROW_13_234,VGND,li1,186.0700,48.6680,0.000001
TAP_TAPCELL_ROW_13_233,VGND,li1,160.3100,48.6680,0.000002
TAP_TAPCELL_ROW_13_232,VGND,li1,134.5500,48.6680,0.000003
TAP_TAPCELL_ROW_13_231,VGND,li1,108.7900,48.6680,0.000005
TAP_TAPCELL_ROW_13_230,VGND,li1,83.0300,48.6680,0.000007
TAP_TAPCELL_ROW_13_229,VGND,li1,57.2700,48.6680,0.000008
TAP_TAPCELL_ROW_13_228,VGND,li1,31.5100,48.6680,0.000008
TAP_TAPCELL_ROW_12_227,VGND,li1,173.1900,43.8110,0.000004
TAP_TAPCELL_ROW_12_226,VGND,li1,147.4300,43.8110,0.000010
TAP_TAPCELL_ROW_12_225,VGND,li1,121.6700,43.8110,0.000016
TAP_TAPCELL_ROW_12_224,VGND,li1,95.9100,43.8110,0.000023
TAP_TAPCELL_ROW_12_223,VGND,li1,70.1500,43.8110,0.000029
TAP_TAPCELL_ROW_12_222,VGND,li1,44.3900,43.8110,0.000029
TAP_TAPCELL_ROW_12_221,VGND,li1,18.6300,43.8110,0.000017
TAP_TAPCELL_ROW_11_220,VGND,li1,186.0700,43.2280,0.000002
TAP_TAPCELL_ROW_11_219,VGND,li1,160.3100,43.2280,0.000007
TAP_TAPCELL_ROW_11_218,VGND,li1,134.5500,43.2280,0.000013
TAP_TAPCELL_ROW_11_217,VGND,li1,108.7900,43.2280,0.000019
TAP_TAPCELL_ROW_11_216,VGND,li1,83.0300,43.2280,0.000025
TAP_TAPCELL_ROW_11_215,VGND,li1,57.2700,43.2280,0.000032
TAP_TAPCELL_ROW_11_214,VGND,li1,31.5100,43.2280,0.000021
TAP_TAPCELL_ROW_10_213,VGND,li1,173.1900,38.3710,0.000000
TAP_TAPCELL_ROW_10_212,VGND,li1,147.4300,38.3710,0.000000
TAP_TAPCELL_ROW_10_211,VGND,li1,121.6700,38.3710,0.000000
TAP_TAPCELL_ROW_10_210,VGND,li1,95.9100,38.3710,0.000000
TAP_TAPCELL_ROW_10_209,VGND,li1,70.1500,38.3710,0.000000
TAP_TAPCELL_ROW_10_208,VGND,li1,44.3900,38.3710,0.000000
TAP_TAPCELL_ROW_10_207,VGND,li1,18.6300,38.3710,0.000000
TAP_TAPCELL_ROW_9_206,VGND,li1,186.0700,37.7880,0.000000
TAP_TAPCELL_ROW_9_205,VGND,li1,160.3100,37.7880,0.000000
TAP_TAPCELL_ROW_9_204,VGND,li1,134.5500,37.7880,0.000000
TAP_TAPCELL_ROW_9_203,VGND,li1,108.7900,37.7880,0.000000
TAP_TAPCELL_ROW_9_202,VGND,li1,83.0300,37.7880,0.000000
TAP_TAPCELL_ROW_9_201,VGND,li1,57.2700,37.7880,0.000000
TAP_TAPCELL_ROW_9_200,VGND,li1,31.5100,37.7880,0.000000
TAP_TAPCELL_ROW_8_199,VGND,li1,173.1900,32.9310,0.000003
TAP_TAPCELL_ROW_8_198,VGND,li1,147.4300,32.9310,0.000009
TAP_TAPCELL_ROW_8_197,VGND,li1,121.6700,32.9310,0.000014
TAP_TAPCELL_ROW_8_196,VGND,li1,95.9100,32.9310,0.000020
TAP_TAPCELL_ROW_8_195,VGND,li1,70.1500,32.9310,0.000025
TAP_TAPCELL_ROW_8_194,VGND,li1,44.3900,32.9310,0.000024
TAP_TAPCELL_ROW_8_193,VGND,li1,18.6300,32.9310,0.000009
TAP_TAPCELL_ROW_7_192,VGND,li1,186.0700,32.3480,0.000002
TAP_TAPCELL_ROW_7_191,VGND,li1,160.3100,32.3480,0.000006
TAP_TAPCELL_ROW_7_190,VGND,li1,134.5500,32.3480,0.000012
TAP_TAPCELL_ROW_7_189,VGND,li1,108.7900,32.3480,0.000017
TAP_TAPCELL_ROW_7_188,VGND,li1,83.0300,32.3480,0.000022
TAP_TAPCELL_ROW_7_187,VGND,li1,57.2700,32.3480,0.000028
TAP_TAPCELL_ROW_7_186,VGND,li1,31.5100,32.3480,0.000014
TAP_TAPCELL_ROW_6_185,VGND,li1,173.1900,27.4910,0.000000
TAP_TAPCELL_ROW_6_184,VGND,li1,147.4300,27.4910,0.000000
TAP_TAPCELL_ROW_6_183,VGND,li1,121.6700,27.4910,0.000000
TAP_TAPCELL_ROW_6_182,VGND,li1,95.9100,27.4910,0.000000
TAP_TAPCELL_ROW_6_181,VGND,li1,70.1500,27.4910,0.000000
TAP_TAPCELL_ROW_6_180,VGND,li1,44.3900,27.4910,0.000000
TAP_TAPCELL_ROW_6_179,VGND,li1,18.6300,27.4910,0.000000
TAP_TAPCELL_ROW_5_178,VGND,li1,186.0700,26.9080,0.000000
TAP_TAPCELL_ROW_5_177,VGND,li1,160.3100,26.9080,0.000000
TAP_TAPCELL_ROW_5_176,VGND,li1,134.5500,26.9080,0.000000
TAP_TAPCELL_ROW_5_175,VGND,li1,108.7900,26.9080,0.000000
TAP_TAPCELL_ROW_5_174,VGND,li1,83.0300,26.9080,0.000000
TAP_TAPCELL_ROW_5_173,VGND,li1,57.2700,26.9080,0.000000
TAP_TAPCELL_ROW_5_172,VGND,li1,31.5100,26.9080,0.000000
TAP_TAPCELL_ROW_4_171,VGND,li1,173.1900,22.0510,0.000000
TAP_TAPCELL_ROW_4_170,VGND,li1,147.4300,22.0510,0.000000
TAP_TAPCELL_ROW_4_169,VGND,li1,121.6700,22.0510,0.000000
TAP_TAPCELL_ROW_4_168,VGND,li1,95.9100,22.0510,0.000000
TAP_TAPCELL_ROW_4_167,VGND,li1,70.1500,22.0510,0.000000
TAP_TAPCELL_ROW_4_166,VGND,li1,44.3900,22.0510,0.000000
TAP_TAPCELL_ROW_4_165,VGND,li1,18.6300,22.0510,0.000000
TAP_TAPCELL_ROW_3_164,VGND,li1,186.0700,21.4680,0.000000
TAP_TAPCELL_ROW_3_163,VGND,li1,160.3100,21.4680,0.000000
TAP_TAPCELL_ROW_3_162,VGND,li1,134.5500,21.4680,0.000000
TAP_TAPCELL_ROW_3_161,VGND,li1,108.7900,21.4680,0.000000
TAP_TAPCELL_ROW_3_160,VGND,li1,83.0300,21.4680,0.000000
TAP_TAPCELL_ROW_3_159,VGND,li1,57.2700,21.4680,0.000000
TAP_TAPCELL_ROW_3_158,VGND,li1,31.5100,21.4680,0.000000
TAP_TAPCELL_ROW_2_157,VGND,li1,173.1900,16.6110,0.000000
TAP_TAPCELL_ROW_2_156,VGND,li1,147.4300,16.6110,0.000000
TAP_TAPCELL_ROW_2_155,VGND,li1,121.6700,16.6110,0.000000
TAP_TAPCELL_ROW_2_154,VGND,li1,95.9100,16.6110,0.000000
TAP_TAPCELL_ROW_2_153,VGND,li1,70.1500,16.6110,0.000000
TAP_TAPCELL_ROW_2_152,VGND,li1,44.3900,16.6110,0.000000
TAP_TAPCELL_ROW_2_151,VGND,li1,18.6300,16.6110,0.000000
TAP_TAPCELL_ROW_1_150,VGND,li1,186.0700,16.0280,0.000000
TAP_TAPCELL_ROW_1_149,VGND,li1,160.3100,16.0280,0.000000
TAP_TAPCELL_ROW_1_148,VGND,li1,134.5500,16.0280,0.000000
TAP_TAPCELL_ROW_1_147,VGND,li1,108.7900,16.0280,0.000000
TAP_TAPCELL_ROW_1_146,VGND,li1,83.0300,16.0280,0.000000
TAP_TAPCELL_ROW_1_145,VGND,li1,57.2700,16.0280,0.000000
TAP_TAPCELL_ROW_1_144,VGND,li1,31.5100,16.0280,0.000000
TAP_TAPCELL_ROW_0_143,VGND,li1,186.0700,11.1710,0.000000
TAP_TAPCELL_ROW_0_142,VGND,li1,173.1900,11.1710,0.000000
TAP_TAPCELL_ROW_0_141,VGND,li1,160.3100,11.1710,0.000000
TAP_TAPCELL_ROW_0_140,VGND,li1,147.4300,11.1710,0.000001
TAP_TAPCELL_ROW_0_139,VGND,li1,134.5500,11.1710,0.000001
TAP_TAPCELL_ROW_0_138,VGND,li1,121.6700,11.1710,0.000001
TAP_TAPCELL_ROW_0_137,VGND,li1,108.7900,11.1710,0.000001
TAP_TAPCELL_ROW_0_136,VGND,li1,95.9100,11.1710,0.000001
TAP_TAPCELL_ROW_0_135,VGND,li1,83.0300,11.1710,0.000001
TAP_TAPCELL_ROW_0_134,VGND,li1,70.1500,11.1710,0.000001
TAP_TAPCELL_ROW_0_133,VGND,li1,57.2700,11.1710,0.000002
TAP_TAPCELL_ROW_0_132,VGND,li1,44.3900,11.1710,0.000001
TAP_TAPCELL_ROW_0_131,VGND,li1,31.5100,11.1710,0.000001
TAP_TAPCELL_ROW_0_130,VGND,li1,18.6300,11.1710,0.000000
PHY_EDGE_ROW_64_Left_129,VGND,li1,6.2100,184.9600,0.000010
PHY_EDGE_ROW_63_Left_128,VGND,li1,6.2100,184.9600,0.000010
PHY_EDGE_ROW_62_Left_127,VGND,li1,6.2100,179.5200,0.000013
PHY_EDGE_ROW_61_Left_126,VGND,li1,6.2100,179.5200,0.000013
PHY_EDGE_ROW_60_Left_125,VGND,li1,6.2100,174.0800,0.000018
PHY_EDGE_ROW_59_Left_124,VGND,li1,6.2100,174.0800,0.000018
PHY_EDGE_ROW_58_Left_123,VGND,li1,6.2100,168.6400,0.000010
PHY_EDGE_ROW_57_Left_122,VGND,li1,6.2100,168.6400,0.000010
PHY_EDGE_ROW_56_Left_121,VGND,li1,6.2100,163.2000,0.000005
PHY_EDGE_ROW_55_Left_120,VGND,li1,6.2100,163.2000,0.000005
PHY_EDGE_ROW_54_Left_119,VGND,li1,6.2100,157.7600,0.000025
PHY_EDGE_ROW_53_Left_118,VGND,li1,6.2100,157.7600,0.000025
PHY_EDGE_ROW_52_Left_117,VGND,li1,6.2100,152.3200,0.000050
PHY_EDGE_ROW_51_Left_116,VGND,li1,6.2100,152.3200,0.000050
PHY_EDGE_ROW_50_Left_115,VGND,li1,6.2100,146.8800,0.000004
PHY_EDGE_ROW_49_Left_114,VGND,li1,6.2100,146.8800,0.000004
PHY_EDGE_ROW_48_Left_113,VGND,li1,6.2100,141.4400,0.000007
PHY_EDGE_ROW_47_Left_112,VGND,li1,6.2100,141.4400,0.000007
PHY_EDGE_ROW_46_Left_111,VGND,li1,6.2100,136.0000,0.000011
PHY_EDGE_ROW_45_Left_110,VGND,li1,6.2100,136.0000,0.000011
PHY_EDGE_ROW_44_Left_109,VGND,li1,6.2100,130.5600,0.000077
PHY_EDGE_ROW_43_Left_108,VGND,li1,6.2100,130.5600,0.000077
PHY_EDGE_ROW_42_Left_107,VGND,li1,6.2100,125.1200,0.000013
PHY_EDGE_ROW_41_Left_106,VGND,li1,6.2100,125.1200,0.000013
PHY_EDGE_ROW_40_Left_105,VGND,li1,6.2100,119.6800,0.000018
PHY_EDGE_ROW_39_Left_104,VGND,li1,6.2100,119.6800,0.000018
PHY_EDGE_ROW_38_Left_103,VGND,li1,6.2100,114.2400,0.000010
PHY_EDGE_ROW_37_Left_102,VGND,li1,6.2100,114.2400,0.000010
PHY_EDGE_ROW_36_Left_101,VGND,li1,6.2100,108.8000,0.000055
PHY_EDGE_ROW_35_Left_100,VGND,li1,6.2100,108.8000,0.000055
PHY_EDGE_ROW_34_Left_99,VGND,li1,6.2100,103.3600,0.000013
PHY_EDGE_ROW_33_Left_98,VGND,li1,6.2100,103.3600,0.000013
PHY_EDGE_ROW_32_Left_97,VGND,li1,6.2100,97.9200,0.000018
PHY_EDGE_ROW_31_Left_96,VGND,li1,6.2100,97.9200,0.000018
PHY_EDGE_ROW_30_Left_95,VGND,li1,6.2100,92.4800,0.000007
PHY_EDGE_ROW_29_Left_94,VGND,li1,6.2100,92.4800,0.000007
PHY_EDGE_ROW_28_Left_93,VGND,li1,6.2100,87.0400,0.000058
PHY_EDGE_ROW_27_Left_92,VGND,li1,6.2100,87.0400,0.000058
PHY_EDGE_ROW_26_Left_91,VGND,li1,6.2100,81.6000,0.000022
PHY_EDGE_ROW_25_Left_90,VGND,li1,6.2100,81.6000,0.000022
PHY_EDGE_ROW_24_Left_89,VGND,li1,6.2100,76.1600,0.000052
PHY_EDGE_ROW_23_Left_88,VGND,li1,6.2100,76.1600,0.000052
PHY_EDGE_ROW_22_Left_87,VGND,li1,6.2100,70.7200,0.000024
PHY_EDGE_ROW_21_Left_86,VGND,li1,6.2100,70.7200,0.000024
PHY_EDGE_ROW_20_Left_85,VGND,li1,6.2100,65.2800,0.000007
PHY_EDGE_ROW_19_Left_84,VGND,li1,6.2100,65.2800,0.000007
PHY_EDGE_ROW_18_Left_83,VGND,li1,6.2100,59.8400,0.000014
PHY_EDGE_ROW_17_Left_82,VGND,li1,6.2100,59.8400,0.000014
PHY_EDGE_ROW_16_Left_81,VGND,li1,6.2100,54.4000,0.000013
PHY_EDGE_ROW_15_Left_80,VGND,li1,6.2100,54.4000,0.000013
PHY_EDGE_ROW_14_Left_79,VGND,li1,6.2100,48.9600,0.000005
PHY_EDGE_ROW_13_Left_78,VGND,li1,6.2100,48.9600,0.000005
PHY_EDGE_ROW_12_Left_77,VGND,li1,6.2100,43.5200,0.000017
PHY_EDGE_ROW_11_Left_76,VGND,li1,6.2100,43.5200,0.000017
PHY_EDGE_ROW_10_Left_75,VGND,li1,6.2100,38.0800,0.000000
PHY_EDGE_ROW_9_Left_74,VGND,li1,6.2100,38.0800,0.000000
PHY_EDGE_ROW_8_Left_73,VGND,li1,6.2100,32.6400,0.000009
PHY_EDGE_ROW_7_Left_72,VGND,li1,6.2100,32.6400,0.000009
PHY_EDGE_ROW_6_Left_71,VGND,li1,6.2100,27.2000,0.000000
PHY_EDGE_ROW_5_Left_70,VGND,li1,6.2100,27.2000,0.000000
PHY_EDGE_ROW_4_Left_69,VGND,li1,6.2100,21.7600,0.000000
PHY_EDGE_ROW_3_Left_68,VGND,li1,6.2100,21.7600,0.000000
PHY_EDGE_ROW_2_Left_67,VGND,li1,6.2100,16.3200,0.000000
PHY_EDGE_ROW_1_Left_66,VGND,li1,6.2100,16.3200,0.000000
PHY_EDGE_ROW_0_Left_65,VGND,li1,6.2100,10.8800,0.000000
PHY_EDGE_ROW_64_Right_64,VGND,li1,193.4300,184.9600,0.000013
PHY_EDGE_ROW_63_Right_63,VGND,li1,193.4300,184.9600,0.000013
PHY_EDGE_ROW_62_Right_62,VGND,li1,193.4300,179.5200,0.000019
PHY_EDGE_ROW_61_Right_61,VGND,li1,193.4300,179.5200,0.000019
PHY_EDGE_ROW_60_Right_60,VGND,li1,193.4300,174.0800,0.000010
PHY_EDGE_ROW_59_Right_59,VGND,li1,193.4300,174.0800,0.000010
PHY_EDGE_ROW_58_Right_58,VGND,li1,193.4300,168.6400,0.000015
PHY_EDGE_ROW_57_Right_57,VGND,li1,193.4300,168.6400,0.000015
PHY_EDGE_ROW_56_Right_56,VGND,li1,193.4300,163.2000,0.000007
PHY_EDGE_ROW_55_Right_55,VGND,li1,193.4300,163.2000,0.000007
PHY_EDGE_ROW_54_Right_54,VGND,li1,193.4300,157.7600,0.000053
PHY_EDGE_ROW_53_Right_53,VGND,li1,193.4300,157.7600,0.000053
PHY_EDGE_ROW_52_Right_52,VGND,li1,193.4300,152.3200,0.000048
PHY_EDGE_ROW_51_Right_51,VGND,li1,193.4300,152.3200,0.000048
PHY_EDGE_ROW_50_Right_50,VGND,li1,193.4300,146.8800,0.000027
PHY_EDGE_ROW_49_Right_49,VGND,li1,193.4300,146.8800,0.000027
PHY_EDGE_ROW_48_Right_48,VGND,li1,193.4300,141.4400,0.000021
PHY_EDGE_ROW_47_Right_47,VGND,li1,193.4300,141.4400,0.000021
PHY_EDGE_ROW_46_Right_46,VGND,li1,193.4300,136.0000,0.000017
PHY_EDGE_ROW_45_Right_45,VGND,li1,193.4300,136.0000,0.000017
PHY_EDGE_ROW_44_Right_44,VGND,li1,193.4300,130.5600,0.000036
PHY_EDGE_ROW_43_Right_43,VGND,li1,193.4300,130.5600,0.000036
PHY_EDGE_ROW_42_Right_42,VGND,li1,193.4300,125.1200,0.000084
PHY_EDGE_ROW_41_Right_41,VGND,li1,193.4300,125.1200,0.000084
PHY_EDGE_ROW_40_Right_40,VGND,li1,193.4300,119.6800,0.000022
PHY_EDGE_ROW_39_Right_39,VGND,li1,193.4300,119.6800,0.000022
PHY_EDGE_ROW_38_Right_38,VGND,li1,193.4300,114.2400,0.000062
PHY_EDGE_ROW_37_Right_37,VGND,li1,193.4300,114.2400,0.000062
PHY_EDGE_ROW_36_Right_36,VGND,li1,193.4300,108.8000,0.000053
PHY_EDGE_ROW_35_Right_35,VGND,li1,193.4300,108.8000,0.000053
PHY_EDGE_ROW_34_Right_34,VGND,li1,193.4300,103.3600,0.000002
PHY_EDGE_ROW_33_Right_33,VGND,li1,193.4300,103.3600,0.000002
PHY_EDGE_ROW_32_Right_32,VGND,li1,193.4300,97.9200,0.000024
PHY_EDGE_ROW_31_Right_31,VGND,li1,193.4300,97.9200,0.000024
PHY_EDGE_ROW_30_Right_30,VGND,li1,193.4300,92.4800,0.000024
PHY_EDGE_ROW_29_Right_29,VGND,li1,193.4300,92.4800,0.000024
PHY_EDGE_ROW_28_Right_28,VGND,li1,193.4300,87.0400,0.000018
PHY_EDGE_ROW_27_Right_27,VGND,li1,193.4300,87.0400,0.000018
PHY_EDGE_ROW_26_Right_26,VGND,li1,193.4300,81.6000,0.000025
PHY_EDGE_ROW_25_Right_25,VGND,li1,193.4300,81.6000,0.000025
PHY_EDGE_ROW_24_Right_24,VGND,li1,193.4300,76.1600,0.000015
PHY_EDGE_ROW_23_Right_23,VGND,li1,193.4300,76.1600,0.000015
PHY_EDGE_ROW_22_Right_22,VGND,li1,193.4300,70.7200,0.000001
PHY_EDGE_ROW_21_Right_21,VGND,li1,193.4300,70.7200,0.000001
PHY_EDGE_ROW_20_Right_20,VGND,li1,193.4300,65.2800,0.000001
PHY_EDGE_ROW_19_Right_19,VGND,li1,193.4300,65.2800,0.000001
PHY_EDGE_ROW_18_Right_18,VGND,li1,193.4300,59.8400,0.000001
PHY_EDGE_ROW_17_Right_17,VGND,li1,193.4300,59.8400,0.000001
PHY_EDGE_ROW_16_Right_16,VGND,li1,193.4300,54.4000,0.000001
PHY_EDGE_ROW_15_Right_15,VGND,li1,193.4300,54.4000,0.000001
PHY_EDGE_ROW_14_Right_14,VGND,li1,193.4300,48.9600,0.000001
PHY_EDGE_ROW_13_Right_13,VGND,li1,193.4300,48.9600,0.000001
PHY_EDGE_ROW_12_Right_12,VGND,li1,193.4300,43.5200,0.000002
PHY_EDGE_ROW_11_Right_11,VGND,li1,193.4300,43.5200,0.000002
PHY_EDGE_ROW_10_Right_10,VGND,li1,193.4300,38.0800,0.000000
PHY_EDGE_ROW_9_Right_9,VGND,li1,193.4300,38.0800,0.000000
PHY_EDGE_ROW_8_Right_8,VGND,li1,193.4300,32.6400,0.000002
PHY_EDGE_ROW_7_Right_7,VGND,li1,193.4300,32.6400,0.000002
PHY_EDGE_ROW_6_Right_6,VGND,li1,193.4300,27.2000,0.000000
PHY_EDGE_ROW_5_Right_5,VGND,li1,193.4300,27.2000,0.000000
PHY_EDGE_ROW_4_Right_4,VGND,li1,193.4300,21.7600,0.000000
PHY_EDGE_ROW_3_Right_3,VGND,li1,193.4300,21.7600,0.000000
PHY_EDGE_ROW_2_Right_2,VGND,li1,193.4300,16.3200,0.000000
PHY_EDGE_ROW_1_Right_1,VGND,li1,193.4300,16.3200,0.000000
PHY_EDGE_ROW_0_Right_0,VGND,li1,193.4300,10.8800,0.000000
_1464_,VGND,li1,72.6800,163.2000,0.000027
_1463_,VGND,li1,87.8600,174.0800,0.000089
_1462_,VGND,li1,92.9200,152.3200,0.000182
_1461_,VGND,li1,99.8200,168.6400,0.000077
_1460_,VGND,li1,112.2400,141.4400,0.000052
_1459_,VGND,li1,120.5200,168.6400,0.000083
_1458_,VGND,li1,131.1000,168.6400,0.000080
_1457_,VGND,li1,140.5300,136.0000,0.000049
_1456_,VGND,li1,141.6800,168.6400,0.000071
_1455_,VGND,li1,167.9000,163.2000,0.000015
_1454_,VGND,li1,173.8800,157.7600,0.000060
_1453_,VGND,li1,165.8300,146.8800,0.000024
_1452_,VGND,li1,167.4400,136.0000,0.000031
_1451_,VGND,li1,177.1000,125.1200,0.000081
_1450_,VGND,li1,132.4800,130.5600,0.000126
_1449_,VGND,li1,167.9000,114.2400,0.000100
_1448_,VGND,li1,172.9600,108.8000,0.000077
_1447_,VGND,li1,169.2800,97.9200,0.000025
_1446_,VGND,li1,169.2800,87.0400,0.000025
_1445_,VGND,li1,167.4400,76.1600,0.000032
_1444_,VGND,li1,147.6600,97.9200,0.000034
_1443_,VGND,li1,143.0600,108.8000,0.000206
_1442_,VGND,li1,138.4600,119.6800,0.000032
_1441_,VGND,li1,122.3600,136.0000,0.000052
_1440_,VGND,li1,102.1200,141.4400,0.000052
_1439_,VGND,li1,79.1200,152.3200,0.000167
_1438_,VGND,li1,64.4000,152.3200,0.000143
_1437_,VGND,li1,40.4800,152.3200,0.000086
_1436_,VGND,li1,27.1400,146.8800,0.000003
_1435_,VGND,li1,11.5000,119.6800,0.000018
_1434_,VGND,li1,14.2600,103.3600,0.000013
_1433_,VGND,li1,37.2600,92.4800,0.000005
_1432_,VGND,li1,40.2500,32.6400,0.000023
_1431_,VGND,li1,53.8200,32.6400,0.000028
_1430_,VGND,li1,40.0200,65.2800,0.000014
_1429_,VGND,li1,33.5800,48.9600,0.000010
_1428_,VGND,li1,23.2300,43.5200,0.000017
_1427_,VGND,li1,22.5400,59.8400,0.000013
_1426_,VGND,li1,36.8000,70.7200,0.000023
_1425_,VGND,li1,26.4500,70.7200,0.000018
_1424_,VGND,li1,53.3600,174.0800,0.000066
_1423_,VGND,li1,76.3600,174.0800,0.000086
_1422_,VGND,li1,90.1600,179.5200,0.000100
_1421_,VGND,li1,112.7000,184.9600,0.000080
_1420_,VGND,li1,110.4000,174.0800,0.000081
_1419_,VGND,li1,132.9400,179.5200,0.000090
_1418_,VGND,li1,117.7600,179.5200,0.000104
_1417_,VGND,li1,177.5600,146.8800,0.000019
_1416_,VGND,li1,151.3400,179.5200,0.000070
_1415_,VGND,li1,188.1400,157.7600,0.000052
_1414_,VGND,li1,189.0600,146.8800,0.000026
_1413_,VGND,li1,189.0600,141.4400,0.000021
_1412_,VGND,li1,189.0600,130.5600,0.000036
_1411_,VGND,li1,187.6800,119.6800,0.000022
_1410_,VGND,li1,180.3200,136.0000,0.000016
_1409_,VGND,li1,189.0600,114.2400,0.000062
_1408_,VGND,li1,187.2200,103.3600,0.000002
_1407_,VGND,li1,187.6800,92.4800,0.000022
_1406_,VGND,li1,189.0600,81.6000,0.000024
_1405_,VGND,li1,182.1600,81.6000,0.000019
_1404_,VGND,li1,176.6400,92.4800,0.000017
_1403_,VGND,li1,188.6000,97.9200,0.000024
_1402_,VGND,li1,179.4000,119.6800,0.000017
_1401_,VGND,li1,126.0400,184.9600,0.000073
_1400_,VGND,li1,99.8200,179.5200,0.000106
_1399_,VGND,li1,51.9800,157.7600,0.000090
_1398_,VGND,li1,22.0800,136.0000,0.000008
_1397_,VGND,li1,27.1400,152.3200,0.000051
_1396_,VGND,li1,11.5000,130.5600,0.000077
_1395_,VGND,li1,10.5800,108.8000,0.000055
_1394_,VGND,li1,10.5800,97.9200,0.000018
_1393_,VGND,li1,13.3400,87.0400,0.000058
_1392_,VGND,li1,40.2500,43.5200,0.000028
_1391_,VGND,li1,52.9000,43.5200,0.000033
_1390_,VGND,li1,45.5400,54.4000,0.000020
_1389_,VGND,li1,30.3600,59.8400,0.000013
_1388_,VGND,li1,22.5400,54.4000,0.000013
_1387_,VGND,li1,11.9600,70.7200,0.000024
_1386_,VGND,li1,35.4200,81.6000,0.000021
_1385_,VGND,li1,24.8400,81.6000,0.000016
_1384_,VGND,li1,17.0200,152.3200,0.000049
_1383_,VGND,li1,77.7400,163.2000,0.000026
_1382_,VGND,li1,75.6700,157.7600,0.000130
_1381_,VGND,li1,84.8700,163.2000,0.000025
_1380_,VGND,li1,81.4200,157.7600,0.000137
_1379_,VGND,li1,81.1900,163.2000,0.000026
_1378_,VGND,li1,86.9400,168.6400,0.000066
_1377_,VGND,li1,89.9300,168.6400,0.000070
_1376_,VGND,li1,93.1500,163.2000,0.000024
_1375_,VGND,li1,97.2900,157.7600,0.000166
_1374_,VGND,li1,94.3000,163.2000,0.000024
_1373_,VGND,li1,96.6000,163.2000,0.000024
_1372_,VGND,li1,107.1800,152.3200,0.000189
_1371_,VGND,li1,92.6900,163.2000,0.000024
_1370_,VGND,li1,89.0100,157.7600,0.000151
_1369_,VGND,li1,87.6300,163.2000,0.000025
_1368_,VGND,li1,89.4700,163.2000,0.000025
_1367_,VGND,li1,91.5400,146.8800,0.000014
_1366_,VGND,li1,88.5500,152.3200,0.000176
_1365_,VGND,li1,103.2700,152.3200,0.000187
_1364_,VGND,li1,106.7200,157.7600,0.000182
_1363_,VGND,li1,99.1300,152.3200,0.000185
_1362_,VGND,li1,99.3600,168.6400,0.000077
_1361_,VGND,li1,112.9300,168.6400,0.000081
_1360_,VGND,li1,108.3300,163.2000,0.000022
_1359_,VGND,li1,109.7100,157.7600,0.000185
_1358_,VGND,li1,105.5700,163.2000,0.000023
_1357_,VGND,li1,101.4300,163.2000,0.000023
_1356_,VGND,li1,103.2700,163.2000,0.000023
_1355_,VGND,li1,111.0900,152.3200,0.000190
_1354_,VGND,li1,116.6100,152.3200,0.000193
_1353_,VGND,li1,138.2300,146.8800,0.000021
_1352_,VGND,li1,131.1000,146.8800,0.000020
_1351_,VGND,li1,111.3200,146.8800,0.000017
_1350_,VGND,li1,113.3900,146.8800,0.000017
_1349_,VGND,li1,120.7500,146.8800,0.000018
_1348_,VGND,li1,117.5300,152.3200,0.000194
_1347_,VGND,li1,119.3700,141.4400,0.000047
_1346_,VGND,li1,119.6000,163.2000,0.000021
_1345_,VGND,li1,119.3700,163.2000,0.000021
_1344_,VGND,li1,122.1300,152.3200,0.000196
_1343_,VGND,li1,131.1000,152.3200,0.000201
_1342_,VGND,li1,132.0200,152.3200,0.000201
_1341_,VGND,li1,125.8100,152.3200,0.000198
_1340_,VGND,li1,120.7500,152.3200,0.000195
_1339_,VGND,li1,120.2900,157.7600,0.000202
_1338_,VGND,li1,130.6400,168.6400,0.000080
_1337_,VGND,li1,129.9500,174.0800,0.000061
_1336_,VGND,li1,132.2500,163.2000,0.000019
_1335_,VGND,li1,136.1600,152.3200,0.000203
_1334_,VGND,li1,128.5700,163.2000,0.000020
_1333_,VGND,li1,136.6200,141.4400,0.000038
_1332_,VGND,li1,136.6200,146.8800,0.000020
_1331_,VGND,li1,139.3800,146.8800,0.000021
_1330_,VGND,li1,135.2400,146.8800,0.000020
_1329_,VGND,li1,147.6600,146.8800,0.000022
_1328_,VGND,li1,149.5000,152.3200,0.000169
_1327_,VGND,li1,143.2900,157.7600,0.000153
_1326_,VGND,li1,129.0300,141.4400,0.000042
_1325_,VGND,li1,141.2200,174.0800,0.000049
_1324_,VGND,li1,137.3100,168.6400,0.000075
_1323_,VGND,li1,147.8900,168.6400,0.000060
_1322_,VGND,li1,151.3400,163.2000,0.000017
_1321_,VGND,li1,141.4500,163.2000,0.000018
_1320_,VGND,li1,162.3800,163.2000,0.000015
_1319_,VGND,li1,159.8500,163.2000,0.000016
_1318_,VGND,li1,154.3300,163.2000,0.000016
_1317_,VGND,li1,156.4000,157.7600,0.000114
_1316_,VGND,li1,155.4800,152.3200,0.000143
_1315_,VGND,li1,155.7100,163.2000,0.000016
_1314_,VGND,li1,154.3300,163.2000,0.000016
_1313_,VGND,li1,152.4900,163.2000,0.000017
_1312_,VGND,li1,168.3600,157.7600,0.000075
_1311_,VGND,li1,165.6000,152.3200,0.000098
_1310_,VGND,li1,163.3000,152.3200,0.000109
_1309_,VGND,li1,159.1600,152.3200,0.000131
_1308_,VGND,li1,144.6700,152.3200,0.000191
_1307_,VGND,li1,158.2400,146.8800,0.000023
_1306_,VGND,li1,155.9400,146.8800,0.000023
_1305_,VGND,li1,152.4900,146.8800,0.000023
_1304_,VGND,li1,154.7900,146.8800,0.000023
_1303_,VGND,li1,150.1900,141.4400,0.000030
_1302_,VGND,li1,148.8100,141.4400,0.000031
_1301_,VGND,li1,148.8100,136.0000,0.000044
_1300_,VGND,li1,153.1800,114.2400,0.000102
_1299_,VGND,li1,152.4900,119.6800,0.000027
_1298_,VGND,li1,143.7500,146.8800,0.000021
_1297_,VGND,li1,161.9200,136.0000,0.000036
_1296_,VGND,li1,159.3900,136.0000,0.000037
_1295_,VGND,li1,155.2500,136.0000,0.000039
_1294_,VGND,li1,157.3200,130.5600,0.000073
_1293_,VGND,li1,149.2700,136.0000,0.000044
_1292_,VGND,li1,169.7400,130.5600,0.000047
_1291_,VGND,li1,166.7500,130.5600,0.000053
_1290_,VGND,li1,164.9100,130.5600,0.000059
_1289_,VGND,li1,158.2400,125.1200,0.000151
_1288_,VGND,li1,161.4600,130.5600,0.000065
_1287_,VGND,li1,154.3300,125.1200,0.000147
_1286_,VGND,li1,159.3900,130.5600,0.000069
_1285_,VGND,li1,136.6200,130.5600,0.000118
_1284_,VGND,li1,144.4400,125.1200,0.000137
_1283_,VGND,li1,142.1400,125.1200,0.000135
_1282_,VGND,li1,149.5000,125.1200,0.000142
_1281_,VGND,li1,142.1400,125.1200,0.000135
_1280_,VGND,li1,162.3800,114.2400,0.000109
_1279_,VGND,li1,162.3800,119.6800,0.000023
_1278_,VGND,li1,155.7100,119.6800,0.000026
_1277_,VGND,li1,158.0100,119.6800,0.000025
_1276_,VGND,li1,156.6300,114.2400,0.000105
_1275_,VGND,li1,162.1500,108.8000,0.000124
_1274_,VGND,li1,157.0900,108.8000,0.000150
_1273_,VGND,li1,151.3400,119.6800,0.000027
_1272_,VGND,li1,166.2900,108.8000,0.000106
_1271_,VGND,li1,162.8400,103.3600,0.000002
_1270_,VGND,li1,165.6000,103.3600,0.000002
_1269_,VGND,li1,158.4700,103.3600,0.000002
_1268_,VGND,li1,155.7100,103.3600,0.000002
_1267_,VGND,li1,152.9500,103.3600,0.000002
_1266_,VGND,li1,122.8200,76.1600,0.000074
_1265_,VGND,li1,116.6100,38.0800,0.000000
_1264_,VGND,li1,97.0600,38.0800,0.000000
_1263_,VGND,li1,97.2900,32.6400,0.000019
_1262_,VGND,li1,100.9700,32.6400,0.000019
_1261_,VGND,li1,117.3000,27.2000,0.000000
_1260_,VGND,li1,166.9800,97.9200,0.000026
_1259_,VGND,li1,163.3000,97.9200,0.000027
_1258_,VGND,li1,159.3900,97.9200,0.000029
_1257_,VGND,li1,161.4600,97.9200,0.000028
_1256_,VGND,li1,150.1900,87.0400,0.000035
_1255_,VGND,li1,149.0400,81.6000,0.000016
_1254_,VGND,li1,155.2500,92.4800,0.000015
_1253_,VGND,li1,153.1800,87.0400,0.000034
_1252_,VGND,li1,158.0100,103.3600,0.000002
_1251_,VGND,li1,155.7100,97.9200,0.000031
_1250_,VGND,li1,160.3100,103.3600,0.000002
_1249_,VGND,li1,154.3300,97.9200,0.000031
_1248_,VGND,li1,131.3300,76.1600,0.000066
_1247_,VGND,li1,128.1100,76.1600,0.000070
_1246_,VGND,li1,117.9900,76.1600,0.000078
_1245_,VGND,li1,123.7400,43.5200,0.000016
_1244_,VGND,li1,117.5300,32.6400,0.000015
_1243_,VGND,li1,115.0000,27.2000,0.000000
_1242_,VGND,li1,112.0100,27.2000,0.000000
_1241_,VGND,li1,108.5600,27.2000,0.000000
_1240_,VGND,li1,101.8900,27.2000,0.000000
_1239_,VGND,li1,98.2100,27.2000,0.000000
_1238_,VGND,li1,90.1600,32.6400,0.000021
_1237_,VGND,li1,90.8500,27.2000,0.000000
_1236_,VGND,li1,72.4500,32.6400,0.000025
_1235_,VGND,li1,87.8600,32.6400,0.000021
_1234_,VGND,li1,134.5500,76.1600,0.000064
_1233_,VGND,li1,136.1600,65.2800,0.000005
_1232_,VGND,li1,163.7600,87.0400,0.000029
_1231_,VGND,li1,162.1500,87.0400,0.000029
_1230_,VGND,li1,159.3900,87.0400,0.000031
_1229_,VGND,li1,154.5600,87.0400,0.000032
_1228_,VGND,li1,146.9700,87.0400,0.000036
_1227_,VGND,li1,141.4500,81.6000,0.000016
_1226_,VGND,li1,137.0800,70.7200,0.000008
_1225_,VGND,li1,137.7700,76.1600,0.000060
_1224_,VGND,li1,135.0100,54.4000,0.000008
_1223_,VGND,li1,130.6400,54.4000,0.000008
_1222_,VGND,li1,124.2000,54.4000,0.000009
_1221_,VGND,li1,128.1100,43.5200,0.000015
_1220_,VGND,li1,89.0100,43.5200,0.000024
_1219_,VGND,li1,120.7500,43.5200,0.000017
_1218_,VGND,li1,117.9900,43.5200,0.000017
_1217_,VGND,li1,120.0600,43.5200,0.000017
_1216_,VGND,li1,110.6300,38.0800,0.000000
_1215_,VGND,li1,106.2600,32.6400,0.000017
_1214_,VGND,li1,84.8700,32.6400,0.000022
_1213_,VGND,li1,81.6500,32.6400,0.000023
_1212_,VGND,li1,76.1300,32.6400,0.000024
_1211_,VGND,li1,73.3700,32.6400,0.000025
_1210_,VGND,li1,68.0800,32.6400,0.000025
_1209_,VGND,li1,76.3600,32.6400,0.000024
_1208_,VGND,li1,89.9300,32.6400,0.000021
_1207_,VGND,li1,72.4500,43.5200,0.000028
_1206_,VGND,li1,104.6500,38.0800,0.000000
_1205_,VGND,li1,103.0400,43.5200,0.000021
_1204_,VGND,li1,100.9700,43.5200,0.000021
_1203_,VGND,li1,161.9200,76.1600,0.000037
_1202_,VGND,li1,159.3900,76.1600,0.000040
_1201_,VGND,li1,157.0900,76.1600,0.000042
_1200_,VGND,li1,152.4900,76.1600,0.000046
_1199_,VGND,li1,153.8700,76.1600,0.000046
_1198_,VGND,li1,146.7400,76.1600,0.000053
_1197_,VGND,li1,145.1300,76.1600,0.000053
_1196_,VGND,li1,123.9700,103.3600,0.000003
_1195_,VGND,li1,129.7200,92.4800,0.000013
_1194_,VGND,li1,129.7200,87.0400,0.000045
_1193_,VGND,li1,139.1500,70.7200,0.000007
_1192_,VGND,li1,132.2500,65.2800,0.000005
_1191_,VGND,li1,136.1600,65.2800,0.000005
_1190_,VGND,li1,126.9600,65.2800,0.000006
_1189_,VGND,li1,126.7300,54.4000,0.000009
_1188_,VGND,li1,122.5900,54.4000,0.000009
_1187_,VGND,li1,121.2100,54.4000,0.000009
_1186_,VGND,li1,120.0600,54.4000,0.000009
_1185_,VGND,li1,115.6900,48.9600,0.000005
_1184_,VGND,li1,115.2300,43.5200,0.000018
_1183_,VGND,li1,92.2300,43.5200,0.000023
_1182_,VGND,li1,86.7100,43.5200,0.000025
_1181_,VGND,li1,89.4700,43.5200,0.000024
_1180_,VGND,li1,82.1100,43.5200,0.000026
_1179_,VGND,li1,79.1200,38.0800,0.000000
_1178_,VGND,li1,78.6600,43.5200,0.000026
_1177_,VGND,li1,72.4500,43.5200,0.000028
_1176_,VGND,li1,110.6300,48.9600,0.000005
_1175_,VGND,li1,109.7100,43.5200,0.000019
_1174_,VGND,li1,103.5000,54.4000,0.000012
_1173_,VGND,li1,101.4300,43.5200,0.000021
_1172_,VGND,li1,65.0900,43.5200,0.000030
_1171_,VGND,li1,62.1000,43.5200,0.000030
_1170_,VGND,li1,88.3200,54.4000,0.000014
_1169_,VGND,li1,153.4100,92.4800,0.000015
_1168_,VGND,li1,143.5200,97.9200,0.000033
_1167_,VGND,li1,139.8400,97.9200,0.000032
_1166_,VGND,li1,140.5300,97.9200,0.000033
_1165_,VGND,li1,137.7700,97.9200,0.000032
_1164_,VGND,li1,138.6900,92.4800,0.000014
_1163_,VGND,li1,142.3700,92.4800,0.000014
_1162_,VGND,li1,133.6300,87.0400,0.000043
_1161_,VGND,li1,126.9600,92.4800,0.000013
_1160_,VGND,li1,130.8700,87.0400,0.000045
_1159_,VGND,li1,126.5000,81.6000,0.000017
_1158_,VGND,li1,124.6600,81.6000,0.000017
_1157_,VGND,li1,123.9700,65.2800,0.000006
_1156_,VGND,li1,118.9100,65.2800,0.000006
_1155_,VGND,li1,119.8300,65.2800,0.000006
_1154_,VGND,li1,112.2400,65.2800,0.000007
_1153_,VGND,li1,113.8500,59.8400,0.000006
_1152_,VGND,li1,115.6900,54.4000,0.000010
_1151_,VGND,li1,109.2500,54.4000,0.000011
_1150_,VGND,li1,111.5500,54.4000,0.000011
_1149_,VGND,li1,102.1200,59.8400,0.000007
_1148_,VGND,li1,100.9700,54.4000,0.000012
_1147_,VGND,li1,67.8500,54.4000,0.000017
_1146_,VGND,li1,70.1500,54.4000,0.000016
_1145_,VGND,li1,63.2500,48.9600,0.000008
_1144_,VGND,li1,62.1000,43.5200,0.000030
_1143_,VGND,li1,91.7700,54.4000,0.000013
_1142_,VGND,li1,89.0100,54.4000,0.000014
_1141_,VGND,li1,84.8700,54.4000,0.000014
_1140_,VGND,li1,82.5700,48.9600,0.000007
_1139_,VGND,li1,78.2000,48.9600,0.000007
_1138_,VGND,li1,79.1200,48.9600,0.000007
_1137_,VGND,li1,63.7100,54.4000,0.000017
_1136_,VGND,li1,87.8600,65.2800,0.000009
_1135_,VGND,li1,137.5400,108.8000,0.000229
_1134_,VGND,li1,136.8500,108.8000,0.000229
_1133_,VGND,li1,132.7100,108.8000,0.000246
_1132_,VGND,li1,129.4900,108.8000,0.000257
_1131_,VGND,li1,128.3400,114.2400,0.000084
_1130_,VGND,li1,131.3300,103.3600,0.000003
_1129_,VGND,li1,133.6300,97.9200,0.000031
_1128_,VGND,li1,126.2700,97.9200,0.000030
_1127_,VGND,li1,126.9600,103.3600,0.000003
_1126_,VGND,li1,117.3000,103.3600,0.000003
_1125_,VGND,li1,117.3000,103.3600,0.000003
_1124_,VGND,li1,123.5100,92.4800,0.000012
_1123_,VGND,li1,116.8400,92.4800,0.000012
_1122_,VGND,li1,119.1400,92.4800,0.000012
_1121_,VGND,li1,121.6700,92.4800,0.000012
_1120_,VGND,li1,116.6100,81.6000,0.000017
_1119_,VGND,li1,119.8300,81.6000,0.000017
_1118_,VGND,li1,114.7700,81.6000,0.000018
_1117_,VGND,li1,117.5300,81.6000,0.000017
_1116_,VGND,li1,103.9600,81.6000,0.000018
_1115_,VGND,li1,110.6300,70.7200,0.000012
_1114_,VGND,li1,110.6300,70.7200,0.000012
_1113_,VGND,li1,107.6400,65.2800,0.000008
_1112_,VGND,li1,110.1700,65.2800,0.000007
_1111_,VGND,li1,98.4400,65.2800,0.000008
_1110_,VGND,li1,100.9700,59.8400,0.000007
_1109_,VGND,li1,62.3300,54.4000,0.000017
_1108_,VGND,li1,57.7300,54.4000,0.000018
_1107_,VGND,li1,60.4900,54.4000,0.000018
_1106_,VGND,li1,54.0500,54.4000,0.000019
_1105_,VGND,li1,57.9600,43.5200,0.000031
_1104_,VGND,li1,68.7700,43.5200,0.000029
_1103_,VGND,li1,54.5100,54.4000,0.000018
_1102_,VGND,li1,100.0500,59.8400,0.000008
_1101_,VGND,li1,48.9900,59.8400,0.000012
_1100_,VGND,li1,90.8500,65.2800,0.000009
_1099_,VGND,li1,85.3300,65.2800,0.000010
_1098_,VGND,li1,88.0900,65.2800,0.000009
_1097_,VGND,li1,81.6500,59.8400,0.000009
_1096_,VGND,li1,78.6600,54.4000,0.000015
_1095_,VGND,li1,78.6600,59.8400,0.000009
_1094_,VGND,li1,71.9900,59.8400,0.000010
_1093_,VGND,li1,91.5400,76.1600,0.000103
_1092_,VGND,li1,131.1000,119.6800,0.000030
_1091_,VGND,li1,128.8000,119.6800,0.000030
_1090_,VGND,li1,125.5800,119.6800,0.000029
_1089_,VGND,li1,127.8800,119.6800,0.000030
_1088_,VGND,li1,128.5700,114.2400,0.000084
_1087_,VGND,li1,130.4100,119.6800,0.000030
_1086_,VGND,li1,127.1900,114.2400,0.000082
_1085_,VGND,li1,118.9100,114.2400,0.000077
_1084_,VGND,li1,115.9200,114.2400,0.000074
_1083_,VGND,li1,119.8300,103.3600,0.000003
_1082_,VGND,li1,113.3900,97.9200,0.000027
_1081_,VGND,li1,114.5400,97.9200,0.000027
_1080_,VGND,li1,112.2400,87.0400,0.000053
_1079_,VGND,li1,112.7000,92.4800,0.000012
_1078_,VGND,li1,103.5000,87.0400,0.000058
_1077_,VGND,li1,106.2600,87.0400,0.000056
_1076_,VGND,li1,101.6600,81.6000,0.000018
_1075_,VGND,li1,111.0900,81.6000,0.000018
_1074_,VGND,li1,104.4200,76.1600,0.000091
_1073_,VGND,li1,100.9700,76.1600,0.000095
_1072_,VGND,li1,72.2200,76.1600,0.000121
_1071_,VGND,li1,104.4200,70.7200,0.000013
_1070_,VGND,li1,97.7500,70.7200,0.000014
_1069_,VGND,li1,50.6000,65.2800,0.000013
_1068_,VGND,li1,62.3300,65.2800,0.000012
_1067_,VGND,li1,60.4900,65.2800,0.000012
_1066_,VGND,li1,46.2300,65.2800,0.000013
_1065_,VGND,li1,57.5000,65.2800,0.000012
_1064_,VGND,li1,50.8300,70.7200,0.000020
_1063_,VGND,li1,75.6700,65.2800,0.000010
_1062_,VGND,li1,74.9800,59.8400,0.000010
_1061_,VGND,li1,71.5300,59.8400,0.000010
_1060_,VGND,li1,68.3100,59.8400,0.000010
_1059_,VGND,li1,77.9700,65.2800,0.000010
_1058_,VGND,li1,92.2300,81.6000,0.000019
_1057_,VGND,li1,86.7100,76.1600,0.000107
_1056_,VGND,li1,89.4700,76.1600,0.000105
_1055_,VGND,li1,85.7900,70.7200,0.000015
_1054_,VGND,li1,83.2600,70.7200,0.000016
_1053_,VGND,li1,79.5800,70.7200,0.000016
_1052_,VGND,li1,67.8500,70.7200,0.000018
_1051_,VGND,li1,118.9100,119.6800,0.000028
_1050_,VGND,li1,119.3700,130.5600,0.000147
_1049_,VGND,li1,123.9700,130.5600,0.000140
_1048_,VGND,li1,118.4500,125.1200,0.000111
_1047_,VGND,li1,111.0900,130.5600,0.000160
_1046_,VGND,li1,117.9900,125.1200,0.000109
_1045_,VGND,li1,117.9900,119.6800,0.000028
_1044_,VGND,li1,116.1500,119.6800,0.000027
_1043_,VGND,li1,111.5500,119.6800,0.000027
_1042_,VGND,li1,114.5400,108.8000,0.000313
_1041_,VGND,li1,106.9500,108.8000,0.000341
_1040_,VGND,li1,111.3200,108.8000,0.000325
_1039_,VGND,li1,106.2600,103.3600,0.000004
_1038_,VGND,li1,106.0300,97.9200,0.000026
_1037_,VGND,li1,103.5000,103.3600,0.000004
_1036_,VGND,li1,101.8900,97.9200,0.000025
_1035_,VGND,li1,102.5800,97.9200,0.000025
_1034_,VGND,li1,103.5000,92.4800,0.000011
_1033_,VGND,li1,100.7400,87.0400,0.000059
_1032_,VGND,li1,101.4300,92.4800,0.000011
_1031_,VGND,li1,74.0600,87.0400,0.000072
_1030_,VGND,li1,70.8400,87.0400,0.000074
_1029_,VGND,li1,72.2200,92.4800,0.000008
_1028_,VGND,li1,69.4600,81.6000,0.000020
_1027_,VGND,li1,72.6800,81.6000,0.000019
_1026_,VGND,li1,57.9600,76.1600,0.000135
_1025_,VGND,li1,60.2600,76.1600,0.000132
_1024_,VGND,li1,46.9200,81.6000,0.000021
_1023_,VGND,li1,60.2600,76.1600,0.000132
_1022_,VGND,li1,55.2000,76.1600,0.000137
_1021_,VGND,li1,46.0000,70.7200,0.000021
_1020_,VGND,li1,49.4500,76.1600,0.000143
_1019_,VGND,li1,49.4500,70.7200,0.000021
_1018_,VGND,li1,71.0700,76.1600,0.000123
_1017_,VGND,li1,71.7600,70.7200,0.000017
_1016_,VGND,li1,64.6300,65.2800,0.000011
_1015_,VGND,li1,66.4700,70.7200,0.000018
_1014_,VGND,li1,74.7500,76.1600,0.000118
_1013_,VGND,li1,94.0700,92.4800,0.000010
_1012_,VGND,li1,96.8300,92.4800,0.000010
_1011_,VGND,li1,89.9300,87.0400,0.000064
_1010_,VGND,li1,90.3900,87.0400,0.000064
_1009_,VGND,li1,84.8700,81.6000,0.000019
_1008_,VGND,li1,85.1000,81.6000,0.000019
_1007_,VGND,li1,80.5000,81.6000,0.000019
_1006_,VGND,li1,61.1800,87.0400,0.000078
_1005_,VGND,li1,87.6300,92.4800,0.000009
_1004_,VGND,li1,100.2800,130.5600,0.000177
_1003_,VGND,li1,101.6600,141.4400,0.000052
_1002_,VGND,li1,110.8600,136.0000,0.000047
_1001_,VGND,li1,108.1000,130.5600,0.000164
_1000_,VGND,li1,114.3100,130.5600,0.000155
_0999_,VGND,li1,82.1100,141.4400,0.000040
_0998_,VGND,li1,104.4200,130.5600,0.000170
_0997_,VGND,li1,102.3500,130.5600,0.000173
_0996_,VGND,li1,99.8200,130.5600,0.000180
_0995_,VGND,li1,97.5200,130.5600,0.000183
_0994_,VGND,li1,100.2800,125.1200,0.000093
_0993_,VGND,li1,102.5800,125.1200,0.000095
_0992_,VGND,li1,102.5800,119.6800,0.000025
_0991_,VGND,li1,104.8800,119.6800,0.000025
_0990_,VGND,li1,105.1100,114.2400,0.000067
_0989_,VGND,li1,100.2800,114.2400,0.000063
_0988_,VGND,li1,107.8700,114.2400,0.000069
_0987_,VGND,li1,99.1300,114.2400,0.000063
_0986_,VGND,li1,101.6600,108.8000,0.000344
_0985_,VGND,li1,98.9000,108.8000,0.000333
_0984_,VGND,li1,99.1300,108.8000,0.000333
_0983_,VGND,li1,85.5600,97.9200,0.000022
_0982_,VGND,li1,88.7800,97.9200,0.000022
_0981_,VGND,li1,88.3200,103.3600,0.000004
_0980_,VGND,li1,68.0800,92.4800,0.000008
_0979_,VGND,li1,65.7800,92.4800,0.000007
_0978_,VGND,li1,50.8300,92.4800,0.000006
_0977_,VGND,li1,51.9800,92.4800,0.000006
_0976_,VGND,li1,52.4400,87.0400,0.000082
_0975_,VGND,li1,49.4500,87.0400,0.000084
_0974_,VGND,li1,48.0700,76.1600,0.000143
_0973_,VGND,li1,45.5400,76.1600,0.000146
_0972_,VGND,li1,61.4100,92.4800,0.000007
_0971_,VGND,li1,61.4100,87.0400,0.000078
_0970_,VGND,li1,59.1100,87.0400,0.000079
_0969_,VGND,li1,58.6500,81.6000,0.000020
_0968_,VGND,li1,92.6900,103.3600,0.000004
_0967_,VGND,li1,94.9900,103.3600,0.000004
_0966_,VGND,li1,84.8700,92.4800,0.000009
_0965_,VGND,li1,85.1000,92.4800,0.000009
_0964_,VGND,li1,80.9600,92.4800,0.000009
_0963_,VGND,li1,77.9700,87.0400,0.000070
_0962_,VGND,li1,81.6500,87.0400,0.000069
_0961_,VGND,li1,78.8900,92.4800,0.000009
_0960_,VGND,li1,74.2900,103.3600,0.000005
_0959_,VGND,li1,89.7000,136.0000,0.000037
_0958_,VGND,li1,78.2000,146.8800,0.000012
_0957_,VGND,li1,75.6700,146.8800,0.000012
_0956_,VGND,li1,73.8300,146.8800,0.000011
_0955_,VGND,li1,62.1000,141.4400,0.000028
_0954_,VGND,li1,79.1200,141.4400,0.000038
_0953_,VGND,li1,85.1000,141.4400,0.000042
_0952_,VGND,li1,87.6300,141.4400,0.000043
_0951_,VGND,li1,90.1600,136.0000,0.000037
_0950_,VGND,li1,87.8600,136.0000,0.000036
_0949_,VGND,li1,92.4600,136.0000,0.000039
_0948_,VGND,li1,89.0100,130.5600,0.000195
_0947_,VGND,li1,87.8600,125.1200,0.000080
_0946_,VGND,li1,88.3200,130.5600,0.000195
_0945_,VGND,li1,91.5400,125.1200,0.000084
_0944_,VGND,li1,92.9200,119.6800,0.000023
_0943_,VGND,li1,89.4700,125.1200,0.000082
_0942_,VGND,li1,86.9400,119.6800,0.000022
_0941_,VGND,li1,90.1600,119.6800,0.000022
_0940_,VGND,li1,77.7400,119.6800,0.000020
_0939_,VGND,li1,88.3200,108.8000,0.000292
_0938_,VGND,li1,90.6200,108.8000,0.000301
_0937_,VGND,li1,61.1800,103.3600,0.000005
_0936_,VGND,li1,63.4800,103.3600,0.000005
_0935_,VGND,li1,60.7200,108.8000,0.000178
_0934_,VGND,li1,56.1200,97.9200,0.000016
_0933_,VGND,li1,58.6500,92.4800,0.000007
_0932_,VGND,li1,52.9000,97.9200,0.000015
_0931_,VGND,li1,44.6200,97.9200,0.000013
_0930_,VGND,li1,48.5300,97.9200,0.000014
_0929_,VGND,li1,46.6900,87.0400,0.000086
_0928_,VGND,li1,62.7900,97.9200,0.000017
_0927_,VGND,li1,79.8100,103.3600,0.000005
_0926_,VGND,li1,75.4400,97.9200,0.000020
_0925_,VGND,li1,67.3900,103.3600,0.000005
_0924_,VGND,li1,70.6100,103.3600,0.000005
_0923_,VGND,li1,62.7900,87.0400,0.000078
_0922_,VGND,li1,82.1100,103.3600,0.000005
_0921_,VGND,li1,84.8700,119.6800,0.000021
_0920_,VGND,li1,81.4200,114.2400,0.000050
_0919_,VGND,li1,85.1000,114.2400,0.000052
_0918_,VGND,li1,60.2600,146.8800,0.000009
_0917_,VGND,li1,62.7900,146.8800,0.000010
_0916_,VGND,li1,59.1100,146.8800,0.000009
_0915_,VGND,li1,50.6000,141.4400,0.000021
_0914_,VGND,li1,64.6300,141.4400,0.000029
_0913_,VGND,li1,69.6900,141.4400,0.000033
_0912_,VGND,li1,66.4700,141.4400,0.000031
_0911_,VGND,li1,67.8500,141.4400,0.000031
_0910_,VGND,li1,73.3700,136.0000,0.000030
_0909_,VGND,li1,66.7000,136.0000,0.000027
_0908_,VGND,li1,72.6800,136.0000,0.000029
_0907_,VGND,li1,74.7500,136.0000,0.000030
_0906_,VGND,li1,73.6000,130.5600,0.000218
_0905_,VGND,li1,76.8200,130.5600,0.000213
_0904_,VGND,li1,74.9800,130.5600,0.000218
_0903_,VGND,li1,78.2000,130.5600,0.000213
_0902_,VGND,li1,60.7200,130.5600,0.000238
_0901_,VGND,li1,77.2800,125.1200,0.000070
_0900_,VGND,li1,79.5800,125.1200,0.000072
_0899_,VGND,li1,64.8600,119.6800,0.000017
_0898_,VGND,li1,67.1600,119.6800,0.000018
_0897_,VGND,li1,55.6600,119.6800,0.000015
_0896_,VGND,li1,64.8600,108.8000,0.000200
_0895_,VGND,li1,62.7900,108.8000,0.000186
_0894_,VGND,li1,51.0600,108.8000,0.000146
_0893_,VGND,li1,54.9700,108.8000,0.000162
_0892_,VGND,li1,60.0300,108.8000,0.000178
_0891_,VGND,li1,74.2900,119.6800,0.000019
_0890_,VGND,li1,77.9700,114.2400,0.000047
_0889_,VGND,li1,75.6700,108.8000,0.000238
_0888_,VGND,li1,76.1300,114.2400,0.000046
_0887_,VGND,li1,73.6000,114.2400,0.000044
_0886_,VGND,li1,70.6100,114.2400,0.000042
_0885_,VGND,li1,35.6500,152.3200,0.000076
_0884_,VGND,li1,38.8700,152.3200,0.000086
_0883_,VGND,li1,37.0300,146.8800,0.000005
_0882_,VGND,li1,33.5800,136.0000,0.000012
_0881_,VGND,li1,43.0100,141.4400,0.000017
_0880_,VGND,li1,47.8400,141.4400,0.000020
_0879_,VGND,li1,48.5300,141.4400,0.000020
_0878_,VGND,li1,55.6600,136.0000,0.000022
_0877_,VGND,li1,52.6700,136.0000,0.000021
_0876_,VGND,li1,50.1400,136.0000,0.000019
_0875_,VGND,li1,55.4300,136.0000,0.000022
_0874_,VGND,li1,47.6100,130.5600,0.000228
_0873_,VGND,li1,58.8800,136.0000,0.000023
_0872_,VGND,li1,56.1200,130.5600,0.000248
_0871_,VGND,li1,58.8800,125.1200,0.000050
_0870_,VGND,li1,56.1200,125.1200,0.000047
_0869_,VGND,li1,43.7000,119.6800,0.000013
_0868_,VGND,li1,53.3600,119.6800,0.000015
_0867_,VGND,li1,58.6500,119.6800,0.000016
_0866_,VGND,li1,51.5200,114.2400,0.000028
_0865_,VGND,li1,55.4300,114.2400,0.000031
_0864_,VGND,li1,58.1900,114.2400,0.000032
_0863_,VGND,li1,66.0100,130.5600,0.000230
_0862_,VGND,li1,67.3900,125.1200,0.000060
_0861_,VGND,li1,64.4000,125.1200,0.000057
_0860_,VGND,li1,24.8400,141.4400,0.000006
_0859_,VGND,li1,27.3700,141.4400,0.000008
_0858_,VGND,li1,32.4300,136.0000,0.000011
_0857_,VGND,li1,24.3800,125.1200,0.000013
_0856_,VGND,li1,32.8900,130.5600,0.000144
_0855_,VGND,li1,36.5700,136.0000,0.000013
_0854_,VGND,li1,30.5900,136.0000,0.000010
_0853_,VGND,li1,43.0100,136.0000,0.000016
_0852_,VGND,li1,42.7800,130.5600,0.000213
_0851_,VGND,li1,45.7700,130.5600,0.000219
_0850_,VGND,li1,48.5300,130.5600,0.000228
_0849_,VGND,li1,45.7700,125.1200,0.000037
_0848_,VGND,li1,42.7800,119.6800,0.000013
_0847_,VGND,li1,45.5400,119.6800,0.000013
_0846_,VGND,li1,32.6600,114.2400,0.000013
_0845_,VGND,li1,41.4000,119.6800,0.000012
_0844_,VGND,li1,46.2300,119.6800,0.000013
_0843_,VGND,li1,41.8600,108.8000,0.000106
_0842_,VGND,li1,40.7100,108.8000,0.000106
_0841_,VGND,li1,43.0100,114.2400,0.000021
_0840_,VGND,li1,13.3400,119.6800,0.000016
_0839_,VGND,li1,15.8700,119.6800,0.000014
_0838_,VGND,li1,21.3900,119.6800,0.000010
_0837_,VGND,li1,25.3000,103.3600,0.000007
_0836_,VGND,li1,20.4700,125.1200,0.000013
_0835_,VGND,li1,22.3100,125.1200,0.000013
_0834_,VGND,li1,25.9900,125.1200,0.000013
_0833_,VGND,li1,36.5700,125.1200,0.000026
_0832_,VGND,li1,34.9600,125.1200,0.000026
_0831_,VGND,li1,32.8900,125.1200,0.000023
_0830_,VGND,li1,30.3600,114.2400,0.000011
_0829_,VGND,li1,35.1900,114.2400,0.000015
_0828_,VGND,li1,28.0600,108.8000,0.000057
_0827_,VGND,li1,26.9100,114.2400,0.000010
_0826_,VGND,li1,33.8100,114.2400,0.000015
_0825_,VGND,li1,17.0200,103.3600,0.000011
_0824_,VGND,li1,19.5500,103.3600,0.000010
_0823_,VGND,li1,22.7700,103.3600,0.000008
_0822_,VGND,li1,28.7500,103.3600,0.000006
_0821_,VGND,li1,30.3600,103.3600,0.000006
_0820_,VGND,li1,32.8900,97.9200,0.000011
_0819_,VGND,li1,36.1100,103.3600,0.000006
_0818_,VGND,li1,26.9100,114.2400,0.000010
_0817_,VGND,li1,33.3500,103.3600,0.000006
_0816_,VGND,li1,33.3500,92.4800,0.000005
_0815_,VGND,li1,29.6700,92.4800,0.000004
_0814_,VGND,li1,27.8300,92.4800,0.000004
_0813_,VGND,li1,35.6500,87.0400,0.000091
_0812_,VGND,li1,39.7900,32.6400,0.000023
_0811_,VGND,li1,43.0100,32.6400,0.000024
_0810_,VGND,li1,49.9100,32.6400,0.000027
_0809_,VGND,li1,48.0700,32.6400,0.000026
_0808_,VGND,li1,37.9500,59.8400,0.000013
_0807_,VGND,li1,41.1700,59.8400,0.000013
_0806_,VGND,li1,28.7500,48.9600,0.000006
_0805_,VGND,li1,33.8100,48.9600,0.000010
_0804_,VGND,li1,18.1700,43.5200,0.000017
_0803_,VGND,li1,23.2300,38.0800,0.000000
_0802_,VGND,li1,16.3300,59.8400,0.000013
_0801_,VGND,li1,18.1700,65.2800,0.000007
_0800_,VGND,li1,31.9700,70.7200,0.000020
_0799_,VGND,li1,34.2700,70.7200,0.000021
_0798_,VGND,li1,20.9300,70.7200,0.000018
_0797_,VGND,li1,24.1500,70.7200,0.000016
_0796_,VGND,li1,20.0100,81.6000,0.000018
_0795_,VGND,li1,53.1300,168.6400,0.000036
_0794_,VGND,li1,55.4300,168.6400,0.000039
_0793_,VGND,li1,76.1300,168.6400,0.000058
_0792_,VGND,li1,81.1900,174.0800,0.000087
_0791_,VGND,li1,89.9300,179.5200,0.000100
_0790_,VGND,li1,92.6900,174.0800,0.000087
_0789_,VGND,li1,107.4100,179.5200,0.000106
_0788_,VGND,li1,102.8100,174.0800,0.000084
_0787_,VGND,li1,111.0900,174.0800,0.000081
_0786_,VGND,li1,111.0900,168.6400,0.000080
_0785_,VGND,li1,129.9500,179.5200,0.000094
_0784_,VGND,li1,125.3500,174.0800,0.000067
_0783_,VGND,li1,119.8300,179.5200,0.000102
_0782_,VGND,li1,119.3700,174.0800,0.000072
_0781_,VGND,li1,171.8100,146.8800,0.000021
_0780_,VGND,li1,169.9700,141.4400,0.000019
_0779_,VGND,li1,145.1300,179.5200,0.000078
_0778_,VGND,li1,144.6700,174.0800,0.000046
_0777_,VGND,li1,182.3900,157.7600,0.000049
_0776_,VGND,li1,177.3300,157.7600,0.000045
_0775_,VGND,li1,188.3700,152.3200,0.000048
_0774_,VGND,li1,179.1700,152.3200,0.000046
_0773_,VGND,li1,183.3100,141.4400,0.000017
_0772_,VGND,li1,177.7900,141.4400,0.000015
_0771_,VGND,li1,183.3100,130.5600,0.000032
_0770_,VGND,li1,174.5700,130.5600,0.000040
_0769_,VGND,li1,182.8500,125.1200,0.000082
_0768_,VGND,li1,179.1700,125.1200,0.000082
_0767_,VGND,li1,175.4900,136.0000,0.000021
_0766_,VGND,li1,170.8900,136.0000,0.000026
_0765_,VGND,li1,183.3100,114.2400,0.000057
_0764_,VGND,li1,175.0300,114.2400,0.000067
_0763_,VGND,li1,182.3900,108.8000,0.000052
_0762_,VGND,li1,178.2500,108.8000,0.000051
_0761_,VGND,li1,183.3100,97.9200,0.000020
_0760_,VGND,li1,178.2500,97.9200,0.000017
_0759_,VGND,li1,188.3700,87.0400,0.000018
_0758_,VGND,li1,176.8700,87.0400,0.000018
_0757_,VGND,li1,178.2500,81.6000,0.000015
_0756_,VGND,li1,174.5700,81.6000,0.000015
_0755_,VGND,li1,170.8900,92.4800,0.000016
_0754_,VGND,li1,165.3700,92.4800,0.000016
_0753_,VGND,li1,183.3100,103.3600,0.000002
_0752_,VGND,li1,178.2500,103.3600,0.000001
_0751_,VGND,li1,173.6500,119.6800,0.000019
_0750_,VGND,li1,143.2900,119.6800,0.000030
_0749_,VGND,li1,123.9700,179.5200,0.000099
_0748_,VGND,li1,123.5100,136.0000,0.000051
_0747_,VGND,li1,100.0500,179.5200,0.000106
_0746_,VGND,li1,45.0800,81.6000,0.000021
_0745_,VGND,li1,100.0500,146.8800,0.000015
_0744_,VGND,li1,50.1400,152.3200,0.000109
_0743_,VGND,li1,48.5300,146.8800,0.000007
_0742_,VGND,li1,46.2300,103.3600,0.000006
_0741_,VGND,li1,25.7600,136.0000,0.000007
_0740_,VGND,li1,42.5500,136.0000,0.000016
_0739_,VGND,li1,46.2300,103.3600,0.000006
_0738_,VGND,li1,27.1400,152.3200,0.000051
_0737_,VGND,li1,32.8900,146.8800,0.000004
_0736_,VGND,li1,33.8100,125.1200,0.000023
_0735_,VGND,li1,11.9600,125.1200,0.000013
_0734_,VGND,li1,21.3900,130.5600,0.000075
_0733_,VGND,li1,24.6100,130.5600,0.000075
_0732_,VGND,li1,11.9600,114.2400,0.000010
_0731_,VGND,li1,15.8700,114.2400,0.000009
_0730_,VGND,li1,19.0900,114.2400,0.000009
_0729_,VGND,li1,16.1000,97.9200,0.000015
_0728_,VGND,li1,19.5500,97.9200,0.000013
_0727_,VGND,li1,25.0700,92.4800,0.000004
_0726_,VGND,li1,17.0200,87.0400,0.000055
_0725_,VGND,li1,21.8500,92.4800,0.000005
_0724_,VGND,li1,25.0700,92.4800,0.000004
_0723_,VGND,li1,15.4100,146.8800,0.000004
_0722_,VGND,li1,15.4100,81.6000,0.000020
_0721_,VGND,li1,10.1200,81.6000,0.000021
_0720_,VGND,li1,14.9500,141.4400,0.000007
_0719_,VGND,li1,11.2700,136.0000,0.000010
_0718_,VGND,li1,38.8700,43.5200,0.000028
_0717_,VGND,li1,43.4700,43.5200,0.000029
_0716_,VGND,li1,48.0700,43.5200,0.000031
_0715_,VGND,li1,50.3700,43.5200,0.000032
_0714_,VGND,li1,40.7100,54.4000,0.000017
_0713_,VGND,li1,46.6900,54.4000,0.000020
_0712_,VGND,li1,27.3700,59.8400,0.000012
_0711_,VGND,li1,33.8100,59.8400,0.000013
_0710_,VGND,li1,17.7100,54.4000,0.000013
_0709_,VGND,li1,22.3100,48.9600,0.000005
_0708_,VGND,li1,10.8100,70.7200,0.000024
_0707_,VGND,li1,15.4100,70.7200,0.000021
_0706_,VGND,li1,30.5900,81.6000,0.000019
_0705_,VGND,li1,34.2700,81.6000,0.000021
_0704_,VGND,li1,20.0100,81.6000,0.000018
_0703_,VGND,li1,24.1500,81.6000,0.000016
_0702_,VGND,li1,14.9500,76.1600,0.000051
_0701_,VGND,li1,8.0500,141.4400,0.000007
_0700_,VGND,li1,13.5700,146.8800,0.000004
_0699_,VGND,li1,15.6400,146.8800,0.000004
_0698_,VGND,li1,11.2700,146.8800,0.000004
_0697_,VGND,li1,9.6600,157.7600,0.000025
_0696_,VGND,li1,11.0400,141.4400,0.000007
_0695_,VGND,li1,9.4300,76.1600,0.000052
_0694_,VGND,li1,15.8700,174.0800,0.000018
_0693_,VGND,li1,9.4300,146.8800,0.000004
_0692_,VGND,li1,78.4300,38.0800,0.000000
