
===========================================================================
report_checks -path_delay min (Hold)
============================================================================
======================= min_tt_025C_1v80 Corner ===================================

Startpoint: _1456_ (rising edge-triggered flip-flop clocked by clk)
Endpoint: _1456_ (rising edge-triggered flip-flop clocked by clk)
Path Group: clk
Path Type: min

Fanout         Cap        Slew       Delay        Time   Description
---------------------------------------------------------------------------------------------
                                  0.000000    0.000000   clock clk (rise edge)
                                  0.000000    0.000000   clock source latency
     1    0.024950    0.117791    0.081531    0.081531 ^ clk (in)
                                                         clk (net)
                      0.117803    0.000000    0.081531 ^ clkbuf_0_clk/A (sky130_fd_sc_hd__clkbuf_16)
     8    0.101812    0.118042    0.212408    0.293940 ^ clkbuf_0_clk/X (sky130_fd_sc_hd__clkbuf_16)
                                                         clknet_0_clk (net)
                      0.118180    0.003316    0.297256 ^ clkbuf_3_7__f_clk/A (sky130_fd_sc_hd__clkbuf_16)
    10    0.044183    0.063534    0.171616    0.468872 ^ clkbuf_3_7__f_clk/X (sky130_fd_sc_hd__clkbuf_16)
                                                         clknet_3_7__leaf_clk (net)
                      0.063540    0.000733    0.469605 ^ _1456_/CLK (sky130_fd_sc_hd__dfxtp_1)
     4    0.016377    0.083258    0.349272    0.818877 v _1456_/Q (sky130_fd_sc_hd__dfxtp_1)
                                                         core_out[23] (net)
                      0.083258    0.000056    0.818934 v _1324_/B (sky130_fd_sc_hd__nor2_1)
     1    0.003297    0.085269    0.102070    0.921004 ^ _1324_/Y (sky130_fd_sc_hd__nor2_1)
                                                         _0641_ (net)
                      0.085269    0.000034    0.921038 ^ _1325_/B1 (sky130_fd_sc_hd__a211oi_1)
     1    0.002056    0.037262    0.051917    0.972954 v _1325_/Y (sky130_fd_sc_hd__a211oi_1)
                                                         _0072_ (net)
                      0.037262    0.000018    0.972973 v _1456_/D (sky130_fd_sc_hd__dfxtp_1)
                                              0.972973   data arrival time

                                  0.000000    0.000000   clock clk (rise edge)
                                  0.000000    0.000000   clock source latency
     1    0.024950    0.117791    0.081531    0.081531 ^ clk (in)
                                                         clk (net)
                      0.117803    0.000000    0.081531 ^ clkbuf_0_clk/A (sky130_fd_sc_hd__clkbuf_16)
     8    0.101812    0.118042    0.212408    0.293940 ^ clkbuf_0_clk/X (sky130_fd_sc_hd__clkbuf_16)
                                                         clknet_0_clk (net)
                      0.118180    0.003316    0.297256 ^ clkbuf_3_7__f_clk/A (sky130_fd_sc_hd__clkbuf_16)
    10    0.044183    0.063534    0.171616    0.468872 ^ clkbuf_3_7__f_clk/X (sky130_fd_sc_hd__clkbuf_16)
                                                         clknet_3_7__leaf_clk (net)
                      0.063540    0.000733    0.469605 ^ _1456_/CLK (sky130_fd_sc_hd__dfxtp_1)
                                  0.250000    0.719605   clock uncertainty
                                  0.000000    0.719605   clock reconvergence pessimism
                                 -0.046134    0.673472   library hold time
                                              0.673472   data required time
---------------------------------------------------------------------------------------------
                                              0.673472   data required time
                                             -0.972973   data arrival time
---------------------------------------------------------------------------------------------
                                              0.299501   slack (MET)


Startpoint: _1445_ (rising edge-triggered flip-flop clocked by clk)
Endpoint: _1445_ (rising edge-triggered flip-flop clocked by clk)
Path Group: clk
Path Type: min

Fanout         Cap        Slew       Delay        Time   Description
---------------------------------------------------------------------------------------------
                                  0.000000    0.000000   clock clk (rise edge)
                                  0.000000    0.000000   clock source latency
     1    0.024950    0.117791    0.081531    0.081531 ^ clk (in)
                                                         clk (net)
                      0.117803    0.000000    0.081531 ^ clkbuf_0_clk/A (sky130_fd_sc_hd__clkbuf_16)
     8    0.101812    0.118042    0.212408    0.293940 ^ clkbuf_0_clk/X (sky130_fd_sc_hd__clkbuf_16)
                                                         clknet_0_clk (net)
                      0.118078    0.001717    0.295657 ^ clkbuf_3_5__f_clk/A (sky130_fd_sc_hd__clkbuf_16)
    14    0.044834    0.064104    0.171899    0.467556 ^ clkbuf_3_5__f_clk/X (sky130_fd_sc_hd__clkbuf_16)
                                                         clknet_3_5__leaf_clk (net)
                      0.064131    0.001198    0.468754 ^ _1445_/CLK (sky130_fd_sc_hd__dfxtp_1)
     4    0.017737    0.172393    0.403898    0.872652 ^ _1445_/Q (sky130_fd_sc_hd__dfxtp_1)
                                                         core_out[12] (net)
                      0.172393    0.000163    0.872815 ^ _1203_/A2 (sky130_fd_sc_hd__o211a_1)
     1    0.001960    0.036458    0.147842    1.020656 ^ _1203_/X (sky130_fd_sc_hd__o211a_1)
                                                         _0061_ (net)
                      0.036458    0.000009    1.020665 ^ _1445_/D (sky130_fd_sc_hd__dfxtp_1)
                                              1.020665   data arrival time

                                  0.000000    0.000000   clock clk (rise edge)
                                  0.000000    0.000000   clock source latency
     1    0.024950    0.117791    0.081531    0.081531 ^ clk (in)
                                                         clk (net)
                      0.117803    0.000000    0.081531 ^ clkbuf_0_clk/A (sky130_fd_sc_hd__clkbuf_16)
     8    0.101812    0.118042    0.212408    0.293940 ^ clkbuf_0_clk/X (sky130_fd_sc_hd__clkbuf_16)
                                                         clknet_0_clk (net)
                      0.118078    0.001717    0.295657 ^ clkbuf_3_5__f_clk/A (sky130_fd_sc_hd__clkbuf_16)
    14    0.044834    0.064104    0.171899    0.467556 ^ clkbuf_3_5__f_clk/X (sky130_fd_sc_hd__clkbuf_16)
                                                         clknet_3_5__leaf_clk (net)
                      0.064131    0.001198    0.468754 ^ _1445_/CLK (sky130_fd_sc_hd__dfxtp_1)
                                  0.250000    0.718754   clock uncertainty
                                  0.000000    0.718754   clock reconvergence pessimism
                                 -0.026964    0.691790   library hold time
                                              0.691790   data required time
---------------------------------------------------------------------------------------------
                                              0.691790   data required time
                                             -1.020665   data arrival time
---------------------------------------------------------------------------------------------
                                              0.328875   slack (MET)


Startpoint: _1458_ (rising edge-triggered flip-flop clocked by clk)
Endpoint: _1458_ (rising edge-triggered flip-flop clocked by clk)
Path Group: clk
Path Type: min

Fanout         Cap        Slew       Delay        Time   Description
---------------------------------------------------------------------------------------------
                                  0.000000    0.000000   clock clk (rise edge)
                                  0.000000    0.000000   clock source latency
     1    0.024950    0.117791    0.081531    0.081531 ^ clk (in)
                                                         clk (net)
                      0.117803    0.000000    0.081531 ^ clkbuf_0_clk/A (sky130_fd_sc_hd__clkbuf_16)
     8    0.101812    0.118042    0.212408    0.293940 ^ clkbuf_0_clk/X (sky130_fd_sc_hd__clkbuf_16)
                                                         clknet_0_clk (net)
                      0.118180    0.003316    0.297256 ^ clkbuf_3_7__f_clk/A (sky130_fd_sc_hd__clkbuf_16)
    10    0.044183    0.063534    0.171616    0.468872 ^ clkbuf_3_7__f_clk/X (sky130_fd_sc_hd__clkbuf_16)
                                                         clknet_3_7__leaf_clk (net)
                      0.063541    0.000744    0.469616 ^ _1458_/CLK (sky130_fd_sc_hd__dfxtp_1)
     6    0.024220    0.116410    0.376391    0.846007 v _1458_/Q (sky130_fd_sc_hd__dfxtp_1)
                                                         core_out[25] (net)
                      0.116410    0.000115    0.846122 v _1337_/B (sky130_fd_sc_hd__nor2_1)
     1    0.003139    0.084610    0.113250    0.959371 ^ _1337_/Y (sky130_fd_sc_hd__nor2_1)
                                                         _0652_ (net)
                      0.084610    0.000033    0.959405 ^ _1338_/B1 (sky130_fd_sc_hd__a211oi_1)
     1    0.002093    0.037239    0.051920    1.011324 v _1338_/Y (sky130_fd_sc_hd__a211oi_1)
                                                         _0074_ (net)
                      0.037239    0.000019    1.011343 v _1458_/D (sky130_fd_sc_hd__dfxtp_1)
                                              1.011343   data arrival time

                                  0.000000    0.000000   clock clk (rise edge)
                                  0.000000    0.000000   clock source latency
     1    0.024950    0.117791    0.081531    0.081531 ^ clk (in)
                                                         clk (net)
                      0.117803    0.000000    0.081531 ^ clkbuf_0_clk/A (sky130_fd_sc_hd__clkbuf_16)
     8    0.101812    0.118042    0.212408    0.293940 ^ clkbuf_0_clk/X (sky130_fd_sc_hd__clkbuf_16)
                                                         clknet_0_clk (net)
                      0.118180    0.003316    0.297256 ^ clkbuf_3_7__f_clk/A (sky130_fd_sc_hd__clkbuf_16)
    10    0.044183    0.063534    0.171616    0.468872 ^ clkbuf_3_7__f_clk/X (sky130_fd_sc_hd__clkbuf_16)
                                                         clknet_3_7__leaf_clk (net)
                      0.063541    0.000744    0.469616 ^ _1458_/CLK (sky130_fd_sc_hd__dfxtp_1)
                                  0.250000    0.719616   clock uncertainty
                                  0.000000    0.719616   clock reconvergence pessimism
                                 -0.046124    0.673492   library hold time
                                              0.673492   data required time
---------------------------------------------------------------------------------------------
                                              0.673492   data required time
                                             -1.011343   data arrival time
---------------------------------------------------------------------------------------------
                                              0.337852   slack (MET)


Startpoint: _1443_ (rising edge-triggered flip-flop clocked by clk)
Endpoint: _1443_ (rising edge-triggered flip-flop clocked by clk)
Path Group: clk
Path Type: min

Fanout         Cap        Slew       Delay        Time   Description
---------------------------------------------------------------------------------------------
                                  0.000000    0.000000   clock clk (rise edge)
                                  0.000000    0.000000   clock source latency
     1    0.024950    0.117791    0.081531    0.081531 ^ clk (in)
                                                         clk (net)
                      0.117803    0.000000    0.081531 ^ clkbuf_0_clk/A (sky130_fd_sc_hd__clkbuf_16)
     8    0.101812    0.118042    0.212408    0.293940 ^ clkbuf_0_clk/X (sky130_fd_sc_hd__clkbuf_16)
                                                         clknet_0_clk (net)
                      0.118078    0.001717    0.295657 ^ clkbuf_3_5__f_clk/A (sky130_fd_sc_hd__clkbuf_16)
    14    0.044834    0.064104    0.171899    0.467556 ^ clkbuf_3_5__f_clk/X (sky130_fd_sc_hd__clkbuf_16)
                                                         clknet_3_5__leaf_clk (net)
                      0.064118    0.000929    0.468484 ^ _1443_/CLK (sky130_fd_sc_hd__dfxtp_1)
     4    0.019683    0.189927    0.416410    0.884895 ^ _1443_/Q (sky130_fd_sc_hd__dfxtp_1)
                                                         core_out[10] (net)
                      0.189927    0.000129    0.885024 ^ _1135_/A2 (sky130_fd_sc_hd__o211a_1)
     1    0.001940    0.036605    0.150836    1.035860 ^ _1135_/X (sky130_fd_sc_hd__o211a_1)
                                                         _0059_ (net)
                      0.036605    0.000009    1.035868 ^ _1443_/D (sky130_fd_sc_hd__dfxtp_1)
                                              1.035868   data arrival time

                                  0.000000    0.000000   clock clk (rise edge)
                                  0.000000    0.000000   clock source latency
     1    0.024950    0.117791    0.081531    0.081531 ^ clk (in)
                                                         clk (net)
                      0.117803    0.000000    0.081531 ^ clkbuf_0_clk/A (sky130_fd_sc_hd__clkbuf_16)
     8    0.101812    0.118042    0.212408    0.293940 ^ clkbuf_0_clk/X (sky130_fd_sc_hd__clkbuf_16)
                                                         clknet_0_clk (net)
                      0.118078    0.001717    0.295657 ^ clkbuf_3_5__f_clk/A (sky130_fd_sc_hd__clkbuf_16)
    14    0.044834    0.064104    0.171899    0.467556 ^ clkbuf_3_5__f_clk/X (sky130_fd_sc_hd__clkbuf_16)
                                                         clknet_3_5__leaf_clk (net)
                      0.064118    0.000929    0.468484 ^ _1443_/CLK (sky130_fd_sc_hd__dfxtp_1)
                                  0.250000    0.718484   clock uncertainty
                                  0.000000    0.718484   clock reconvergence pessimism
                                 -0.026997    0.691488   library hold time
                                              0.691488   data required time
---------------------------------------------------------------------------------------------
                                              0.691488   data required time
                                             -1.035868   data arrival time
---------------------------------------------------------------------------------------------
                                              0.344381   slack (MET)


Startpoint: _1455_ (rising edge-triggered flip-flop clocked by clk)
Endpoint: _1455_ (rising edge-triggered flip-flop clocked by clk)
Path Group: clk
Path Type: min

Fanout         Cap        Slew       Delay        Time   Description
---------------------------------------------------------------------------------------------
                                  0.000000    0.000000   clock clk (rise edge)
                                  0.000000    0.000000   clock source latency
     1    0.024950    0.117791    0.081531    0.081531 ^ clk (in)
                                                         clk (net)
                      0.117803    0.000000    0.081531 ^ clkbuf_0_clk/A (sky130_fd_sc_hd__clkbuf_16)
     8    0.101812    0.118042    0.212408    0.293940 ^ clkbuf_0_clk/X (sky130_fd_sc_hd__clkbuf_16)
                                                         clknet_0_clk (net)
                      0.118180    0.003316    0.297256 ^ clkbuf_3_7__f_clk/A (sky130_fd_sc_hd__clkbuf_16)
    10    0.044183    0.063534    0.171616    0.468872 ^ clkbuf_3_7__f_clk/X (sky130_fd_sc_hd__clkbuf_16)
                                                         clknet_3_7__leaf_clk (net)
                      0.063563    0.001243    0.470115 ^ _1455_/CLK (sky130_fd_sc_hd__dfxtp_1)
     5    0.020193    0.194533    0.419435    0.889551 ^ _1455_/Q (sky130_fd_sc_hd__dfxtp_1)
                                                         core_out[22] (net)
                      0.194533    0.000154    0.889704 ^ _1320_/A2 (sky130_fd_sc_hd__o211a_1)
     1    0.001943    0.036702    0.151682    1.041386 ^ _1320_/X (sky130_fd_sc_hd__o211a_1)
                                                         _0071_ (net)
                      0.036702    0.000009    1.041394 ^ _1455_/D (sky130_fd_sc_hd__dfxtp_1)
                                              1.041394   data arrival time

                                  0.000000    0.000000   clock clk (rise edge)
                                  0.000000    0.000000   clock source latency
     1    0.024950    0.117791    0.081531    0.081531 ^ clk (in)
                                                         clk (net)
                      0.117803    0.000000    0.081531 ^ clkbuf_0_clk/A (sky130_fd_sc_hd__clkbuf_16)
     8    0.101812    0.118042    0.212408    0.293940 ^ clkbuf_0_clk/X (sky130_fd_sc_hd__clkbuf_16)
                                                         clknet_0_clk (net)
                      0.118180    0.003316    0.297256 ^ clkbuf_3_7__f_clk/A (sky130_fd_sc_hd__clkbuf_16)
    10    0.044183    0.063534    0.171616    0.468872 ^ clkbuf_3_7__f_clk/X (sky130_fd_sc_hd__clkbuf_16)
                                                         clknet_3_7__leaf_clk (net)
                      0.063563    0.001243    0.470115 ^ _1455_/CLK (sky130_fd_sc_hd__dfxtp_1)
                                  0.250000    0.720115   clock uncertainty
                                  0.000000    0.720115   clock reconvergence pessimism
                                 -0.027090    0.693025   library hold time
                                              0.693025   data required time
---------------------------------------------------------------------------------------------
                                              0.693025   data required time
                                             -1.041394   data arrival time
---------------------------------------------------------------------------------------------
                                              0.348369   slack (MET)


Startpoint: _1446_ (rising edge-triggered flip-flop clocked by clk)
Endpoint: _1446_ (rising edge-triggered flip-flop clocked by clk)
Path Group: clk
Path Type: min

Fanout         Cap        Slew       Delay        Time   Description
---------------------------------------------------------------------------------------------
                                  0.000000    0.000000   clock clk (rise edge)
                                  0.000000    0.000000   clock source latency
     1    0.024950    0.117791    0.081531    0.081531 ^ clk (in)
                                                         clk (net)
                      0.117803    0.000000    0.081531 ^ clkbuf_0_clk/A (sky130_fd_sc_hd__clkbuf_16)
     8    0.101812    0.118042    0.212408    0.293940 ^ clkbuf_0_clk/X (sky130_fd_sc_hd__clkbuf_16)
                                                         clknet_0_clk (net)
                      0.118078    0.001717    0.295657 ^ clkbuf_3_5__f_clk/A (sky130_fd_sc_hd__clkbuf_16)
    14    0.044834    0.064104    0.171899    0.467556 ^ clkbuf_3_5__f_clk/X (sky130_fd_sc_hd__clkbuf_16)
                                                         clknet_3_5__leaf_clk (net)
                      0.064126    0.001110    0.468665 ^ _1446_/CLK (sky130_fd_sc_hd__dfxtp_1)
     5    0.020798    0.199988    0.423528    0.892193 ^ _1446_/Q (sky130_fd_sc_hd__dfxtp_1)
                                                         core_out[13] (net)
                      0.199988    0.000177    0.892370 ^ _1232_/A2 (sky130_fd_sc_hd__o211a_1)
     1    0.002020    0.037381    0.153255    1.045625 ^ _1232_/X (sky130_fd_sc_hd__o211a_1)
                                                         _0062_ (net)
                      0.037381    0.000009    1.045634 ^ _1446_/D (sky130_fd_sc_hd__dfxtp_1)
                                              1.045634   data arrival time

                                  0.000000    0.000000   clock clk (rise edge)
                                  0.000000    0.000000   clock source latency
     1    0.024950    0.117791    0.081531    0.081531 ^ clk (in)
                                                         clk (net)
                      0.117803    0.000000    0.081531 ^ clkbuf_0_clk/A (sky130_fd_sc_hd__clkbuf_16)
     8    0.101812    0.118042    0.212408    0.293940 ^ clkbuf_0_clk/X (sky130_fd_sc_hd__clkbuf_16)
                                                         clknet_0_clk (net)
                      0.118078    0.001717    0.295657 ^ clkbuf_3_5__f_clk/A (sky130_fd_sc_hd__clkbuf_16)
    14    0.044834    0.064104    0.171899    0.467556 ^ clkbuf_3_5__f_clk/X (sky130_fd_sc_hd__clkbuf_16)
                                                         clknet_3_5__leaf_clk (net)
                      0.064126    0.001110    0.468665 ^ _1446_/CLK (sky130_fd_sc_hd__dfxtp_1)
                                  0.250000    0.718665   clock uncertainty
                                  0.000000    0.718665   clock reconvergence pessimism
                                 -0.027158    0.691508   library hold time
                                              0.691508   data required time
---------------------------------------------------------------------------------------------
                                              0.691508   data required time
                                             -1.045634   data arrival time
---------------------------------------------------------------------------------------------
                                              0.354126   slack (MET)


Startpoint: _1433_ (rising edge-triggered flip-flop clocked by clk)
Endpoint: _1433_ (rising edge-triggered flip-flop clocked by clk)
Path Group: clk
Path Type: min

Fanout         Cap        Slew       Delay        Time   Description
---------------------------------------------------------------------------------------------
                                  0.000000    0.000000   clock clk (rise edge)
                                  0.000000    0.000000   clock source latency
     1    0.024950    0.117791    0.081531    0.081531 ^ clk (in)
                                                         clk (net)
                      0.117803    0.000000    0.081531 ^ clkbuf_0_clk/A (sky130_fd_sc_hd__clkbuf_16)
     8    0.101812    0.118042    0.212408    0.293940 ^ clkbuf_0_clk/X (sky130_fd_sc_hd__clkbuf_16)
                                                         clknet_0_clk (net)
                      0.118508    0.005978    0.299917 ^ clkbuf_3_0__f_clk/A (sky130_fd_sc_hd__clkbuf_16)
     9    0.037838    0.057925    0.167263    0.467180 ^ clkbuf_3_0__f_clk/X (sky130_fd_sc_hd__clkbuf_16)
                                                         clknet_3_0__leaf_clk (net)
                      0.057925    0.000096    0.467276 ^ _1433_/CLK (sky130_fd_sc_hd__dfxtp_1)
     3    0.009722    0.100332    0.350096    0.817372 ^ _1433_/Q (sky130_fd_sc_hd__dfxtp_1)
                                                         core_out[0] (net)
                      0.100332    0.000100    0.817472 ^ _0813_/B1 (sky130_fd_sc_hd__a31o_1)
     1    0.002336    0.037535    0.100554    0.918027 ^ _0813_/X (sky130_fd_sc_hd__a31o_1)
                                                         _0153_ (net)
                      0.037535    0.000025    0.918052 ^ _0816_/B (sky130_fd_sc_hd__and3_1)
     1    0.001982    0.042538    0.130722    1.048774 ^ _0816_/X (sky130_fd_sc_hd__and3_1)
                                                         _0049_ (net)
                      0.042538    0.000017    1.048791 ^ _1433_/D (sky130_fd_sc_hd__dfxtp_1)
                                              1.048791   data arrival time

                                  0.000000    0.000000   clock clk (rise edge)
                                  0.000000    0.000000   clock source latency
     1    0.024950    0.117791    0.081531    0.081531 ^ clk (in)
                                                         clk (net)
                      0.117803    0.000000    0.081531 ^ clkbuf_0_clk/A (sky130_fd_sc_hd__clkbuf_16)
     8    0.101812    0.118042    0.212408    0.293940 ^ clkbuf_0_clk/X (sky130_fd_sc_hd__clkbuf_16)
                                                         clknet_0_clk (net)
                      0.118508    0.005978    0.299917 ^ clkbuf_3_0__f_clk/A (sky130_fd_sc_hd__clkbuf_16)
     9    0.037838    0.057925    0.167263    0.467180 ^ clkbuf_3_0__f_clk/X (sky130_fd_sc_hd__clkbuf_16)
                                                         clknet_3_0__leaf_clk (net)
                      0.057925    0.000096    0.467276 ^ _1433_/CLK (sky130_fd_sc_hd__dfxtp_1)
                                  0.250000    0.717276   clock uncertainty
                                  0.000000    0.717276   clock reconvergence pessimism
                                 -0.029052    0.688225   library hold time
                                              0.688225   data required time
---------------------------------------------------------------------------------------------
                                              0.688225   data required time
                                             -1.048791   data arrival time
---------------------------------------------------------------------------------------------
                                              0.360566   slack (MET)


Startpoint: _1441_ (rising edge-triggered flip-flop clocked by clk)
Endpoint: _1441_ (rising edge-triggered flip-flop clocked by clk)
Path Group: clk
Path Type: min

Fanout         Cap        Slew       Delay        Time   Description
---------------------------------------------------------------------------------------------
                                  0.000000    0.000000   clock clk (rise edge)
                                  0.000000    0.000000   clock source latency
     1    0.024950    0.117791    0.081531    0.081531 ^ clk (in)
                                                         clk (net)
                      0.117803    0.000000    0.081531 ^ clkbuf_0_clk/A (sky130_fd_sc_hd__clkbuf_16)
     8    0.101812    0.118042    0.212408    0.293940 ^ clkbuf_0_clk/X (sky130_fd_sc_hd__clkbuf_16)
                                                         clknet_0_clk (net)
                      0.118177    0.003282    0.297222 ^ clkbuf_3_6__f_clk/A (sky130_fd_sc_hd__clkbuf_16)
    14    0.045743    0.064948    0.172761    0.469983 ^ clkbuf_3_6__f_clk/X (sky130_fd_sc_hd__clkbuf_16)
                                                         clknet_3_6__leaf_clk (net)
                      0.064950    0.000499    0.470482 ^ _1441_/CLK (sky130_fd_sc_hd__dfxtp_1)
     4    0.010106    0.103766    0.355207    0.825688 ^ _1441_/Q (sky130_fd_sc_hd__dfxtp_1)
                                                         core_out[8] (net)
                      0.103766    0.000106    0.825794 ^ _1049_/A0 (sky130_fd_sc_hd__mux2_1)
     1    0.001938    0.034986    0.127748    0.953542 ^ _1049_/X (sky130_fd_sc_hd__mux2_1)
                                                         _0381_ (net)
                      0.034986    0.000011    0.953553 ^ _1050_/B (sky130_fd_sc_hd__and2_1)
     1    0.002027    0.039748    0.105707    1.059260 ^ _1050_/X (sky130_fd_sc_hd__and2_1)
                                                         _0057_ (net)
                      0.039748    0.000018    1.059278 ^ _1441_/D (sky130_fd_sc_hd__dfxtp_1)
                                              1.059278   data arrival time

                                  0.000000    0.000000   clock clk (rise edge)
                                  0.000000    0.000000   clock source latency
     1    0.024950    0.117791    0.081531    0.081531 ^ clk (in)
                                                         clk (net)
                      0.117803    0.000000    0.081531 ^ clkbuf_0_clk/A (sky130_fd_sc_hd__clkbuf_16)
     8    0.101812    0.118042    0.212408    0.293940 ^ clkbuf_0_clk/X (sky130_fd_sc_hd__clkbuf_16)
                                                         clknet_0_clk (net)
                      0.118177    0.003282    0.297222 ^ clkbuf_3_6__f_clk/A (sky130_fd_sc_hd__clkbuf_16)
    14    0.045743    0.064948    0.172761    0.469983 ^ clkbuf_3_6__f_clk/X (sky130_fd_sc_hd__clkbuf_16)
                                                         clknet_3_6__leaf_clk (net)
                      0.064950    0.000499    0.470482 ^ _1441_/CLK (sky130_fd_sc_hd__dfxtp_1)
                                  0.250000    0.720481   clock uncertainty
                                  0.000000    0.720481   clock reconvergence pessimism
                                 -0.027543    0.692938   library hold time
                                              0.692938   data required time
---------------------------------------------------------------------------------------------
                                              0.692938   data required time
                                             -1.059278   data arrival time
---------------------------------------------------------------------------------------------
                                              0.366340   slack (MET)


Startpoint: _1451_ (rising edge-triggered flip-flop clocked by clk)
Endpoint: _1451_ (rising edge-triggered flip-flop clocked by clk)
Path Group: clk
Path Type: min

Fanout         Cap        Slew       Delay        Time   Description
---------------------------------------------------------------------------------------------
                                  0.000000    0.000000   clock clk (rise edge)
                                  0.000000    0.000000   clock source latency
     1    0.024950    0.117791    0.081531    0.081531 ^ clk (in)
                                                         clk (net)
                      0.117803    0.000000    0.081531 ^ clkbuf_0_clk/A (sky130_fd_sc_hd__clkbuf_16)
     8    0.101812    0.118042    0.212408    0.293940 ^ clkbuf_0_clk/X (sky130_fd_sc_hd__clkbuf_16)
                                                         clknet_0_clk (net)
                      0.118081    0.001788    0.295728 ^ clkbuf_3_4__f_clk/A (sky130_fd_sc_hd__clkbuf_16)
    11    0.040866    0.060539    0.169002    0.464730 ^ clkbuf_3_4__f_clk/X (sky130_fd_sc_hd__clkbuf_16)
                                                         clknet_3_4__leaf_clk (net)
                      0.060539    0.000396    0.465126 ^ _1451_/CLK (sky130_fd_sc_hd__dfxtp_1)
     5    0.023656    0.113985    0.373174    0.838300 v _1451_/Q (sky130_fd_sc_hd__dfxtp_1)
                                                         core_out[18] (net)
                      0.113985    0.000339    0.838639 v _1292_/A2 (sky130_fd_sc_hd__o211a_1)
     1    0.002484    0.027838    0.223500    1.062139 v _1292_/X (sky130_fd_sc_hd__o211a_1)
                                                         _0067_ (net)
                      0.027838    0.000026    1.062165 v _1451_/D (sky130_fd_sc_hd__dfxtp_1)
                                              1.062165   data arrival time

                                  0.000000    0.000000   clock clk (rise edge)
                                  0.000000    0.000000   clock source latency
     1    0.024950    0.117791    0.081531    0.081531 ^ clk (in)
                                                         clk (net)
                      0.117803    0.000000    0.081531 ^ clkbuf_0_clk/A (sky130_fd_sc_hd__clkbuf_16)
     8    0.101812    0.118042    0.212408    0.293940 ^ clkbuf_0_clk/X (sky130_fd_sc_hd__clkbuf_16)
                                                         clknet_0_clk (net)
                      0.118081    0.001788    0.295728 ^ clkbuf_3_4__f_clk/A (sky130_fd_sc_hd__clkbuf_16)
    11    0.040866    0.060539    0.169002    0.464730 ^ clkbuf_3_4__f_clk/X (sky130_fd_sc_hd__clkbuf_16)
                                                         clknet_3_4__leaf_clk (net)
                      0.060539    0.000396    0.465126 ^ _1451_/CLK (sky130_fd_sc_hd__dfxtp_1)
                                  0.250000    0.715126   clock uncertainty
                                  0.000000    0.715126   clock reconvergence pessimism
                                 -0.042878    0.672248   library hold time
                                              0.672248   data required time
---------------------------------------------------------------------------------------------
                                              0.672248   data required time
                                             -1.062165   data arrival time
---------------------------------------------------------------------------------------------
                                              0.389917   slack (MET)


Startpoint: _1437_ (rising edge-triggered flip-flop clocked by clk)
Endpoint: _1437_ (rising edge-triggered flip-flop clocked by clk)
Path Group: clk
Path Type: min

Fanout         Cap        Slew       Delay        Time   Description
---------------------------------------------------------------------------------------------
                                  0.000000    0.000000   clock clk (rise edge)
                                  0.000000    0.000000   clock source latency
     1    0.024950    0.117791    0.081531    0.081531 ^ clk (in)
                                                         clk (net)
                      0.117803    0.000000    0.081531 ^ clkbuf_0_clk/A (sky130_fd_sc_hd__clkbuf_16)
     8    0.101812    0.118042    0.212408    0.293940 ^ clkbuf_0_clk/X (sky130_fd_sc_hd__clkbuf_16)
                                                         clknet_0_clk (net)
                      0.118388    0.005176    0.299116 ^ clkbuf_3_2__f_clk/A (sky130_fd_sc_hd__clkbuf_16)
     9    0.038967    0.058895    0.167951    0.467067 ^ clkbuf_3_2__f_clk/X (sky130_fd_sc_hd__clkbuf_16)
                                                         clknet_3_2__leaf_clk (net)
                      0.058910    0.000848    0.467915 ^ _1437_/CLK (sky130_fd_sc_hd__dfxtp_1)
     4    0.013193    0.131480    0.372817    0.840732 ^ _1437_/Q (sky130_fd_sc_hd__dfxtp_1)
                                                         core_out[4] (net)
                      0.131480    0.000076    0.840808 ^ _0884_/A0 (sky130_fd_sc_hd__mux2_1)
     1    0.001976    0.035252    0.136664    0.977472 ^ _0884_/X (sky130_fd_sc_hd__mux2_1)
                                                         _0220_ (net)
                      0.035252    0.000017    0.977490 ^ _0885_/B (sky130_fd_sc_hd__and2_1)
     1    0.001960    0.040159    0.105280    1.082770 ^ _0885_/X (sky130_fd_sc_hd__and2_1)
                                                         _0053_ (net)
                      0.040159    0.000009    1.082779 ^ _1437_/D (sky130_fd_sc_hd__dfxtp_1)
                                              1.082779   data arrival time

                                  0.000000    0.000000   clock clk (rise edge)
                                  0.000000    0.000000   clock source latency
     1    0.024950    0.117791    0.081531    0.081531 ^ clk (in)
                                                         clk (net)
                      0.117803    0.000000    0.081531 ^ clkbuf_0_clk/A (sky130_fd_sc_hd__clkbuf_16)
     8    0.101812    0.118042    0.212408    0.293940 ^ clkbuf_0_clk/X (sky130_fd_sc_hd__clkbuf_16)
                                                         clknet_0_clk (net)
                      0.118388    0.005176    0.299116 ^ clkbuf_3_2__f_clk/A (sky130_fd_sc_hd__clkbuf_16)
     9    0.038967    0.058895    0.167951    0.467067 ^ clkbuf_3_2__f_clk/X (sky130_fd_sc_hd__clkbuf_16)
                                                         clknet_3_2__leaf_clk (net)
                      0.058910    0.000848    0.467915 ^ _1437_/CLK (sky130_fd_sc_hd__dfxtp_1)
                                  0.250000    0.717915   clock uncertainty
                                  0.000000    0.717915   clock reconvergence pessimism
                                 -0.028425    0.689490   library hold time
                                              0.689490   data required time
---------------------------------------------------------------------------------------------
                                              0.689490   data required time
                                             -1.082779   data arrival time
---------------------------------------------------------------------------------------------
                                              0.393289   slack (MET)


Startpoint: _1435_ (rising edge-triggered flip-flop clocked by clk)
Endpoint: _1395_ (rising edge-triggered flip-flop clocked by clk)
Path Group: clk
Path Type: min

Fanout         Cap        Slew       Delay        Time   Description
---------------------------------------------------------------------------------------------
                                  0.000000    0.000000   clock clk (rise edge)
                                  0.000000    0.000000   clock source latency
     1    0.024950    0.117791    0.081531    0.081531 ^ clk (in)
                                                         clk (net)
                      0.117803    0.000000    0.081531 ^ clkbuf_0_clk/A (sky130_fd_sc_hd__clkbuf_16)
     8    0.101812    0.118042    0.212408    0.293940 ^ clkbuf_0_clk/X (sky130_fd_sc_hd__clkbuf_16)
                                                         clknet_0_clk (net)
                      0.118388    0.005176    0.299116 ^ clkbuf_3_2__f_clk/A (sky130_fd_sc_hd__clkbuf_16)
     9    0.038967    0.058895    0.167951    0.467067 ^ clkbuf_3_2__f_clk/X (sky130_fd_sc_hd__clkbuf_16)
                                                         clknet_3_2__leaf_clk (net)
                      0.058907    0.000769    0.467836 ^ _1435_/CLK (sky130_fd_sc_hd__dfxtp_1)
     4    0.011475    0.116044    0.361771    0.829607 ^ _1435_/Q (sky130_fd_sc_hd__dfxtp_1)
                                                         core_out[2] (net)
                      0.116044    0.000073    0.829681 ^ _0731_/A1 (sky130_fd_sc_hd__a211o_1)
     1    0.002672    0.035259    0.130425    0.960105 ^ _0731_/X (sky130_fd_sc_hd__a211o_1)
                                                         _0109_ (net)
                      0.035259    0.000013    0.960118 ^ _0732_/B1 (sky130_fd_sc_hd__o211a_1)
     1    0.002214    0.036865    0.128128    1.088246 ^ _0732_/X (sky130_fd_sc_hd__o211a_1)
                                                         _0011_ (net)
                      0.036865    0.000022    1.088267 ^ _1395_/D (sky130_fd_sc_hd__dfxtp_1)
                                              1.088267   data arrival time

                                  0.000000    0.000000   clock clk (rise edge)
                                  0.000000    0.000000   clock source latency
     1    0.024950    0.117791    0.081531    0.081531 ^ clk (in)
                                                         clk (net)
                      0.117803    0.000000    0.081531 ^ clkbuf_0_clk/A (sky130_fd_sc_hd__clkbuf_16)
     8    0.101812    0.118042    0.212408    0.293940 ^ clkbuf_0_clk/X (sky130_fd_sc_hd__clkbuf_16)
                                                         clknet_0_clk (net)
                      0.118388    0.005176    0.299116 ^ clkbuf_3_2__f_clk/A (sky130_fd_sc_hd__clkbuf_16)
     9    0.038967    0.058895    0.167951    0.467067 ^ clkbuf_3_2__f_clk/X (sky130_fd_sc_hd__clkbuf_16)
                                                         clknet_3_2__leaf_clk (net)
                      0.058907    0.000782    0.467849 ^ _1395_/CLK (sky130_fd_sc_hd__dfxtp_1)
                                  0.250000    0.717849   clock uncertainty
                                  0.000000    0.717849   clock reconvergence pessimism
                                 -0.027737    0.690112   library hold time
                                              0.690112   data required time
---------------------------------------------------------------------------------------------
                                              0.690112   data required time
                                             -1.088267   data arrival time
---------------------------------------------------------------------------------------------
                                              0.398155   slack (MET)


Startpoint: _1454_ (rising edge-triggered flip-flop clocked by clk)
Endpoint: _1454_ (rising edge-triggered flip-flop clocked by clk)
Path Group: clk
Path Type: min

Fanout         Cap        Slew       Delay        Time   Description
---------------------------------------------------------------------------------------------
                                  0.000000    0.000000   clock clk (rise edge)
                                  0.000000    0.000000   clock source latency
     1    0.024950    0.117791    0.081531    0.081531 ^ clk (in)
                                                         clk (net)
                      0.117803    0.000000    0.081531 ^ clkbuf_0_clk/A (sky130_fd_sc_hd__clkbuf_16)
     8    0.101812    0.118042    0.212408    0.293940 ^ clkbuf_0_clk/X (sky130_fd_sc_hd__clkbuf_16)
                                                         clknet_0_clk (net)
                      0.118180    0.003316    0.297256 ^ clkbuf_3_7__f_clk/A (sky130_fd_sc_hd__clkbuf_16)
    10    0.044183    0.063534    0.171616    0.468872 ^ clkbuf_3_7__f_clk/X (sky130_fd_sc_hd__clkbuf_16)
                                                         clknet_3_7__leaf_clk (net)
                      0.063573    0.001402    0.470274 ^ _1454_/CLK (sky130_fd_sc_hd__dfxtp_1)
     6    0.026385    0.126101    0.383534    0.853808 v _1454_/Q (sky130_fd_sc_hd__dfxtp_1)
                                                         core_out[21] (net)
                      0.126101    0.000215    0.854022 v _1312_/A2 (sky130_fd_sc_hd__o211a_1)
     1    0.001993    0.025357    0.224944    1.078966 v _1312_/X (sky130_fd_sc_hd__o211a_1)
                                                         _0070_ (net)
                      0.025357    0.000010    1.078975 v _1454_/D (sky130_fd_sc_hd__dfxtp_1)
                                              1.078975   data arrival time

                                  0.000000    0.000000   clock clk (rise edge)
                                  0.000000    0.000000   clock source latency
     1    0.024950    0.117791    0.081531    0.081531 ^ clk (in)
                                                         clk (net)
                      0.117803    0.000000    0.081531 ^ clkbuf_0_clk/A (sky130_fd_sc_hd__clkbuf_16)
     8    0.101812    0.118042    0.212408    0.293940 ^ clkbuf_0_clk/X (sky130_fd_sc_hd__clkbuf_16)
                                                         clknet_0_clk (net)
                      0.118180    0.003316    0.297256 ^ clkbuf_3_7__f_clk/A (sky130_fd_sc_hd__clkbuf_16)
    10    0.044183    0.063534    0.171616    0.468872 ^ clkbuf_3_7__f_clk/X (sky130_fd_sc_hd__clkbuf_16)
                                                         clknet_3_7__leaf_clk (net)
                      0.063573    0.001402    0.470274 ^ _1454_/CLK (sky130_fd_sc_hd__dfxtp_1)
                                  0.250000    0.720274   clock uncertainty
                                  0.000000    0.720274   clock reconvergence pessimism
                                 -0.041158    0.679115   library hold time
                                              0.679115   data required time
---------------------------------------------------------------------------------------------
                                              0.679115   data required time
                                             -1.078975   data arrival time
---------------------------------------------------------------------------------------------
                                              0.399860   slack (MET)


Startpoint: _1464_ (rising edge-triggered flip-flop clocked by clk)
Endpoint: _1464_ (rising edge-triggered flip-flop clocked by clk)
Path Group: clk
Path Type: min

Fanout         Cap        Slew       Delay        Time   Description
---------------------------------------------------------------------------------------------
                                  0.000000    0.000000   clock clk (rise edge)
                                  0.000000    0.000000   clock source latency
     1    0.024950    0.117791    0.081531    0.081531 ^ clk (in)
                                                         clk (net)
                      0.117803    0.000000    0.081531 ^ clkbuf_0_clk/A (sky130_fd_sc_hd__clkbuf_16)
     8    0.101812    0.118042    0.212408    0.293940 ^ clkbuf_0_clk/X (sky130_fd_sc_hd__clkbuf_16)
                                                         clknet_0_clk (net)
                      0.118327    0.004709    0.298648 ^ clkbuf_3_3__f_clk/A (sky130_fd_sc_hd__clkbuf_16)
     7    0.039218    0.059125    0.168133    0.466781 ^ clkbuf_3_3__f_clk/X (sky130_fd_sc_hd__clkbuf_16)
                                                         clknet_3_3__leaf_clk (net)
                      0.059135    0.000711    0.467492 ^ _1464_/CLK (sky130_fd_sc_hd__dfxtp_1)
     3    0.012324    0.123663    0.367331    0.834823 ^ _1464_/Q (sky130_fd_sc_hd__dfxtp_1)
                                                         core_out[31] (net)
                      0.123663    0.000085    0.834908 ^ _1379_/A (sky130_fd_sc_hd__xnor2_1)
     2    0.004964    0.050810    0.098215    0.933123 v _1379_/Y (sky130_fd_sc_hd__xnor2_1)
                                                         _0688_ (net)
                      0.050810    0.000028    0.933151 v _1380_/B1 (sky130_fd_sc_hd__o21ai_1)
     1    0.003171    0.077392    0.074145    1.007296 ^ _1380_/Y (sky130_fd_sc_hd__o21ai_1)
                                                         _0689_ (net)
                      0.077392    0.000032    1.007328 ^ _1383_/A1 (sky130_fd_sc_hd__a211oi_1)
     1    0.001967    0.035578    0.064514    1.071842 v _1383_/Y (sky130_fd_sc_hd__a211oi_1)
                                                         _0080_ (net)
                      0.035578    0.000009    1.071851 v _1464_/D (sky130_fd_sc_hd__dfxtp_1)
                                              1.071851   data arrival time

                                  0.000000    0.000000   clock clk (rise edge)
                                  0.000000    0.000000   clock source latency
     1    0.024950    0.117791    0.081531    0.081531 ^ clk (in)
                                                         clk (net)
                      0.117803    0.000000    0.081531 ^ clkbuf_0_clk/A (sky130_fd_sc_hd__clkbuf_16)
     8    0.101812    0.118042    0.212408    0.293940 ^ clkbuf_0_clk/X (sky130_fd_sc_hd__clkbuf_16)
                                                         clknet_0_clk (net)
                      0.118327    0.004709    0.298648 ^ clkbuf_3_3__f_clk/A (sky130_fd_sc_hd__clkbuf_16)
     7    0.039218    0.059125    0.168133    0.466781 ^ clkbuf_3_3__f_clk/X (sky130_fd_sc_hd__clkbuf_16)
                                                         clknet_3_3__leaf_clk (net)
                      0.059135    0.000711    0.467492 ^ _1464_/CLK (sky130_fd_sc_hd__dfxtp_1)
                                  0.250000    0.717492   clock uncertainty
                                  0.000000    0.717492   clock reconvergence pessimism
                                 -0.046424    0.671069   library hold time
                                              0.671069   data required time
---------------------------------------------------------------------------------------------
                                              0.671069   data required time
                                             -1.071851   data arrival time
---------------------------------------------------------------------------------------------
                                              0.400782   slack (MET)


Startpoint: _1434_ (rising edge-triggered flip-flop clocked by clk)
Endpoint: _1394_ (rising edge-triggered flip-flop clocked by clk)
Path Group: clk
Path Type: min

Fanout         Cap        Slew       Delay        Time   Description
---------------------------------------------------------------------------------------------
                                  0.000000    0.000000   clock clk (rise edge)
                                  0.000000    0.000000   clock source latency
     1    0.024950    0.117791    0.081531    0.081531 ^ clk (in)
                                                         clk (net)
                      0.117803    0.000000    0.081531 ^ clkbuf_0_clk/A (sky130_fd_sc_hd__clkbuf_16)
     8    0.101812    0.118042    0.212408    0.293940 ^ clkbuf_0_clk/X (sky130_fd_sc_hd__clkbuf_16)
                                                         clknet_0_clk (net)
                      0.118508    0.005978    0.299917 ^ clkbuf_3_0__f_clk/A (sky130_fd_sc_hd__clkbuf_16)
     9    0.037838    0.057925    0.167263    0.467180 ^ clkbuf_3_0__f_clk/X (sky130_fd_sc_hd__clkbuf_16)
                                                         clknet_3_0__leaf_clk (net)
                      0.057930    0.000479    0.467660 ^ _1434_/CLK (sky130_fd_sc_hd__dfxtp_1)
     4    0.012634    0.126449    0.368854    0.836514 ^ _1434_/Q (sky130_fd_sc_hd__dfxtp_1)
                                                         core_out[1] (net)
                      0.126449    0.000084    0.836598 ^ _0728_/A1 (sky130_fd_sc_hd__a211o_1)
     1    0.002653    0.035126    0.133459    0.970057 ^ _0728_/X (sky130_fd_sc_hd__a211o_1)
                                                         _0107_ (net)
                      0.035126    0.000012    0.970069 ^ _0729_/B1 (sky130_fd_sc_hd__o211a_1)
     1    0.001938    0.035980    0.125961    1.096030 ^ _0729_/X (sky130_fd_sc_hd__o211a_1)
                                                         _0010_ (net)
                      0.035980    0.000009    1.096039 ^ _1394_/D (sky130_fd_sc_hd__dfxtp_1)
                                              1.096039   data arrival time

                                  0.000000    0.000000   clock clk (rise edge)
                                  0.000000    0.000000   clock source latency
     1    0.024950    0.117791    0.081531    0.081531 ^ clk (in)
                                                         clk (net)
                      0.117803    0.000000    0.081531 ^ clkbuf_0_clk/A (sky130_fd_sc_hd__clkbuf_16)
     8    0.101812    0.118042    0.212408    0.293940 ^ clkbuf_0_clk/X (sky130_fd_sc_hd__clkbuf_16)
                                                         clknet_0_clk (net)
                      0.118508    0.005978    0.299917 ^ clkbuf_3_0__f_clk/A (sky130_fd_sc_hd__clkbuf_16)
     9    0.037838    0.057925    0.167263    0.467180 ^ clkbuf_3_0__f_clk/X (sky130_fd_sc_hd__clkbuf_16)
                                                         clknet_3_0__leaf_clk (net)
                      0.057929    0.000453    0.467634 ^ _1394_/CLK (sky130_fd_sc_hd__dfxtp_1)
                                  0.250000    0.717634   clock uncertainty
                                  0.000000    0.717634   clock reconvergence pessimism
                                 -0.027680    0.689953   library hold time
                                              0.689953   data required time
---------------------------------------------------------------------------------------------
                                              0.689953   data required time
                                             -1.096039   data arrival time
---------------------------------------------------------------------------------------------
                                              0.406086   slack (MET)


Startpoint: _1437_ (rising edge-triggered flip-flop clocked by clk)
Endpoint: _1397_ (rising edge-triggered flip-flop clocked by clk)
Path Group: clk
Path Type: min

Fanout         Cap        Slew       Delay        Time   Description
---------------------------------------------------------------------------------------------
                                  0.000000    0.000000   clock clk (rise edge)
                                  0.000000    0.000000   clock source latency
     1    0.024950    0.117791    0.081531    0.081531 ^ clk (in)
                                                         clk (net)
                      0.117803    0.000000    0.081531 ^ clkbuf_0_clk/A (sky130_fd_sc_hd__clkbuf_16)
     8    0.101812    0.118042    0.212408    0.293940 ^ clkbuf_0_clk/X (sky130_fd_sc_hd__clkbuf_16)
                                                         clknet_0_clk (net)
                      0.118388    0.005176    0.299116 ^ clkbuf_3_2__f_clk/A (sky130_fd_sc_hd__clkbuf_16)
     9    0.038967    0.058895    0.167951    0.467067 ^ clkbuf_3_2__f_clk/X (sky130_fd_sc_hd__clkbuf_16)
                                                         clknet_3_2__leaf_clk (net)
                      0.058910    0.000848    0.467915 ^ _1437_/CLK (sky130_fd_sc_hd__dfxtp_1)
     4    0.013193    0.131480    0.372817    0.840732 ^ _1437_/Q (sky130_fd_sc_hd__dfxtp_1)
                                                         core_out[4] (net)
                      0.131480    0.000131    0.840863 ^ _0737_/A1 (sky130_fd_sc_hd__a211o_1)
     1    0.003531    0.041836    0.140837    0.981700 ^ _0737_/X (sky130_fd_sc_hd__a211o_1)
                                                         _0113_ (net)
                      0.041836    0.000040    0.981740 ^ _0738_/B1 (sky130_fd_sc_hd__o211a_1)
     1    0.002018    0.035534    0.128489    1.110229 ^ _0738_/X (sky130_fd_sc_hd__o211a_1)
                                                         _0013_ (net)
                      0.035534    0.000017    1.110247 ^ _1397_/D (sky130_fd_sc_hd__dfxtp_1)
                                              1.110247   data arrival time

                                  0.000000    0.000000   clock clk (rise edge)
                                  0.000000    0.000000   clock source latency
     1    0.024950    0.117791    0.081531    0.081531 ^ clk (in)
                                                         clk (net)
                      0.117803    0.000000    0.081531 ^ clkbuf_0_clk/A (sky130_fd_sc_hd__clkbuf_16)
     8    0.101812    0.118042    0.212408    0.293940 ^ clkbuf_0_clk/X (sky130_fd_sc_hd__clkbuf_16)
                                                         clknet_0_clk (net)
                      0.118388    0.005176    0.299116 ^ clkbuf_3_2__f_clk/A (sky130_fd_sc_hd__clkbuf_16)
     9    0.038967    0.058895    0.167951    0.467067 ^ clkbuf_3_2__f_clk/X (sky130_fd_sc_hd__clkbuf_16)
                                                         clknet_3_2__leaf_clk (net)
                      0.058909    0.000833    0.467900 ^ _1397_/CLK (sky130_fd_sc_hd__dfxtp_1)
                                  0.250000    0.717900   clock uncertainty
                                  0.000000    0.717900   clock reconvergence pessimism
                                 -0.027458    0.690442   library hold time
                                              0.690442   data required time
---------------------------------------------------------------------------------------------
                                              0.690442   data required time
                                             -1.110247   data arrival time
---------------------------------------------------------------------------------------------
                                              0.419805   slack (MET)


Startpoint: _1463_ (rising edge-triggered flip-flop clocked by clk)
Endpoint: _1423_ (rising edge-triggered flip-flop clocked by clk)
Path Group: clk
Path Type: min

Fanout         Cap        Slew       Delay        Time   Description
---------------------------------------------------------------------------------------------
                                  0.000000    0.000000   clock clk (rise edge)
                                  0.000000    0.000000   clock source latency
     1    0.024950    0.117791    0.081531    0.081531 ^ clk (in)
                                                         clk (net)
                      0.117803    0.000000    0.081531 ^ clkbuf_0_clk/A (sky130_fd_sc_hd__clkbuf_16)
     8    0.101812    0.118042    0.212408    0.293940 ^ clkbuf_0_clk/X (sky130_fd_sc_hd__clkbuf_16)
                                                         clknet_0_clk (net)
                      0.118177    0.003282    0.297222 ^ clkbuf_3_6__f_clk/A (sky130_fd_sc_hd__clkbuf_16)
    14    0.045743    0.064948    0.172761    0.469983 ^ clkbuf_3_6__f_clk/X (sky130_fd_sc_hd__clkbuf_16)
                                                         clknet_3_6__leaf_clk (net)
                      0.064985    0.001360    0.471342 ^ _1463_/CLK (sky130_fd_sc_hd__dfxtp_1)
     4    0.010570    0.107925    0.358233    0.829575 ^ _1463_/Q (sky130_fd_sc_hd__dfxtp_1)
                                                         core_out[30] (net)
                      0.107925    0.000103    0.829678 ^ _0792_/A (sky130_fd_sc_hd__and2_1)
     1    0.003372    0.051282    0.135671    0.965349 ^ _0792_/X (sky130_fd_sc_hd__and2_1)
                                                         _0142_ (net)
                      0.051282    0.000037    0.965385 ^ _0793_/B2 (sky130_fd_sc_hd__o221a_1)
     1    0.002301    0.047610    0.159401    1.124787 ^ _0793_/X (sky130_fd_sc_hd__o221a_1)
                                                         _0039_ (net)
                      0.047610    0.000024    1.124811 ^ _1423_/D (sky130_fd_sc_hd__dfxtp_1)
                                              1.124811   data arrival time

                                  0.000000    0.000000   clock clk (rise edge)
                                  0.000000    0.000000   clock source latency
     1    0.024950    0.117791    0.081531    0.081531 ^ clk (in)
                                                         clk (net)
                      0.117803    0.000000    0.081531 ^ clkbuf_0_clk/A (sky130_fd_sc_hd__clkbuf_16)
     8    0.101812    0.118042    0.212408    0.293940 ^ clkbuf_0_clk/X (sky130_fd_sc_hd__clkbuf_16)
                                                         clknet_0_clk (net)
                      0.118327    0.004709    0.298648 ^ clkbuf_3_3__f_clk/A (sky130_fd_sc_hd__clkbuf_16)
     7    0.039218    0.059125    0.168133    0.466781 ^ clkbuf_3_3__f_clk/X (sky130_fd_sc_hd__clkbuf_16)
                                                         clknet_3_3__leaf_clk (net)
                      0.059139    0.000812    0.467593 ^ _1423_/CLK (sky130_fd_sc_hd__dfxtp_1)
                                  0.250000    0.717593   clock uncertainty
                                  0.000000    0.717593   clock reconvergence pessimism
                                 -0.029952    0.687642   library hold time
                                              0.687642   data required time
---------------------------------------------------------------------------------------------
                                              0.687642   data required time
                                             -1.124811   data arrival time
---------------------------------------------------------------------------------------------
                                              0.437169   slack (MET)


Startpoint: _1464_ (rising edge-triggered flip-flop clocked by clk)
Endpoint: _1424_ (rising edge-triggered flip-flop clocked by clk)
Path Group: clk
Path Type: min

Fanout         Cap        Slew       Delay        Time   Description
---------------------------------------------------------------------------------------------
                                  0.000000    0.000000   clock clk (rise edge)
                                  0.000000    0.000000   clock source latency
     1    0.024950    0.117791    0.081531    0.081531 ^ clk (in)
                                                         clk (net)
                      0.117803    0.000000    0.081531 ^ clkbuf_0_clk/A (sky130_fd_sc_hd__clkbuf_16)
     8    0.101812    0.118042    0.212408    0.293940 ^ clkbuf_0_clk/X (sky130_fd_sc_hd__clkbuf_16)
                                                         clknet_0_clk (net)
                      0.118327    0.004709    0.298648 ^ clkbuf_3_3__f_clk/A (sky130_fd_sc_hd__clkbuf_16)
     7    0.039218    0.059125    0.168133    0.466781 ^ clkbuf_3_3__f_clk/X (sky130_fd_sc_hd__clkbuf_16)
                                                         clknet_3_3__leaf_clk (net)
                      0.059135    0.000711    0.467492 ^ _1464_/CLK (sky130_fd_sc_hd__dfxtp_1)
     3    0.012324    0.123663    0.367331    0.834823 ^ _1464_/Q (sky130_fd_sc_hd__dfxtp_1)
                                                         core_out[31] (net)
                      0.123663    0.000086    0.834910 ^ _0794_/A (sky130_fd_sc_hd__and2_1)
     1    0.002900    0.047490    0.137242    0.972152 ^ _0794_/X (sky130_fd_sc_hd__and2_1)
                                                         _0143_ (net)
                      0.047490    0.000026    0.972179 ^ _0795_/B2 (sky130_fd_sc_hd__o221a_1)
     1    0.001916    0.044415    0.154713    1.126892 ^ _0795_/X (sky130_fd_sc_hd__o221a_1)
                                                         _0040_ (net)
                      0.044415    0.000016    1.126909 ^ _1424_/D (sky130_fd_sc_hd__dfxtp_1)
                                              1.126909   data arrival time

                                  0.000000    0.000000   clock clk (rise edge)
                                  0.000000    0.000000   clock source latency
     1    0.024950    0.117791    0.081531    0.081531 ^ clk (in)
                                                         clk (net)
                      0.117803    0.000000    0.081531 ^ clkbuf_0_clk/A (sky130_fd_sc_hd__clkbuf_16)
     8    0.101812    0.118042    0.212408    0.293940 ^ clkbuf_0_clk/X (sky130_fd_sc_hd__clkbuf_16)
                                                         clknet_0_clk (net)
                      0.118327    0.004709    0.298648 ^ clkbuf_3_3__f_clk/A (sky130_fd_sc_hd__clkbuf_16)
     7    0.039218    0.059125    0.168133    0.466781 ^ clkbuf_3_3__f_clk/X (sky130_fd_sc_hd__clkbuf_16)
                                                         clknet_3_3__leaf_clk (net)
                      0.059136    0.000746    0.467527 ^ _1424_/CLK (sky130_fd_sc_hd__dfxtp_1)
                                  0.250000    0.717527   clock uncertainty
                                  0.000000    0.717527   clock reconvergence pessimism
                                 -0.029284    0.688243   library hold time
                                              0.688243   data required time
---------------------------------------------------------------------------------------------
                                              0.688243   data required time
                                             -1.126909   data arrival time
---------------------------------------------------------------------------------------------
                                              0.438666   slack (MET)


Startpoint: _1447_ (rising edge-triggered flip-flop clocked by clk)
Endpoint: _1407_ (rising edge-triggered flip-flop clocked by clk)
Path Group: clk
Path Type: min

Fanout         Cap        Slew       Delay        Time   Description
---------------------------------------------------------------------------------------------
                                  0.000000    0.000000   clock clk (rise edge)
                                  0.000000    0.000000   clock source latency
     1    0.024950    0.117791    0.081531    0.081531 ^ clk (in)
                                                         clk (net)
                      0.117803    0.000000    0.081531 ^ clkbuf_0_clk/A (sky130_fd_sc_hd__clkbuf_16)
     8    0.101812    0.118042    0.212408    0.293940 ^ clkbuf_0_clk/X (sky130_fd_sc_hd__clkbuf_16)
                                                         clknet_0_clk (net)
                      0.118078    0.001717    0.295657 ^ clkbuf_3_5__f_clk/A (sky130_fd_sc_hd__clkbuf_16)
    14    0.044834    0.064104    0.171899    0.467556 ^ clkbuf_3_5__f_clk/X (sky130_fd_sc_hd__clkbuf_16)
                                                         clknet_3_5__leaf_clk (net)
                      0.064115    0.000843    0.468399 ^ _1447_/CLK (sky130_fd_sc_hd__dfxtp_1)
     4    0.012021    0.120948    0.367225    0.835623 ^ _1447_/Q (sky130_fd_sc_hd__dfxtp_1)
                                                         core_out[14] (net)
                      0.120948    0.000048    0.835671 ^ _0760_/A (sky130_fd_sc_hd__and2_1)
     1    0.002973    0.048058    0.137017    0.972688 ^ _0760_/X (sky130_fd_sc_hd__and2_1)
                                                         _0126_ (net)
                      0.048058    0.000018    0.972707 ^ _0761_/B2 (sky130_fd_sc_hd__o221a_1)
     1    0.002079    0.045769    0.156369    1.129076 ^ _0761_/X (sky130_fd_sc_hd__o221a_1)
                                                         _0023_ (net)
                      0.045769    0.000019    1.129095 ^ _1407_/D (sky130_fd_sc_hd__dfxtp_1)
                                              1.129095   data arrival time

                                  0.000000    0.000000   clock clk (rise edge)
                                  0.000000    0.000000   clock source latency
     1    0.024950    0.117791    0.081531    0.081531 ^ clk (in)
                                                         clk (net)
                      0.117803    0.000000    0.081531 ^ clkbuf_0_clk/A (sky130_fd_sc_hd__clkbuf_16)
     8    0.101812    0.118042    0.212408    0.293940 ^ clkbuf_0_clk/X (sky130_fd_sc_hd__clkbuf_16)
                                                         clknet_0_clk (net)
                      0.118078    0.001717    0.295657 ^ clkbuf_3_5__f_clk/A (sky130_fd_sc_hd__clkbuf_16)
    14    0.044834    0.064104    0.171899    0.467556 ^ clkbuf_3_5__f_clk/X (sky130_fd_sc_hd__clkbuf_16)
                                                         clknet_3_5__leaf_clk (net)
                      0.064161    0.001646    0.469202 ^ _1407_/CLK (sky130_fd_sc_hd__dfxtp_1)
                                  0.250000    0.719202   clock uncertainty
                                  0.000000    0.719202   clock reconvergence pessimism
                                 -0.028905    0.690297   library hold time
                                              0.690297   data required time
---------------------------------------------------------------------------------------------
                                              0.690297   data required time
                                             -1.129095   data arrival time
---------------------------------------------------------------------------------------------
                                              0.438798   slack (MET)


Startpoint: _1438_ (rising edge-triggered flip-flop clocked by clk)
Endpoint: _1398_ (rising edge-triggered flip-flop clocked by clk)
Path Group: clk
Path Type: min

Fanout         Cap        Slew       Delay        Time   Description
---------------------------------------------------------------------------------------------
                                  0.000000    0.000000   clock clk (rise edge)
                                  0.000000    0.000000   clock source latency
     1    0.024950    0.117791    0.081531    0.081531 ^ clk (in)
                                                         clk (net)
                      0.117803    0.000000    0.081531 ^ clkbuf_0_clk/A (sky130_fd_sc_hd__clkbuf_16)
     8    0.101812    0.118042    0.212408    0.293940 ^ clkbuf_0_clk/X (sky130_fd_sc_hd__clkbuf_16)
                                                         clknet_0_clk (net)
                      0.118327    0.004709    0.298648 ^ clkbuf_3_3__f_clk/A (sky130_fd_sc_hd__clkbuf_16)
     7    0.039218    0.059125    0.168133    0.466781 ^ clkbuf_3_3__f_clk/X (sky130_fd_sc_hd__clkbuf_16)
                                                         clknet_3_3__leaf_clk (net)
                      0.059130    0.000585    0.467367 ^ _1438_/CLK (sky130_fd_sc_hd__dfxtp_1)
     4    0.015141    0.149017    0.385340    0.852707 ^ _1438_/Q (sky130_fd_sc_hd__dfxtp_1)
                                                         core_out[5] (net)
                      0.149017    0.000343    0.853050 ^ _0740_/A1 (sky130_fd_sc_hd__a211o_1)
     1    0.004566    0.050146    0.151444    1.004494 ^ _0740_/X (sky130_fd_sc_hd__a211o_1)
                                                         _0115_ (net)
                      0.050146    0.000056    1.004551 ^ _0741_/B1 (sky130_fd_sc_hd__o211a_1)
     1    0.001902    0.034748    0.129969    1.134520 ^ _0741_/X (sky130_fd_sc_hd__o211a_1)
                                                         _0014_ (net)
                      0.034748    0.000016    1.134535 ^ _1398_/D (sky130_fd_sc_hd__dfxtp_1)
                                              1.134535   data arrival time

                                  0.000000    0.000000   clock clk (rise edge)
                                  0.000000    0.000000   clock source latency
     1    0.024950    0.117791    0.081531    0.081531 ^ clk (in)
                                                         clk (net)
                      0.117803    0.000000    0.081531 ^ clkbuf_0_clk/A (sky130_fd_sc_hd__clkbuf_16)
     8    0.101812    0.118042    0.212408    0.293940 ^ clkbuf_0_clk/X (sky130_fd_sc_hd__clkbuf_16)
                                                         clknet_0_clk (net)
                      0.118388    0.005176    0.299116 ^ clkbuf_3_2__f_clk/A (sky130_fd_sc_hd__clkbuf_16)
     9    0.038967    0.058895    0.167951    0.467067 ^ clkbuf_3_2__f_clk/X (sky130_fd_sc_hd__clkbuf_16)
                                                         clknet_3_2__leaf_clk (net)
                      0.058899    0.000546    0.467612 ^ _1398_/CLK (sky130_fd_sc_hd__dfxtp_1)
                                  0.250000    0.717612   clock uncertainty
                                  0.000000    0.717612   clock reconvergence pessimism
                                 -0.027295    0.690317   library hold time
                                              0.690317   data required time
---------------------------------------------------------------------------------------------
                                              0.690317   data required time
                                             -1.134535   data arrival time
---------------------------------------------------------------------------------------------
                                              0.444218   slack (MET)


Startpoint: _1448_ (rising edge-triggered flip-flop clocked by clk)
Endpoint: _1408_ (rising edge-triggered flip-flop clocked by clk)
Path Group: clk
Path Type: min

Fanout         Cap        Slew       Delay        Time   Description
---------------------------------------------------------------------------------------------
                                  0.000000    0.000000   clock clk (rise edge)
                                  0.000000    0.000000   clock source latency
     1    0.024950    0.117791    0.081531    0.081531 ^ clk (in)
                                                         clk (net)
                      0.117803    0.000000    0.081531 ^ clkbuf_0_clk/A (sky130_fd_sc_hd__clkbuf_16)
     8    0.101812    0.118042    0.212408    0.293940 ^ clkbuf_0_clk/X (sky130_fd_sc_hd__clkbuf_16)
                                                         clknet_0_clk (net)
                      0.118078    0.001717    0.295657 ^ clkbuf_3_5__f_clk/A (sky130_fd_sc_hd__clkbuf_16)
    14    0.044834    0.064104    0.171899    0.467556 ^ clkbuf_3_5__f_clk/X (sky130_fd_sc_hd__clkbuf_16)
                                                         clknet_3_5__leaf_clk (net)
                      0.064104    0.000246    0.467802 ^ _1448_/CLK (sky130_fd_sc_hd__dfxtp_1)
     4    0.012896    0.128810    0.372824    0.840626 ^ _1448_/Q (sky130_fd_sc_hd__dfxtp_1)
                                                         core_out[15] (net)
                      0.128810    0.000027    0.840653 ^ _0762_/A (sky130_fd_sc_hd__and2_1)
     1    0.002852    0.047203    0.138055    0.978708 ^ _0762_/X (sky130_fd_sc_hd__and2_1)
                                                         _0127_ (net)
                      0.047203    0.000015    0.978723 ^ _0763_/B2 (sky130_fd_sc_hd__o221a_1)
     1    0.002102    0.045961    0.156311    1.135034 ^ _0763_/X (sky130_fd_sc_hd__o221a_1)
                                                         _0024_ (net)
                      0.045961    0.000019    1.135053 ^ _1408_/D (sky130_fd_sc_hd__dfxtp_1)
                                              1.135053   data arrival time

                                  0.000000    0.000000   clock clk (rise edge)
                                  0.000000    0.000000   clock source latency
     1    0.024950    0.117791    0.081531    0.081531 ^ clk (in)
                                                         clk (net)
                      0.117803    0.000000    0.081531 ^ clkbuf_0_clk/A (sky130_fd_sc_hd__clkbuf_16)
     8    0.101812    0.118042    0.212408    0.293940 ^ clkbuf_0_clk/X (sky130_fd_sc_hd__clkbuf_16)
                                                         clknet_0_clk (net)
                      0.118078    0.001717    0.295657 ^ clkbuf_3_5__f_clk/A (sky130_fd_sc_hd__clkbuf_16)
    14    0.044834    0.064104    0.171899    0.467556 ^ clkbuf_3_5__f_clk/X (sky130_fd_sc_hd__clkbuf_16)
                                                         clknet_3_5__leaf_clk (net)
                      0.064165    0.001704    0.469260 ^ _1408_/CLK (sky130_fd_sc_hd__dfxtp_1)
                                  0.250000    0.719260   clock uncertainty
                                  0.000000    0.719260   clock reconvergence pessimism
                                 -0.028944    0.690316   library hold time
                                              0.690316   data required time
---------------------------------------------------------------------------------------------
                                              0.690316   data required time
                                             -1.135053   data arrival time
---------------------------------------------------------------------------------------------
                                              0.444738   slack (MET)


Startpoint: _1449_ (rising edge-triggered flip-flop clocked by clk)
Endpoint: _1449_ (rising edge-triggered flip-flop clocked by clk)
Path Group: clk
Path Type: min

Fanout         Cap        Slew       Delay        Time   Description
---------------------------------------------------------------------------------------------
                                  0.000000    0.000000   clock clk (rise edge)
                                  0.000000    0.000000   clock source latency
     1    0.024950    0.117791    0.081531    0.081531 ^ clk (in)
                                                         clk (net)
                      0.117803    0.000000    0.081531 ^ clkbuf_0_clk/A (sky130_fd_sc_hd__clkbuf_16)
     8    0.101812    0.118042    0.212408    0.293940 ^ clkbuf_0_clk/X (sky130_fd_sc_hd__clkbuf_16)
                                                         clknet_0_clk (net)
                      0.118081    0.001788    0.295728 ^ clkbuf_3_4__f_clk/A (sky130_fd_sc_hd__clkbuf_16)
    11    0.040866    0.060539    0.169002    0.464730 ^ clkbuf_3_4__f_clk/X (sky130_fd_sc_hd__clkbuf_16)
                                                         clknet_3_4__leaf_clk (net)
                      0.060581    0.001391    0.466121 ^ _1449_/CLK (sky130_fd_sc_hd__dfxtp_1)
     6    0.034951    0.164405    0.410839    0.876960 v _1449_/Q (sky130_fd_sc_hd__dfxtp_1)
                                                         core_out[16] (net)
                      0.164405    0.000309    0.877269 v _1280_/A2 (sky130_fd_sc_hd__o211a_1)
     1    0.002427    0.027537    0.244298    1.121567 v _1280_/X (sky130_fd_sc_hd__o211a_1)
                                                         _0065_ (net)
                      0.027537    0.000016    1.121583 v _1449_/D (sky130_fd_sc_hd__dfxtp_1)
                                              1.121583   data arrival time

                                  0.000000    0.000000   clock clk (rise edge)
                                  0.000000    0.000000   clock source latency
     1    0.024950    0.117791    0.081531    0.081531 ^ clk (in)
                                                         clk (net)
                      0.117803    0.000000    0.081531 ^ clkbuf_0_clk/A (sky130_fd_sc_hd__clkbuf_16)
     8    0.101812    0.118042    0.212408    0.293940 ^ clkbuf_0_clk/X (sky130_fd_sc_hd__clkbuf_16)
                                                         clknet_0_clk (net)
                      0.118081    0.001788    0.295728 ^ clkbuf_3_4__f_clk/A (sky130_fd_sc_hd__clkbuf_16)
    11    0.040866    0.060539    0.169002    0.464730 ^ clkbuf_3_4__f_clk/X (sky130_fd_sc_hd__clkbuf_16)
                                                         clknet_3_4__leaf_clk (net)
                      0.060581    0.001391    0.466121 ^ _1449_/CLK (sky130_fd_sc_hd__dfxtp_1)
                                  0.250000    0.716121   clock uncertainty
                                  0.000000    0.716121   clock reconvergence pessimism
                                 -0.042743    0.673378   library hold time
                                              0.673378   data required time
---------------------------------------------------------------------------------------------
                                              0.673378   data required time
                                             -1.121583   data arrival time
---------------------------------------------------------------------------------------------
                                              0.448205   slack (MET)


Startpoint: _1439_ (rising edge-triggered flip-flop clocked by clk)
Endpoint: _1399_ (rising edge-triggered flip-flop clocked by clk)
Path Group: clk
Path Type: min

Fanout         Cap        Slew       Delay        Time   Description
---------------------------------------------------------------------------------------------
                                  0.000000    0.000000   clock clk (rise edge)
                                  0.000000    0.000000   clock source latency
     1    0.024950    0.117791    0.081531    0.081531 ^ clk (in)
                                                         clk (net)
                      0.117803    0.000000    0.081531 ^ clkbuf_0_clk/A (sky130_fd_sc_hd__clkbuf_16)
     8    0.101812    0.118042    0.212408    0.293940 ^ clkbuf_0_clk/X (sky130_fd_sc_hd__clkbuf_16)
                                                         clknet_0_clk (net)
                      0.118327    0.004709    0.298648 ^ clkbuf_3_3__f_clk/A (sky130_fd_sc_hd__clkbuf_16)
     7    0.039218    0.059125    0.168133    0.466781 ^ clkbuf_3_3__f_clk/X (sky130_fd_sc_hd__clkbuf_16)
                                                         clknet_3_3__leaf_clk (net)
                      0.059133    0.000674    0.467455 ^ _1439_/CLK (sky130_fd_sc_hd__dfxtp_1)
     4    0.017457    0.169851    0.400261    0.867716 ^ _1439_/Q (sky130_fd_sc_hd__dfxtp_1)
                                                         core_out[6] (net)
                      0.169851    0.000276    0.867993 ^ _0743_/A1 (sky130_fd_sc_hd__a211o_1)
     1    0.003181    0.039430    0.147419    1.015412 ^ _0743_/X (sky130_fd_sc_hd__a211o_1)
                                                         _0117_ (net)
                      0.039430    0.000033    1.015445 ^ _0744_/B1 (sky130_fd_sc_hd__o211a_1)
     1    0.002149    0.036427    0.128819    1.144264 ^ _0744_/X (sky130_fd_sc_hd__o211a_1)
                                                         _0015_ (net)
                      0.036427    0.000021    1.144285 ^ _1399_/D (sky130_fd_sc_hd__dfxtp_1)
                                              1.144285   data arrival time

                                  0.000000    0.000000   clock clk (rise edge)
                                  0.000000    0.000000   clock source latency
     1    0.024950    0.117791    0.081531    0.081531 ^ clk (in)
                                                         clk (net)
                      0.117803    0.000000    0.081531 ^ clkbuf_0_clk/A (sky130_fd_sc_hd__clkbuf_16)
     8    0.101812    0.118042    0.212408    0.293940 ^ clkbuf_0_clk/X (sky130_fd_sc_hd__clkbuf_16)
                                                         clknet_0_clk (net)
                      0.118327    0.004709    0.298648 ^ clkbuf_3_3__f_clk/A (sky130_fd_sc_hd__clkbuf_16)
     7    0.039218    0.059125    0.168133    0.466781 ^ clkbuf_3_3__f_clk/X (sky130_fd_sc_hd__clkbuf_16)
                                                         clknet_3_3__leaf_clk (net)
                      0.059131    0.000608    0.467389 ^ _1399_/CLK (sky130_fd_sc_hd__dfxtp_1)
                                  0.250000    0.717390   clock uncertainty
                                  0.000000    0.717390   clock reconvergence pessimism
                                 -0.027616    0.689774   library hold time
                                              0.689774   data required time
---------------------------------------------------------------------------------------------
                                              0.689774   data required time
                                             -1.144285   data arrival time
---------------------------------------------------------------------------------------------
                                              0.454511   slack (MET)


Startpoint: _1462_ (rising edge-triggered flip-flop clocked by clk)
Endpoint: _1422_ (rising edge-triggered flip-flop clocked by clk)
Path Group: clk
Path Type: min

Fanout         Cap        Slew       Delay        Time   Description
---------------------------------------------------------------------------------------------
                                  0.000000    0.000000   clock clk (rise edge)
                                  0.000000    0.000000   clock source latency
     1    0.024950    0.117791    0.081531    0.081531 ^ clk (in)
                                                         clk (net)
                      0.117803    0.000000    0.081531 ^ clkbuf_0_clk/A (sky130_fd_sc_hd__clkbuf_16)
     8    0.101812    0.118042    0.212408    0.293940 ^ clkbuf_0_clk/X (sky130_fd_sc_hd__clkbuf_16)
                                                         clknet_0_clk (net)
                      0.118177    0.003282    0.297222 ^ clkbuf_3_6__f_clk/A (sky130_fd_sc_hd__clkbuf_16)
    14    0.045743    0.064948    0.172761    0.469983 ^ clkbuf_3_6__f_clk/X (sky130_fd_sc_hd__clkbuf_16)
                                                         clknet_3_6__leaf_clk (net)
                      0.064953    0.000651    0.470634 ^ _1462_/CLK (sky130_fd_sc_hd__dfxtp_1)
     4    0.013458    0.133860    0.376782    0.847416 ^ _1462_/Q (sky130_fd_sc_hd__dfxtp_1)
                                                         core_out[29] (net)
                      0.133860    0.000145    0.847561 ^ _0790_/A (sky130_fd_sc_hd__and2_1)
     1    0.003573    0.053275    0.144621    0.992183 ^ _0790_/X (sky130_fd_sc_hd__and2_1)
                                                         _0141_ (net)
                      0.053275    0.000043    0.992226 ^ _0791_/B2 (sky130_fd_sc_hd__o221a_1)
     1    0.001931    0.044546    0.156664    1.148890 ^ _0791_/X (sky130_fd_sc_hd__o221a_1)
                                                         _0038_ (net)
                      0.044546    0.000016    1.148906 ^ _1422_/D (sky130_fd_sc_hd__dfxtp_1)
                                              1.148906   data arrival time

                                  0.000000    0.000000   clock clk (rise edge)
                                  0.000000    0.000000   clock source latency
     1    0.024950    0.117791    0.081531    0.081531 ^ clk (in)
                                                         clk (net)
                      0.117803    0.000000    0.081531 ^ clkbuf_0_clk/A (sky130_fd_sc_hd__clkbuf_16)
     8    0.101812    0.118042    0.212408    0.293940 ^ clkbuf_0_clk/X (sky130_fd_sc_hd__clkbuf_16)
                                                         clknet_0_clk (net)
                      0.118177    0.003282    0.297222 ^ clkbuf_3_6__f_clk/A (sky130_fd_sc_hd__clkbuf_16)
    14    0.045743    0.064948    0.172761    0.469983 ^ clkbuf_3_6__f_clk/X (sky130_fd_sc_hd__clkbuf_16)
                                                         clknet_3_6__leaf_clk (net)
                      0.064979    0.001275    0.471257 ^ _1422_/CLK (sky130_fd_sc_hd__dfxtp_1)
                                  0.250000    0.721257   clock uncertainty
                                  0.000000    0.721257   clock reconvergence pessimism
                                 -0.028542    0.692716   library hold time
                                              0.692716   data required time
---------------------------------------------------------------------------------------------
                                              0.692716   data required time
                                             -1.148906   data arrival time
---------------------------------------------------------------------------------------------
                                              0.456190   slack (MET)


Startpoint: _1450_ (rising edge-triggered flip-flop clocked by clk)
Endpoint: _1450_ (rising edge-triggered flip-flop clocked by clk)
Path Group: clk
Path Type: min

Fanout         Cap        Slew       Delay        Time   Description
---------------------------------------------------------------------------------------------
                                  0.000000    0.000000   clock clk (rise edge)
                                  0.000000    0.000000   clock source latency
     1    0.024950    0.117791    0.081531    0.081531 ^ clk (in)
                                                         clk (net)
                      0.117803    0.000000    0.081531 ^ clkbuf_0_clk/A (sky130_fd_sc_hd__clkbuf_16)
     8    0.101812    0.118042    0.212408    0.293940 ^ clkbuf_0_clk/X (sky130_fd_sc_hd__clkbuf_16)
                                                         clknet_0_clk (net)
                      0.118180    0.003316    0.297256 ^ clkbuf_3_7__f_clk/A (sky130_fd_sc_hd__clkbuf_16)
    10    0.044183    0.063534    0.171616    0.468872 ^ clkbuf_3_7__f_clk/X (sky130_fd_sc_hd__clkbuf_16)
                                                         clknet_3_7__leaf_clk (net)
                      0.063535    0.000508    0.469381 ^ _1450_/CLK (sky130_fd_sc_hd__dfxtp_1)
     6    0.036278    0.170236    0.416581    0.885962 v _1450_/Q (sky130_fd_sc_hd__dfxtp_1)
                                                         core_out[17] (net)
                      0.170236    0.000254    0.886215 v _1285_/A2 (sky130_fd_sc_hd__o211a_1)
     1    0.002590    0.028396    0.247929    1.134144 v _1285_/X (sky130_fd_sc_hd__o211a_1)
                                                         _0066_ (net)
                      0.028396    0.000028    1.134172 v _1450_/D (sky130_fd_sc_hd__dfxtp_1)
                                              1.134172   data arrival time

                                  0.000000    0.000000   clock clk (rise edge)
                                  0.000000    0.000000   clock source latency
     1    0.024950    0.117791    0.081531    0.081531 ^ clk (in)
                                                         clk (net)
                      0.117803    0.000000    0.081531 ^ clkbuf_0_clk/A (sky130_fd_sc_hd__clkbuf_16)
     8    0.101812    0.118042    0.212408    0.293940 ^ clkbuf_0_clk/X (sky130_fd_sc_hd__clkbuf_16)
                                                         clknet_0_clk (net)
                      0.118180    0.003316    0.297256 ^ clkbuf_3_7__f_clk/A (sky130_fd_sc_hd__clkbuf_16)
    10    0.044183    0.063534    0.171616    0.468872 ^ clkbuf_3_7__f_clk/X (sky130_fd_sc_hd__clkbuf_16)
                                                         clknet_3_7__leaf_clk (net)
                      0.063535    0.000508    0.469381 ^ _1450_/CLK (sky130_fd_sc_hd__dfxtp_1)
                                  0.250000    0.719381   clock uncertainty
                                  0.000000    0.719381   clock reconvergence pessimism
                                 -0.042435    0.676945   library hold time
                                              0.676945   data required time
---------------------------------------------------------------------------------------------
                                              0.676945   data required time
                                             -1.134172   data arrival time
---------------------------------------------------------------------------------------------
                                              0.457227   slack (MET)


Startpoint: _1461_ (rising edge-triggered flip-flop clocked by clk)
Endpoint: _1421_ (rising edge-triggered flip-flop clocked by clk)
Path Group: clk
Path Type: min

Fanout         Cap        Slew       Delay        Time   Description
---------------------------------------------------------------------------------------------
                                  0.000000    0.000000   clock clk (rise edge)
                                  0.000000    0.000000   clock source latency
     1    0.024950    0.117791    0.081531    0.081531 ^ clk (in)
                                                         clk (net)
                      0.117803    0.000000    0.081531 ^ clkbuf_0_clk/A (sky130_fd_sc_hd__clkbuf_16)
     8    0.101812    0.118042    0.212408    0.293940 ^ clkbuf_0_clk/X (sky130_fd_sc_hd__clkbuf_16)
                                                         clknet_0_clk (net)
                      0.118177    0.003282    0.297222 ^ clkbuf_3_6__f_clk/A (sky130_fd_sc_hd__clkbuf_16)
    14    0.045743    0.064948    0.172761    0.469983 ^ clkbuf_3_6__f_clk/X (sky130_fd_sc_hd__clkbuf_16)
                                                         clknet_3_6__leaf_clk (net)
                      0.064984    0.001352    0.471334 ^ _1461_/CLK (sky130_fd_sc_hd__dfxtp_1)
     5    0.012813    0.128066    0.372646    0.843980 ^ _1461_/Q (sky130_fd_sc_hd__dfxtp_1)
                                                         core_out[28] (net)
                      0.128066    0.000063    0.844043 ^ _0788_/A (sky130_fd_sc_hd__and2_1)
     1    0.004101    0.057540    0.146924    0.990967 ^ _0788_/X (sky130_fd_sc_hd__and2_1)
                                                         _0140_ (net)
                      0.057540    0.000057    0.991024 ^ _0789_/B2 (sky130_fd_sc_hd__o221a_1)
     1    0.002113    0.046045    0.159551    1.150576 ^ _0789_/X (sky130_fd_sc_hd__o221a_1)
                                                         _0037_ (net)
                      0.046045    0.000019    1.150595 ^ _1421_/D (sky130_fd_sc_hd__dfxtp_1)
                                              1.150595   data arrival time

                                  0.000000    0.000000   clock clk (rise edge)
                                  0.000000    0.000000   clock source latency
     1    0.024950    0.117791    0.081531    0.081531 ^ clk (in)
                                                         clk (net)
                      0.117803    0.000000    0.081531 ^ clkbuf_0_clk/A (sky130_fd_sc_hd__clkbuf_16)
     8    0.101812    0.118042    0.212408    0.293940 ^ clkbuf_0_clk/X (sky130_fd_sc_hd__clkbuf_16)
                                                         clknet_0_clk (net)
                      0.118177    0.003282    0.297222 ^ clkbuf_3_6__f_clk/A (sky130_fd_sc_hd__clkbuf_16)
    14    0.045743    0.064948    0.172761    0.469983 ^ clkbuf_3_6__f_clk/X (sky130_fd_sc_hd__clkbuf_16)
                                                         clknet_3_6__leaf_clk (net)
                      0.064969    0.001074    0.471056 ^ _1421_/CLK (sky130_fd_sc_hd__dfxtp_1)
                                  0.250000    0.721056   clock uncertainty
                                  0.000000    0.721056   clock reconvergence pessimism
                                 -0.028856    0.692200   library hold time
                                              0.692200   data required time
---------------------------------------------------------------------------------------------
                                              0.692200   data required time
                                             -1.150595   data arrival time
---------------------------------------------------------------------------------------------
                                              0.458395   slack (MET)


Startpoint: _1444_ (rising edge-triggered flip-flop clocked by clk)
Endpoint: _1404_ (rising edge-triggered flip-flop clocked by clk)
Path Group: clk
Path Type: min

Fanout         Cap        Slew       Delay        Time   Description
---------------------------------------------------------------------------------------------
                                  0.000000    0.000000   clock clk (rise edge)
                                  0.000000    0.000000   clock source latency
     1    0.024950    0.117791    0.081531    0.081531 ^ clk (in)
                                                         clk (net)
                      0.117803    0.000000    0.081531 ^ clkbuf_0_clk/A (sky130_fd_sc_hd__clkbuf_16)
     8    0.101812    0.118042    0.212408    0.293940 ^ clkbuf_0_clk/X (sky130_fd_sc_hd__clkbuf_16)
                                                         clknet_0_clk (net)
                      0.118078    0.001717    0.295657 ^ clkbuf_3_5__f_clk/A (sky130_fd_sc_hd__clkbuf_16)
    14    0.044834    0.064104    0.171899    0.467556 ^ clkbuf_3_5__f_clk/X (sky130_fd_sc_hd__clkbuf_16)
                                                         clknet_3_5__leaf_clk (net)
                      0.064118    0.000931    0.468486 ^ _1444_/CLK (sky130_fd_sc_hd__dfxtp_1)
     4    0.013806    0.136996    0.378675    0.847161 ^ _1444_/Q (sky130_fd_sc_hd__dfxtp_1)
                                                         core_out[11] (net)
                      0.136996    0.000109    0.847270 ^ _0754_/A (sky130_fd_sc_hd__and2_1)
     1    0.003433    0.052186    0.144377    0.991647 ^ _0754_/X (sky130_fd_sc_hd__and2_1)
                                                         _0123_ (net)
                      0.052186    0.000037    0.991683 ^ _0755_/B2 (sky130_fd_sc_hd__o221a_1)
     1    0.001954    0.045860    0.156545    1.148228 ^ _0755_/X (sky130_fd_sc_hd__o221a_1)
                                                         _0020_ (net)
                      0.045860    0.000009    1.148237 ^ _1404_/D (sky130_fd_sc_hd__dfxtp_1)
                                              1.148237   data arrival time

                                  0.000000    0.000000   clock clk (rise edge)
                                  0.000000    0.000000   clock source latency
     1    0.024950    0.117791    0.081531    0.081531 ^ clk (in)
                                                         clk (net)
                      0.117803    0.000000    0.081531 ^ clkbuf_0_clk/A (sky130_fd_sc_hd__clkbuf_16)
     8    0.101812    0.118042    0.212408    0.293940 ^ clkbuf_0_clk/X (sky130_fd_sc_hd__clkbuf_16)
                                                         clknet_0_clk (net)
                      0.118078    0.001717    0.295657 ^ clkbuf_3_5__f_clk/A (sky130_fd_sc_hd__clkbuf_16)
    14    0.044834    0.064104    0.171899    0.467556 ^ clkbuf_3_5__f_clk/X (sky130_fd_sc_hd__clkbuf_16)
                                                         clknet_3_5__leaf_clk (net)
                      0.064125    0.001081    0.468637 ^ _1404_/CLK (sky130_fd_sc_hd__dfxtp_1)
                                  0.250000    0.718637   clock uncertainty
                                  0.000000    0.718637   clock reconvergence pessimism
                                 -0.028929    0.689708   library hold time
                                              0.689708   data required time
---------------------------------------------------------------------------------------------
                                              0.689708   data required time
                                             -1.148237   data arrival time
---------------------------------------------------------------------------------------------
                                              0.458528   slack (MET)


Startpoint: _1459_ (rising edge-triggered flip-flop clocked by clk)
Endpoint: _1419_ (rising edge-triggered flip-flop clocked by clk)
Path Group: clk
Path Type: min

Fanout         Cap        Slew       Delay        Time   Description
---------------------------------------------------------------------------------------------
                                  0.000000    0.000000   clock clk (rise edge)
                                  0.000000    0.000000   clock source latency
     1    0.024950    0.117791    0.081531    0.081531 ^ clk (in)
                                                         clk (net)
                      0.117803    0.000000    0.081531 ^ clkbuf_0_clk/A (sky130_fd_sc_hd__clkbuf_16)
     8    0.101812    0.118042    0.212408    0.293940 ^ clkbuf_0_clk/X (sky130_fd_sc_hd__clkbuf_16)
                                                         clknet_0_clk (net)
                      0.118177    0.003282    0.297222 ^ clkbuf_3_6__f_clk/A (sky130_fd_sc_hd__clkbuf_16)
    14    0.045743    0.064948    0.172761    0.469983 ^ clkbuf_3_6__f_clk/X (sky130_fd_sc_hd__clkbuf_16)
                                                         clknet_3_6__leaf_clk (net)
                      0.064951    0.000577    0.470560 ^ _1459_/CLK (sky130_fd_sc_hd__dfxtp_1)
     5    0.013990    0.138651    0.380172    0.850732 ^ _1459_/Q (sky130_fd_sc_hd__dfxtp_1)
                                                         core_out[26] (net)
                      0.138651    0.000045    0.850777 ^ _0784_/A (sky130_fd_sc_hd__and2_1)
     1    0.003604    0.053626    0.145936    0.996714 ^ _0784_/X (sky130_fd_sc_hd__and2_1)
                                                         _0138_ (net)
                      0.053626    0.000046    0.996759 ^ _0785_/B2 (sky130_fd_sc_hd__o221a_1)
     1    0.002006    0.045160    0.157444    1.154203 ^ _0785_/X (sky130_fd_sc_hd__o221a_1)
                                                         _0035_ (net)
                      0.045160    0.000017    1.154220 ^ _1419_/D (sky130_fd_sc_hd__dfxtp_1)
                                              1.154220   data arrival time

                                  0.000000    0.000000   clock clk (rise edge)
                                  0.000000    0.000000   clock source latency
     1    0.024950    0.117791    0.081531    0.081531 ^ clk (in)
                                                         clk (net)
                      0.117803    0.000000    0.081531 ^ clkbuf_0_clk/A (sky130_fd_sc_hd__clkbuf_16)
     8    0.101812    0.118042    0.212408    0.293940 ^ clkbuf_0_clk/X (sky130_fd_sc_hd__clkbuf_16)
                                                         clknet_0_clk (net)
                      0.118177    0.003282    0.297222 ^ clkbuf_3_6__f_clk/A (sky130_fd_sc_hd__clkbuf_16)
    14    0.045743    0.064948    0.172761    0.469983 ^ clkbuf_3_6__f_clk/X (sky130_fd_sc_hd__clkbuf_16)
                                                         clknet_3_6__leaf_clk (net)
                      0.064962    0.000926    0.470908 ^ _1419_/CLK (sky130_fd_sc_hd__dfxtp_1)
                                  0.250000    0.720908   clock uncertainty
                                  0.000000    0.720908   clock reconvergence pessimism
                                 -0.028672    0.692236   library hold time
                                              0.692236   data required time
---------------------------------------------------------------------------------------------
                                              0.692236   data required time
                                             -1.154220   data arrival time
---------------------------------------------------------------------------------------------
                                              0.461984   slack (MET)


Startpoint: _1441_ (rising edge-triggered flip-flop clocked by clk)
Endpoint: _1401_ (rising edge-triggered flip-flop clocked by clk)
Path Group: clk
Path Type: min

Fanout         Cap        Slew       Delay        Time   Description
---------------------------------------------------------------------------------------------
                                  0.000000    0.000000   clock clk (rise edge)
                                  0.000000    0.000000   clock source latency
     1    0.024950    0.117791    0.081531    0.081531 ^ clk (in)
                                                         clk (net)
                      0.117803    0.000000    0.081531 ^ clkbuf_0_clk/A (sky130_fd_sc_hd__clkbuf_16)
     8    0.101812    0.118042    0.212408    0.293940 ^ clkbuf_0_clk/X (sky130_fd_sc_hd__clkbuf_16)
                                                         clknet_0_clk (net)
                      0.118177    0.003282    0.297222 ^ clkbuf_3_6__f_clk/A (sky130_fd_sc_hd__clkbuf_16)
    14    0.045743    0.064948    0.172761    0.469983 ^ clkbuf_3_6__f_clk/X (sky130_fd_sc_hd__clkbuf_16)
                                                         clknet_3_6__leaf_clk (net)
                      0.064950    0.000499    0.470482 ^ _1441_/CLK (sky130_fd_sc_hd__dfxtp_1)
     4    0.010106    0.103766    0.355207    0.825688 ^ _1441_/Q (sky130_fd_sc_hd__dfxtp_1)
                                                         core_out[8] (net)
                      0.103766    0.000066    0.825754 ^ _0748_/A (sky130_fd_sc_hd__and2_1)
     1    0.007794    0.089497    0.164640    0.990394 ^ _0748_/X (sky130_fd_sc_hd__and2_1)
                                                         _0120_ (net)
                      0.089497    0.000266    0.990660 ^ _0749_/B2 (sky130_fd_sc_hd__o221a_1)
     1    0.002145    0.046310    0.169090    1.159750 ^ _0749_/X (sky130_fd_sc_hd__o221a_1)
                                                         _0017_ (net)
                      0.046310    0.000020    1.159770 ^ _1401_/D (sky130_fd_sc_hd__dfxtp_1)
                                              1.159770   data arrival time

                                  0.000000    0.000000   clock clk (rise edge)
                                  0.000000    0.000000   clock source latency
     1    0.024950    0.117791    0.081531    0.081531 ^ clk (in)
                                                         clk (net)
                      0.117803    0.000000    0.081531 ^ clkbuf_0_clk/A (sky130_fd_sc_hd__clkbuf_16)
     8    0.101812    0.118042    0.212408    0.293940 ^ clkbuf_0_clk/X (sky130_fd_sc_hd__clkbuf_16)
                                                         clknet_0_clk (net)
                      0.118177    0.003282    0.297222 ^ clkbuf_3_6__f_clk/A (sky130_fd_sc_hd__clkbuf_16)
    14    0.045743    0.064948    0.172761    0.469983 ^ clkbuf_3_6__f_clk/X (sky130_fd_sc_hd__clkbuf_16)
                                                         clknet_3_6__leaf_clk (net)
                      0.064962    0.000924    0.470906 ^ _1401_/CLK (sky130_fd_sc_hd__dfxtp_1)
                                  0.250000    0.720906   clock uncertainty
                                  0.000000    0.720906   clock reconvergence pessimism
                                 -0.028912    0.691994   library hold time
                                              0.691994   data required time
---------------------------------------------------------------------------------------------
                                              0.691994   data required time
                                             -1.159770   data arrival time
---------------------------------------------------------------------------------------------
                                              0.467776   slack (MET)


Startpoint: _1453_ (rising edge-triggered flip-flop clocked by clk)
Endpoint: _1413_ (rising edge-triggered flip-flop clocked by clk)
Path Group: clk
Path Type: min

Fanout         Cap        Slew       Delay        Time   Description
---------------------------------------------------------------------------------------------
                                  0.000000    0.000000   clock clk (rise edge)
                                  0.000000    0.000000   clock source latency
     1    0.024950    0.117791    0.081531    0.081531 ^ clk (in)
                                                         clk (net)
                      0.117803    0.000000    0.081531 ^ clkbuf_0_clk/A (sky130_fd_sc_hd__clkbuf_16)
     8    0.101812    0.118042    0.212408    0.293940 ^ clkbuf_0_clk/X (sky130_fd_sc_hd__clkbuf_16)
                                                         clknet_0_clk (net)
                      0.118081    0.001788    0.295728 ^ clkbuf_3_4__f_clk/A (sky130_fd_sc_hd__clkbuf_16)
    11    0.040866    0.060539    0.169002    0.464730 ^ clkbuf_3_4__f_clk/X (sky130_fd_sc_hd__clkbuf_16)
                                                         clknet_3_4__leaf_clk (net)
                      0.060575    0.001304    0.466035 ^ _1453_/CLK (sky130_fd_sc_hd__dfxtp_2)
     6    0.025459    0.134503    0.391466    0.857501 ^ _1453_/Q (sky130_fd_sc_hd__dfxtp_2)
                                                         core_out[20] (net)
                      0.134503    0.000076    0.857577 ^ _0772_/A (sky130_fd_sc_hd__and2_1)
     1    0.003150    0.049788    0.141651    0.999228 ^ _0772_/X (sky130_fd_sc_hd__and2_1)
                                                         _0132_ (net)
                      0.049788    0.000020    0.999248 ^ _0773_/B2 (sky130_fd_sc_hd__o221a_1)
     1    0.001960    0.045912    0.155842    1.155090 ^ _0773_/X (sky130_fd_sc_hd__o221a_1)
                                                         _0029_ (net)
                      0.045912    0.000009    1.155098 ^ _1413_/D (sky130_fd_sc_hd__dfxtp_1)
                                              1.155098   data arrival time

                                  0.000000    0.000000   clock clk (rise edge)
                                  0.000000    0.000000   clock source latency
     1    0.024950    0.117791    0.081531    0.081531 ^ clk (in)
                                                         clk (net)
                      0.117803    0.000000    0.081531 ^ clkbuf_0_clk/A (sky130_fd_sc_hd__clkbuf_16)
     8    0.101812    0.118042    0.212408    0.293940 ^ clkbuf_0_clk/X (sky130_fd_sc_hd__clkbuf_16)
                                                         clknet_0_clk (net)
                      0.118081    0.001788    0.295728 ^ clkbuf_3_4__f_clk/A (sky130_fd_sc_hd__clkbuf_16)
    11    0.040866    0.060539    0.169002    0.464730 ^ clkbuf_3_4__f_clk/X (sky130_fd_sc_hd__clkbuf_16)
                                                         clknet_3_4__leaf_clk (net)
                      0.060584    0.001433    0.466164 ^ _1413_/CLK (sky130_fd_sc_hd__dfxtp_1)
                                  0.250000    0.716164   clock uncertainty
                                  0.000000    0.716164   clock reconvergence pessimism
                                 -0.029406    0.686757   library hold time
                                              0.686757   data required time
---------------------------------------------------------------------------------------------
                                              0.686757   data required time
                                             -1.155098   data arrival time
---------------------------------------------------------------------------------------------
                                              0.468341   slack (MET)


Startpoint: _1442_ (rising edge-triggered flip-flop clocked by clk)
Endpoint: _1402_ (rising edge-triggered flip-flop clocked by clk)
Path Group: clk
Path Type: min

Fanout         Cap        Slew       Delay        Time   Description
---------------------------------------------------------------------------------------------
                                  0.000000    0.000000   clock clk (rise edge)
                                  0.000000    0.000000   clock source latency
     1    0.024950    0.117791    0.081531    0.081531 ^ clk (in)
                                                         clk (net)
                      0.117803    0.000000    0.081531 ^ clkbuf_0_clk/A (sky130_fd_sc_hd__clkbuf_16)
     8    0.101812    0.118042    0.212408    0.293940 ^ clkbuf_0_clk/X (sky130_fd_sc_hd__clkbuf_16)
                                                         clknet_0_clk (net)
                      0.118078    0.001717    0.295657 ^ clkbuf_3_5__f_clk/A (sky130_fd_sc_hd__clkbuf_16)
    14    0.044834    0.064104    0.171899    0.467556 ^ clkbuf_3_5__f_clk/X (sky130_fd_sc_hd__clkbuf_16)
                                                         clknet_3_5__leaf_clk (net)
                      0.064119    0.000952    0.468508 ^ _1442_/CLK (sky130_fd_sc_hd__dfxtp_1)
     4    0.011165    0.113254    0.361752    0.830261 ^ _1442_/Q (sky130_fd_sc_hd__dfxtp_1)
                                                         core_out[9] (net)
                      0.113254    0.000040    0.830300 ^ _0750_/A (sky130_fd_sc_hd__and2_1)
     1    0.006654    0.079444    0.160062    0.990362 ^ _0750_/X (sky130_fd_sc_hd__and2_1)
                                                         _0121_ (net)
                      0.079444    0.000148    0.990510 ^ _0751_/B2 (sky130_fd_sc_hd__o221a_1)
     1    0.001917    0.045519    0.164119    1.154629 ^ _0751_/X (sky130_fd_sc_hd__o221a_1)
                                                         _0018_ (net)
                      0.045519    0.000008    1.154638 ^ _1402_/D (sky130_fd_sc_hd__dfxtp_1)
                                              1.154638   data arrival time

                                  0.000000    0.000000   clock clk (rise edge)
                                  0.000000    0.000000   clock source latency
     1    0.024950    0.117791    0.081531    0.081531 ^ clk (in)
                                                         clk (net)
                      0.117803    0.000000    0.081531 ^ clkbuf_0_clk/A (sky130_fd_sc_hd__clkbuf_16)
     8    0.101812    0.118042    0.212408    0.293940 ^ clkbuf_0_clk/X (sky130_fd_sc_hd__clkbuf_16)
                                                         clknet_0_clk (net)
                      0.118081    0.001788    0.295728 ^ clkbuf_3_4__f_clk/A (sky130_fd_sc_hd__clkbuf_16)
    11    0.040866    0.060539    0.169002    0.464730 ^ clkbuf_3_4__f_clk/X (sky130_fd_sc_hd__clkbuf_16)
                                                         clknet_3_4__leaf_clk (net)
                      0.060542    0.000601    0.465331 ^ _1402_/CLK (sky130_fd_sc_hd__dfxtp_1)
                                  0.250000    0.715331   clock uncertainty
                                  0.000000    0.715331   clock reconvergence pessimism
                                 -0.029330    0.686001   library hold time
                                              0.686001   data required time
---------------------------------------------------------------------------------------------
                                              0.686001   data required time
                                             -1.154638   data arrival time
---------------------------------------------------------------------------------------------
                                              0.468636   slack (MET)


Startpoint: _1440_ (rising edge-triggered flip-flop clocked by clk)
Endpoint: _1400_ (rising edge-triggered flip-flop clocked by clk)
Path Group: clk
Path Type: min

Fanout         Cap        Slew       Delay        Time   Description
---------------------------------------------------------------------------------------------
                                  0.000000    0.000000   clock clk (rise edge)
                                  0.000000    0.000000   clock source latency
     1    0.024950    0.117791    0.081531    0.081531 ^ clk (in)
                                                         clk (net)
                      0.117803    0.000000    0.081531 ^ clkbuf_0_clk/A (sky130_fd_sc_hd__clkbuf_16)
     8    0.101812    0.118042    0.212408    0.293940 ^ clkbuf_0_clk/X (sky130_fd_sc_hd__clkbuf_16)
                                                         clknet_0_clk (net)
                      0.118177    0.003282    0.297222 ^ clkbuf_3_6__f_clk/A (sky130_fd_sc_hd__clkbuf_16)
    14    0.045743    0.064948    0.172761    0.469983 ^ clkbuf_3_6__f_clk/X (sky130_fd_sc_hd__clkbuf_16)
                                                         clknet_3_6__leaf_clk (net)
                      0.064952    0.000600    0.470583 ^ _1440_/CLK (sky130_fd_sc_hd__dfxtp_1)
     4    0.011055    0.112275    0.361315    0.831897 ^ _1440_/Q (sky130_fd_sc_hd__dfxtp_1)
                                                         core_out[7] (net)
                      0.112275    0.000061    0.831959 ^ _0745_/A (sky130_fd_sc_hd__and2_1)
     1    0.006726    0.080074    0.160202    0.992160 ^ _0745_/X (sky130_fd_sc_hd__and2_1)
                                                         _0118_ (net)
                      0.080074    0.000187    0.992348 ^ _0747_/B1 (sky130_fd_sc_hd__o221a_1)
     1    0.001946    0.044647    0.170346    1.162694 ^ _0747_/X (sky130_fd_sc_hd__o221a_1)
                                                         _0016_ (net)
                      0.044647    0.000016    1.162710 ^ _1400_/D (sky130_fd_sc_hd__dfxtp_1)
                                              1.162710   data arrival time

                                  0.000000    0.000000   clock clk (rise edge)
                                  0.000000    0.000000   clock source latency
     1    0.024950    0.117791    0.081531    0.081531 ^ clk (in)
                                                         clk (net)
                      0.117803    0.000000    0.081531 ^ clkbuf_0_clk/A (sky130_fd_sc_hd__clkbuf_16)
     8    0.101812    0.118042    0.212408    0.293940 ^ clkbuf_0_clk/X (sky130_fd_sc_hd__clkbuf_16)
                                                         clknet_0_clk (net)
                      0.118177    0.003282    0.297222 ^ clkbuf_3_6__f_clk/A (sky130_fd_sc_hd__clkbuf_16)
    14    0.045743    0.064948    0.172761    0.469983 ^ clkbuf_3_6__f_clk/X (sky130_fd_sc_hd__clkbuf_16)
                                                         clknet_3_6__leaf_clk (net)
                      0.064978    0.001255    0.471238 ^ _1400_/CLK (sky130_fd_sc_hd__dfxtp_1)
                                  0.250000    0.721238   clock uncertainty
                                  0.000000    0.721238   clock reconvergence pessimism
                                 -0.028563    0.692675   library hold time
                                              0.692675   data required time
---------------------------------------------------------------------------------------------
                                              0.692675   data required time
                                             -1.162710   data arrival time
---------------------------------------------------------------------------------------------
                                              0.470035   slack (MET)


Startpoint: _1426_ (rising edge-triggered flip-flop clocked by clk)
Endpoint: _1426_ (rising edge-triggered flip-flop clocked by clk)
Path Group: clk
Path Type: min

Fanout         Cap        Slew       Delay        Time   Description
---------------------------------------------------------------------------------------------
                                  0.000000    0.000000   clock clk (rise edge)
                                  0.000000    0.000000   clock source latency
     1    0.024950    0.117791    0.081531    0.081531 ^ clk (in)
                                                         clk (net)
                      0.117803    0.000000    0.081531 ^ clkbuf_0_clk/A (sky130_fd_sc_hd__clkbuf_16)
     8    0.101812    0.118042    0.212408    0.293940 ^ clkbuf_0_clk/X (sky130_fd_sc_hd__clkbuf_16)
                                                         clknet_0_clk (net)
                      0.118516    0.006031    0.299970 ^ clkbuf_3_1__f_clk/A (sky130_fd_sc_hd__clkbuf_16)
    13    0.045331    0.064568    0.172593    0.472564 ^ clkbuf_3_1__f_clk/X (sky130_fd_sc_hd__clkbuf_16)
                                                         clknet_3_1__leaf_clk (net)
                      0.064570    0.000515    0.473079 ^ _1426_/CLK (sky130_fd_sc_hd__dfxtp_1)
     1    0.005866    0.066654    0.327335    0.800414 ^ _1426_/Q (sky130_fd_sc_hd__dfxtp_1)
                                                         core_b[1] (net)
                      0.066654    0.000072    0.800486 ^ fanout77/A (sky130_fd_sc_hd__buf_6)
    10    0.039918    0.087362    0.140188    0.940674 ^ fanout77/X (sky130_fd_sc_hd__buf_6)
                                                         net77 (net)
                      0.087362    0.000116    0.940790 ^ _0799_/A0 (sky130_fd_sc_hd__mux2_1)
     1    0.001874    0.034544    0.121591    1.062380 ^ _0799_/X (sky130_fd_sc_hd__mux2_1)
                                                         _0146_ (net)
                      0.034544    0.000016    1.062396 ^ _0800_/B (sky130_fd_sc_hd__and2_1)
     1    0.001950    0.040072    0.104991    1.167387 ^ _0800_/X (sky130_fd_sc_hd__and2_1)
                                                         _0042_ (net)
                      0.040072    0.000009    1.167396 ^ _1426_/D (sky130_fd_sc_hd__dfxtp_1)
                                              1.167396   data arrival time

                                  0.000000    0.000000   clock clk (rise edge)
                                  0.000000    0.000000   clock source latency
     1    0.024950    0.117791    0.081531    0.081531 ^ clk (in)
                                                         clk (net)
                      0.117803    0.000000    0.081531 ^ clkbuf_0_clk/A (sky130_fd_sc_hd__clkbuf_16)
     8    0.101812    0.118042    0.212408    0.293940 ^ clkbuf_0_clk/X (sky130_fd_sc_hd__clkbuf_16)
                                                         clknet_0_clk (net)
                      0.118516    0.006031    0.299970 ^ clkbuf_3_1__f_clk/A (sky130_fd_sc_hd__clkbuf_16)
    13    0.045331    0.064568    0.172593    0.472564 ^ clkbuf_3_1__f_clk/X (sky130_fd_sc_hd__clkbuf_16)
                                                         clknet_3_1__leaf_clk (net)
                      0.064570    0.000515    0.473079 ^ _1426_/CLK (sky130_fd_sc_hd__dfxtp_1)
                                  0.250000    0.723079   clock uncertainty
                                  0.000000    0.723079   clock reconvergence pessimism
                                 -0.027661    0.695417   library hold time
                                              0.695417   data required time
---------------------------------------------------------------------------------------------
                                              0.695417   data required time
                                             -1.167396   data arrival time
---------------------------------------------------------------------------------------------
                                              0.471979   slack (MET)


Startpoint: _1433_ (rising edge-triggered flip-flop clocked by clk)
Endpoint: _1393_ (rising edge-triggered flip-flop clocked by clk)
Path Group: clk
Path Type: min

Fanout         Cap        Slew       Delay        Time   Description
---------------------------------------------------------------------------------------------
                                  0.000000    0.000000   clock clk (rise edge)
                                  0.000000    0.000000   clock source latency
     1    0.024950    0.117791    0.081531    0.081531 ^ clk (in)
                                                         clk (net)
                      0.117803    0.000000    0.081531 ^ clkbuf_0_clk/A (sky130_fd_sc_hd__clkbuf_16)
     8    0.101812    0.118042    0.212408    0.293940 ^ clkbuf_0_clk/X (sky130_fd_sc_hd__clkbuf_16)
                                                         clknet_0_clk (net)
                      0.118508    0.005978    0.299917 ^ clkbuf_3_0__f_clk/A (sky130_fd_sc_hd__clkbuf_16)
     9    0.037838    0.057925    0.167263    0.467180 ^ clkbuf_3_0__f_clk/X (sky130_fd_sc_hd__clkbuf_16)
                                                         clknet_3_0__leaf_clk (net)
                      0.057925    0.000096    0.467276 ^ _1433_/CLK (sky130_fd_sc_hd__dfxtp_1)
     3    0.009722    0.100332    0.350096    0.817372 ^ _1433_/Q (sky130_fd_sc_hd__dfxtp_1)
                                                         core_out[0] (net)
                      0.100332    0.000215    0.817587 ^ _0724_/B2 (sky130_fd_sc_hd__a22o_1)
     1    0.002692    0.043896    0.129872    0.947459 ^ _0724_/X (sky130_fd_sc_hd__a22o_1)
                                                         _0104_ (net)
                      0.043896    0.000011    0.947470 ^ _0725_/C1 (sky130_fd_sc_hd__a211o_1)
     1    0.003437    0.041121    0.088500    1.035970 ^ _0725_/X (sky130_fd_sc_hd__a211o_1)
                                                         _0105_ (net)
                      0.041121    0.000040    1.036010 ^ _0726_/B1 (sky130_fd_sc_hd__o211a_1)
     1    0.001866    0.034499    0.127108    1.163118 ^ _0726_/X (sky130_fd_sc_hd__o211a_1)
                                                         _0009_ (net)
                      0.034499    0.000015    1.163133 ^ _1393_/D (sky130_fd_sc_hd__dfxtp_1)
                                              1.163133   data arrival time

                                  0.000000    0.000000   clock clk (rise edge)
                                  0.000000    0.000000   clock source latency
     1    0.024950    0.117791    0.081531    0.081531 ^ clk (in)
                                                         clk (net)
                      0.117803    0.000000    0.081531 ^ clkbuf_0_clk/A (sky130_fd_sc_hd__clkbuf_16)
     8    0.101812    0.118042    0.212408    0.293940 ^ clkbuf_0_clk/X (sky130_fd_sc_hd__clkbuf_16)
                                                         clknet_0_clk (net)
                      0.118508    0.005978    0.299917 ^ clkbuf_3_0__f_clk/A (sky130_fd_sc_hd__clkbuf_16)
     9    0.037838    0.057925    0.167263    0.467180 ^ clkbuf_3_0__f_clk/X (sky130_fd_sc_hd__clkbuf_16)
                                                         clknet_3_0__leaf_clk (net)
                      0.057927    0.000389    0.467569 ^ _1393_/CLK (sky130_fd_sc_hd__dfxtp_1)
                                  0.250000    0.717569   clock uncertainty
                                  0.000000    0.717569   clock reconvergence pessimism
                                 -0.027371    0.690198   library hold time
                                              0.690198   data required time
---------------------------------------------------------------------------------------------
                                              0.690198   data required time
                                             -1.163133   data arrival time
---------------------------------------------------------------------------------------------
                                              0.472935   slack (MET)


Startpoint: _1460_ (rising edge-triggered flip-flop clocked by clk)
Endpoint: _1420_ (rising edge-triggered flip-flop clocked by clk)
Path Group: clk
Path Type: min

Fanout         Cap        Slew       Delay        Time   Description
---------------------------------------------------------------------------------------------
                                  0.000000    0.000000   clock clk (rise edge)
                                  0.000000    0.000000   clock source latency
     1    0.024950    0.117791    0.081531    0.081531 ^ clk (in)
                                                         clk (net)
                      0.117803    0.000000    0.081531 ^ clkbuf_0_clk/A (sky130_fd_sc_hd__clkbuf_16)
     8    0.101812    0.118042    0.212408    0.293940 ^ clkbuf_0_clk/X (sky130_fd_sc_hd__clkbuf_16)
                                                         clknet_0_clk (net)
                      0.118177    0.003282    0.297222 ^ clkbuf_3_6__f_clk/A (sky130_fd_sc_hd__clkbuf_16)
    14    0.045743    0.064948    0.172761    0.469983 ^ clkbuf_3_6__f_clk/X (sky130_fd_sc_hd__clkbuf_16)
                                                         clknet_3_6__leaf_clk (net)
                      0.064951    0.000551    0.470533 ^ _1460_/CLK (sky130_fd_sc_hd__dfxtp_1)
     4    0.015603    0.153169    0.390527    0.861060 ^ _1460_/Q (sky130_fd_sc_hd__dfxtp_1)
                                                         core_out[27] (net)
                      0.153169    0.000230    0.861290 ^ _0786_/A (sky130_fd_sc_hd__and2_1)
     1    0.003282    0.051263    0.146944    1.008234 ^ _0786_/X (sky130_fd_sc_hd__and2_1)
                                                         _0139_ (net)
                      0.051263    0.000036    1.008270 ^ _0787_/B2 (sky130_fd_sc_hd__o221a_1)
     1    0.002017    0.045260    0.156822    1.165092 ^ _0787_/X (sky130_fd_sc_hd__o221a_1)
                                                         _0036_ (net)
                      0.045260    0.000018    1.165110 ^ _1420_/D (sky130_fd_sc_hd__dfxtp_1)
                                              1.165110   data arrival time

                                  0.000000    0.000000   clock clk (rise edge)
                                  0.000000    0.000000   clock source latency
     1    0.024950    0.117791    0.081531    0.081531 ^ clk (in)
                                                         clk (net)
                      0.117803    0.000000    0.081531 ^ clkbuf_0_clk/A (sky130_fd_sc_hd__clkbuf_16)
     8    0.101812    0.118042    0.212408    0.293940 ^ clkbuf_0_clk/X (sky130_fd_sc_hd__clkbuf_16)
                                                         clknet_0_clk (net)
                      0.118177    0.003282    0.297222 ^ clkbuf_3_6__f_clk/A (sky130_fd_sc_hd__clkbuf_16)
    14    0.045743    0.064948    0.172761    0.469983 ^ clkbuf_3_6__f_clk/X (sky130_fd_sc_hd__clkbuf_16)
                                                         clknet_3_6__leaf_clk (net)
                      0.064956    0.000767    0.470750 ^ _1420_/CLK (sky130_fd_sc_hd__dfxtp_1)
                                  0.250000    0.720750   clock uncertainty
                                  0.000000    0.720750   clock reconvergence pessimism
                                 -0.028694    0.692056   library hold time
                                              0.692056   data required time
---------------------------------------------------------------------------------------------
                                              0.692056   data required time
                                             -1.165110   data arrival time
---------------------------------------------------------------------------------------------
                                              0.473053   slack (MET)


Startpoint: _1452_ (rising edge-triggered flip-flop clocked by clk)
Endpoint: _1412_ (rising edge-triggered flip-flop clocked by clk)
Path Group: clk
Path Type: min

Fanout         Cap        Slew       Delay        Time   Description
---------------------------------------------------------------------------------------------
                                  0.000000    0.000000   clock clk (rise edge)
                                  0.000000    0.000000   clock source latency
     1    0.024950    0.117791    0.081531    0.081531 ^ clk (in)
                                                         clk (net)
                      0.117803    0.000000    0.081531 ^ clkbuf_0_clk/A (sky130_fd_sc_hd__clkbuf_16)
     8    0.101812    0.118042    0.212408    0.293940 ^ clkbuf_0_clk/X (sky130_fd_sc_hd__clkbuf_16)
                                                         clknet_0_clk (net)
                      0.118081    0.001788    0.295728 ^ clkbuf_3_4__f_clk/A (sky130_fd_sc_hd__clkbuf_16)
    11    0.040866    0.060539    0.169002    0.464730 ^ clkbuf_3_4__f_clk/X (sky130_fd_sc_hd__clkbuf_16)
                                                         clknet_3_4__leaf_clk (net)
                      0.060566    0.001158    0.465889 ^ _1452_/CLK (sky130_fd_sc_hd__dfxtp_1)
     4    0.015064    0.077616    0.343517    0.809405 v _1452_/Q (sky130_fd_sc_hd__dfxtp_1)
                                                         core_out[19] (net)
                      0.077616    0.000115    0.809520 v _0770_/A (sky130_fd_sc_hd__and2_1)
     1    0.003251    0.035684    0.148794    0.958314 v _0770_/X (sky130_fd_sc_hd__and2_1)
                                                         _0131_ (net)
                      0.035684    0.000027    0.958341 v _0771_/B2 (sky130_fd_sc_hd__o221a_1)
     1    0.001967    0.029128    0.190054    1.148395 v _0771_/X (sky130_fd_sc_hd__o221a_1)
                                                         _0028_ (net)
                      0.029128    0.000009    1.148404 v _1412_/D (sky130_fd_sc_hd__dfxtp_1)
                                              1.148404   data arrival time

                                  0.000000    0.000000   clock clk (rise edge)
                                  0.000000    0.000000   clock source latency
     1    0.024950    0.117791    0.081531    0.081531 ^ clk (in)
                                                         clk (net)
                      0.117803    0.000000    0.081531 ^ clkbuf_0_clk/A (sky130_fd_sc_hd__clkbuf_16)
     8    0.101812    0.118042    0.212408    0.293940 ^ clkbuf_0_clk/X (sky130_fd_sc_hd__clkbuf_16)
                                                         clknet_0_clk (net)
                      0.118081    0.001788    0.295728 ^ clkbuf_3_4__f_clk/A (sky130_fd_sc_hd__clkbuf_16)
    11    0.040866    0.060539    0.169002    0.464730 ^ clkbuf_3_4__f_clk/X (sky130_fd_sc_hd__clkbuf_16)
                                                         clknet_3_4__leaf_clk (net)
                      0.060546    0.000735    0.465465 ^ _1412_/CLK (sky130_fd_sc_hd__dfxtp_1)
                                  0.250000    0.715465   clock uncertainty
                                  0.000000    0.715465   clock reconvergence pessimism
                                 -0.043414    0.672051   library hold time
                                              0.672051   data required time
---------------------------------------------------------------------------------------------
                                              0.672051   data required time
                                             -1.148404   data arrival time
---------------------------------------------------------------------------------------------
                                              0.476353   slack (MET)


Startpoint: _1457_ (rising edge-triggered flip-flop clocked by clk)
Endpoint: _1417_ (rising edge-triggered flip-flop clocked by clk)
Path Group: clk
Path Type: min

Fanout         Cap        Slew       Delay        Time   Description
---------------------------------------------------------------------------------------------
                                  0.000000    0.000000   clock clk (rise edge)
                                  0.000000    0.000000   clock source latency
     1    0.024950    0.117791    0.081531    0.081531 ^ clk (in)
                                                         clk (net)
                      0.117803    0.000000    0.081531 ^ clkbuf_0_clk/A (sky130_fd_sc_hd__clkbuf_16)
     8    0.101812    0.118042    0.212408    0.293940 ^ clkbuf_0_clk/X (sky130_fd_sc_hd__clkbuf_16)
                                                         clknet_0_clk (net)
                      0.118180    0.003316    0.297256 ^ clkbuf_3_7__f_clk/A (sky130_fd_sc_hd__clkbuf_16)
    10    0.044183    0.063534    0.171616    0.468872 ^ clkbuf_3_7__f_clk/X (sky130_fd_sc_hd__clkbuf_16)
                                                         clknet_3_7__leaf_clk (net)
                      0.063535    0.000473    0.469345 ^ _1457_/CLK (sky130_fd_sc_hd__dfxtp_2)
     6    0.027099    0.142365    0.398317    0.867661 ^ _1457_/Q (sky130_fd_sc_hd__dfxtp_2)
                                                         core_out[24] (net)
                      0.142365    0.000207    0.867869 ^ _0780_/A (sky130_fd_sc_hd__and2_1)
     1    0.002818    0.047197    0.140879    1.008747 ^ _0780_/X (sky130_fd_sc_hd__and2_1)
                                                         _0136_ (net)
                      0.047197    0.000025    1.008772 ^ _0781_/B2 (sky130_fd_sc_hd__o221a_1)
     1    0.002029    0.046543    0.155654    1.164426 ^ _0781_/X (sky130_fd_sc_hd__o221a_1)
                                                         _0033_ (net)
                      0.046543    0.000010    1.164436 ^ _1417_/D (sky130_fd_sc_hd__dfxtp_1)
                                              1.164436   data arrival time

                                  0.000000    0.000000   clock clk (rise edge)
                                  0.000000    0.000000   clock source latency
     1    0.024950    0.117791    0.081531    0.081531 ^ clk (in)
                                                         clk (net)
                      0.117803    0.000000    0.081531 ^ clkbuf_0_clk/A (sky130_fd_sc_hd__clkbuf_16)
     8    0.101812    0.118042    0.212408    0.293940 ^ clkbuf_0_clk/X (sky130_fd_sc_hd__clkbuf_16)
                                                         clknet_0_clk (net)
                      0.118081    0.001788    0.295728 ^ clkbuf_3_4__f_clk/A (sky130_fd_sc_hd__clkbuf_16)
    11    0.040866    0.060539    0.169002    0.464730 ^ clkbuf_3_4__f_clk/X (sky130_fd_sc_hd__clkbuf_16)
                                                         clknet_3_4__leaf_clk (net)
                      0.060581    0.001384    0.466114 ^ _1417_/CLK (sky130_fd_sc_hd__dfxtp_1)
                                  0.250000    0.716114   clock uncertainty
                                  0.000000    0.716114   clock reconvergence pessimism
                                 -0.029539    0.686576   library hold time
                                              0.686576   data required time
---------------------------------------------------------------------------------------------
                                              0.686576   data required time
                                             -1.164436   data arrival time
---------------------------------------------------------------------------------------------
                                              0.477860   slack (MET)


Startpoint: _1445_ (rising edge-triggered flip-flop clocked by clk)
Endpoint: _1405_ (rising edge-triggered flip-flop clocked by clk)
Path Group: clk
Path Type: min

Fanout         Cap        Slew       Delay        Time   Description
---------------------------------------------------------------------------------------------
                                  0.000000    0.000000   clock clk (rise edge)
                                  0.000000    0.000000   clock source latency
     1    0.024950    0.117791    0.081531    0.081531 ^ clk (in)
                                                         clk (net)
                      0.117803    0.000000    0.081531 ^ clkbuf_0_clk/A (sky130_fd_sc_hd__clkbuf_16)
     8    0.101812    0.118042    0.212408    0.293940 ^ clkbuf_0_clk/X (sky130_fd_sc_hd__clkbuf_16)
                                                         clknet_0_clk (net)
                      0.118078    0.001717    0.295657 ^ clkbuf_3_5__f_clk/A (sky130_fd_sc_hd__clkbuf_16)
    14    0.044834    0.064104    0.171899    0.467556 ^ clkbuf_3_5__f_clk/X (sky130_fd_sc_hd__clkbuf_16)
                                                         clknet_3_5__leaf_clk (net)
                      0.064131    0.001198    0.468754 ^ _1445_/CLK (sky130_fd_sc_hd__dfxtp_1)
     4    0.016930    0.085681    0.351356    0.820111 v _1445_/Q (sky130_fd_sc_hd__dfxtp_1)
                                                         core_out[12] (net)
                      0.085681    0.000048    0.820158 v _0756_/A (sky130_fd_sc_hd__and2_1)
     1    0.002576    0.032610    0.148489    0.968647 v _0756_/X (sky130_fd_sc_hd__and2_1)
                                                         _0124_ (net)
                      0.032610    0.000013    0.968660 v _0757_/B2 (sky130_fd_sc_hd__o221a_1)
     1    0.001919    0.028960    0.188570    1.157230 v _0757_/X (sky130_fd_sc_hd__o221a_1)
                                                         _0021_ (net)
                      0.028960    0.000016    1.157246 v _1405_/D (sky130_fd_sc_hd__dfxtp_1)
                                              1.157246   data arrival time

                                  0.000000    0.000000   clock clk (rise edge)
                                  0.000000    0.000000   clock source latency
     1    0.024950    0.117791    0.081531    0.081531 ^ clk (in)
                                                         clk (net)
                      0.117803    0.000000    0.081531 ^ clkbuf_0_clk/A (sky130_fd_sc_hd__clkbuf_16)
     8    0.101812    0.118042    0.212408    0.293940 ^ clkbuf_0_clk/X (sky130_fd_sc_hd__clkbuf_16)
                                                         clknet_0_clk (net)
                      0.118078    0.001717    0.295657 ^ clkbuf_3_5__f_clk/A (sky130_fd_sc_hd__clkbuf_16)
    14    0.044834    0.064104    0.171899    0.467556 ^ clkbuf_3_5__f_clk/X (sky130_fd_sc_hd__clkbuf_16)
                                                         clknet_3_5__leaf_clk (net)
                      0.064142    0.001385    0.468940 ^ _1405_/CLK (sky130_fd_sc_hd__dfxtp_1)
                                  0.250000    0.718940   clock uncertainty
                                  0.000000    0.718940   clock reconvergence pessimism
                                 -0.042534    0.676407   library hold time
                                              0.676407   data required time
---------------------------------------------------------------------------------------------
                                              0.676407   data required time
                                             -1.157246   data arrival time
---------------------------------------------------------------------------------------------
                                              0.480839   slack (MET)


Startpoint: _1456_ (rising edge-triggered flip-flop clocked by clk)
Endpoint: _1416_ (rising edge-triggered flip-flop clocked by clk)
Path Group: clk
Path Type: min

Fanout         Cap        Slew       Delay        Time   Description
---------------------------------------------------------------------------------------------
                                  0.000000    0.000000   clock clk (rise edge)
                                  0.000000    0.000000   clock source latency
     1    0.024950    0.117791    0.081531    0.081531 ^ clk (in)
                                                         clk (net)
                      0.117803    0.000000    0.081531 ^ clkbuf_0_clk/A (sky130_fd_sc_hd__clkbuf_16)
     8    0.101812    0.118042    0.212408    0.293940 ^ clkbuf_0_clk/X (sky130_fd_sc_hd__clkbuf_16)
                                                         clknet_0_clk (net)
                      0.118180    0.003316    0.297256 ^ clkbuf_3_7__f_clk/A (sky130_fd_sc_hd__clkbuf_16)
    10    0.044183    0.063534    0.171616    0.468872 ^ clkbuf_3_7__f_clk/X (sky130_fd_sc_hd__clkbuf_16)
                                                         clknet_3_7__leaf_clk (net)
                      0.063540    0.000733    0.469605 ^ _1456_/CLK (sky130_fd_sc_hd__dfxtp_1)
     4    0.016377    0.083258    0.349272    0.818877 v _1456_/Q (sky130_fd_sc_hd__dfxtp_1)
                                                         core_out[23] (net)
                      0.083258    0.000077    0.818955 v _0778_/A (sky130_fd_sc_hd__and2_1)
     1    0.002974    0.034412    0.149715    0.968669 v _0778_/X (sky130_fd_sc_hd__and2_1)
                                                         _0135_ (net)
                      0.034412    0.000032    0.968701 v _0779_/B2 (sky130_fd_sc_hd__o221a_1)
     1    0.002905    0.034445    0.197206    1.165907 v _0779_/X (sky130_fd_sc_hd__o221a_1)
                                                         _0032_ (net)
                      0.034445    0.000023    1.165931 v _1416_/D (sky130_fd_sc_hd__dfxtp_1)
                                              1.165931   data arrival time

                                  0.000000    0.000000   clock clk (rise edge)
                                  0.000000    0.000000   clock source latency
     1    0.024950    0.117791    0.081531    0.081531 ^ clk (in)
                                                         clk (net)
                      0.117803    0.000000    0.081531 ^ clkbuf_0_clk/A (sky130_fd_sc_hd__clkbuf_16)
     8    0.101812    0.118042    0.212408    0.293940 ^ clkbuf_0_clk/X (sky130_fd_sc_hd__clkbuf_16)
                                                         clknet_0_clk (net)
                      0.118180    0.003316    0.297256 ^ clkbuf_3_7__f_clk/A (sky130_fd_sc_hd__clkbuf_16)
    10    0.044183    0.063534    0.171616    0.468872 ^ clkbuf_3_7__f_clk/X (sky130_fd_sc_hd__clkbuf_16)
                                                         clknet_3_7__leaf_clk (net)
                      0.063552    0.001022    0.469894 ^ _1416_/CLK (sky130_fd_sc_hd__dfxtp_1)
                                  0.250000    0.719894   clock uncertainty
                                  0.000000    0.719894   clock reconvergence pessimism
                                 -0.044955    0.674939   library hold time
                                              0.674939   data required time
---------------------------------------------------------------------------------------------
                                              0.674939   data required time
                                             -1.165931   data arrival time
---------------------------------------------------------------------------------------------
                                              0.490992   slack (MET)


Startpoint: _1443_ (rising edge-triggered flip-flop clocked by clk)
Endpoint: _1403_ (rising edge-triggered flip-flop clocked by clk)
Path Group: clk
Path Type: min

Fanout         Cap        Slew       Delay        Time   Description
---------------------------------------------------------------------------------------------
                                  0.000000    0.000000   clock clk (rise edge)
                                  0.000000    0.000000   clock source latency
     1    0.024950    0.117791    0.081531    0.081531 ^ clk (in)
                                                         clk (net)
                      0.117803    0.000000    0.081531 ^ clkbuf_0_clk/A (sky130_fd_sc_hd__clkbuf_16)
     8    0.101812    0.118042    0.212408    0.293940 ^ clkbuf_0_clk/X (sky130_fd_sc_hd__clkbuf_16)
                                                         clknet_0_clk (net)
                      0.118078    0.001717    0.295657 ^ clkbuf_3_5__f_clk/A (sky130_fd_sc_hd__clkbuf_16)
    14    0.044834    0.064104    0.171899    0.467556 ^ clkbuf_3_5__f_clk/X (sky130_fd_sc_hd__clkbuf_16)
                                                         clknet_3_5__leaf_clk (net)
                      0.064118    0.000929    0.468484 ^ _1443_/CLK (sky130_fd_sc_hd__dfxtp_1)
     4    0.018843    0.093975    0.358019    0.826503 v _1443_/Q (sky130_fd_sc_hd__dfxtp_1)
                                                         core_out[10] (net)
                      0.093975    0.000218    0.826721 v _0752_/A (sky130_fd_sc_hd__and2_1)
     1    0.002632    0.032886    0.152540    0.979261 v _0752_/X (sky130_fd_sc_hd__and2_1)
                                                         _0122_ (net)
                      0.032886    0.000015    0.979276 v _0753_/B2 (sky130_fd_sc_hd__o221a_1)
     1    0.002097    0.029909    0.190111    1.169387 v _0753_/X (sky130_fd_sc_hd__o221a_1)
                                                         _0019_ (net)
                      0.029909    0.000019    1.169407 v _1403_/D (sky130_fd_sc_hd__dfxtp_1)
                                              1.169407   data arrival time

                                  0.000000    0.000000   clock clk (rise edge)
                                  0.000000    0.000000   clock source latency
     1    0.024950    0.117791    0.081531    0.081531 ^ clk (in)
                                                         clk (net)
                      0.117803    0.000000    0.081531 ^ clkbuf_0_clk/A (sky130_fd_sc_hd__clkbuf_16)
     8    0.101812    0.118042    0.212408    0.293940 ^ clkbuf_0_clk/X (sky130_fd_sc_hd__clkbuf_16)
                                                         clknet_0_clk (net)
                      0.118078    0.001717    0.295657 ^ clkbuf_3_5__f_clk/A (sky130_fd_sc_hd__clkbuf_16)
    14    0.044834    0.064104    0.171899    0.467556 ^ clkbuf_3_5__f_clk/X (sky130_fd_sc_hd__clkbuf_16)
                                                         clknet_3_5__leaf_clk (net)
                      0.064163    0.001682    0.469237 ^ _1403_/CLK (sky130_fd_sc_hd__dfxtp_1)
                                  0.250000    0.719237   clock uncertainty
                                  0.000000    0.719237   clock reconvergence pessimism
                                 -0.042925    0.676313   library hold time
                                              0.676313   data required time
---------------------------------------------------------------------------------------------
                                              0.676313   data required time
                                             -1.169407   data arrival time
---------------------------------------------------------------------------------------------
                                              0.493094   slack (MET)


Startpoint: _1455_ (rising edge-triggered flip-flop clocked by clk)
Endpoint: _1415_ (rising edge-triggered flip-flop clocked by clk)
Path Group: clk
Path Type: min

Fanout         Cap        Slew       Delay        Time   Description
---------------------------------------------------------------------------------------------
                                  0.000000    0.000000   clock clk (rise edge)
                                  0.000000    0.000000   clock source latency
     1    0.024950    0.117791    0.081531    0.081531 ^ clk (in)
                                                         clk (net)
                      0.117803    0.000000    0.081531 ^ clkbuf_0_clk/A (sky130_fd_sc_hd__clkbuf_16)
     8    0.101812    0.118042    0.212408    0.293940 ^ clkbuf_0_clk/X (sky130_fd_sc_hd__clkbuf_16)
                                                         clknet_0_clk (net)
                      0.118180    0.003316    0.297256 ^ clkbuf_3_7__f_clk/A (sky130_fd_sc_hd__clkbuf_16)
    10    0.044183    0.063534    0.171616    0.468872 ^ clkbuf_3_7__f_clk/X (sky130_fd_sc_hd__clkbuf_16)
                                                         clknet_3_7__leaf_clk (net)
                      0.063563    0.001243    0.470115 ^ _1455_/CLK (sky130_fd_sc_hd__dfxtp_1)
     5    0.018994    0.094648    0.358298    0.828413 v _1455_/Q (sky130_fd_sc_hd__dfxtp_1)
                                                         core_out[22] (net)
                      0.094648    0.000068    0.828481 v _0776_/A (sky130_fd_sc_hd__and2_1)
     1    0.002930    0.034248    0.154587    0.983068 v _0776_/X (sky130_fd_sc_hd__and2_1)
                                                         _0134_ (net)
                      0.034248    0.000018    0.983086 v _0777_/B2 (sky130_fd_sc_hd__o221a_1)
     1    0.001992    0.029308    0.189748    1.172834 v _0777_/X (sky130_fd_sc_hd__o221a_1)
                                                         _0031_ (net)
                      0.029308    0.000010    1.172844 v _1415_/D (sky130_fd_sc_hd__dfxtp_1)
                                              1.172844   data arrival time

                                  0.000000    0.000000   clock clk (rise edge)
                                  0.000000    0.000000   clock source latency
     1    0.024950    0.117791    0.081531    0.081531 ^ clk (in)
                                                         clk (net)
                      0.117803    0.000000    0.081531 ^ clkbuf_0_clk/A (sky130_fd_sc_hd__clkbuf_16)
     8    0.101812    0.118042    0.212408    0.293940 ^ clkbuf_0_clk/X (sky130_fd_sc_hd__clkbuf_16)
                                                         clknet_0_clk (net)
                      0.118180    0.003316    0.297256 ^ clkbuf_3_7__f_clk/A (sky130_fd_sc_hd__clkbuf_16)
    10    0.044183    0.063534    0.171616    0.468872 ^ clkbuf_3_7__f_clk/X (sky130_fd_sc_hd__clkbuf_16)
                                                         clknet_3_7__leaf_clk (net)
                      0.063579    0.001491    0.470363 ^ _1415_/CLK (sky130_fd_sc_hd__dfxtp_1)
                                  0.250000    0.720363   clock uncertainty
                                  0.000000    0.720363   clock reconvergence pessimism
                                 -0.042806    0.677557   library hold time
                                              0.677557   data required time
---------------------------------------------------------------------------------------------
                                              0.677557   data required time
                                             -1.172844   data arrival time
---------------------------------------------------------------------------------------------
                                              0.495286   slack (MET)


Startpoint: _1384_ (rising edge-triggered flip-flop clocked by clk)
Endpoint: _1442_ (rising edge-triggered flip-flop clocked by clk)
Path Group: clk
Path Type: min

Fanout         Cap        Slew       Delay        Time   Description
---------------------------------------------------------------------------------------------
                                  0.000000    0.000000   clock clk (rise edge)
                                  0.000000    0.000000   clock source latency
     1    0.024950    0.117791    0.081531    0.081531 ^ clk (in)
                                                         clk (net)
                      0.117803    0.000000    0.081531 ^ clkbuf_0_clk/A (sky130_fd_sc_hd__clkbuf_16)
     8    0.101812    0.118042    0.212408    0.293940 ^ clkbuf_0_clk/X (sky130_fd_sc_hd__clkbuf_16)
                                                         clknet_0_clk (net)
                      0.118388    0.005176    0.299116 ^ clkbuf_3_2__f_clk/A (sky130_fd_sc_hd__clkbuf_16)
     9    0.038967    0.058895    0.167951    0.467067 ^ clkbuf_3_2__f_clk/X (sky130_fd_sc_hd__clkbuf_16)
                                                         clknet_3_2__leaf_clk (net)
                      0.058908    0.000794    0.467861 ^ _1384_/CLK (sky130_fd_sc_hd__dfxtp_1)
     1    0.003451    0.029130    0.299344    0.767204 v _1384_/Q (sky130_fd_sc_hd__dfxtp_1)
                                                         core_valid (net)
                      0.029130    0.000041    0.767246 v fanout104/A (sky130_fd_sc_hd__clkbuf_2)
     5    0.033281    0.128864    0.178746    0.945992 v fanout104/X (sky130_fd_sc_hd__clkbuf_2)
                                                         net104 (net)
                      0.128868    0.000848    0.946840 v _1091_/B1 (sky130_fd_sc_hd__o21ai_1)
     1    0.002717    0.082138    0.104885    1.051725 ^ _1091_/Y (sky130_fd_sc_hd__o21ai_1)
                                                         _0422_ (net)
                      0.082138    0.000023    1.051748 ^ _1092_/C1 (sky130_fd_sc_hd__o211a_1)
     1    0.003185    0.043182    0.141889    1.193637 ^ _1092_/X (sky130_fd_sc_hd__o211a_1)
                                                         _0058_ (net)
                      0.043182    0.000043    1.193679 ^ _1442_/D (sky130_fd_sc_hd__dfxtp_1)
                                              1.193679   data arrival time

                                  0.000000    0.000000   clock clk (rise edge)
                                  0.000000    0.000000   clock source latency
     1    0.024950    0.117791    0.081531    0.081531 ^ clk (in)
                                                         clk (net)
                      0.117803    0.000000    0.081531 ^ clkbuf_0_clk/A (sky130_fd_sc_hd__clkbuf_16)
     8    0.101812    0.118042    0.212408    0.293940 ^ clkbuf_0_clk/X (sky130_fd_sc_hd__clkbuf_16)
                                                         clknet_0_clk (net)
                      0.118078    0.001717    0.295657 ^ clkbuf_3_5__f_clk/A (sky130_fd_sc_hd__clkbuf_16)
    14    0.044834    0.064104    0.171899    0.467556 ^ clkbuf_3_5__f_clk/X (sky130_fd_sc_hd__clkbuf_16)
                                                         clknet_3_5__leaf_clk (net)
                      0.064119    0.000952    0.468508 ^ _1442_/CLK (sky130_fd_sc_hd__dfxtp_1)
                                  0.250000    0.718508   clock uncertainty
                                  0.000000    0.718508   clock reconvergence pessimism
                                 -0.028370    0.690138   library hold time
                                              0.690138   data required time
---------------------------------------------------------------------------------------------
                                              0.690138   data required time
                                             -1.193679   data arrival time
---------------------------------------------------------------------------------------------
                                              0.503541   slack (MET)


Startpoint: _1436_ (rising edge-triggered flip-flop clocked by clk)
Endpoint: _1396_ (rising edge-triggered flip-flop clocked by clk)
Path Group: clk
Path Type: min

Fanout         Cap        Slew       Delay        Time   Description
---------------------------------------------------------------------------------------------
                                  0.000000    0.000000   clock clk (rise edge)
                                  0.000000    0.000000   clock source latency
     1    0.024950    0.117791    0.081531    0.081531 ^ clk (in)
                                                         clk (net)
                      0.117803    0.000000    0.081531 ^ clkbuf_0_clk/A (sky130_fd_sc_hd__clkbuf_16)
     8    0.101812    0.118042    0.212408    0.293940 ^ clkbuf_0_clk/X (sky130_fd_sc_hd__clkbuf_16)
                                                         clknet_0_clk (net)
                      0.118388    0.005176    0.299116 ^ clkbuf_3_2__f_clk/A (sky130_fd_sc_hd__clkbuf_16)
     9    0.038967    0.058895    0.167951    0.467067 ^ clkbuf_3_2__f_clk/X (sky130_fd_sc_hd__clkbuf_16)
                                                         clknet_3_2__leaf_clk (net)
                      0.058904    0.000712    0.467779 ^ _1436_/CLK (sky130_fd_sc_hd__dfxtp_1)
     4    0.012201    0.122564    0.366422    0.834201 ^ _1436_/Q (sky130_fd_sc_hd__dfxtp_1)
                                                         core_out[3] (net)
                      0.122564    0.000161    0.834362 ^ _0733_/B2 (sky130_fd_sc_hd__a22o_1)
     1    0.002672    0.044976    0.136147    0.970509 ^ _0733_/X (sky130_fd_sc_hd__a22o_1)
                                                         _0110_ (net)
                      0.044976    0.000012    0.970520 ^ _0734_/C1 (sky130_fd_sc_hd__a211o_1)
     1    0.003896    0.044688    0.091734    1.062254 ^ _0734_/X (sky130_fd_sc_hd__a211o_1)
                                                         _0111_ (net)
                      0.044688    0.000049    1.062303 ^ _0735_/B1 (sky130_fd_sc_hd__o211a_1)
     1    0.002340    0.037745    0.131809    1.194112 ^ _0735_/X (sky130_fd_sc_hd__o211a_1)
                                                         _0012_ (net)
                      0.037745    0.000024    1.194137 ^ _1396_/D (sky130_fd_sc_hd__dfxtp_1)
                                              1.194137   data arrival time

                                  0.000000    0.000000   clock clk (rise edge)
                                  0.000000    0.000000   clock source latency
     1    0.024950    0.117791    0.081531    0.081531 ^ clk (in)
                                                         clk (net)
                      0.117803    0.000000    0.081531 ^ clkbuf_0_clk/A (sky130_fd_sc_hd__clkbuf_16)
     8    0.101812    0.118042    0.212408    0.293940 ^ clkbuf_0_clk/X (sky130_fd_sc_hd__clkbuf_16)
                                                         clknet_0_clk (net)
                      0.118388    0.005176    0.299116 ^ clkbuf_3_2__f_clk/A (sky130_fd_sc_hd__clkbuf_16)
     9    0.038967    0.058895    0.167951    0.467067 ^ clkbuf_3_2__f_clk/X (sky130_fd_sc_hd__clkbuf_16)
                                                         clknet_3_2__leaf_clk (net)
                      0.058904    0.000711    0.467778 ^ _1396_/CLK (sky130_fd_sc_hd__dfxtp_1)
                                  0.250000    0.717778   clock uncertainty
                                  0.000000    0.717778   clock reconvergence pessimism
                                 -0.027921    0.689857   library hold time
                                              0.689857   data required time
---------------------------------------------------------------------------------------------
                                              0.689857   data required time
                                             -1.194137   data arrival time
---------------------------------------------------------------------------------------------
                                              0.504279   slack (MET)


Startpoint: _1459_ (rising edge-triggered flip-flop clocked by clk)
Endpoint: _1460_ (rising edge-triggered flip-flop clocked by clk)
Path Group: clk
Path Type: min

Fanout         Cap        Slew       Delay        Time   Description
---------------------------------------------------------------------------------------------
                                  0.000000    0.000000   clock clk (rise edge)
                                  0.000000    0.000000   clock source latency
     1    0.024950    0.117791    0.081531    0.081531 ^ clk (in)
                                                         clk (net)
                      0.117803    0.000000    0.081531 ^ clkbuf_0_clk/A (sky130_fd_sc_hd__clkbuf_16)
     8    0.101812    0.118042    0.212408    0.293940 ^ clkbuf_0_clk/X (sky130_fd_sc_hd__clkbuf_16)
                                                         clknet_0_clk (net)
                      0.118177    0.003282    0.297222 ^ clkbuf_3_6__f_clk/A (sky130_fd_sc_hd__clkbuf_16)
    14    0.045743    0.064948    0.172761    0.469983 ^ clkbuf_3_6__f_clk/X (sky130_fd_sc_hd__clkbuf_16)
                                                         clknet_3_6__leaf_clk (net)
                      0.064951    0.000577    0.470560 ^ _1459_/CLK (sky130_fd_sc_hd__dfxtp_1)
     5    0.013212    0.069606    0.338774    0.809334 v _1459_/Q (sky130_fd_sc_hd__dfxtp_1)
                                                         core_out[26] (net)
                      0.069606    0.000173    0.809506 v _1340_/A (sky130_fd_sc_hd__nand2_1)
     2    0.008461    0.086288    0.100153    0.909659 ^ _1340_/Y (sky130_fd_sc_hd__nand2_1)
                                                         _0654_ (net)
                      0.086288    0.000060    0.909719 ^ _1348_/B1 (sky130_fd_sc_hd__o21ai_2)
     1    0.005295    0.031495    0.063106    0.972825 v _1348_/Y (sky130_fd_sc_hd__o21ai_2)
                                                         _0661_ (net)
                      0.031495    0.000065    0.972890 v _1349_/B (sky130_fd_sc_hd__xor2_1)
     1    0.003709    0.112539    0.130206    1.103096 ^ _1349_/X (sky130_fd_sc_hd__xor2_1)
                                                         _0662_ (net)
                      0.112539    0.000034    1.103130 ^ _1351_/A1 (sky130_fd_sc_hd__a211oi_1)
     1    0.002115    0.036414    0.077479    1.180609 v _1351_/Y (sky130_fd_sc_hd__a211oi_1)
                                                         _0076_ (net)
                      0.036414    0.000019    1.180628 v _1460_/D (sky130_fd_sc_hd__dfxtp_1)
                                              1.180628   data arrival time

                                  0.000000    0.000000   clock clk (rise edge)
                                  0.000000    0.000000   clock source latency
     1    0.024950    0.117791    0.081531    0.081531 ^ clk (in)
                                                         clk (net)
                      0.117803    0.000000    0.081531 ^ clkbuf_0_clk/A (sky130_fd_sc_hd__clkbuf_16)
     8    0.101812    0.118042    0.212408    0.293940 ^ clkbuf_0_clk/X (sky130_fd_sc_hd__clkbuf_16)
                                                         clknet_0_clk (net)
                      0.118177    0.003282    0.297222 ^ clkbuf_3_6__f_clk/A (sky130_fd_sc_hd__clkbuf_16)
    14    0.045743    0.064948    0.172761    0.469983 ^ clkbuf_3_6__f_clk/X (sky130_fd_sc_hd__clkbuf_16)
                                                         clknet_3_6__leaf_clk (net)
                      0.064951    0.000551    0.470533 ^ _1460_/CLK (sky130_fd_sc_hd__dfxtp_1)
                                  0.250000    0.720533   clock uncertainty
                                  0.000000    0.720533   clock reconvergence pessimism
                                 -0.045462    0.675072   library hold time
                                              0.675072   data required time
---------------------------------------------------------------------------------------------
                                              0.675072   data required time
                                             -1.180628   data arrival time
---------------------------------------------------------------------------------------------
                                              0.505556   slack (MET)


Startpoint: _1446_ (rising edge-triggered flip-flop clocked by clk)
Endpoint: _1406_ (rising edge-triggered flip-flop clocked by clk)
Path Group: clk
Path Type: min

Fanout         Cap        Slew       Delay        Time   Description
---------------------------------------------------------------------------------------------
                                  0.000000    0.000000   clock clk (rise edge)
                                  0.000000    0.000000   clock source latency
     1    0.024950    0.117791    0.081531    0.081531 ^ clk (in)
                                                         clk (net)
                      0.117803    0.000000    0.081531 ^ clkbuf_0_clk/A (sky130_fd_sc_hd__clkbuf_16)
     8    0.101812    0.118042    0.212408    0.293940 ^ clkbuf_0_clk/X (sky130_fd_sc_hd__clkbuf_16)
                                                         clknet_0_clk (net)
                      0.118078    0.001717    0.295657 ^ clkbuf_3_5__f_clk/A (sky130_fd_sc_hd__clkbuf_16)
    14    0.044834    0.064104    0.171899    0.467556 ^ clkbuf_3_5__f_clk/X (sky130_fd_sc_hd__clkbuf_16)
                                                         clknet_3_5__leaf_clk (net)
                      0.064126    0.001110    0.468665 ^ _1446_/CLK (sky130_fd_sc_hd__dfxtp_1)
     5    0.019449    0.096627    0.360084    0.828749 v _1446_/Q (sky130_fd_sc_hd__dfxtp_1)
                                                         core_out[13] (net)
                      0.096627    0.000040    0.828789 v _0758_/A (sky130_fd_sc_hd__and2_1)
     1    0.003753    0.037771    0.159811    0.988600 v _0758_/X (sky130_fd_sc_hd__and2_1)
                                                         _0125_ (net)
                      0.037771    0.000038    0.988638 v _0759_/B2 (sky130_fd_sc_hd__o221a_1)
     1    0.002449    0.031845    0.194700    1.183338 v _0759_/X (sky130_fd_sc_hd__o221a_1)
                                                         _0022_ (net)
                      0.031845    0.000024    1.183362 v _1406_/D (sky130_fd_sc_hd__dfxtp_1)
                                              1.183362   data arrival time

                                  0.000000    0.000000   clock clk (rise edge)
                                  0.000000    0.000000   clock source latency
     1    0.024950    0.117791    0.081531    0.081531 ^ clk (in)
                                                         clk (net)
                      0.117803    0.000000    0.081531 ^ clkbuf_0_clk/A (sky130_fd_sc_hd__clkbuf_16)
     8    0.101812    0.118042    0.212408    0.293940 ^ clkbuf_0_clk/X (sky130_fd_sc_hd__clkbuf_16)
                                                         clknet_0_clk (net)
                      0.118078    0.001717    0.295657 ^ clkbuf_3_5__f_clk/A (sky130_fd_sc_hd__clkbuf_16)
    14    0.044834    0.064104    0.171899    0.467556 ^ clkbuf_3_5__f_clk/X (sky130_fd_sc_hd__clkbuf_16)
                                                         clknet_3_5__leaf_clk (net)
                      0.064152    0.001535    0.469091 ^ _1406_/CLK (sky130_fd_sc_hd__dfxtp_1)
                                  0.250000    0.719091   clock uncertainty
                                  0.000000    0.719091   clock reconvergence pessimism
                                 -0.043735    0.675356   library hold time
                                              0.675356   data required time
---------------------------------------------------------------------------------------------
                                              0.675356   data required time
                                             -1.183362   data arrival time
---------------------------------------------------------------------------------------------
                                              0.508006   slack (MET)


Startpoint: _1451_ (rising edge-triggered flip-flop clocked by clk)
Endpoint: _1411_ (rising edge-triggered flip-flop clocked by clk)
Path Group: clk
Path Type: min

Fanout         Cap        Slew       Delay        Time   Description
---------------------------------------------------------------------------------------------
                                  0.000000    0.000000   clock clk (rise edge)
                                  0.000000    0.000000   clock source latency
     1    0.024950    0.117791    0.081531    0.081531 ^ clk (in)
                                                         clk (net)
                      0.117803    0.000000    0.081531 ^ clkbuf_0_clk/A (sky130_fd_sc_hd__clkbuf_16)
     8    0.101812    0.118042    0.212408    0.293940 ^ clkbuf_0_clk/X (sky130_fd_sc_hd__clkbuf_16)
                                                         clknet_0_clk (net)
                      0.118081    0.001788    0.295728 ^ clkbuf_3_4__f_clk/A (sky130_fd_sc_hd__clkbuf_16)
    11    0.040866    0.060539    0.169002    0.464730 ^ clkbuf_3_4__f_clk/X (sky130_fd_sc_hd__clkbuf_16)
                                                         clknet_3_4__leaf_clk (net)
                      0.060539    0.000396    0.465126 ^ _1451_/CLK (sky130_fd_sc_hd__dfxtp_1)
     5    0.023656    0.113985    0.373174    0.838300 v _1451_/Q (sky130_fd_sc_hd__dfxtp_1)
                                                         core_out[18] (net)
                      0.113985    0.000086    0.838386 v _0768_/A (sky130_fd_sc_hd__and2_1)
     1    0.002846    0.033922    0.162784    1.001170 v _0768_/X (sky130_fd_sc_hd__and2_1)
                                                         _0130_ (net)
                      0.033922    0.000027    1.001197 v _0769_/B2 (sky130_fd_sc_hd__o221a_1)
     1    0.002257    0.030674    0.191770    1.192968 v _0769_/X (sky130_fd_sc_hd__o221a_1)
                                                         _0027_ (net)
                      0.030674    0.000024    1.192991 v _1411_/D (sky130_fd_sc_hd__dfxtp_1)
                                              1.192991   data arrival time

                                  0.000000    0.000000   clock clk (rise edge)
                                  0.000000    0.000000   clock source latency
     1    0.024950    0.117791    0.081531    0.081531 ^ clk (in)
                                                         clk (net)
                      0.117803    0.000000    0.081531 ^ clkbuf_0_clk/A (sky130_fd_sc_hd__clkbuf_16)
     8    0.101812    0.118042    0.212408    0.293940 ^ clkbuf_0_clk/X (sky130_fd_sc_hd__clkbuf_16)
                                                         clknet_0_clk (net)
                      0.118081    0.001788    0.295728 ^ clkbuf_3_4__f_clk/A (sky130_fd_sc_hd__clkbuf_16)
    11    0.040866    0.060539    0.169002    0.464730 ^ clkbuf_3_4__f_clk/X (sky130_fd_sc_hd__clkbuf_16)
                                                         clknet_3_4__leaf_clk (net)
                      0.060542    0.000609    0.465340 ^ _1411_/CLK (sky130_fd_sc_hd__dfxtp_1)
                                  0.250000    0.715340   clock uncertainty
                                  0.000000    0.715340   clock reconvergence pessimism
                                 -0.044060    0.671279   library hold time
                                              0.671279   data required time
---------------------------------------------------------------------------------------------
                                              0.671279   data required time
                                             -1.192991   data arrival time
---------------------------------------------------------------------------------------------
                                              0.521712   slack (MET)


Startpoint: _1458_ (rising edge-triggered flip-flop clocked by clk)
Endpoint: _1418_ (rising edge-triggered flip-flop clocked by clk)
Path Group: clk
Path Type: min

Fanout         Cap        Slew       Delay        Time   Description
---------------------------------------------------------------------------------------------
                                  0.000000    0.000000   clock clk (rise edge)
                                  0.000000    0.000000   clock source latency
     1    0.024950    0.117791    0.081531    0.081531 ^ clk (in)
                                                         clk (net)
                      0.117803    0.000000    0.081531 ^ clkbuf_0_clk/A (sky130_fd_sc_hd__clkbuf_16)
     8    0.101812    0.118042    0.212408    0.293940 ^ clkbuf_0_clk/X (sky130_fd_sc_hd__clkbuf_16)
                                                         clknet_0_clk (net)
                      0.118180    0.003316    0.297256 ^ clkbuf_3_7__f_clk/A (sky130_fd_sc_hd__clkbuf_16)
    10    0.044183    0.063534    0.171616    0.468872 ^ clkbuf_3_7__f_clk/X (sky130_fd_sc_hd__clkbuf_16)
                                                         clknet_3_7__leaf_clk (net)
                      0.063541    0.000744    0.469616 ^ _1458_/CLK (sky130_fd_sc_hd__dfxtp_1)
     6    0.024220    0.116410    0.376391    0.846007 v _1458_/Q (sky130_fd_sc_hd__dfxtp_1)
                                                         core_out[25] (net)
                      0.116410    0.000126    0.846133 v _0782_/A (sky130_fd_sc_hd__and2_1)
     1    0.002843    0.033917    0.163857    1.009990 v _0782_/X (sky130_fd_sc_hd__and2_1)
                                                         _0137_ (net)
                      0.033917    0.000029    1.010018 v _0783_/B2 (sky130_fd_sc_hd__o221a_1)
     1    0.002242    0.030666    0.191648    1.201667 v _0783_/X (sky130_fd_sc_hd__o221a_1)
                                                         _0034_ (net)
                      0.030666    0.000021    1.201688 v _1418_/D (sky130_fd_sc_hd__dfxtp_1)
                                              1.201688   data arrival time

                                  0.000000    0.000000   clock clk (rise edge)
                                  0.000000    0.000000   clock source latency
     1    0.024950    0.117791    0.081531    0.081531 ^ clk (in)
                                                         clk (net)
                      0.117803    0.000000    0.081531 ^ clkbuf_0_clk/A (sky130_fd_sc_hd__clkbuf_16)
     8    0.101812    0.118042    0.212408    0.293940 ^ clkbuf_0_clk/X (sky130_fd_sc_hd__clkbuf_16)
                                                         clknet_0_clk (net)
                      0.118177    0.003282    0.297222 ^ clkbuf_3_6__f_clk/A (sky130_fd_sc_hd__clkbuf_16)
    14    0.045743    0.064948    0.172761    0.469983 ^ clkbuf_3_6__f_clk/X (sky130_fd_sc_hd__clkbuf_16)
                                                         clknet_3_6__leaf_clk (net)
                      0.064962    0.000924    0.470906 ^ _1418_/CLK (sky130_fd_sc_hd__dfxtp_1)
                                  0.250000    0.720906   clock uncertainty
                                  0.000000    0.720906   clock reconvergence pessimism
                                 -0.043061    0.677846   library hold time
                                              0.677846   data required time
---------------------------------------------------------------------------------------------
                                              0.677846   data required time
                                             -1.201688   data arrival time
---------------------------------------------------------------------------------------------
                                              0.523842   slack (MET)


Startpoint: _1432_ (rising edge-triggered flip-flop clocked by clk)
Endpoint: _1432_ (rising edge-triggered flip-flop clocked by clk)
Path Group: clk
Path Type: min

Fanout         Cap        Slew       Delay        Time   Description
---------------------------------------------------------------------------------------------
                                  0.000000    0.000000   clock clk (rise edge)
                                  0.000000    0.000000   clock source latency
     1    0.024950    0.117791    0.081531    0.081531 ^ clk (in)
                                                         clk (net)
                      0.117803    0.000000    0.081531 ^ clkbuf_0_clk/A (sky130_fd_sc_hd__clkbuf_16)
     8    0.101812    0.118042    0.212408    0.293940 ^ clkbuf_0_clk/X (sky130_fd_sc_hd__clkbuf_16)
                                                         clknet_0_clk (net)
                      0.118516    0.006031    0.299970 ^ clkbuf_3_1__f_clk/A (sky130_fd_sc_hd__clkbuf_16)
    13    0.045331    0.064568    0.172593    0.472564 ^ clkbuf_3_1__f_clk/X (sky130_fd_sc_hd__clkbuf_16)
                                                         clknet_3_1__leaf_clk (net)
                      0.064605    0.001377    0.473941 ^ _1432_/CLK (sky130_fd_sc_hd__dfxtp_2)
     4    0.021632    0.116160    0.379619    0.853559 ^ _1432_/Q (sky130_fd_sc_hd__dfxtp_2)
                                                         core_b[7] (net)
                      0.116160    0.000180    0.853740 ^ fanout65/A (sky130_fd_sc_hd__buf_6)
    10    0.037071    0.082268    0.152846    1.006586 ^ fanout65/X (sky130_fd_sc_hd__buf_6)
                                                         net65 (net)
                      0.082268    0.000292    1.006877 ^ _0811_/A0 (sky130_fd_sc_hd__mux2_1)
     1    0.001818    0.035047    0.119390    1.126267 ^ _0811_/X (sky130_fd_sc_hd__mux2_1)
                                                         _0152_ (net)
                      0.035047    0.000009    1.126276 ^ _0812_/B (sky130_fd_sc_hd__and2_1)
     1    0.001998    0.039517    0.105504    1.231781 ^ _0812_/X (sky130_fd_sc_hd__and2_1)
                                                         _0048_ (net)
                      0.039517    0.000017    1.231798 ^ _1432_/D (sky130_fd_sc_hd__dfxtp_2)
                                              1.231798   data arrival time

                                  0.000000    0.000000   clock clk (rise edge)
                                  0.000000    0.000000   clock source latency
     1    0.024950    0.117791    0.081531    0.081531 ^ clk (in)
                                                         clk (net)
                      0.117803    0.000000    0.081531 ^ clkbuf_0_clk/A (sky130_fd_sc_hd__clkbuf_16)
     8    0.101812    0.118042    0.212408    0.293940 ^ clkbuf_0_clk/X (sky130_fd_sc_hd__clkbuf_16)
                                                         clknet_0_clk (net)
                      0.118516    0.006031    0.299970 ^ clkbuf_3_1__f_clk/A (sky130_fd_sc_hd__clkbuf_16)
    13    0.045331    0.064568    0.172593    0.472564 ^ clkbuf_3_1__f_clk/X (sky130_fd_sc_hd__clkbuf_16)
                                                         clknet_3_1__leaf_clk (net)
                      0.064605    0.001377    0.473941 ^ _1432_/CLK (sky130_fd_sc_hd__dfxtp_2)
                                  0.250000    0.723941   clock uncertainty
                                  0.000000    0.723941   clock reconvergence pessimism
                                 -0.027475    0.696465   library hold time
                                              0.696465   data required time
---------------------------------------------------------------------------------------------
                                              0.696465   data required time
                                             -1.231798   data arrival time
---------------------------------------------------------------------------------------------
                                              0.535332   slack (MET)


Startpoint: _1436_ (rising edge-triggered flip-flop clocked by clk)
Endpoint: _1436_ (rising edge-triggered flip-flop clocked by clk)
Path Group: clk
Path Type: min

Fanout         Cap        Slew       Delay        Time   Description
---------------------------------------------------------------------------------------------
                                  0.000000    0.000000   clock clk (rise edge)
                                  0.000000    0.000000   clock source latency
     1    0.024950    0.117791    0.081531    0.081531 ^ clk (in)
                                                         clk (net)
                      0.117803    0.000000    0.081531 ^ clkbuf_0_clk/A (sky130_fd_sc_hd__clkbuf_16)
     8    0.101812    0.118042    0.212408    0.293940 ^ clkbuf_0_clk/X (sky130_fd_sc_hd__clkbuf_16)
                                                         clknet_0_clk (net)
                      0.118388    0.005176    0.299116 ^ clkbuf_3_2__f_clk/A (sky130_fd_sc_hd__clkbuf_16)
     9    0.038967    0.058895    0.167951    0.467067 ^ clkbuf_3_2__f_clk/X (sky130_fd_sc_hd__clkbuf_16)
                                                         clknet_3_2__leaf_clk (net)
                      0.058904    0.000712    0.467779 ^ _1436_/CLK (sky130_fd_sc_hd__dfxtp_1)
     4    0.012201    0.122564    0.366422    0.834201 ^ _1436_/Q (sky130_fd_sc_hd__dfxtp_1)
                                                         core_out[3] (net)
                      0.122564    0.000127    0.834328 ^ _0854_/A (sky130_fd_sc_hd__nand2_1)
     2    0.004668    0.048884    0.077043    0.911371 v _0854_/Y (sky130_fd_sc_hd__nand2_1)
                                                         _0191_ (net)
                      0.048884    0.000035    0.911406 v _0856_/A (sky130_fd_sc_hd__nand2_1)
     1    0.005157    0.056968    0.070134    0.981540 ^ _0856_/Y (sky130_fd_sc_hd__nand2_1)
                                                         _0193_ (net)
                      0.056968    0.000054    0.981594 ^ _0858_/A (sky130_fd_sc_hd__xor2_1)
     1    0.003388    0.038523    0.064982    1.046576 v _0858_/X (sky130_fd_sc_hd__xor2_1)
                                                         _0195_ (net)
                      0.038523    0.000041    1.046616 v _0859_/B (sky130_fd_sc_hd__nand2_1)
     1    0.002594    0.042662    0.056917    1.103534 ^ _0859_/Y (sky130_fd_sc_hd__nand2_1)
                                                         _0196_ (net)
                      0.042662    0.000011    1.103545 ^ _0860_/C1 (sky130_fd_sc_hd__o211a_1)
     1    0.002291    0.036711    0.122455    1.225999 ^ _0860_/X (sky130_fd_sc_hd__o211a_1)
                                                         _0052_ (net)
                      0.036711    0.000022    1.226021 ^ _1436_/D (sky130_fd_sc_hd__dfxtp_1)
                                              1.226021   data arrival time

                                  0.000000    0.000000   clock clk (rise edge)
                                  0.000000    0.000000   clock source latency
     1    0.024950    0.117791    0.081531    0.081531 ^ clk (in)
                                                         clk (net)
                      0.117803    0.000000    0.081531 ^ clkbuf_0_clk/A (sky130_fd_sc_hd__clkbuf_16)
     8    0.101812    0.118042    0.212408    0.293940 ^ clkbuf_0_clk/X (sky130_fd_sc_hd__clkbuf_16)
                                                         clknet_0_clk (net)
                      0.118388    0.005176    0.299116 ^ clkbuf_3_2__f_clk/A (sky130_fd_sc_hd__clkbuf_16)
     9    0.038967    0.058895    0.167951    0.467067 ^ clkbuf_3_2__f_clk/X (sky130_fd_sc_hd__clkbuf_16)
                                                         clknet_3_2__leaf_clk (net)
                      0.058904    0.000712    0.467779 ^ _1436_/CLK (sky130_fd_sc_hd__dfxtp_1)
                                  0.250000    0.717779   clock uncertainty
                                  0.000000    0.717779   clock reconvergence pessimism
                                 -0.027705    0.690074   library hold time
                                              0.690074   data required time
---------------------------------------------------------------------------------------------
                                              0.690074   data required time
                                             -1.226021   data arrival time
---------------------------------------------------------------------------------------------
                                              0.535948   slack (MET)


Startpoint: _1462_ (rising edge-triggered flip-flop clocked by clk)
Endpoint: _1462_ (rising edge-triggered flip-flop clocked by clk)
Path Group: clk
Path Type: min

Fanout         Cap        Slew       Delay        Time   Description
---------------------------------------------------------------------------------------------
                                  0.000000    0.000000   clock clk (rise edge)
                                  0.000000    0.000000   clock source latency
     1    0.024950    0.117791    0.081531    0.081531 ^ clk (in)
                                                         clk (net)
                      0.117803    0.000000    0.081531 ^ clkbuf_0_clk/A (sky130_fd_sc_hd__clkbuf_16)
     8    0.101812    0.118042    0.212408    0.293940 ^ clkbuf_0_clk/X (sky130_fd_sc_hd__clkbuf_16)
                                                         clknet_0_clk (net)
                      0.118177    0.003282    0.297222 ^ clkbuf_3_6__f_clk/A (sky130_fd_sc_hd__clkbuf_16)
    14    0.045743    0.064948    0.172761    0.469983 ^ clkbuf_3_6__f_clk/X (sky130_fd_sc_hd__clkbuf_16)
                                                         clknet_3_6__leaf_clk (net)
                      0.064953    0.000651    0.470634 ^ _1462_/CLK (sky130_fd_sc_hd__dfxtp_1)
     4    0.013458    0.133860    0.376782    0.847416 ^ _1462_/Q (sky130_fd_sc_hd__dfxtp_1)
                                                         core_out[29] (net)
                      0.133860    0.000053    0.847470 ^ _1363_/A (sky130_fd_sc_hd__xor2_1)
     2    0.009592    0.062744    0.118753    0.966223 v _1363_/X (sky130_fd_sc_hd__xor2_1)
                                                         _0674_ (net)
                      0.062744    0.000103    0.966326 v _1365_/A (sky130_fd_sc_hd__xor2_1)
     1    0.004408    0.124695    0.170636    1.136962 ^ _1365_/X (sky130_fd_sc_hd__xor2_1)
                                                         _0676_ (net)
                      0.124695    0.000074    1.137036 ^ _1367_/A2 (sky130_fd_sc_hd__a211oi_1)
     1    0.001986    0.036015    0.082142    1.219178 v _1367_/Y (sky130_fd_sc_hd__a211oi_1)
                                                         _0078_ (net)
                      0.036015    0.000017    1.219196 v _1462_/D (sky130_fd_sc_hd__dfxtp_1)
                                              1.219196   data arrival time

                                  0.000000    0.000000   clock clk (rise edge)
                                  0.000000    0.000000   clock source latency
     1    0.024950    0.117791    0.081531    0.081531 ^ clk (in)
                                                         clk (net)
                      0.117803    0.000000    0.081531 ^ clkbuf_0_clk/A (sky130_fd_sc_hd__clkbuf_16)
     8    0.101812    0.118042    0.212408    0.293940 ^ clkbuf_0_clk/X (sky130_fd_sc_hd__clkbuf_16)
                                                         clknet_0_clk (net)
                      0.118177    0.003282    0.297222 ^ clkbuf_3_6__f_clk/A (sky130_fd_sc_hd__clkbuf_16)
    14    0.045743    0.064948    0.172761    0.469983 ^ clkbuf_3_6__f_clk/X (sky130_fd_sc_hd__clkbuf_16)
                                                         clknet_3_6__leaf_clk (net)
                      0.064953    0.000651    0.470634 ^ _1462_/CLK (sky130_fd_sc_hd__dfxtp_1)
                                  0.250000    0.720634   clock uncertainty
                                  0.000000    0.720634   clock reconvergence pessimism
                                 -0.045295    0.675339   library hold time
                                              0.675339   data required time
---------------------------------------------------------------------------------------------
                                              0.675339   data required time
                                             -1.219196   data arrival time
---------------------------------------------------------------------------------------------
                                              0.543856   slack (MET)


Startpoint: _1454_ (rising edge-triggered flip-flop clocked by clk)
Endpoint: _1414_ (rising edge-triggered flip-flop clocked by clk)
Path Group: clk
Path Type: min

Fanout         Cap        Slew       Delay        Time   Description
---------------------------------------------------------------------------------------------
                                  0.000000    0.000000   clock clk (rise edge)
                                  0.000000    0.000000   clock source latency
     1    0.024950    0.117791    0.081531    0.081531 ^ clk (in)
                                                         clk (net)
                      0.117803    0.000000    0.081531 ^ clkbuf_0_clk/A (sky130_fd_sc_hd__clkbuf_16)
     8    0.101812    0.118042    0.212408    0.293940 ^ clkbuf_0_clk/X (sky130_fd_sc_hd__clkbuf_16)
                                                         clknet_0_clk (net)
                      0.118180    0.003316    0.297256 ^ clkbuf_3_7__f_clk/A (sky130_fd_sc_hd__clkbuf_16)
    10    0.044183    0.063534    0.171616    0.468872 ^ clkbuf_3_7__f_clk/X (sky130_fd_sc_hd__clkbuf_16)
                                                         clknet_3_7__leaf_clk (net)
                      0.063573    0.001402    0.470274 ^ _1454_/CLK (sky130_fd_sc_hd__dfxtp_1)
     6    0.026385    0.126101    0.383534    0.853808 v _1454_/Q (sky130_fd_sc_hd__dfxtp_1)
                                                         core_out[21] (net)
                      0.126101    0.000058    0.853866 v _0774_/A (sky130_fd_sc_hd__and2_1)
     1    0.003536    0.037097    0.172065    1.025931 v _0774_/X (sky130_fd_sc_hd__and2_1)
                                                         _0133_ (net)
                      0.037097    0.000043    1.025974 v _0775_/B2 (sky130_fd_sc_hd__o221a_1)
     1    0.002448    0.031800    0.194449    1.220423 v _0775_/X (sky130_fd_sc_hd__o221a_1)
                                                         _0030_ (net)
                      0.031800    0.000024    1.220448 v _1414_/D (sky130_fd_sc_hd__dfxtp_1)
                                              1.220448   data arrival time

                                  0.000000    0.000000   clock clk (rise edge)
                                  0.000000    0.000000   clock source latency
     1    0.024950    0.117791    0.081531    0.081531 ^ clk (in)
                                                         clk (net)
                      0.117803    0.000000    0.081531 ^ clkbuf_0_clk/A (sky130_fd_sc_hd__clkbuf_16)
     8    0.101812    0.118042    0.212408    0.293940 ^ clkbuf_0_clk/X (sky130_fd_sc_hd__clkbuf_16)
                                                         clknet_0_clk (net)
                      0.118180    0.003316    0.297256 ^ clkbuf_3_7__f_clk/A (sky130_fd_sc_hd__clkbuf_16)
    10    0.044183    0.063534    0.171616    0.468872 ^ clkbuf_3_7__f_clk/X (sky130_fd_sc_hd__clkbuf_16)
                                                         clknet_3_7__leaf_clk (net)
                      0.063580    0.001506    0.470378 ^ _1414_/CLK (sky130_fd_sc_hd__dfxtp_1)
                                  0.250000    0.720378   clock uncertainty
                                  0.000000    0.720378   clock reconvergence pessimism
                                 -0.043845    0.676533   library hold time
                                              0.676533   data required time
---------------------------------------------------------------------------------------------
                                              0.676533   data required time
                                             -1.220448   data arrival time
---------------------------------------------------------------------------------------------
                                              0.543915   slack (MET)


Startpoint: _1443_ (rising edge-triggered flip-flop clocked by clk)
Endpoint: _1444_ (rising edge-triggered flip-flop clocked by clk)
Path Group: clk
Path Type: min

Fanout         Cap        Slew       Delay        Time   Description
---------------------------------------------------------------------------------------------
                                  0.000000    0.000000   clock clk (rise edge)
                                  0.000000    0.000000   clock source latency
     1    0.024950    0.117791    0.081531    0.081531 ^ clk (in)
                                                         clk (net)
                      0.117803    0.000000    0.081531 ^ clkbuf_0_clk/A (sky130_fd_sc_hd__clkbuf_16)
     8    0.101812    0.118042    0.212408    0.293940 ^ clkbuf_0_clk/X (sky130_fd_sc_hd__clkbuf_16)
                                                         clknet_0_clk (net)
                      0.118078    0.001717    0.295657 ^ clkbuf_3_5__f_clk/A (sky130_fd_sc_hd__clkbuf_16)
    14    0.044834    0.064104    0.171899    0.467556 ^ clkbuf_3_5__f_clk/X (sky130_fd_sc_hd__clkbuf_16)
                                                         clknet_3_5__leaf_clk (net)
                      0.064118    0.000929    0.468484 ^ _1443_/CLK (sky130_fd_sc_hd__dfxtp_1)
     4    0.018843    0.093975    0.358019    0.826503 v _1443_/Q (sky130_fd_sc_hd__dfxtp_1)
                                                         core_out[10] (net)
                      0.093975    0.000236    0.826739 v _1129_/A (sky130_fd_sc_hd__nand2_1)
     2    0.007661    0.081328    0.105855    0.932594 ^ _1129_/Y (sky130_fd_sc_hd__nand2_1)
                                                         _0459_ (net)
                      0.081328    0.000049    0.932644 ^ _1166_/A (sky130_fd_sc_hd__and3_1)
     1    0.002918    0.050353    0.146429    1.079073 ^ _1166_/X (sky130_fd_sc_hd__and3_1)
                                                         _0495_ (net)
                      0.050353    0.000025    1.079097 ^ _1167_/A2 (sky130_fd_sc_hd__o21ai_1)
     1    0.002820    0.030050    0.053844    1.132942 v _1167_/Y (sky130_fd_sc_hd__o21ai_1)
                                                         _0496_ (net)
                      0.030050    0.000026    1.132968 v _1168_/C1 (sky130_fd_sc_hd__o211a_1)
     1    0.002035    0.025562    0.092709    1.225677 v _1168_/X (sky130_fd_sc_hd__o211a_1)
                                                         _0060_ (net)
                      0.025562    0.000018    1.225694 v _1444_/D (sky130_fd_sc_hd__dfxtp_1)
                                              1.225694   data arrival time

                                  0.000000    0.000000   clock clk (rise edge)
                                  0.000000    0.000000   clock source latency
     1    0.024950    0.117791    0.081531    0.081531 ^ clk (in)
                                                         clk (net)
                      0.117803    0.000000    0.081531 ^ clkbuf_0_clk/A (sky130_fd_sc_hd__clkbuf_16)
     8    0.101812    0.118042    0.212408    0.293940 ^ clkbuf_0_clk/X (sky130_fd_sc_hd__clkbuf_16)
                                                         clknet_0_clk (net)
                      0.118078    0.001717    0.295657 ^ clkbuf_3_5__f_clk/A (sky130_fd_sc_hd__clkbuf_16)
    14    0.044834    0.064104    0.171899    0.467556 ^ clkbuf_3_5__f_clk/X (sky130_fd_sc_hd__clkbuf_16)
                                                         clknet_3_5__leaf_clk (net)
                      0.064118    0.000931    0.468486 ^ _1444_/CLK (sky130_fd_sc_hd__dfxtp_1)
                                  0.250000    0.718486   clock uncertainty
                                  0.000000    0.718486   clock reconvergence pessimism
                                 -0.041121    0.677365   library hold time
                                              0.677365   data required time
---------------------------------------------------------------------------------------------
                                              0.677365   data required time
                                             -1.225694   data arrival time
---------------------------------------------------------------------------------------------
                                              0.548329   slack (MET)


Startpoint: _1387_ (rising edge-triggered flip-flop clocked by clk)
Endpoint: _1387_ (rising edge-triggered flip-flop clocked by clk)
Path Group: clk
Path Type: min

Fanout         Cap        Slew       Delay        Time   Description
---------------------------------------------------------------------------------------------
                                  0.000000    0.000000   clock clk (rise edge)
                                  0.000000    0.000000   clock source latency
     1    0.024950    0.117791    0.081531    0.081531 ^ clk (in)
                                                         clk (net)
                      0.117803    0.000000    0.081531 ^ clkbuf_0_clk/A (sky130_fd_sc_hd__clkbuf_16)
     8    0.101812    0.118042    0.212408    0.293940 ^ clkbuf_0_clk/X (sky130_fd_sc_hd__clkbuf_16)
                                                         clknet_0_clk (net)
                      0.118516    0.006031    0.299970 ^ clkbuf_3_1__f_clk/A (sky130_fd_sc_hd__clkbuf_16)
    13    0.045331    0.064568    0.172593    0.472564 ^ clkbuf_3_1__f_clk/X (sky130_fd_sc_hd__clkbuf_16)
                                                         clknet_3_1__leaf_clk (net)
                      0.064575    0.000721    0.473285 ^ _1387_/CLK (sky130_fd_sc_hd__dfxtp_1)
     1    0.001965    0.035340    0.300729    0.774013 ^ _1387_/Q (sky130_fd_sc_hd__dfxtp_1)
                                                         core_a[2] (net)
                      0.035340    0.000008    0.774022 ^ fanout91/A (sky130_fd_sc_hd__buf_2)
     8    0.043327    0.212591    0.223355    0.997377 ^ fanout91/X (sky130_fd_sc_hd__buf_2)
                                                         net91 (net)
                      0.212592    0.000296    0.997672 ^ _0707_/A0 (sky130_fd_sc_hd__mux2_1)
     1    0.001976    0.035267    0.156261    1.153934 ^ _0707_/X (sky130_fd_sc_hd__mux2_1)
                                                         _0093_ (net)
                      0.035267    0.000011    1.153945 ^ _0708_/B (sky130_fd_sc_hd__and2_1)
     1    0.001855    0.038372    0.104475    1.258419 ^ _0708_/X (sky130_fd_sc_hd__and2_1)
                                                         _0003_ (net)
                      0.038372    0.000015    1.258434 ^ _1387_/D (sky130_fd_sc_hd__dfxtp_1)
                                              1.258434   data arrival time

                                  0.000000    0.000000   clock clk (rise edge)
                                  0.000000    0.000000   clock source latency
     1    0.024950    0.117791    0.081531    0.081531 ^ clk (in)
                                                         clk (net)
                      0.117803    0.000000    0.081531 ^ clkbuf_0_clk/A (sky130_fd_sc_hd__clkbuf_16)
     8    0.101812    0.118042    0.212408    0.293940 ^ clkbuf_0_clk/X (sky130_fd_sc_hd__clkbuf_16)
                                                         clknet_0_clk (net)
                      0.118516    0.006031    0.299970 ^ clkbuf_3_1__f_clk/A (sky130_fd_sc_hd__clkbuf_16)
    13    0.045331    0.064568    0.172593    0.472564 ^ clkbuf_3_1__f_clk/X (sky130_fd_sc_hd__clkbuf_16)
                                                         clknet_3_1__leaf_clk (net)
                      0.064575    0.000721    0.473285 ^ _1387_/CLK (sky130_fd_sc_hd__dfxtp_1)
                                  0.250000    0.723285   clock uncertainty
                                  0.000000    0.723285   clock reconvergence pessimism
                                 -0.027306    0.695979   library hold time
                                              0.695979   data required time
---------------------------------------------------------------------------------------------
                                              0.695979   data required time
                                             -1.258434   data arrival time
---------------------------------------------------------------------------------------------
                                              0.562455   slack (MET)


Startpoint: _1435_ (rising edge-triggered flip-flop clocked by clk)
Endpoint: _1435_ (rising edge-triggered flip-flop clocked by clk)
Path Group: clk
Path Type: min

Fanout         Cap        Slew       Delay        Time   Description
---------------------------------------------------------------------------------------------
                                  0.000000    0.000000   clock clk (rise edge)
                                  0.000000    0.000000   clock source latency
     1    0.024950    0.117791    0.081531    0.081531 ^ clk (in)
                                                         clk (net)
                      0.117803    0.000000    0.081531 ^ clkbuf_0_clk/A (sky130_fd_sc_hd__clkbuf_16)
     8    0.101812    0.118042    0.212408    0.293940 ^ clkbuf_0_clk/X (sky130_fd_sc_hd__clkbuf_16)
                                                         clknet_0_clk (net)
                      0.118388    0.005176    0.299116 ^ clkbuf_3_2__f_clk/A (sky130_fd_sc_hd__clkbuf_16)
     9    0.038967    0.058895    0.167951    0.467067 ^ clkbuf_3_2__f_clk/X (sky130_fd_sc_hd__clkbuf_16)
                                                         clknet_3_2__leaf_clk (net)
                      0.058907    0.000769    0.467836 ^ _1435_/CLK (sky130_fd_sc_hd__dfxtp_1)
     4    0.010827    0.059369    0.328254    0.796091 v _1435_/Q (sky130_fd_sc_hd__dfxtp_1)
                                                         core_out[2] (net)
                      0.059369    0.000129    0.796220 v _0834_/A (sky130_fd_sc_hd__nand2_1)
     2    0.005228    0.058340    0.075101    0.871320 ^ _0834_/Y (sky130_fd_sc_hd__nand2_1)
                                                         _0172_ (net)
                      0.058340    0.000028    0.871348 ^ _0836_/A (sky130_fd_sc_hd__nand2_1)
     2    0.007798    0.062540    0.074591    0.945939 v _0836_/Y (sky130_fd_sc_hd__nand2_1)
                                                         _0174_ (net)
                      0.062540    0.000051    0.945991 v _0838_/A (sky130_fd_sc_hd__xnor2_1)
     1    0.002878    0.037477    0.127290    1.073281 v _0838_/Y (sky130_fd_sc_hd__xnor2_1)
                                                         _0176_ (net)
                      0.037477    0.000018    1.073299 v _0839_/B (sky130_fd_sc_hd__nand2_1)
     1    0.002731    0.042685    0.057315    1.130614 ^ _0839_/Y (sky130_fd_sc_hd__nand2_1)
                                                         _0177_ (net)
                      0.042685    0.000024    1.130638 ^ _0840_/C1 (sky130_fd_sc_hd__o211a_1)
     1    0.002274    0.036591    0.122327    1.252965 ^ _0840_/X (sky130_fd_sc_hd__o211a_1)
                                                         _0051_ (net)
                      0.036591    0.000022    1.252987 ^ _1435_/D (sky130_fd_sc_hd__dfxtp_1)
                                              1.252987   data arrival time

                                  0.000000    0.000000   clock clk (rise edge)
                                  0.000000    0.000000   clock source latency
     1    0.024950    0.117791    0.081531    0.081531 ^ clk (in)
                                                         clk (net)
                      0.117803    0.000000    0.081531 ^ clkbuf_0_clk/A (sky130_fd_sc_hd__clkbuf_16)
     8    0.101812    0.118042    0.212408    0.293940 ^ clkbuf_0_clk/X (sky130_fd_sc_hd__clkbuf_16)
                                                         clknet_0_clk (net)
                      0.118388    0.005176    0.299116 ^ clkbuf_3_2__f_clk/A (sky130_fd_sc_hd__clkbuf_16)
     9    0.038967    0.058895    0.167951    0.467067 ^ clkbuf_3_2__f_clk/X (sky130_fd_sc_hd__clkbuf_16)
                                                         clknet_3_2__leaf_clk (net)
                      0.058907    0.000769    0.467836 ^ _1435_/CLK (sky130_fd_sc_hd__dfxtp_1)
                                  0.250000    0.717836   clock uncertainty
                                  0.000000    0.717836   clock reconvergence pessimism
                                 -0.027680    0.690157   library hold time
                                              0.690157   data required time
---------------------------------------------------------------------------------------------
                                              0.690157   data required time
                                             -1.252987   data arrival time
---------------------------------------------------------------------------------------------
                                              0.562830   slack (MET)


Startpoint: _1392_ (rising edge-triggered flip-flop clocked by clk)
Endpoint: _1392_ (rising edge-triggered flip-flop clocked by clk)
Path Group: clk
Path Type: min

Fanout         Cap        Slew       Delay        Time   Description
---------------------------------------------------------------------------------------------
                                  0.000000    0.000000   clock clk (rise edge)
                                  0.000000    0.000000   clock source latency
     1    0.024950    0.117791    0.081531    0.081531 ^ clk (in)
                                                         clk (net)
                      0.117803    0.000000    0.081531 ^ clkbuf_0_clk/A (sky130_fd_sc_hd__clkbuf_16)
     8    0.101812    0.118042    0.212408    0.293940 ^ clkbuf_0_clk/X (sky130_fd_sc_hd__clkbuf_16)
                                                         clknet_0_clk (net)
                      0.118516    0.006031    0.299970 ^ clkbuf_3_1__f_clk/A (sky130_fd_sc_hd__clkbuf_16)
    13    0.045331    0.064568    0.172593    0.472564 ^ clkbuf_3_1__f_clk/X (sky130_fd_sc_hd__clkbuf_16)
                                                         clknet_3_1__leaf_clk (net)
                      0.064600    0.001287    0.473850 ^ _1392_/CLK (sky130_fd_sc_hd__dfxtp_2)
     2    0.011640    0.068859    0.345094    0.818945 ^ _1392_/Q (sky130_fd_sc_hd__dfxtp_2)
                                                         core_a[7] (net)
                      0.068859    0.000147    0.819092 ^ fanout80/A (sky130_fd_sc_hd__buf_2)
    10    0.031261    0.156247    0.196960    1.016052 ^ fanout80/X (sky130_fd_sc_hd__buf_2)
                                                         net80 (net)
                      0.156247    0.000057    1.016109 ^ _0717_/A0 (sky130_fd_sc_hd__mux2_1)
     1    0.001978    0.035283    0.142666    1.158775 ^ _0717_/X (sky130_fd_sc_hd__mux2_1)
                                                         _0098_ (net)
                      0.035283    0.000011    1.158786 ^ _0718_/B (sky130_fd_sc_hd__and2_1)
     1    0.001863    0.038436    0.104540    1.263327 ^ _0718_/X (sky130_fd_sc_hd__and2_1)
                                                         _0008_ (net)
                      0.038436    0.000015    1.263342 ^ _1392_/D (sky130_fd_sc_hd__dfxtp_2)
                                              1.263342   data arrival time

                                  0.000000    0.000000   clock clk (rise edge)
                                  0.000000    0.000000   clock source latency
     1    0.024950    0.117791    0.081531    0.081531 ^ clk (in)
                                                         clk (net)
                      0.117803    0.000000    0.081531 ^ clkbuf_0_clk/A (sky130_fd_sc_hd__clkbuf_16)
     8    0.101812    0.118042    0.212408    0.293940 ^ clkbuf_0_clk/X (sky130_fd_sc_hd__clkbuf_16)
                                                         clknet_0_clk (net)
                      0.118516    0.006031    0.299970 ^ clkbuf_3_1__f_clk/A (sky130_fd_sc_hd__clkbuf_16)
    13    0.045331    0.064568    0.172593    0.472564 ^ clkbuf_3_1__f_clk/X (sky130_fd_sc_hd__clkbuf_16)
                                                         clknet_3_1__leaf_clk (net)
                      0.064600    0.001287    0.473850 ^ _1392_/CLK (sky130_fd_sc_hd__dfxtp_2)
                                  0.250000    0.723850   clock uncertainty
                                  0.000000    0.723850   clock reconvergence pessimism
                                 -0.027253    0.696598   library hold time
                                              0.696598   data required time
---------------------------------------------------------------------------------------------
                                              0.696598   data required time
                                             -1.263342   data arrival time
---------------------------------------------------------------------------------------------
                                              0.566744   slack (MET)


Startpoint: _1453_ (rising edge-triggered flip-flop clocked by clk)
Endpoint: _1453_ (rising edge-triggered flip-flop clocked by clk)
Path Group: clk
Path Type: min

Fanout         Cap        Slew       Delay        Time   Description
---------------------------------------------------------------------------------------------
                                  0.000000    0.000000   clock clk (rise edge)
                                  0.000000    0.000000   clock source latency
     1    0.024950    0.117791    0.081531    0.081531 ^ clk (in)
                                                         clk (net)
                      0.117803    0.000000    0.081531 ^ clkbuf_0_clk/A (sky130_fd_sc_hd__clkbuf_16)
     8    0.101812    0.118042    0.212408    0.293940 ^ clkbuf_0_clk/X (sky130_fd_sc_hd__clkbuf_16)
                                                         clknet_0_clk (net)
                      0.118081    0.001788    0.295728 ^ clkbuf_3_4__f_clk/A (sky130_fd_sc_hd__clkbuf_16)
    11    0.040866    0.060539    0.169002    0.464730 ^ clkbuf_3_4__f_clk/X (sky130_fd_sc_hd__clkbuf_16)
                                                         clknet_3_4__leaf_clk (net)
                      0.060575    0.001304    0.466035 ^ _1453_/CLK (sky130_fd_sc_hd__dfxtp_2)
     6    0.025459    0.134503    0.391466    0.857501 ^ _1453_/Q (sky130_fd_sc_hd__dfxtp_2)
                                                         core_out[20] (net)
                      0.134505    0.000715    0.858216 ^ _1298_/A (sky130_fd_sc_hd__xnor2_1)
     3    0.007970    0.070586    0.118213    0.976428 v _1298_/Y (sky130_fd_sc_hd__xnor2_1)
                                                         _0618_ (net)
                      0.070586    0.000062    0.976490 v _1305_/A (sky130_fd_sc_hd__nand2_1)
     1    0.003446    0.045363    0.068656    1.045146 ^ _1305_/Y (sky130_fd_sc_hd__nand2_1)
                                                         _0625_ (net)
                      0.045363    0.000040    1.045186 ^ _1306_/A1 (sky130_fd_sc_hd__a21bo_1)
     1    0.002824    0.035275    0.096329    1.141514 ^ _1306_/X (sky130_fd_sc_hd__a21bo_1)
                                                         _0626_ (net)
                      0.035275    0.000025    1.141539 ^ _1307_/C1 (sky130_fd_sc_hd__o211a_1)
     1    0.002164    0.035844    0.119252    1.260791 ^ _1307_/X (sky130_fd_sc_hd__o211a_1)
                                                         _0069_ (net)
                      0.035844    0.000013    1.260803 ^ _1453_/D (sky130_fd_sc_hd__dfxtp_2)
                                              1.260803   data arrival time

                                  0.000000    0.000000   clock clk (rise edge)
                                  0.000000    0.000000   clock source latency
     1    0.024950    0.117791    0.081531    0.081531 ^ clk (in)
                                                         clk (net)
                      0.117803    0.000000    0.081531 ^ clkbuf_0_clk/A (sky130_fd_sc_hd__clkbuf_16)
     8    0.101812    0.118042    0.212408    0.293940 ^ clkbuf_0_clk/X (sky130_fd_sc_hd__clkbuf_16)
                                                         clknet_0_clk (net)
                      0.118081    0.001788    0.295728 ^ clkbuf_3_4__f_clk/A (sky130_fd_sc_hd__clkbuf_16)
    11    0.040866    0.060539    0.169002    0.464730 ^ clkbuf_3_4__f_clk/X (sky130_fd_sc_hd__clkbuf_16)
                                                         clknet_3_4__leaf_clk (net)
                      0.060575    0.001304    0.466035 ^ _1453_/CLK (sky130_fd_sc_hd__dfxtp_2)
                                  0.250000    0.716034   clock uncertainty
                                  0.000000    0.716034   clock reconvergence pessimism
                                 -0.027246    0.688788   library hold time
                                              0.688788   data required time
---------------------------------------------------------------------------------------------
                                              0.688788   data required time
                                             -1.260803   data arrival time
---------------------------------------------------------------------------------------------
                                              0.572015   slack (MET)


Startpoint: _1434_ (rising edge-triggered flip-flop clocked by clk)
Endpoint: _1434_ (rising edge-triggered flip-flop clocked by clk)
Path Group: clk
Path Type: min

Fanout         Cap        Slew       Delay        Time   Description
---------------------------------------------------------------------------------------------
                                  0.000000    0.000000   clock clk (rise edge)
                                  0.000000    0.000000   clock source latency
     1    0.024950    0.117791    0.081531    0.081531 ^ clk (in)
                                                         clk (net)
                      0.117803    0.000000    0.081531 ^ clkbuf_0_clk/A (sky130_fd_sc_hd__clkbuf_16)
     8    0.101812    0.118042    0.212408    0.293940 ^ clkbuf_0_clk/X (sky130_fd_sc_hd__clkbuf_16)
                                                         clknet_0_clk (net)
                      0.118508    0.005978    0.299917 ^ clkbuf_3_0__f_clk/A (sky130_fd_sc_hd__clkbuf_16)
     9    0.037838    0.057925    0.167263    0.467180 ^ clkbuf_3_0__f_clk/X (sky130_fd_sc_hd__clkbuf_16)
                                                         clknet_3_0__leaf_clk (net)
                      0.057930    0.000479    0.467660 ^ _1434_/CLK (sky130_fd_sc_hd__dfxtp_1)
     4    0.011897    0.063939    0.331617    0.799276 v _1434_/Q (sky130_fd_sc_hd__dfxtp_1)
                                                         core_out[1] (net)
                      0.063939    0.000117    0.799393 v _0821_/B1 (sky130_fd_sc_hd__a21oi_1)
     1    0.002648    0.086813    0.113831    0.913224 ^ _0821_/Y (sky130_fd_sc_hd__a21oi_1)
                                                         _0160_ (net)
                      0.086813    0.000011    0.913235 ^ _0822_/B (sky130_fd_sc_hd__nor2_1)
     2    0.007599    0.045807    0.066271    0.979506 v _0822_/Y (sky130_fd_sc_hd__nor2_1)
                                                         _0161_ (net)
                      0.045807    0.000051    0.979557 v _0823_/B (sky130_fd_sc_hd__xnor2_1)
     1    0.002743    0.050622    0.125536    1.105093 ^ _0823_/Y (sky130_fd_sc_hd__xnor2_1)
                                                         _0162_ (net)
                      0.050622    0.000013    1.105106 ^ _0824_/B (sky130_fd_sc_hd__nand2_1)
     1    0.002474    0.027983    0.047790    1.152896 v _0824_/Y (sky130_fd_sc_hd__nand2_1)
                                                         _0163_ (net)
                      0.027983    0.000011    1.152906 v _0825_/C1 (sky130_fd_sc_hd__o211a_1)
     1    0.002341    0.027094    0.093638    1.246544 v _0825_/X (sky130_fd_sc_hd__o211a_1)
                                                         _0050_ (net)
                      0.027094    0.000023    1.246568 v _1434_/D (sky130_fd_sc_hd__dfxtp_1)
                                              1.246568   data arrival time

                                  0.000000    0.000000   clock clk (rise edge)
                                  0.000000    0.000000   clock source latency
     1    0.024950    0.117791    0.081531    0.081531 ^ clk (in)
                                                         clk (net)
                      0.117803    0.000000    0.081531 ^ clkbuf_0_clk/A (sky130_fd_sc_hd__clkbuf_16)
     8    0.101812    0.118042    0.212408    0.293940 ^ clkbuf_0_clk/X (sky130_fd_sc_hd__clkbuf_16)
                                                         clknet_0_clk (net)
                      0.118508    0.005978    0.299917 ^ clkbuf_3_0__f_clk/A (sky130_fd_sc_hd__clkbuf_16)
     9    0.037838    0.057925    0.167263    0.467180 ^ clkbuf_3_0__f_clk/X (sky130_fd_sc_hd__clkbuf_16)
                                                         clknet_3_0__leaf_clk (net)
                      0.057930    0.000479    0.467660 ^ _1434_/CLK (sky130_fd_sc_hd__dfxtp_1)
                                  0.250000    0.717660   clock uncertainty
                                  0.000000    0.717660   clock reconvergence pessimism
                                 -0.043156    0.674504   library hold time
                                              0.674504   data required time
---------------------------------------------------------------------------------------------
                                              0.674504   data required time
                                             -1.246568   data arrival time
---------------------------------------------------------------------------------------------
                                              0.572063   slack (MET)


Startpoint: _1440_ (rising edge-triggered flip-flop clocked by clk)
Endpoint: _1440_ (rising edge-triggered flip-flop clocked by clk)
Path Group: clk
Path Type: min

Fanout         Cap        Slew       Delay        Time   Description
---------------------------------------------------------------------------------------------
                                  0.000000    0.000000   clock clk (rise edge)
                                  0.000000    0.000000   clock source latency
     1    0.024950    0.117791    0.081531    0.081531 ^ clk (in)
                                                         clk (net)
                      0.117803    0.000000    0.081531 ^ clkbuf_0_clk/A (sky130_fd_sc_hd__clkbuf_16)
     8    0.101812    0.118042    0.212408    0.293940 ^ clkbuf_0_clk/X (sky130_fd_sc_hd__clkbuf_16)
                                                         clknet_0_clk (net)
                      0.118177    0.003282    0.297222 ^ clkbuf_3_6__f_clk/A (sky130_fd_sc_hd__clkbuf_16)
    14    0.045743    0.064948    0.172761    0.469983 ^ clkbuf_3_6__f_clk/X (sky130_fd_sc_hd__clkbuf_16)
                                                         clknet_3_6__leaf_clk (net)
                      0.064952    0.000600    0.470583 ^ _1440_/CLK (sky130_fd_sc_hd__dfxtp_1)
     4    0.011055    0.112275    0.361315    0.831897 ^ _1440_/Q (sky130_fd_sc_hd__dfxtp_1)
                                                         core_out[7] (net)
                      0.112275    0.000166    0.832063 ^ _0998_/B1 (sky130_fd_sc_hd__a21oi_1)
     3    0.009607    0.062662    0.083129    0.915192 v _0998_/Y (sky130_fd_sc_hd__a21oi_1)
                                                         _0331_ (net)
                      0.062662    0.000039    0.915232 v _1001_/A2 (sky130_fd_sc_hd__o21ai_1)
     1    0.003031    0.075657    0.120184    1.035416 ^ _1001_/Y (sky130_fd_sc_hd__o21ai_1)
                                                         _0334_ (net)
                      0.075657    0.000029    1.035445 ^ _1002_/A2 (sky130_fd_sc_hd__a21bo_1)
     1    0.003853    0.042727    0.115287    1.150732 ^ _1002_/X (sky130_fd_sc_hd__a21bo_1)
                                                         _0335_ (net)
                      0.042727    0.000054    1.150786 ^ _1003_/C1 (sky130_fd_sc_hd__o211a_1)
     1    0.001857    0.033700    0.119109    1.269895 ^ _1003_/X (sky130_fd_sc_hd__o211a_1)
                                                         _0056_ (net)
                      0.033700    0.000015    1.269910 ^ _1440_/D (sky130_fd_sc_hd__dfxtp_1)
                                              1.269910   data arrival time

                                  0.000000    0.000000   clock clk (rise edge)
                                  0.000000    0.000000   clock source latency
     1    0.024950    0.117791    0.081531    0.081531 ^ clk (in)
                                                         clk (net)
                      0.117803    0.000000    0.081531 ^ clkbuf_0_clk/A (sky130_fd_sc_hd__clkbuf_16)
     8    0.101812    0.118042    0.212408    0.293940 ^ clkbuf_0_clk/X (sky130_fd_sc_hd__clkbuf_16)
                                                         clknet_0_clk (net)
                      0.118177    0.003282    0.297222 ^ clkbuf_3_6__f_clk/A (sky130_fd_sc_hd__clkbuf_16)
    14    0.045743    0.064948    0.172761    0.469983 ^ clkbuf_3_6__f_clk/X (sky130_fd_sc_hd__clkbuf_16)
                                                         clknet_3_6__leaf_clk (net)
                      0.064952    0.000600    0.470583 ^ _1440_/CLK (sky130_fd_sc_hd__dfxtp_1)
                                  0.250000    0.720583   clock uncertainty
                                  0.000000    0.720583   clock reconvergence pessimism
                                 -0.026280    0.694302   library hold time
                                              0.694302   data required time
---------------------------------------------------------------------------------------------
                                              0.694302   data required time
                                             -1.269910   data arrival time
---------------------------------------------------------------------------------------------
                                              0.575608   slack (MET)


Startpoint: _1449_ (rising edge-triggered flip-flop clocked by clk)
Endpoint: _1409_ (rising edge-triggered flip-flop clocked by clk)
Path Group: clk
Path Type: min

Fanout         Cap        Slew       Delay        Time   Description
---------------------------------------------------------------------------------------------
                                  0.000000    0.000000   clock clk (rise edge)
                                  0.000000    0.000000   clock source latency
     1    0.024950    0.117791    0.081531    0.081531 ^ clk (in)
                                                         clk (net)
                      0.117803    0.000000    0.081531 ^ clkbuf_0_clk/A (sky130_fd_sc_hd__clkbuf_16)
     8    0.101812    0.118042    0.212408    0.293940 ^ clkbuf_0_clk/X (sky130_fd_sc_hd__clkbuf_16)
                                                         clknet_0_clk (net)
                      0.118081    0.001788    0.295728 ^ clkbuf_3_4__f_clk/A (sky130_fd_sc_hd__clkbuf_16)
    11    0.040866    0.060539    0.169002    0.464730 ^ clkbuf_3_4__f_clk/X (sky130_fd_sc_hd__clkbuf_16)
                                                         clknet_3_4__leaf_clk (net)
                      0.060581    0.001391    0.466121 ^ _1449_/CLK (sky130_fd_sc_hd__dfxtp_1)
     6    0.034951    0.164405    0.410839    0.876960 v _1449_/Q (sky130_fd_sc_hd__dfxtp_1)
                                                         core_out[16] (net)
                      0.164405    0.000063    0.877024 v _0764_/A (sky130_fd_sc_hd__and2_1)
     1    0.003104    0.035850    0.186624    1.063648 v _0764_/X (sky130_fd_sc_hd__and2_1)
                                                         _0128_ (net)
                      0.035850    0.000024    1.063671 v _0765_/B2 (sky130_fd_sc_hd__o221a_1)
     1    0.001907    0.028810    0.189630    1.253301 v _0765_/X (sky130_fd_sc_hd__o221a_1)
                                                         _0025_ (net)
                      0.028810    0.000008    1.253310 v _1409_/D (sky130_fd_sc_hd__dfxtp_1)
                                              1.253310   data arrival time

                                  0.000000    0.000000   clock clk (rise edge)
                                  0.000000    0.000000   clock source latency
     1    0.024950    0.117791    0.081531    0.081531 ^ clk (in)
                                                         clk (net)
                      0.117803    0.000000    0.081531 ^ clkbuf_0_clk/A (sky130_fd_sc_hd__clkbuf_16)
     8    0.101812    0.118042    0.212408    0.293940 ^ clkbuf_0_clk/X (sky130_fd_sc_hd__clkbuf_16)
                                                         clknet_0_clk (net)
                      0.118078    0.001717    0.295657 ^ clkbuf_3_5__f_clk/A (sky130_fd_sc_hd__clkbuf_16)
    14    0.044834    0.064104    0.171899    0.467556 ^ clkbuf_3_5__f_clk/X (sky130_fd_sc_hd__clkbuf_16)
                                                         clknet_3_5__leaf_clk (net)
                      0.064168    0.001734    0.469290 ^ _1409_/CLK (sky130_fd_sc_hd__dfxtp_1)
                                  0.250000    0.719290   clock uncertainty
                                  0.000000    0.719290   clock reconvergence pessimism
                                 -0.042466    0.676824   library hold time
                                              0.676824   data required time
---------------------------------------------------------------------------------------------
                                              0.676824   data required time
                                             -1.253310   data arrival time
---------------------------------------------------------------------------------------------
                                              0.576485   slack (MET)


Startpoint: _1453_ (rising edge-triggered flip-flop clocked by clk)
Endpoint: _1457_ (rising edge-triggered flip-flop clocked by clk)
Path Group: clk
Path Type: min

Fanout         Cap        Slew       Delay        Time   Description
---------------------------------------------------------------------------------------------
                                  0.000000    0.000000   clock clk (rise edge)
                                  0.000000    0.000000   clock source latency
     1    0.024950    0.117791    0.081531    0.081531 ^ clk (in)
                                                         clk (net)
                      0.117803    0.000000    0.081531 ^ clkbuf_0_clk/A (sky130_fd_sc_hd__clkbuf_16)
     8    0.101812    0.118042    0.212408    0.293940 ^ clkbuf_0_clk/X (sky130_fd_sc_hd__clkbuf_16)
                                                         clknet_0_clk (net)
                      0.118081    0.001788    0.295728 ^ clkbuf_3_4__f_clk/A (sky130_fd_sc_hd__clkbuf_16)
    11    0.040866    0.060539    0.169002    0.464730 ^ clkbuf_3_4__f_clk/X (sky130_fd_sc_hd__clkbuf_16)
                                                         clknet_3_4__leaf_clk (net)
                      0.060575    0.001304    0.466035 ^ _1453_/CLK (sky130_fd_sc_hd__dfxtp_2)
     6    0.025459    0.134503    0.391466    0.857501 ^ _1453_/Q (sky130_fd_sc_hd__dfxtp_2)
                                                         core_out[20] (net)
                      0.134504    0.000701    0.858202 ^ _1327_/A4 (sky130_fd_sc_hd__o41ai_2)
     3    0.011243    0.060282    0.101959    0.960160 v _1327_/Y (sky130_fd_sc_hd__o41ai_2)
                                                         _0643_ (net)
                      0.060282    0.000131    0.960292 v _1331_/B (sky130_fd_sc_hd__nand3_1)
     1    0.002885    0.051904    0.082379    1.042670 ^ _1331_/Y (sky130_fd_sc_hd__nand3_1)
                                                         _0647_ (net)
                      0.051904    0.000014    1.042684 ^ _1332_/A2 (sky130_fd_sc_hd__a21bo_1)
     1    0.002979    0.036375    0.103060    1.145744 ^ _1332_/X (sky130_fd_sc_hd__a21bo_1)
                                                         _0648_ (net)
                      0.036375    0.000030    1.145775 ^ _1333_/C1 (sky130_fd_sc_hd__o211a_1)
     1    0.002699    0.039596    0.123721    1.269495 ^ _1333_/X (sky130_fd_sc_hd__o211a_1)
                                                         _0073_ (net)
                      0.039596    0.000029    1.269524 ^ _1457_/D (sky130_fd_sc_hd__dfxtp_2)
                                              1.269524   data arrival time

                                  0.000000    0.000000   clock clk (rise edge)
                                  0.000000    0.000000   clock source latency
     1    0.024950    0.117791    0.081531    0.081531 ^ clk (in)
                                                         clk (net)
                      0.117803    0.000000    0.081531 ^ clkbuf_0_clk/A (sky130_fd_sc_hd__clkbuf_16)
     8    0.101812    0.118042    0.212408    0.293940 ^ clkbuf_0_clk/X (sky130_fd_sc_hd__clkbuf_16)
                                                         clknet_0_clk (net)
                      0.118180    0.003316    0.297256 ^ clkbuf_3_7__f_clk/A (sky130_fd_sc_hd__clkbuf_16)
    10    0.044183    0.063534    0.171616    0.468872 ^ clkbuf_3_7__f_clk/X (sky130_fd_sc_hd__clkbuf_16)
                                                         clknet_3_7__leaf_clk (net)
                      0.063535    0.000473    0.469345 ^ _1457_/CLK (sky130_fd_sc_hd__dfxtp_2)
                                  0.250000    0.719345   clock uncertainty
                                  0.000000    0.719345   clock reconvergence pessimism
                                 -0.027632    0.691712   library hold time
                                              0.691712   data required time
---------------------------------------------------------------------------------------------
                                              0.691712   data required time
                                             -1.269524   data arrival time
---------------------------------------------------------------------------------------------
                                              0.577812   slack (MET)


Startpoint: _1428_ (rising edge-triggered flip-flop clocked by clk)
Endpoint: _1428_ (rising edge-triggered flip-flop clocked by clk)
Path Group: clk
Path Type: min

Fanout         Cap        Slew       Delay        Time   Description
---------------------------------------------------------------------------------------------
                                  0.000000    0.000000   clock clk (rise edge)
                                  0.000000    0.000000   clock source latency
     1    0.024950    0.117791    0.081531    0.081531 ^ clk (in)
                                                         clk (net)
                      0.117803    0.000000    0.081531 ^ clkbuf_0_clk/A (sky130_fd_sc_hd__clkbuf_16)
     8    0.101812    0.118042    0.212408    0.293940 ^ clkbuf_0_clk/X (sky130_fd_sc_hd__clkbuf_16)
                                                         clknet_0_clk (net)
                      0.118508    0.005978    0.299917 ^ clkbuf_3_0__f_clk/A (sky130_fd_sc_hd__clkbuf_16)
     9    0.037838    0.057925    0.167263    0.467180 ^ clkbuf_3_0__f_clk/X (sky130_fd_sc_hd__clkbuf_16)
                                                         clknet_3_0__leaf_clk (net)
                      0.057931    0.000540    0.467721 ^ _1428_/CLK (sky130_fd_sc_hd__dfxtp_2)
     3    0.025362    0.134092    0.389867    0.857588 ^ _1428_/Q (sky130_fd_sc_hd__dfxtp_2)
                                                         core_b[3] (net)
                      0.134092    0.000153    0.857741 ^ fanout73/A (sky130_fd_sc_hd__buf_6)
    10    0.047071    0.101206    0.169612    1.027353 ^ fanout73/X (sky130_fd_sc_hd__buf_6)
                                                         net73 (net)
                      0.101207    0.000183    1.027536 ^ _0803_/A0 (sky130_fd_sc_hd__mux2_1)
     1    0.002794    0.041248    0.133706    1.161242 ^ _0803_/X (sky130_fd_sc_hd__mux2_1)
                                                         _0148_ (net)
                      0.041248    0.000036    1.161278 ^ _0804_/B (sky130_fd_sc_hd__and2_1)
     1    0.001990    0.040421    0.107313    1.268591 ^ _0804_/X (sky130_fd_sc_hd__and2_1)
                                                         _0044_ (net)
                      0.040421    0.000009    1.268600 ^ _1428_/D (sky130_fd_sc_hd__dfxtp_2)
                                              1.268600   data arrival time

                                  0.000000    0.000000   clock clk (rise edge)
                                  0.000000    0.000000   clock source latency
     1    0.024950    0.117791    0.081531    0.081531 ^ clk (in)
                                                         clk (net)
                      0.117803    0.000000    0.081531 ^ clkbuf_0_clk/A (sky130_fd_sc_hd__clkbuf_16)
     8    0.101812    0.118042    0.212408    0.293940 ^ clkbuf_0_clk/X (sky130_fd_sc_hd__clkbuf_16)
                                                         clknet_0_clk (net)
                      0.118508    0.005978    0.299917 ^ clkbuf_3_0__f_clk/A (sky130_fd_sc_hd__clkbuf_16)
     9    0.037838    0.057925    0.167263    0.467180 ^ clkbuf_3_0__f_clk/X (sky130_fd_sc_hd__clkbuf_16)
                                                         clknet_3_0__leaf_clk (net)
                      0.057931    0.000540    0.467721 ^ _1428_/CLK (sky130_fd_sc_hd__dfxtp_2)
                                  0.250000    0.717721   clock uncertainty
                                  0.000000    0.717721   clock reconvergence pessimism
                                 -0.028540    0.689180   library hold time
                                              0.689180   data required time
---------------------------------------------------------------------------------------------
                                              0.689180   data required time
                                             -1.268600   data arrival time
---------------------------------------------------------------------------------------------
                                              0.579419   slack (MET)


Startpoint: _1450_ (rising edge-triggered flip-flop clocked by clk)
Endpoint: _1410_ (rising edge-triggered flip-flop clocked by clk)
Path Group: clk
Path Type: min

Fanout         Cap        Slew       Delay        Time   Description
---------------------------------------------------------------------------------------------
                                  0.000000    0.000000   clock clk (rise edge)
                                  0.000000    0.000000   clock source latency
     1    0.024950    0.117791    0.081531    0.081531 ^ clk (in)
                                                         clk (net)
                      0.117803    0.000000    0.081531 ^ clkbuf_0_clk/A (sky130_fd_sc_hd__clkbuf_16)
     8    0.101812    0.118042    0.212408    0.293940 ^ clkbuf_0_clk/X (sky130_fd_sc_hd__clkbuf_16)
                                                         clknet_0_clk (net)
                      0.118180    0.003316    0.297256 ^ clkbuf_3_7__f_clk/A (sky130_fd_sc_hd__clkbuf_16)
    10    0.044183    0.063534    0.171616    0.468872 ^ clkbuf_3_7__f_clk/X (sky130_fd_sc_hd__clkbuf_16)
                                                         clknet_3_7__leaf_clk (net)
                      0.063535    0.000508    0.469381 ^ _1450_/CLK (sky130_fd_sc_hd__dfxtp_1)
     6    0.036278    0.170236    0.416581    0.885962 v _1450_/Q (sky130_fd_sc_hd__dfxtp_1)
                                                         core_out[17] (net)
                      0.170237    0.000594    0.886556 v _0766_/A (sky130_fd_sc_hd__and2_1)
     1    0.002653    0.033928    0.186543    1.073098 v _0766_/X (sky130_fd_sc_hd__and2_1)
                                                         _0129_ (net)
                      0.033928    0.000014    1.073113 v _0767_/B2 (sky130_fd_sc_hd__o221a_1)
     1    0.001982    0.029210    0.189548    1.262661 v _0767_/X (sky130_fd_sc_hd__o221a_1)
                                                         _0026_ (net)
                      0.029210    0.000017    1.262678 v _1410_/D (sky130_fd_sc_hd__dfxtp_1)
                                              1.262678   data arrival time

                                  0.000000    0.000000   clock clk (rise edge)
                                  0.000000    0.000000   clock source latency
     1    0.024950    0.117791    0.081531    0.081531 ^ clk (in)
                                                         clk (net)
                      0.117803    0.000000    0.081531 ^ clkbuf_0_clk/A (sky130_fd_sc_hd__clkbuf_16)
     8    0.101812    0.118042    0.212408    0.293940 ^ clkbuf_0_clk/X (sky130_fd_sc_hd__clkbuf_16)
                                                         clknet_0_clk (net)
                      0.118081    0.001788    0.295728 ^ clkbuf_3_4__f_clk/A (sky130_fd_sc_hd__clkbuf_16)
    11    0.040866    0.060539    0.169002    0.464730 ^ clkbuf_3_4__f_clk/X (sky130_fd_sc_hd__clkbuf_16)
                                                         clknet_3_4__leaf_clk (net)
                      0.060552    0.000886    0.465617 ^ _1410_/CLK (sky130_fd_sc_hd__dfxtp_1)
                                  0.250000    0.715617   clock uncertainty
                                  0.000000    0.715617   clock reconvergence pessimism
                                 -0.043447    0.672170   library hold time
                                              0.672170   data required time
---------------------------------------------------------------------------------------------
                                              0.672170   data required time
                                             -1.262678   data arrival time
---------------------------------------------------------------------------------------------
                                              0.590509   slack (MET)


Startpoint: _1461_ (rising edge-triggered flip-flop clocked by clk)
Endpoint: _1463_ (rising edge-triggered flip-flop clocked by clk)
Path Group: clk
Path Type: min

Fanout         Cap        Slew       Delay        Time   Description
---------------------------------------------------------------------------------------------
                                  0.000000    0.000000   clock clk (rise edge)
                                  0.000000    0.000000   clock source latency
     1    0.024950    0.117791    0.081531    0.081531 ^ clk (in)
                                                         clk (net)
                      0.117803    0.000000    0.081531 ^ clkbuf_0_clk/A (sky130_fd_sc_hd__clkbuf_16)
     8    0.101812    0.118042    0.212408    0.293940 ^ clkbuf_0_clk/X (sky130_fd_sc_hd__clkbuf_16)
                                                         clknet_0_clk (net)
                      0.118177    0.003282    0.297222 ^ clkbuf_3_6__f_clk/A (sky130_fd_sc_hd__clkbuf_16)
    14    0.045743    0.064948    0.172761    0.469983 ^ clkbuf_3_6__f_clk/X (sky130_fd_sc_hd__clkbuf_16)
                                                         clknet_3_6__leaf_clk (net)
                      0.064984    0.001352    0.471334 ^ _1461_/CLK (sky130_fd_sc_hd__dfxtp_1)
     5    0.012022    0.064490    0.334669    0.806003 v _1461_/Q (sky130_fd_sc_hd__dfxtp_1)
                                                         core_out[28] (net)
                      0.064490    0.000127    0.806130 v _1373_/A2 (sky130_fd_sc_hd__o21ai_1)
     2    0.004826    0.100738    0.144696    0.950826 ^ _1373_/Y (sky130_fd_sc_hd__o21ai_1)
                                                         _0683_ (net)
                      0.100738    0.000029    0.950855 ^ _1375_/C (sky130_fd_sc_hd__and3_1)
     1    0.003370    0.054263    0.164258    1.115113 ^ _1375_/X (sky130_fd_sc_hd__and3_1)
                                                         _0685_ (net)
                      0.054263    0.000036    1.115149 ^ _1376_/B (sky130_fd_sc_hd__or2_4)
     1    0.005695    0.033757    0.107878    1.223027 ^ _1376_/X (sky130_fd_sc_hd__or2_4)
                                                         _0686_ (net)
                      0.033757    0.000080    1.223107 ^ _1378_/A1 (sky130_fd_sc_hd__a211oi_2)
     1    0.002130    0.040100    0.044546    1.267653 v _1378_/Y (sky130_fd_sc_hd__a211oi_2)
                                                         _0079_ (net)
                      0.040100    0.000020    1.267673 v _1463_/D (sky130_fd_sc_hd__dfxtp_1)
                                              1.267673   data arrival time

                                  0.000000    0.000000   clock clk (rise edge)
                                  0.000000    0.000000   clock source latency
     1    0.024950    0.117791    0.081531    0.081531 ^ clk (in)
                                                         clk (net)
                      0.117803    0.000000    0.081531 ^ clkbuf_0_clk/A (sky130_fd_sc_hd__clkbuf_16)
     8    0.101812    0.118042    0.212408    0.293940 ^ clkbuf_0_clk/X (sky130_fd_sc_hd__clkbuf_16)
                                                         clknet_0_clk (net)
                      0.118177    0.003282    0.297222 ^ clkbuf_3_6__f_clk/A (sky130_fd_sc_hd__clkbuf_16)
    14    0.045743    0.064948    0.172761    0.469983 ^ clkbuf_3_6__f_clk/X (sky130_fd_sc_hd__clkbuf_16)
                                                         clknet_3_6__leaf_clk (net)
                      0.064985    0.001360    0.471342 ^ _1463_/CLK (sky130_fd_sc_hd__dfxtp_1)
                                  0.250000    0.721342   clock uncertainty
                                  0.000000    0.721342   clock reconvergence pessimism
                                 -0.046992    0.674350   library hold time
                                              0.674350   data required time
---------------------------------------------------------------------------------------------
                                              0.674350   data required time
                                             -1.267673   data arrival time
---------------------------------------------------------------------------------------------
                                              0.593322   slack (MET)


Startpoint: _1451_ (rising edge-triggered flip-flop clocked by clk)
Endpoint: _1452_ (rising edge-triggered flip-flop clocked by clk)
Path Group: clk
Path Type: min

Fanout         Cap        Slew       Delay        Time   Description
---------------------------------------------------------------------------------------------
                                  0.000000    0.000000   clock clk (rise edge)
                                  0.000000    0.000000   clock source latency
     1    0.024950    0.117791    0.081531    0.081531 ^ clk (in)
                                                         clk (net)
                      0.117803    0.000000    0.081531 ^ clkbuf_0_clk/A (sky130_fd_sc_hd__clkbuf_16)
     8    0.101812    0.118042    0.212408    0.293940 ^ clkbuf_0_clk/X (sky130_fd_sc_hd__clkbuf_16)
                                                         clknet_0_clk (net)
                      0.118081    0.001788    0.295728 ^ clkbuf_3_4__f_clk/A (sky130_fd_sc_hd__clkbuf_16)
    11    0.040866    0.060539    0.169002    0.464730 ^ clkbuf_3_4__f_clk/X (sky130_fd_sc_hd__clkbuf_16)
                                                         clknet_3_4__leaf_clk (net)
                      0.060539    0.000396    0.465126 ^ _1451_/CLK (sky130_fd_sc_hd__dfxtp_1)
     5    0.023656    0.113985    0.373174    0.838300 v _1451_/Q (sky130_fd_sc_hd__dfxtp_1)
                                                         core_out[18] (net)
                      0.113986    0.000536    0.838836 v _1286_/A (sky130_fd_sc_hd__nand2_1)
     1    0.002887    0.049323    0.082773    0.921609 ^ _1286_/Y (sky130_fd_sc_hd__nand2_1)
                                                         _0608_ (net)
                      0.049323    0.000015    0.921624 ^ _1294_/B1 (sky130_fd_sc_hd__o21a_1)
     1    0.005621    0.063729    0.127205    1.048830 ^ _1294_/X (sky130_fd_sc_hd__o21a_1)
                                                         _0615_ (net)
                      0.063729    0.000072    1.048902 ^ _1295_/B (sky130_fd_sc_hd__xnor2_1)
     1    0.002534    0.032352    0.058966    1.107868 v _1295_/Y (sky130_fd_sc_hd__xnor2_1)
                                                         _0616_ (net)
                      0.032352    0.000013    1.107882 v _1296_/B (sky130_fd_sc_hd__nand2_1)
     1    0.002595    0.042610    0.054198    1.162080 ^ _1296_/Y (sky130_fd_sc_hd__nand2_1)
                                                         _0617_ (net)
                      0.042610    0.000011    1.162091 ^ _1297_/C1 (sky130_fd_sc_hd__o211a_1)
     1    0.002000    0.035729    0.120189    1.282279 ^ _1297_/X (sky130_fd_sc_hd__o211a_1)
                                                         _0068_ (net)
                      0.035729    0.000009    1.282289 ^ _1452_/D (sky130_fd_sc_hd__dfxtp_1)
                                              1.282289   data arrival time

                                  0.000000    0.000000   clock clk (rise edge)
                                  0.000000    0.000000   clock source latency
     1    0.024950    0.117791    0.081531    0.081531 ^ clk (in)
                                                         clk (net)
                      0.117803    0.000000    0.081531 ^ clkbuf_0_clk/A (sky130_fd_sc_hd__clkbuf_16)
     8    0.101812    0.118042    0.212408    0.293940 ^ clkbuf_0_clk/X (sky130_fd_sc_hd__clkbuf_16)
                                                         clknet_0_clk (net)
                      0.118081    0.001788    0.295728 ^ clkbuf_3_4__f_clk/A (sky130_fd_sc_hd__clkbuf_16)
    11    0.040866    0.060539    0.169002    0.464730 ^ clkbuf_3_4__f_clk/X (sky130_fd_sc_hd__clkbuf_16)
                                                         clknet_3_4__leaf_clk (net)
                      0.060566    0.001158    0.465889 ^ _1452_/CLK (sky130_fd_sc_hd__dfxtp_1)
                                  0.250000    0.715889   clock uncertainty
                                  0.000000    0.715889   clock reconvergence pessimism
                                 -0.027281    0.688607   library hold time
                                              0.688607   data required time
---------------------------------------------------------------------------------------------
                                              0.688607   data required time
                                             -1.282289   data arrival time
---------------------------------------------------------------------------------------------
                                              0.593681   slack (MET)


Startpoint: _1447_ (rising edge-triggered flip-flop clocked by clk)
Endpoint: _1448_ (rising edge-triggered flip-flop clocked by clk)
Path Group: clk
Path Type: min

Fanout         Cap        Slew       Delay        Time   Description
---------------------------------------------------------------------------------------------
                                  0.000000    0.000000   clock clk (rise edge)
                                  0.000000    0.000000   clock source latency
     1    0.024950    0.117791    0.081531    0.081531 ^ clk (in)
                                                         clk (net)
                      0.117803    0.000000    0.081531 ^ clkbuf_0_clk/A (sky130_fd_sc_hd__clkbuf_16)
     8    0.101812    0.118042    0.212408    0.293940 ^ clkbuf_0_clk/X (sky130_fd_sc_hd__clkbuf_16)
                                                         clknet_0_clk (net)
                      0.118078    0.001717    0.295657 ^ clkbuf_3_5__f_clk/A (sky130_fd_sc_hd__clkbuf_16)
    14    0.044834    0.064104    0.171899    0.467556 ^ clkbuf_3_5__f_clk/X (sky130_fd_sc_hd__clkbuf_16)
                                                         clknet_3_5__leaf_clk (net)
                      0.064115    0.000843    0.468399 ^ _1447_/CLK (sky130_fd_sc_hd__dfxtp_1)
     4    0.012021    0.120948    0.367225    0.835623 ^ _1447_/Q (sky130_fd_sc_hd__dfxtp_1)
                                                         core_out[14] (net)
                      0.120948    0.000159    0.835783 ^ _1249_/A (sky130_fd_sc_hd__nand2_1)
     2    0.010561    0.086410    0.110519    0.946301 v _1249_/Y (sky130_fd_sc_hd__nand2_1)
                                                         _0575_ (net)
                      0.086410    0.000127    0.946428 v _1250_/A (sky130_fd_sc_hd__inv_2)
     3    0.007823    0.048322    0.073631    1.020059 ^ _1250_/Y (sky130_fd_sc_hd__inv_2)
                                                         _0576_ (net)
                      0.048322    0.000053    1.020112 ^ _1271_/A1 (sky130_fd_sc_hd__o31ai_1)
     1    0.002971    0.035488    0.069222    1.089334 v _1271_/Y (sky130_fd_sc_hd__o31ai_1)
                                                         _0596_ (net)
                      0.035488    0.000031    1.089365 v _1272_/B2 (sky130_fd_sc_hd__o221a_1)
     1    0.002141    0.030056    0.191396    1.280762 v _1272_/X (sky130_fd_sc_hd__o221a_1)
                                                         _0064_ (net)
                      0.030056    0.000011    1.280773 v _1448_/D (sky130_fd_sc_hd__dfxtp_1)
                                              1.280773   data arrival time

                                  0.000000    0.000000   clock clk (rise edge)
                                  0.000000    0.000000   clock source latency
     1    0.024950    0.117791    0.081531    0.081531 ^ clk (in)
                                                         clk (net)
                      0.117803    0.000000    0.081531 ^ clkbuf_0_clk/A (sky130_fd_sc_hd__clkbuf_16)
     8    0.101812    0.118042    0.212408    0.293940 ^ clkbuf_0_clk/X (sky130_fd_sc_hd__clkbuf_16)
                                                         clknet_0_clk (net)
                      0.118078    0.001717    0.295657 ^ clkbuf_3_5__f_clk/A (sky130_fd_sc_hd__clkbuf_16)
    14    0.044834    0.064104    0.171899    0.467556 ^ clkbuf_3_5__f_clk/X (sky130_fd_sc_hd__clkbuf_16)
                                                         clknet_3_5__leaf_clk (net)
                      0.064104    0.000246    0.467802 ^ _1448_/CLK (sky130_fd_sc_hd__dfxtp_1)
                                  0.250000    0.717802   clock uncertainty
                                  0.000000    0.717802   clock reconvergence pessimism
                                 -0.042999    0.674803   library hold time
                                              0.674803   data required time
---------------------------------------------------------------------------------------------
                                              0.674803   data required time
                                             -1.280773   data arrival time
---------------------------------------------------------------------------------------------
                                              0.605970   slack (MET)


Startpoint: _1386_ (rising edge-triggered flip-flop clocked by clk)
Endpoint: _1386_ (rising edge-triggered flip-flop clocked by clk)
Path Group: clk
Path Type: min

Fanout         Cap        Slew       Delay        Time   Description
---------------------------------------------------------------------------------------------
                                  0.000000    0.000000   clock clk (rise edge)
                                  0.000000    0.000000   clock source latency
     1    0.024950    0.117791    0.081531    0.081531 ^ clk (in)
                                                         clk (net)
                      0.117803    0.000000    0.081531 ^ clkbuf_0_clk/A (sky130_fd_sc_hd__clkbuf_16)
     8    0.101812    0.118042    0.212408    0.293940 ^ clkbuf_0_clk/X (sky130_fd_sc_hd__clkbuf_16)
                                                         clknet_0_clk (net)
                      0.118508    0.005978    0.299917 ^ clkbuf_3_0__f_clk/A (sky130_fd_sc_hd__clkbuf_16)
     9    0.037838    0.057925    0.167263    0.467180 ^ clkbuf_3_0__f_clk/X (sky130_fd_sc_hd__clkbuf_16)
                                                         clknet_3_0__leaf_clk (net)
                      0.057925    0.000082    0.467263 ^ _1386_/CLK (sky130_fd_sc_hd__dfxtp_1)
     2    0.010189    0.104505    0.353138    0.820401 ^ _1386_/Q (sky130_fd_sc_hd__dfxtp_1)
                                                         core_a[1] (net)
                      0.104505    0.000032    0.820433 ^ fanout92/A (sky130_fd_sc_hd__buf_2)
    10    0.040337    0.198565    0.239678    1.060110 ^ fanout92/X (sky130_fd_sc_hd__buf_2)
                                                         net92 (net)
                      0.198565    0.000102    1.060212 ^ _0705_/A0 (sky130_fd_sc_hd__mux2_1)
     1    0.002111    0.036232    0.153988    1.214201 ^ _0705_/X (sky130_fd_sc_hd__mux2_1)
                                                         _0092_ (net)
                      0.036232    0.000020    1.214221 ^ _0706_/B (sky130_fd_sc_hd__and2_1)
     1    0.001880    0.039459    0.104959    1.319180 ^ _0706_/X (sky130_fd_sc_hd__and2_1)
                                                         _0002_ (net)
                      0.039459    0.000008    1.319188 ^ _1386_/D (sky130_fd_sc_hd__dfxtp_1)
                                              1.319188   data arrival time

                                  0.000000    0.000000   clock clk (rise edge)
                                  0.000000    0.000000   clock source latency
     1    0.024950    0.117791    0.081531    0.081531 ^ clk (in)
                                                         clk (net)
                      0.117803    0.000000    0.081531 ^ clkbuf_0_clk/A (sky130_fd_sc_hd__clkbuf_16)
     8    0.101812    0.118042    0.212408    0.293940 ^ clkbuf_0_clk/X (sky130_fd_sc_hd__clkbuf_16)
                                                         clknet_0_clk (net)
                      0.118508    0.005978    0.299917 ^ clkbuf_3_0__f_clk/A (sky130_fd_sc_hd__clkbuf_16)
     9    0.037838    0.057925    0.167263    0.467180 ^ clkbuf_3_0__f_clk/X (sky130_fd_sc_hd__clkbuf_16)
                                                         clknet_3_0__leaf_clk (net)
                      0.057925    0.000082    0.467263 ^ _1386_/CLK (sky130_fd_sc_hd__dfxtp_1)
                                  0.250000    0.717263   clock uncertainty
                                  0.000000    0.717263   clock reconvergence pessimism
                                 -0.028408    0.688855   library hold time
                                              0.688855   data required time
---------------------------------------------------------------------------------------------
                                              0.688855   data required time
                                             -1.319188   data arrival time
---------------------------------------------------------------------------------------------
                                              0.630333   slack (MET)


Startpoint: _1461_ (rising edge-triggered flip-flop clocked by clk)
Endpoint: _1461_ (rising edge-triggered flip-flop clocked by clk)
Path Group: clk
Path Type: min

Fanout         Cap        Slew       Delay        Time   Description
---------------------------------------------------------------------------------------------
                                  0.000000    0.000000   clock clk (rise edge)
                                  0.000000    0.000000   clock source latency
     1    0.024950    0.117791    0.081531    0.081531 ^ clk (in)
                                                         clk (net)
                      0.117803    0.000000    0.081531 ^ clkbuf_0_clk/A (sky130_fd_sc_hd__clkbuf_16)
     8    0.101812    0.118042    0.212408    0.293940 ^ clkbuf_0_clk/X (sky130_fd_sc_hd__clkbuf_16)
                                                         clknet_0_clk (net)
                      0.118177    0.003282    0.297222 ^ clkbuf_3_6__f_clk/A (sky130_fd_sc_hd__clkbuf_16)
    14    0.045743    0.064948    0.172761    0.469983 ^ clkbuf_3_6__f_clk/X (sky130_fd_sc_hd__clkbuf_16)
                                                         clknet_3_6__leaf_clk (net)
                      0.064984    0.001352    0.471334 ^ _1461_/CLK (sky130_fd_sc_hd__dfxtp_1)
     5    0.012022    0.064490    0.334669    0.806003 v _1461_/Q (sky130_fd_sc_hd__dfxtp_1)
                                                         core_out[28] (net)
                      0.064490    0.000118    0.806121 v _1357_/A (sky130_fd_sc_hd__nor2_1)
     1    0.002096    0.067177    0.094830    0.900951 ^ _1357_/Y (sky130_fd_sc_hd__nor2_1)
                                                         _0669_ (net)
                      0.067177    0.000012    0.900963 ^ _1358_/B (sky130_fd_sc_hd__or2_1)
     3    0.013321    0.131946    0.163622    1.064585 ^ _1358_/X (sky130_fd_sc_hd__or2_1)
                                                         _0670_ (net)
                      0.131946    0.000091    1.064676 ^ _1360_/B (sky130_fd_sc_hd__xnor2_1)
     1    0.002840    0.037226    0.077725    1.142401 v _1360_/Y (sky130_fd_sc_hd__xnor2_1)
                                                         _0672_ (net)
                      0.037226    0.000029    1.142429 v _1361_/B (sky130_fd_sc_hd__nand2_1)
     1    0.004225    0.054750    0.066565    1.208995 ^ _1361_/Y (sky130_fd_sc_hd__nand2_1)
                                                         _0673_ (net)
                      0.054750    0.000050    1.209045 ^ _1362_/C1 (sky130_fd_sc_hd__o211a_1)
     1    0.001894    0.033961    0.123055    1.332100 ^ _1362_/X (sky130_fd_sc_hd__o211a_1)
                                                         _0077_ (net)
                      0.033961    0.000016    1.332116 ^ _1461_/D (sky130_fd_sc_hd__dfxtp_1)
                                              1.332116   data arrival time

                                  0.000000    0.000000   clock clk (rise edge)
                                  0.000000    0.000000   clock source latency
     1    0.024950    0.117791    0.081531    0.081531 ^ clk (in)
                                                         clk (net)
                      0.117803    0.000000    0.081531 ^ clkbuf_0_clk/A (sky130_fd_sc_hd__clkbuf_16)
     8    0.101812    0.118042    0.212408    0.293940 ^ clkbuf_0_clk/X (sky130_fd_sc_hd__clkbuf_16)
                                                         clknet_0_clk (net)
                      0.118177    0.003282    0.297222 ^ clkbuf_3_6__f_clk/A (sky130_fd_sc_hd__clkbuf_16)
    14    0.045743    0.064948    0.172761    0.469983 ^ clkbuf_3_6__f_clk/X (sky130_fd_sc_hd__clkbuf_16)
                                                         clknet_3_6__leaf_clk (net)
                      0.064984    0.001352    0.471334 ^ _1461_/CLK (sky130_fd_sc_hd__dfxtp_1)
                                  0.250000    0.721334   clock uncertainty
                                  0.000000    0.721334   clock reconvergence pessimism
                                 -0.026331    0.695004   library hold time
                                              0.695004   data required time
---------------------------------------------------------------------------------------------
                                              0.695004   data required time
                                             -1.332116   data arrival time
---------------------------------------------------------------------------------------------
                                              0.637112   slack (MET)


Startpoint: _1429_ (rising edge-triggered flip-flop clocked by clk)
Endpoint: _1429_ (rising edge-triggered flip-flop clocked by clk)
Path Group: clk
Path Type: min

Fanout         Cap        Slew       Delay        Time   Description
---------------------------------------------------------------------------------------------
                                  0.000000    0.000000   clock clk (rise edge)
                                  0.000000    0.000000   clock source latency
     1    0.024950    0.117791    0.081531    0.081531 ^ clk (in)
                                                         clk (net)
                      0.117803    0.000000    0.081531 ^ clkbuf_0_clk/A (sky130_fd_sc_hd__clkbuf_16)
     8    0.101812    0.118042    0.212408    0.293940 ^ clkbuf_0_clk/X (sky130_fd_sc_hd__clkbuf_16)
                                                         clknet_0_clk (net)
                      0.118516    0.006031    0.299970 ^ clkbuf_3_1__f_clk/A (sky130_fd_sc_hd__clkbuf_16)
    13    0.045331    0.064568    0.172593    0.472564 ^ clkbuf_3_1__f_clk/X (sky130_fd_sc_hd__clkbuf_16)
                                                         clknet_3_1__leaf_clk (net)
                      0.064592    0.001145    0.473709 ^ _1429_/CLK (sky130_fd_sc_hd__dfxtp_1)
     2    0.013192    0.131494    0.374837    0.848546 ^ _1429_/Q (sky130_fd_sc_hd__dfxtp_1)
                                                         core_b[4] (net)
                      0.131494    0.000042    0.848588 ^ fanout70/A (sky130_fd_sc_hd__buf_2)
    10    0.035288    0.175425    0.232243    1.080831 ^ fanout70/X (sky130_fd_sc_hd__buf_2)
                                                         net70 (net)
                      0.175425    0.000318    1.081149 ^ _0805_/A0 (sky130_fd_sc_hd__mux2_1)
     1    0.002269    0.037360    0.149678    1.230827 ^ _0805_/X (sky130_fd_sc_hd__mux2_1)
                                                         _0149_ (net)
                      0.037360    0.000022    1.230849 ^ _0806_/B (sky130_fd_sc_hd__and2_1)
     1    0.002000    0.040507    0.106220    1.337069 ^ _0806_/X (sky130_fd_sc_hd__and2_1)
                                                         _0045_ (net)
                      0.040507    0.000009    1.337078 ^ _1429_/D (sky130_fd_sc_hd__dfxtp_1)
                                              1.337078   data arrival time

                                  0.000000    0.000000   clock clk (rise edge)
                                  0.000000    0.000000   clock source latency
     1    0.024950    0.117791    0.081531    0.081531 ^ clk (in)
                                                         clk (net)
                      0.117803    0.000000    0.081531 ^ clkbuf_0_clk/A (sky130_fd_sc_hd__clkbuf_16)
     8    0.101812    0.118042    0.212408    0.293940 ^ clkbuf_0_clk/X (sky130_fd_sc_hd__clkbuf_16)
                                                         clknet_0_clk (net)
                      0.118516    0.006031    0.299970 ^ clkbuf_3_1__f_clk/A (sky130_fd_sc_hd__clkbuf_16)
    13    0.045331    0.064568    0.172593    0.472564 ^ clkbuf_3_1__f_clk/X (sky130_fd_sc_hd__clkbuf_16)
                                                         clknet_3_1__leaf_clk (net)
                      0.064592    0.001145    0.473709 ^ _1429_/CLK (sky130_fd_sc_hd__dfxtp_1)
                                  0.250000    0.723709   clock uncertainty
                                  0.000000    0.723709   clock reconvergence pessimism
                                 -0.027749    0.695960   library hold time
                                              0.695960   data required time
---------------------------------------------------------------------------------------------
                                              0.695960   data required time
                                             -1.337078   data arrival time
---------------------------------------------------------------------------------------------
                                              0.641118   slack (MET)


Startpoint: _1427_ (rising edge-triggered flip-flop clocked by clk)
Endpoint: _1427_ (rising edge-triggered flip-flop clocked by clk)
Path Group: clk
Path Type: min

Fanout         Cap        Slew       Delay        Time   Description
---------------------------------------------------------------------------------------------
                                  0.000000    0.000000   clock clk (rise edge)
                                  0.000000    0.000000   clock source latency
     1    0.024950    0.117791    0.081531    0.081531 ^ clk (in)
                                                         clk (net)
                      0.117803    0.000000    0.081531 ^ clkbuf_0_clk/A (sky130_fd_sc_hd__clkbuf_16)
     8    0.101812    0.118042    0.212408    0.293940 ^ clkbuf_0_clk/X (sky130_fd_sc_hd__clkbuf_16)
                                                         clknet_0_clk (net)
                      0.118508    0.005978    0.299917 ^ clkbuf_3_0__f_clk/A (sky130_fd_sc_hd__clkbuf_16)
     9    0.037838    0.057925    0.167263    0.467180 ^ clkbuf_3_0__f_clk/X (sky130_fd_sc_hd__clkbuf_16)
                                                         clknet_3_0__leaf_clk (net)
                      0.057930    0.000498    0.467679 ^ _1427_/CLK (sky130_fd_sc_hd__dfxtp_1)
     1    0.003680    0.047857    0.310444    0.778123 ^ _1427_/Q (sky130_fd_sc_hd__dfxtp_1)
                                                         core_b[2] (net)
                      0.047857    0.000045    0.778168 ^ fanout75/A (sky130_fd_sc_hd__buf_4)
     8    0.046387    0.134272    0.179513    0.957682 ^ fanout75/X (sky130_fd_sc_hd__buf_4)
                                                         net75 (net)
                      0.134273    0.000249    0.957931 ^ fanout74/A (sky130_fd_sc_hd__buf_6)
    10    0.032274    0.073414    0.150816    1.108747 ^ fanout74/X (sky130_fd_sc_hd__buf_6)
                                                         net74 (net)
                      0.073414    0.000063    1.108810 ^ _0801_/A0 (sky130_fd_sc_hd__mux2_1)
     1    0.001789    0.033868    0.116107    1.224917 ^ _0801_/X (sky130_fd_sc_hd__mux2_1)
                                                         _0147_ (net)
                      0.033868    0.000015    1.224932 ^ _0802_/B (sky130_fd_sc_hd__and2_1)
     1    0.002068    0.040081    0.105694    1.330626 ^ _0802_/X (sky130_fd_sc_hd__and2_1)
                                                         _0043_ (net)
                      0.040081    0.000011    1.330637 ^ _1427_/D (sky130_fd_sc_hd__dfxtp_1)
                                              1.330637   data arrival time

                                  0.000000    0.000000   clock clk (rise edge)
                                  0.000000    0.000000   clock source latency
     1    0.024950    0.117791    0.081531    0.081531 ^ clk (in)
                                                         clk (net)
                      0.117803    0.000000    0.081531 ^ clkbuf_0_clk/A (sky130_fd_sc_hd__clkbuf_16)
     8    0.101812    0.118042    0.212408    0.293940 ^ clkbuf_0_clk/X (sky130_fd_sc_hd__clkbuf_16)
                                                         clknet_0_clk (net)
                      0.118508    0.005978    0.299917 ^ clkbuf_3_0__f_clk/A (sky130_fd_sc_hd__clkbuf_16)
     9    0.037838    0.057925    0.167263    0.467180 ^ clkbuf_3_0__f_clk/X (sky130_fd_sc_hd__clkbuf_16)
                                                         clknet_3_0__leaf_clk (net)
                      0.057930    0.000498    0.467679 ^ _1427_/CLK (sky130_fd_sc_hd__dfxtp_1)
                                  0.250000    0.717679   clock uncertainty
                                  0.000000    0.717679   clock reconvergence pessimism
                                 -0.028537    0.689141   library hold time
                                              0.689141   data required time
---------------------------------------------------------------------------------------------
                                              0.689141   data required time
                                             -1.330637   data arrival time
---------------------------------------------------------------------------------------------
                                              0.641495   slack (MET)


Startpoint: _1425_ (rising edge-triggered flip-flop clocked by clk)
Endpoint: _1425_ (rising edge-triggered flip-flop clocked by clk)
Path Group: clk
Path Type: min

Fanout         Cap        Slew       Delay        Time   Description
---------------------------------------------------------------------------------------------
                                  0.000000    0.000000   clock clk (rise edge)
                                  0.000000    0.000000   clock source latency
     1    0.024950    0.117791    0.081531    0.081531 ^ clk (in)
                                                         clk (net)
                      0.117803    0.000000    0.081531 ^ clkbuf_0_clk/A (sky130_fd_sc_hd__clkbuf_16)
     8    0.101812    0.118042    0.212408    0.293940 ^ clkbuf_0_clk/X (sky130_fd_sc_hd__clkbuf_16)
                                                         clknet_0_clk (net)
                      0.118516    0.006031    0.299970 ^ clkbuf_3_1__f_clk/A (sky130_fd_sc_hd__clkbuf_16)
    13    0.045331    0.064568    0.172593    0.472564 ^ clkbuf_3_1__f_clk/X (sky130_fd_sc_hd__clkbuf_16)
                                                         clknet_3_1__leaf_clk (net)
                      0.064574    0.000684    0.473248 ^ _1425_/CLK (sky130_fd_sc_hd__dfxtp_4)
     3    0.012863    0.054143    0.356303    0.829551 ^ _1425_/Q (sky130_fd_sc_hd__dfxtp_4)
                                                         core_b[0] (net)
                      0.054143    0.000094    0.829645 ^ clone16/A (sky130_fd_sc_hd__clkbuf_1)
     5    0.021807    0.259244    0.234121    1.063766 ^ clone16/X (sky130_fd_sc_hd__clkbuf_1)
                                                         net132 (net)
                      0.259244    0.000129    1.063895 ^ _0797_/A0 (sky130_fd_sc_hd__mux2_1)
     1    0.002092    0.036098    0.168520    1.232416 ^ _0797_/X (sky130_fd_sc_hd__mux2_1)
                                                         _0145_ (net)
                      0.036098    0.000019    1.232434 ^ _0798_/B (sky130_fd_sc_hd__and2_1)
     1    0.001908    0.039703    0.105134    1.337568 ^ _0798_/X (sky130_fd_sc_hd__and2_1)
                                                         _0041_ (net)
                      0.039703    0.000009    1.337577 ^ _1425_/D (sky130_fd_sc_hd__dfxtp_4)
                                              1.337577   data arrival time

                                  0.000000    0.000000   clock clk (rise edge)
                                  0.000000    0.000000   clock source latency
     1    0.024950    0.117791    0.081531    0.081531 ^ clk (in)
                                                         clk (net)
                      0.117803    0.000000    0.081531 ^ clkbuf_0_clk/A (sky130_fd_sc_hd__clkbuf_16)
     8    0.101812    0.118042    0.212408    0.293940 ^ clkbuf_0_clk/X (sky130_fd_sc_hd__clkbuf_16)
                                                         clknet_0_clk (net)
                      0.118516    0.006031    0.299970 ^ clkbuf_3_1__f_clk/A (sky130_fd_sc_hd__clkbuf_16)
    13    0.045331    0.064568    0.172593    0.472564 ^ clkbuf_3_1__f_clk/X (sky130_fd_sc_hd__clkbuf_16)
                                                         clknet_3_1__leaf_clk (net)
                      0.064574    0.000684    0.473248 ^ _1425_/CLK (sky130_fd_sc_hd__dfxtp_4)
                                  0.250000    0.723248   clock uncertainty
                                  0.000000    0.723248   clock reconvergence pessimism
                                 -0.027720    0.695529   library hold time
                                              0.695529   data required time
---------------------------------------------------------------------------------------------
                                              0.695529   data required time
                                             -1.337577   data arrival time
---------------------------------------------------------------------------------------------
                                              0.642048   slack (MET)


Startpoint: _1385_ (rising edge-triggered flip-flop clocked by clk)
Endpoint: _1385_ (rising edge-triggered flip-flop clocked by clk)
Path Group: clk
Path Type: min

Fanout         Cap        Slew       Delay        Time   Description
---------------------------------------------------------------------------------------------
                                  0.000000    0.000000   clock clk (rise edge)
                                  0.000000    0.000000   clock source latency
     1    0.024950    0.117791    0.081531    0.081531 ^ clk (in)
                                                         clk (net)
                      0.117803    0.000000    0.081531 ^ clkbuf_0_clk/A (sky130_fd_sc_hd__clkbuf_16)
     8    0.101812    0.118042    0.212408    0.293940 ^ clkbuf_0_clk/X (sky130_fd_sc_hd__clkbuf_16)
                                                         clknet_0_clk (net)
                      0.118508    0.005978    0.299917 ^ clkbuf_3_0__f_clk/A (sky130_fd_sc_hd__clkbuf_16)
     9    0.037838    0.057925    0.167263    0.467180 ^ clkbuf_3_0__f_clk/X (sky130_fd_sc_hd__clkbuf_16)
                                                         clknet_3_0__leaf_clk (net)
                      0.057927    0.000363    0.467544 ^ _1385_/CLK (sky130_fd_sc_hd__dfxtp_1)
     2    0.013628    0.135414    0.375142    0.842685 ^ _1385_/Q (sky130_fd_sc_hd__dfxtp_1)
                                                         core_a[0] (net)
                      0.135414    0.000045    0.842730 ^ fanout94/A (sky130_fd_sc_hd__buf_2)
    10    0.036388    0.180273    0.237028    1.079758 ^ fanout94/X (sky130_fd_sc_hd__buf_2)
                                                         net94 (net)
                      0.180273    0.000081    1.079838 ^ _0703_/A0 (sky130_fd_sc_hd__mux2_1)
     1    0.002171    0.036665    0.150057    1.229896 ^ _0703_/X (sky130_fd_sc_hd__mux2_1)
                                                         _0091_ (net)
                      0.036665    0.000021    1.229917 ^ _0704_/B (sky130_fd_sc_hd__and2_1)
     1    0.001933    0.039921    0.105496    1.335412 ^ _0704_/X (sky130_fd_sc_hd__and2_1)
                                                         _0001_ (net)
                      0.039921    0.000008    1.335421 ^ _1385_/D (sky130_fd_sc_hd__dfxtp_1)
                                              1.335421   data arrival time

                                  0.000000    0.000000   clock clk (rise edge)
                                  0.000000    0.000000   clock source latency
     1    0.024950    0.117791    0.081531    0.081531 ^ clk (in)
                                                         clk (net)
                      0.117803    0.000000    0.081531 ^ clkbuf_0_clk/A (sky130_fd_sc_hd__clkbuf_16)
     8    0.101812    0.118042    0.212408    0.293940 ^ clkbuf_0_clk/X (sky130_fd_sc_hd__clkbuf_16)
                                                         clknet_0_clk (net)
                      0.118508    0.005978    0.299917 ^ clkbuf_3_0__f_clk/A (sky130_fd_sc_hd__clkbuf_16)
     9    0.037838    0.057925    0.167263    0.467180 ^ clkbuf_3_0__f_clk/X (sky130_fd_sc_hd__clkbuf_16)
                                                         clknet_3_0__leaf_clk (net)
                      0.057927    0.000363    0.467544 ^ _1385_/CLK (sky130_fd_sc_hd__dfxtp_1)
                                  0.250000    0.717544   clock uncertainty
                                  0.000000    0.717544   clock reconvergence pessimism
                                 -0.028504    0.689039   library hold time
                                              0.689039   data required time
---------------------------------------------------------------------------------------------
                                              0.689039   data required time
                                             -1.335421   data arrival time
---------------------------------------------------------------------------------------------
                                              0.646382   slack (MET)


Startpoint: _1458_ (rising edge-triggered flip-flop clocked by clk)
Endpoint: _1459_ (rising edge-triggered flip-flop clocked by clk)
Path Group: clk
Path Type: min

Fanout         Cap        Slew       Delay        Time   Description
---------------------------------------------------------------------------------------------
                                  0.000000    0.000000   clock clk (rise edge)
                                  0.000000    0.000000   clock source latency
     1    0.024950    0.117791    0.081531    0.081531 ^ clk (in)
                                                         clk (net)
                      0.117803    0.000000    0.081531 ^ clkbuf_0_clk/A (sky130_fd_sc_hd__clkbuf_16)
     8    0.101812    0.118042    0.212408    0.293940 ^ clkbuf_0_clk/X (sky130_fd_sc_hd__clkbuf_16)
                                                         clknet_0_clk (net)
                      0.118180    0.003316    0.297256 ^ clkbuf_3_7__f_clk/A (sky130_fd_sc_hd__clkbuf_16)
    10    0.044183    0.063534    0.171616    0.468872 ^ clkbuf_3_7__f_clk/X (sky130_fd_sc_hd__clkbuf_16)
                                                         clknet_3_7__leaf_clk (net)
                      0.063541    0.000744    0.469616 ^ _1458_/CLK (sky130_fd_sc_hd__dfxtp_1)
     6    0.024220    0.116410    0.376391    0.846007 v _1458_/Q (sky130_fd_sc_hd__dfxtp_1)
                                                         core_out[25] (net)
                      0.116410    0.000316    0.846322 v _1343_/A1_N (sky130_fd_sc_hd__a2bb2o_4)
     2    0.015832    0.060197    0.262802    1.109124 ^ _1343_/X (sky130_fd_sc_hd__a2bb2o_4)
                                                         _0657_ (net)
                      0.060197    0.000198    1.109322 ^ _1344_/B (sky130_fd_sc_hd__xnor2_2)
     1    0.003864    0.032533    0.057429    1.166751 v _1344_/Y (sky130_fd_sc_hd__xnor2_2)
                                                         _0658_ (net)
                      0.032533    0.000057    1.166808 v _1345_/B (sky130_fd_sc_hd__nand2_1)
     1    0.002965    0.044534    0.056613    1.223420 ^ _1345_/Y (sky130_fd_sc_hd__nand2_1)
                                                         _0659_ (net)
                      0.044534    0.000028    1.223448 ^ _1346_/C1 (sky130_fd_sc_hd__o211a_1)
     1    0.002152    0.035749    0.121943    1.345391 ^ _1346_/X (sky130_fd_sc_hd__o211a_1)
                                                         _0075_ (net)
                      0.035749    0.000019    1.345410 ^ _1459_/D (sky130_fd_sc_hd__dfxtp_1)
                                              1.345410   data arrival time

                                  0.000000    0.000000   clock clk (rise edge)
                                  0.000000    0.000000   clock source latency
     1    0.024950    0.117791    0.081531    0.081531 ^ clk (in)
                                                         clk (net)
                      0.117803    0.000000    0.081531 ^ clkbuf_0_clk/A (sky130_fd_sc_hd__clkbuf_16)
     8    0.101812    0.118042    0.212408    0.293940 ^ clkbuf_0_clk/X (sky130_fd_sc_hd__clkbuf_16)
                                                         clknet_0_clk (net)
                      0.118177    0.003282    0.297222 ^ clkbuf_3_6__f_clk/A (sky130_fd_sc_hd__clkbuf_16)
    14    0.045743    0.064948    0.172761    0.469983 ^ clkbuf_3_6__f_clk/X (sky130_fd_sc_hd__clkbuf_16)
                                                         clknet_3_6__leaf_clk (net)
                      0.064951    0.000577    0.470560 ^ _1459_/CLK (sky130_fd_sc_hd__dfxtp_1)
                                  0.250000    0.720560   clock uncertainty
                                  0.000000    0.720560   clock reconvergence pessimism
                                 -0.026708    0.693852   library hold time
                                              0.693852   data required time
---------------------------------------------------------------------------------------------
                                              0.693852   data required time
                                             -1.345410   data arrival time
---------------------------------------------------------------------------------------------
                                              0.651559   slack (MET)


Startpoint: _1437_ (rising edge-triggered flip-flop clocked by clk)
Endpoint: _1438_ (rising edge-triggered flip-flop clocked by clk)
Path Group: clk
Path Type: min

Fanout         Cap        Slew       Delay        Time   Description
---------------------------------------------------------------------------------------------
                                  0.000000    0.000000   clock clk (rise edge)
                                  0.000000    0.000000   clock source latency
     1    0.024950    0.117791    0.081531    0.081531 ^ clk (in)
                                                         clk (net)
                      0.117803    0.000000    0.081531 ^ clkbuf_0_clk/A (sky130_fd_sc_hd__clkbuf_16)
     8    0.101812    0.118042    0.212408    0.293940 ^ clkbuf_0_clk/X (sky130_fd_sc_hd__clkbuf_16)
                                                         clknet_0_clk (net)
                      0.118388    0.005176    0.299116 ^ clkbuf_3_2__f_clk/A (sky130_fd_sc_hd__clkbuf_16)
     9    0.038967    0.058895    0.167951    0.467067 ^ clkbuf_3_2__f_clk/X (sky130_fd_sc_hd__clkbuf_16)
                                                         clknet_3_2__leaf_clk (net)
                      0.058910    0.000848    0.467915 ^ _1437_/CLK (sky130_fd_sc_hd__dfxtp_1)
     4    0.013193    0.131480    0.372817    0.840732 ^ _1437_/Q (sky130_fd_sc_hd__dfxtp_1)
                                                         core_out[4] (net)
                      0.131480    0.000102    0.840834 ^ _0880_/B1 (sky130_fd_sc_hd__a21o_1)
     2    0.005986    0.062965    0.117755    0.958589 ^ _0880_/X (sky130_fd_sc_hd__a21o_1)
                                                         _0216_ (net)
                      0.062965    0.000021    0.958610 ^ _0915_/A1 (sky130_fd_sc_hd__a21o_1)
     2    0.008421    0.080157    0.139141    1.097751 ^ _0915_/X (sky130_fd_sc_hd__a21o_1)
                                                         _0250_ (net)
                      0.080157    0.000091    1.097842 ^ _0916_/B (sky130_fd_sc_hd__xor2_1)
     1    0.002830    0.036364    0.065822    1.163664 v _0916_/X (sky130_fd_sc_hd__xor2_1)
                                                         _0251_ (net)
                      0.036364    0.000028    1.163692 v _0917_/B (sky130_fd_sc_hd__nand2_1)
     1    0.002625    0.042907    0.056162    1.219854 ^ _0917_/Y (sky130_fd_sc_hd__nand2_1)
                                                         _0252_ (net)
                      0.042907    0.000011    1.219865 ^ _0918_/C1 (sky130_fd_sc_hd__o211a_1)
     1    0.002513    0.038264    0.124250    1.344115 ^ _0918_/X (sky130_fd_sc_hd__o211a_1)
                                                         _0054_ (net)
                      0.038264    0.000026    1.344141 ^ _1438_/D (sky130_fd_sc_hd__dfxtp_1)
                                              1.344141   data arrival time

                                  0.000000    0.000000   clock clk (rise edge)
                                  0.000000    0.000000   clock source latency
     1    0.024950    0.117791    0.081531    0.081531 ^ clk (in)
                                                         clk (net)
                      0.117803    0.000000    0.081531 ^ clkbuf_0_clk/A (sky130_fd_sc_hd__clkbuf_16)
     8    0.101812    0.118042    0.212408    0.293940 ^ clkbuf_0_clk/X (sky130_fd_sc_hd__clkbuf_16)
                                                         clknet_0_clk (net)
                      0.118327    0.004709    0.298648 ^ clkbuf_3_3__f_clk/A (sky130_fd_sc_hd__clkbuf_16)
     7    0.039218    0.059125    0.168133    0.466781 ^ clkbuf_3_3__f_clk/X (sky130_fd_sc_hd__clkbuf_16)
                                                         clknet_3_3__leaf_clk (net)
                      0.059130    0.000585    0.467367 ^ _1438_/CLK (sky130_fd_sc_hd__dfxtp_1)
                                  0.250000    0.717367   clock uncertainty
                                  0.000000    0.717367   clock reconvergence pessimism
                                 -0.028000    0.689367   library hold time
                                              0.689367   data required time
---------------------------------------------------------------------------------------------
                                              0.689367   data required time
                                             -1.344141   data arrival time
---------------------------------------------------------------------------------------------
                                              0.654774   slack (MET)


Startpoint: _1384_ (rising edge-triggered flip-flop clocked by clk)
Endpoint: _1447_ (rising edge-triggered flip-flop clocked by clk)
Path Group: clk
Path Type: min

Fanout         Cap        Slew       Delay        Time   Description
---------------------------------------------------------------------------------------------
                                  0.000000    0.000000   clock clk (rise edge)
                                  0.000000    0.000000   clock source latency
     1    0.024950    0.117791    0.081531    0.081531 ^ clk (in)
                                                         clk (net)
                      0.117803    0.000000    0.081531 ^ clkbuf_0_clk/A (sky130_fd_sc_hd__clkbuf_16)
     8    0.101812    0.118042    0.212408    0.293940 ^ clkbuf_0_clk/X (sky130_fd_sc_hd__clkbuf_16)
                                                         clknet_0_clk (net)
                      0.118388    0.005176    0.299116 ^ clkbuf_3_2__f_clk/A (sky130_fd_sc_hd__clkbuf_16)
     9    0.038967    0.058895    0.167951    0.467067 ^ clkbuf_3_2__f_clk/X (sky130_fd_sc_hd__clkbuf_16)
                                                         clknet_3_2__leaf_clk (net)
                      0.058908    0.000794    0.467861 ^ _1384_/CLK (sky130_fd_sc_hd__dfxtp_1)
     1    0.003451    0.029130    0.299344    0.767204 v _1384_/Q (sky130_fd_sc_hd__dfxtp_1)
                                                         core_valid (net)
                      0.029130    0.000041    0.767246 v fanout104/A (sky130_fd_sc_hd__clkbuf_2)
     5    0.033281    0.128864    0.178746    0.945992 v fanout104/X (sky130_fd_sc_hd__clkbuf_2)
                                                         net104 (net)
                      0.128870    0.000992    0.946984 v fanout98/A (sky130_fd_sc_hd__buf_2)
    10    0.031028    0.082648    0.211888    1.158871 v fanout98/X (sky130_fd_sc_hd__buf_2)
                                                         net98 (net)
                      0.082654    0.000750    1.159621 v _1259_/B1 (sky130_fd_sc_hd__o21ai_1)
     1    0.002964    0.078395    0.086676    1.246297 ^ _1259_/Y (sky130_fd_sc_hd__o21ai_1)
                                                         _0585_ (net)
                      0.078395    0.000027    1.246324 ^ _1260_/C1 (sky130_fd_sc_hd__o211a_1)
     1    0.002057    0.035101    0.131956    1.378280 ^ _1260_/X (sky130_fd_sc_hd__o211a_1)
                                                         _0063_ (net)
                      0.035101    0.000018    1.378299 ^ _1447_/D (sky130_fd_sc_hd__dfxtp_1)
                                              1.378299   data arrival time

                                  0.000000    0.000000   clock clk (rise edge)
                                  0.000000    0.000000   clock source latency
     1    0.024950    0.117791    0.081531    0.081531 ^ clk (in)
                                                         clk (net)
                      0.117803    0.000000    0.081531 ^ clkbuf_0_clk/A (sky130_fd_sc_hd__clkbuf_16)
     8    0.101812    0.118042    0.212408    0.293940 ^ clkbuf_0_clk/X (sky130_fd_sc_hd__clkbuf_16)
                                                         clknet_0_clk (net)
                      0.118078    0.001717    0.295657 ^ clkbuf_3_5__f_clk/A (sky130_fd_sc_hd__clkbuf_16)
    14    0.044834    0.064104    0.171899    0.467556 ^ clkbuf_3_5__f_clk/X (sky130_fd_sc_hd__clkbuf_16)
                                                         clknet_3_5__leaf_clk (net)
                      0.064115    0.000843    0.468399 ^ _1447_/CLK (sky130_fd_sc_hd__dfxtp_1)
                                  0.250000    0.718399   clock uncertainty
                                  0.000000    0.718399   clock reconvergence pessimism
                                 -0.026683    0.691716   library hold time
                                              0.691716   data required time
---------------------------------------------------------------------------------------------
                                              0.691716   data required time
                                             -1.378299   data arrival time
---------------------------------------------------------------------------------------------
                                              0.686583   slack (MET)


Startpoint: _1439_ (rising edge-triggered flip-flop clocked by clk)
Endpoint: _1439_ (rising edge-triggered flip-flop clocked by clk)
Path Group: clk
Path Type: min

Fanout         Cap        Slew       Delay        Time   Description
---------------------------------------------------------------------------------------------
                                  0.000000    0.000000   clock clk (rise edge)
                                  0.000000    0.000000   clock source latency
     1    0.024950    0.117791    0.081531    0.081531 ^ clk (in)
                                                         clk (net)
                      0.117803    0.000000    0.081531 ^ clkbuf_0_clk/A (sky130_fd_sc_hd__clkbuf_16)
     8    0.101812    0.118042    0.212408    0.293940 ^ clkbuf_0_clk/X (sky130_fd_sc_hd__clkbuf_16)
                                                         clknet_0_clk (net)
                      0.118327    0.004709    0.298648 ^ clkbuf_3_3__f_clk/A (sky130_fd_sc_hd__clkbuf_16)
     7    0.039218    0.059125    0.168133    0.466781 ^ clkbuf_3_3__f_clk/X (sky130_fd_sc_hd__clkbuf_16)
                                                         clknet_3_3__leaf_clk (net)
                      0.059133    0.000674    0.467455 ^ _1439_/CLK (sky130_fd_sc_hd__dfxtp_1)
     4    0.017457    0.169851    0.400261    0.867716 ^ _1439_/Q (sky130_fd_sc_hd__dfxtp_1)
                                                         core_out[6] (net)
                      0.169851    0.000107    0.867823 ^ _0953_/B1 (sky130_fd_sc_hd__a21o_1)
     2    0.007122    0.070508    0.130237    0.998060 ^ _0953_/X (sky130_fd_sc_hd__a21o_1)
                                                         _0287_ (net)
                      0.070508    0.000033    0.998093 ^ _0954_/B (sky130_fd_sc_hd__and2b_1)
     1    0.005487    0.062923    0.137703    1.135797 ^ _0954_/X (sky130_fd_sc_hd__and2b_1)
                                                         _0288_ (net)
                      0.062923    0.000065    1.135861 ^ _0956_/A (sky130_fd_sc_hd__xnor2_1)
     1    0.002437    0.034711    0.066226    1.202087 v _0956_/Y (sky130_fd_sc_hd__xnor2_1)
                                                         _0290_ (net)
                      0.034711    0.000020    1.202108 v _0957_/B (sky130_fd_sc_hd__nand2_1)
     1    0.002639    0.043006    0.055517    1.257624 ^ _0957_/Y (sky130_fd_sc_hd__nand2_1)
                                                         _0291_ (net)
                      0.043006    0.000011    1.257636 ^ _0958_/C1 (sky130_fd_sc_hd__o211a_1)
     1    0.002371    0.037265    0.123179    1.380815 ^ _0958_/X (sky130_fd_sc_hd__o211a_1)
                                                         _0055_ (net)
                      0.037265    0.000024    1.380839 ^ _1439_/D (sky130_fd_sc_hd__dfxtp_1)
                                              1.380839   data arrival time

                                  0.000000    0.000000   clock clk (rise edge)
                                  0.000000    0.000000   clock source latency
     1    0.024950    0.117791    0.081531    0.081531 ^ clk (in)
                                                         clk (net)
                      0.117803    0.000000    0.081531 ^ clkbuf_0_clk/A (sky130_fd_sc_hd__clkbuf_16)
     8    0.101812    0.118042    0.212408    0.293940 ^ clkbuf_0_clk/X (sky130_fd_sc_hd__clkbuf_16)
                                                         clknet_0_clk (net)
                      0.118327    0.004709    0.298648 ^ clkbuf_3_3__f_clk/A (sky130_fd_sc_hd__clkbuf_16)
     7    0.039218    0.059125    0.168133    0.466781 ^ clkbuf_3_3__f_clk/X (sky130_fd_sc_hd__clkbuf_16)
                                                         clknet_3_3__leaf_clk (net)
                      0.059133    0.000674    0.467455 ^ _1439_/CLK (sky130_fd_sc_hd__dfxtp_1)
                                  0.250000    0.717455   clock uncertainty
                                  0.000000    0.717455   clock reconvergence pessimism
                                 -0.027790    0.689664   library hold time
                                              0.689664   data required time
---------------------------------------------------------------------------------------------
                                              0.689664   data required time
                                             -1.380839   data arrival time
---------------------------------------------------------------------------------------------
                                              0.691175   slack (MET)


Startpoint: _1388_ (rising edge-triggered flip-flop clocked by clk)
Endpoint: _1388_ (rising edge-triggered flip-flop clocked by clk)
Path Group: clk
Path Type: min

Fanout         Cap        Slew       Delay        Time   Description
---------------------------------------------------------------------------------------------
                                  0.000000    0.000000   clock clk (rise edge)
                                  0.000000    0.000000   clock source latency
     1    0.024950    0.117791    0.081531    0.081531 ^ clk (in)
                                                         clk (net)
                      0.117803    0.000000    0.081531 ^ clkbuf_0_clk/A (sky130_fd_sc_hd__clkbuf_16)
     8    0.101812    0.118042    0.212408    0.293940 ^ clkbuf_0_clk/X (sky130_fd_sc_hd__clkbuf_16)
                                                         clknet_0_clk (net)
                      0.118516    0.006031    0.299970 ^ clkbuf_3_1__f_clk/A (sky130_fd_sc_hd__clkbuf_16)
    13    0.045331    0.064568    0.172593    0.472564 ^ clkbuf_3_1__f_clk/X (sky130_fd_sc_hd__clkbuf_16)
                                                         clknet_3_1__leaf_clk (net)
                      0.064591    0.001138    0.473702 ^ _1388_/CLK (sky130_fd_sc_hd__dfxtp_1)
     2    0.015246    0.150011    0.387892    0.861594 ^ _1388_/Q (sky130_fd_sc_hd__dfxtp_1)
                                                         core_a[3] (net)
                      0.150011    0.000035    0.861629 ^ fanout88/A (sky130_fd_sc_hd__buf_2)
    10    0.046212    0.226456    0.272276    1.133905 ^ fanout88/X (sky130_fd_sc_hd__buf_2)
                                                         net88 (net)
                      0.226456    0.000101    1.134006 ^ _0709_/A0 (sky130_fd_sc_hd__mux2_1)
     1    0.002262    0.037314    0.162010    1.296016 ^ _0709_/X (sky130_fd_sc_hd__mux2_1)
                                                         _0094_ (net)
                      0.037314    0.000022    1.296038 ^ _0710_/B (sky130_fd_sc_hd__and2_1)
     1    0.001968    0.040230    0.105963    1.402001 ^ _0710_/X (sky130_fd_sc_hd__and2_1)
                                                         _0004_ (net)
                      0.040230    0.000009    1.402009 ^ _1388_/D (sky130_fd_sc_hd__dfxtp_1)
                                              1.402009   data arrival time

                                  0.000000    0.000000   clock clk (rise edge)
                                  0.000000    0.000000   clock source latency
     1    0.024950    0.117791    0.081531    0.081531 ^ clk (in)
                                                         clk (net)
                      0.117803    0.000000    0.081531 ^ clkbuf_0_clk/A (sky130_fd_sc_hd__clkbuf_16)
     8    0.101812    0.118042    0.212408    0.293940 ^ clkbuf_0_clk/X (sky130_fd_sc_hd__clkbuf_16)
                                                         clknet_0_clk (net)
                      0.118516    0.006031    0.299970 ^ clkbuf_3_1__f_clk/A (sky130_fd_sc_hd__clkbuf_16)
    13    0.045331    0.064568    0.172593    0.472564 ^ clkbuf_3_1__f_clk/X (sky130_fd_sc_hd__clkbuf_16)
                                                         clknet_3_1__leaf_clk (net)
                      0.064591    0.001138    0.473702 ^ _1388_/CLK (sky130_fd_sc_hd__dfxtp_1)
                                  0.250000    0.723702   clock uncertainty
                                  0.000000    0.723702   clock reconvergence pessimism
                                 -0.027691    0.696010   library hold time
                                              0.696010   data required time
---------------------------------------------------------------------------------------------
                                              0.696010   data required time
                                             -1.402009   data arrival time
---------------------------------------------------------------------------------------------
                                              0.705999   slack (MET)


Startpoint: _1389_ (rising edge-triggered flip-flop clocked by clk)
Endpoint: _1389_ (rising edge-triggered flip-flop clocked by clk)
Path Group: clk
Path Type: min

Fanout         Cap        Slew       Delay        Time   Description
---------------------------------------------------------------------------------------------
                                  0.000000    0.000000   clock clk (rise edge)
                                  0.000000    0.000000   clock source latency
     1    0.024950    0.117791    0.081531    0.081531 ^ clk (in)
                                                         clk (net)
                      0.117803    0.000000    0.081531 ^ clkbuf_0_clk/A (sky130_fd_sc_hd__clkbuf_16)
     8    0.101812    0.118042    0.212408    0.293940 ^ clkbuf_0_clk/X (sky130_fd_sc_hd__clkbuf_16)
                                                         clknet_0_clk (net)
                      0.118516    0.006031    0.299970 ^ clkbuf_3_1__f_clk/A (sky130_fd_sc_hd__clkbuf_16)
    13    0.045331    0.064568    0.172593    0.472564 ^ clkbuf_3_1__f_clk/X (sky130_fd_sc_hd__clkbuf_16)
                                                         clknet_3_1__leaf_clk (net)
                      0.064581    0.000910    0.473474 ^ _1389_/CLK (sky130_fd_sc_hd__dfxtp_1)
     1    0.001954    0.035249    0.300652    0.774126 ^ _1389_/Q (sky130_fd_sc_hd__dfxtp_1)
                                                         core_a[4] (net)
                      0.035249    0.000008    0.774134 ^ fanout87/A (sky130_fd_sc_hd__buf_2)
     8    0.039157    0.192914    0.209728    0.983862 ^ fanout87/X (sky130_fd_sc_hd__buf_2)
                                                         net87 (net)
                      0.192914    0.000097    0.983959 ^ fanout86/A (sky130_fd_sc_hd__buf_4)
    10    0.037016    0.110488    0.208190    1.192149 ^ fanout86/X (sky130_fd_sc_hd__buf_4)
                                                         net86 (net)
                      0.110488    0.000180    1.192329 ^ _0711_/A0 (sky130_fd_sc_hd__mux2_1)
     1    0.002328    0.037788    0.133182    1.325511 ^ _0711_/X (sky130_fd_sc_hd__mux2_1)
                                                         _0095_ (net)
                      0.037788    0.000016    1.325527 ^ _0712_/B (sky130_fd_sc_hd__and2_1)
     1    0.001855    0.038374    0.105233    1.430760 ^ _0712_/X (sky130_fd_sc_hd__and2_1)
                                                         _0005_ (net)
                      0.038374    0.000015    1.430775 ^ _1389_/D (sky130_fd_sc_hd__dfxtp_1)
                                              1.430775   data arrival time

                                  0.000000    0.000000   clock clk (rise edge)
                                  0.000000    0.000000   clock source latency
     1    0.024950    0.117791    0.081531    0.081531 ^ clk (in)
                                                         clk (net)
                      0.117803    0.000000    0.081531 ^ clkbuf_0_clk/A (sky130_fd_sc_hd__clkbuf_16)
     8    0.101812    0.118042    0.212408    0.293940 ^ clkbuf_0_clk/X (sky130_fd_sc_hd__clkbuf_16)
                                                         clknet_0_clk (net)
                      0.118516    0.006031    0.299970 ^ clkbuf_3_1__f_clk/A (sky130_fd_sc_hd__clkbuf_16)
    13    0.045331    0.064568    0.172593    0.472564 ^ clkbuf_3_1__f_clk/X (sky130_fd_sc_hd__clkbuf_16)
                                                         clknet_3_1__leaf_clk (net)
                      0.064581    0.000910    0.473474 ^ _1389_/CLK (sky130_fd_sc_hd__dfxtp_1)
                                  0.250000    0.723474   clock uncertainty
                                  0.000000    0.723474   clock reconvergence pessimism
                                 -0.027305    0.696169   library hold time
                                              0.696169   data required time
---------------------------------------------------------------------------------------------
                                              0.696169   data required time
                                             -1.430775   data arrival time
---------------------------------------------------------------------------------------------
                                              0.734607   slack (MET)


Startpoint: _1390_ (rising edge-triggered flip-flop clocked by clk)
Endpoint: _1390_ (rising edge-triggered flip-flop clocked by clk)
Path Group: clk
Path Type: min

Fanout         Cap        Slew       Delay        Time   Description
---------------------------------------------------------------------------------------------
                                  0.000000    0.000000   clock clk (rise edge)
                                  0.000000    0.000000   clock source latency
     1    0.024950    0.117791    0.081531    0.081531 ^ clk (in)
                                                         clk (net)
                      0.117803    0.000000    0.081531 ^ clkbuf_0_clk/A (sky130_fd_sc_hd__clkbuf_16)
     8    0.101812    0.118042    0.212408    0.293940 ^ clkbuf_0_clk/X (sky130_fd_sc_hd__clkbuf_16)
                                                         clknet_0_clk (net)
                      0.118516    0.006031    0.299970 ^ clkbuf_3_1__f_clk/A (sky130_fd_sc_hd__clkbuf_16)
    13    0.045331    0.064568    0.172593    0.472564 ^ clkbuf_3_1__f_clk/X (sky130_fd_sc_hd__clkbuf_16)
                                                         clknet_3_1__leaf_clk (net)
                      0.064568    0.000301    0.472864 ^ _1390_/CLK (sky130_fd_sc_hd__dfxtp_1)
     1    0.002763    0.040482    0.306469    0.779334 ^ _1390_/Q (sky130_fd_sc_hd__dfxtp_1)
                                                         core_a[5] (net)
                      0.040482    0.000034    0.779367 ^ fanout85/A (sky130_fd_sc_hd__buf_2)
     9    0.043035    0.211234    0.224698    1.004066 ^ fanout85/X (sky130_fd_sc_hd__buf_2)
                                                         net85 (net)
                      0.211234    0.000092    1.004158 ^ fanout84/A (sky130_fd_sc_hd__buf_4)
    10    0.030738    0.094510    0.201594    1.205752 ^ fanout84/X (sky130_fd_sc_hd__buf_4)
                                                         net84 (net)
                      0.094510    0.000150    1.205902 ^ _0713_/A0 (sky130_fd_sc_hd__mux2_1)
     1    0.002439    0.038583    0.128565    1.334467 ^ _0713_/X (sky130_fd_sc_hd__mux2_1)
                                                         _0096_ (net)
                      0.038583    0.000028    1.334495 ^ _0714_/B (sky130_fd_sc_hd__and2_1)
     1    0.002009    0.040583    0.106654    1.441149 ^ _0714_/X (sky130_fd_sc_hd__and2_1)
                                                         _0006_ (net)
                      0.040583    0.000009    1.441159 ^ _1390_/D (sky130_fd_sc_hd__dfxtp_1)
                                              1.441159   data arrival time

                                  0.000000    0.000000   clock clk (rise edge)
                                  0.000000    0.000000   clock source latency
     1    0.024950    0.117791    0.081531    0.081531 ^ clk (in)
                                                         clk (net)
                      0.117803    0.000000    0.081531 ^ clkbuf_0_clk/A (sky130_fd_sc_hd__clkbuf_16)
     8    0.101812    0.118042    0.212408    0.293940 ^ clkbuf_0_clk/X (sky130_fd_sc_hd__clkbuf_16)
                                                         clknet_0_clk (net)
                      0.118516    0.006031    0.299970 ^ clkbuf_3_1__f_clk/A (sky130_fd_sc_hd__clkbuf_16)
    13    0.045331    0.064568    0.172593    0.472564 ^ clkbuf_3_1__f_clk/X (sky130_fd_sc_hd__clkbuf_16)
                                                         clknet_3_1__leaf_clk (net)
                      0.064568    0.000301    0.472864 ^ _1390_/CLK (sky130_fd_sc_hd__dfxtp_1)
                                  0.250000    0.722864   clock uncertainty
                                  0.000000    0.722864   clock reconvergence pessimism
                                 -0.027768    0.695096   library hold time
                                              0.695096   data required time
---------------------------------------------------------------------------------------------
                                              0.695096   data required time
                                             -1.441159   data arrival time
---------------------------------------------------------------------------------------------
                                              0.746062   slack (MET)


Startpoint: _1391_ (rising edge-triggered flip-flop clocked by clk)
Endpoint: _1391_ (rising edge-triggered flip-flop clocked by clk)
Path Group: clk
Path Type: min

Fanout         Cap        Slew       Delay        Time   Description
---------------------------------------------------------------------------------------------
                                  0.000000    0.000000   clock clk (rise edge)
                                  0.000000    0.000000   clock source latency
     1    0.024950    0.117791    0.081531    0.081531 ^ clk (in)
                                                         clk (net)
                      0.117803    0.000000    0.081531 ^ clkbuf_0_clk/A (sky130_fd_sc_hd__clkbuf_16)
     8    0.101812    0.118042    0.212408    0.293940 ^ clkbuf_0_clk/X (sky130_fd_sc_hd__clkbuf_16)
                                                         clknet_0_clk (net)
                      0.118516    0.006031    0.299970 ^ clkbuf_3_1__f_clk/A (sky130_fd_sc_hd__clkbuf_16)
    13    0.045331    0.064568    0.172593    0.472564 ^ clkbuf_3_1__f_clk/X (sky130_fd_sc_hd__clkbuf_16)
                                                         clknet_3_1__leaf_clk (net)
                      0.064612    0.001475    0.474039 ^ _1391_/CLK (sky130_fd_sc_hd__dfxtp_1)
     1    0.003015    0.042470    0.308311    0.782349 ^ _1391_/Q (sky130_fd_sc_hd__dfxtp_1)
                                                         core_a[6] (net)
                      0.042470    0.000033    0.782382 ^ fanout83/A (sky130_fd_sc_hd__clkbuf_4)
     9    0.036757    0.119389    0.188627    0.971009 ^ fanout83/X (sky130_fd_sc_hd__clkbuf_4)
                                                         net83 (net)
                      0.119389    0.000184    0.971193 ^ fanout82/A (sky130_fd_sc_hd__clkbuf_2)
    10    0.033571    0.185359    0.231353    1.202547 ^ fanout82/X (sky130_fd_sc_hd__clkbuf_2)
                                                         net82 (net)
                      0.185359    0.000061    1.202608 ^ _0715_/A0 (sky130_fd_sc_hd__mux2_1)
     1    0.001879    0.034579    0.148887    1.351495 ^ _0715_/X (sky130_fd_sc_hd__mux2_1)
                                                         _0097_ (net)
                      0.034579    0.000016    1.351511 ^ _0716_/B (sky130_fd_sc_hd__and2_1)
     1    0.002002    0.040524    0.105400    1.456911 ^ _0716_/X (sky130_fd_sc_hd__and2_1)
                                                         _0007_ (net)
                      0.040524    0.000009    1.456920 ^ _1391_/D (sky130_fd_sc_hd__dfxtp_1)
                                              1.456920   data arrival time

                                  0.000000    0.000000   clock clk (rise edge)
                                  0.000000    0.000000   clock source latency
     1    0.024950    0.117791    0.081531    0.081531 ^ clk (in)
                                                         clk (net)
                      0.117803    0.000000    0.081531 ^ clkbuf_0_clk/A (sky130_fd_sc_hd__clkbuf_16)
     8    0.101812    0.118042    0.212408    0.293940 ^ clkbuf_0_clk/X (sky130_fd_sc_hd__clkbuf_16)
                                                         clknet_0_clk (net)
                      0.118516    0.006031    0.299970 ^ clkbuf_3_1__f_clk/A (sky130_fd_sc_hd__clkbuf_16)
    13    0.045331    0.064568    0.172593    0.472564 ^ clkbuf_3_1__f_clk/X (sky130_fd_sc_hd__clkbuf_16)
                                                         clknet_3_1__leaf_clk (net)
                      0.064612    0.001475    0.474039 ^ _1391_/CLK (sky130_fd_sc_hd__dfxtp_1)
                                  0.250000    0.724039   clock uncertainty
                                  0.000000    0.724039   clock reconvergence pessimism
                                 -0.027750    0.696288   library hold time
                                              0.696288   data required time
---------------------------------------------------------------------------------------------
                                              0.696288   data required time
                                             -1.456920   data arrival time
---------------------------------------------------------------------------------------------
                                              0.760631   slack (MET)


Startpoint: _1431_ (rising edge-triggered flip-flop clocked by clk)
Endpoint: _1431_ (rising edge-triggered flip-flop clocked by clk)
Path Group: clk
Path Type: min

Fanout         Cap        Slew       Delay        Time   Description
---------------------------------------------------------------------------------------------
                                  0.000000    0.000000   clock clk (rise edge)
                                  0.000000    0.000000   clock source latency
     1    0.024950    0.117791    0.081531    0.081531 ^ clk (in)
                                                         clk (net)
                      0.117803    0.000000    0.081531 ^ clkbuf_0_clk/A (sky130_fd_sc_hd__clkbuf_16)
     8    0.101812    0.118042    0.212408    0.293940 ^ clkbuf_0_clk/X (sky130_fd_sc_hd__clkbuf_16)
                                                         clknet_0_clk (net)
                      0.118516    0.006031    0.299970 ^ clkbuf_3_1__f_clk/A (sky130_fd_sc_hd__clkbuf_16)
    13    0.045331    0.064568    0.172593    0.472564 ^ clkbuf_3_1__f_clk/X (sky130_fd_sc_hd__clkbuf_16)
                                                         clknet_3_1__leaf_clk (net)
                      0.064609    0.001442    0.474006 ^ _1431_/CLK (sky130_fd_sc_hd__dfxtp_1)
     1    0.002713    0.040093    0.306127    0.780134 ^ _1431_/Q (sky130_fd_sc_hd__dfxtp_1)
                                                         core_b[6] (net)
                      0.040093    0.000031    0.780165 ^ fanout67/A (sky130_fd_sc_hd__buf_2)
    10    0.042443    0.208477    0.221837    1.002002 ^ fanout67/X (sky130_fd_sc_hd__buf_2)
                                                         net67 (net)
                      0.208477    0.000109    1.002111 ^ fanout66/A (sky130_fd_sc_hd__clkbuf_2)
    10    0.028850    0.161370    0.238062    1.240173 ^ fanout66/X (sky130_fd_sc_hd__clkbuf_2)
                                                         net66 (net)
                      0.161370    0.000068    1.240241 ^ _0809_/A0 (sky130_fd_sc_hd__mux2_1)
     1    0.001790    0.033874    0.142377    1.382617 ^ _0809_/X (sky130_fd_sc_hd__mux2_1)
                                                         _0151_ (net)
                      0.033874    0.000015    1.382632 ^ _0810_/B (sky130_fd_sc_hd__and2_1)
     1    0.002007    0.039590    0.105223    1.487855 ^ _0810_/X (sky130_fd_sc_hd__and2_1)
                                                         _0047_ (net)
                      0.039590    0.000017    1.487872 ^ _1431_/D (sky130_fd_sc_hd__dfxtp_1)
                                              1.487872   data arrival time

                                  0.000000    0.000000   clock clk (rise edge)
                                  0.000000    0.000000   clock source latency
     1    0.024950    0.117791    0.081531    0.081531 ^ clk (in)
                                                         clk (net)
                      0.117803    0.000000    0.081531 ^ clkbuf_0_clk/A (sky130_fd_sc_hd__clkbuf_16)
     8    0.101812    0.118042    0.212408    0.293940 ^ clkbuf_0_clk/X (sky130_fd_sc_hd__clkbuf_16)
                                                         clknet_0_clk (net)
                      0.118516    0.006031    0.299970 ^ clkbuf_3_1__f_clk/A (sky130_fd_sc_hd__clkbuf_16)
    13    0.045331    0.064568    0.172593    0.472564 ^ clkbuf_3_1__f_clk/X (sky130_fd_sc_hd__clkbuf_16)
                                                         clknet_3_1__leaf_clk (net)
                      0.064609    0.001442    0.474006 ^ _1431_/CLK (sky130_fd_sc_hd__dfxtp_1)
                                  0.250000    0.724006   clock uncertainty
                                  0.000000    0.724006   clock reconvergence pessimism
                                 -0.027555    0.696451   library hold time
                                              0.696451   data required time
---------------------------------------------------------------------------------------------
                                              0.696451   data required time
                                             -1.487872   data arrival time
---------------------------------------------------------------------------------------------
                                              0.791421   slack (MET)


Startpoint: _1430_ (rising edge-triggered flip-flop clocked by clk)
Endpoint: _1430_ (rising edge-triggered flip-flop clocked by clk)
Path Group: clk
Path Type: min

Fanout         Cap        Slew       Delay        Time   Description
---------------------------------------------------------------------------------------------
                                  0.000000    0.000000   clock clk (rise edge)
                                  0.000000    0.000000   clock source latency
     1    0.024950    0.117791    0.081531    0.081531 ^ clk (in)
                                                         clk (net)
                      0.117803    0.000000    0.081531 ^ clkbuf_0_clk/A (sky130_fd_sc_hd__clkbuf_16)
     8    0.101812    0.118042    0.212408    0.293940 ^ clkbuf_0_clk/X (sky130_fd_sc_hd__clkbuf_16)
                                                         clknet_0_clk (net)
                      0.118516    0.006031    0.299970 ^ clkbuf_3_1__f_clk/A (sky130_fd_sc_hd__clkbuf_16)
    13    0.045331    0.064568    0.172593    0.472564 ^ clkbuf_3_1__f_clk/X (sky130_fd_sc_hd__clkbuf_16)
                                                         clknet_3_1__leaf_clk (net)
                      0.064568    0.000279    0.472843 ^ _1430_/CLK (sky130_fd_sc_hd__dfxtp_1)
     1    0.002260    0.036283    0.302849    0.775692 ^ _1430_/Q (sky130_fd_sc_hd__dfxtp_1)
                                                         core_b[5] (net)
                      0.036283    0.000020    0.775712 ^ fanout69/A (sky130_fd_sc_hd__buf_2)
     9    0.039909    0.196396    0.212955    0.988667 ^ fanout69/X (sky130_fd_sc_hd__buf_2)
                                                         net69 (net)
                      0.196396    0.000187    0.988855 ^ fanout68/A (sky130_fd_sc_hd__buf_2)
    10    0.041849    0.206054    0.270896    1.259751 ^ fanout68/X (sky130_fd_sc_hd__buf_2)
                                                         net68 (net)
                      0.206054    0.000325    1.260076 ^ _0807_/A0 (sky130_fd_sc_hd__mux2_1)
     1    0.002029    0.035647    0.155122    1.415198 ^ _0807_/X (sky130_fd_sc_hd__mux2_1)
                                                         _0150_ (net)
                      0.035647    0.000018    1.415216 ^ _0808_/B (sky130_fd_sc_hd__and2_1)
     1    0.002024    0.039729    0.105888    1.521104 ^ _0808_/X (sky130_fd_sc_hd__and2_1)
                                                         _0046_ (net)
                      0.039729    0.000018    1.521122 ^ _1430_/D (sky130_fd_sc_hd__dfxtp_1)
                                              1.521122   data arrival time

                                  0.000000    0.000000   clock clk (rise edge)
                                  0.000000    0.000000   clock source latency
     1    0.024950    0.117791    0.081531    0.081531 ^ clk (in)
                                                         clk (net)
                      0.117803    0.000000    0.081531 ^ clkbuf_0_clk/A (sky130_fd_sc_hd__clkbuf_16)
     8    0.101812    0.118042    0.212408    0.293940 ^ clkbuf_0_clk/X (sky130_fd_sc_hd__clkbuf_16)
                                                         clknet_0_clk (net)
                      0.118516    0.006031    0.299970 ^ clkbuf_3_1__f_clk/A (sky130_fd_sc_hd__clkbuf_16)
    13    0.045331    0.064568    0.172593    0.472564 ^ clkbuf_3_1__f_clk/X (sky130_fd_sc_hd__clkbuf_16)
                                                         clknet_3_1__leaf_clk (net)
                      0.064568    0.000279    0.472843 ^ _1430_/CLK (sky130_fd_sc_hd__dfxtp_1)
                                  0.250000    0.722843   clock uncertainty
                                  0.000000    0.722843   clock reconvergence pessimism
                                 -0.027590    0.695253   library hold time
                                              0.695253   data required time
---------------------------------------------------------------------------------------------
                                              0.695253   data required time
                                             -1.521122   data arrival time
---------------------------------------------------------------------------------------------
                                              0.825869   slack (MET)


Startpoint: addr[1] (input port clocked by clk)
Endpoint: _1384_ (rising edge-triggered flip-flop clocked by clk)
Path Group: clk
Path Type: min

Fanout         Cap        Slew       Delay        Time   Description
---------------------------------------------------------------------------------------------
                                  0.000000    0.000000   clock clk (rise edge)
                                  0.000000    0.000000   clock network delay (propagated)
                                  2.000000    2.000000 ^ input external delay
     1    0.002894    0.020134    0.010628    2.010628 ^ addr[1] (in)
                                                         addr[1] (net)
                      0.020134    0.000000    2.010628 ^ input2/A (sky130_fd_sc_hd__clkbuf_1)
     3    0.007095    0.091891    0.106209    2.116837 ^ input2/X (sky130_fd_sc_hd__clkbuf_1)
                                                         net2 (net)
                      0.091891    0.000042    2.116879 ^ _0696_/A (sky130_fd_sc_hd__or4b_1)
     1    0.003981    0.047878    0.122453    2.239332 ^ _0696_/X (sky130_fd_sc_hd__or4b_1)
                                                         _0085_ (net)
                      0.047878    0.000054    2.239387 ^ _0699_/B (sky130_fd_sc_hd__nor3_1)
     1    0.001920    0.024465    0.041350    2.280736 v _0699_/Y (sky130_fd_sc_hd__nor3_1)
                                                         _0000_ (net)
                      0.024465    0.000016    2.280753 v _1384_/D (sky130_fd_sc_hd__dfxtp_1)
                                              2.280753   data arrival time

                                  0.000000    0.000000   clock clk (rise edge)
                                  0.000000    0.000000   clock source latency
     1    0.024950    0.117791    0.081531    0.081531 ^ clk (in)
                                                         clk (net)
                      0.117803    0.000000    0.081531 ^ clkbuf_0_clk/A (sky130_fd_sc_hd__clkbuf_16)
     8    0.101812    0.118042    0.212408    0.293940 ^ clkbuf_0_clk/X (sky130_fd_sc_hd__clkbuf_16)
                                                         clknet_0_clk (net)
                      0.118388    0.005176    0.299116 ^ clkbuf_3_2__f_clk/A (sky130_fd_sc_hd__clkbuf_16)
     9    0.038967    0.058895    0.167951    0.467067 ^ clkbuf_3_2__f_clk/X (sky130_fd_sc_hd__clkbuf_16)
                                                         clknet_3_2__leaf_clk (net)
                      0.058908    0.000794    0.467861 ^ _1384_/CLK (sky130_fd_sc_hd__dfxtp_1)
                                  0.250000    0.717861   clock uncertainty
                                  0.000000    0.717861   clock reconvergence pessimism
                                 -0.041838    0.676023   library hold time
                                              0.676023   data required time
---------------------------------------------------------------------------------------------
                                              0.676023   data required time
                                             -2.280753   data arrival time
---------------------------------------------------------------------------------------------
                                              1.604730   slack (MET)


Startpoint: _1411_ (rising edge-triggered flip-flop clocked by clk)
Endpoint: rdata[18] (output port clocked by clk)
Path Group: clk
Path Type: min

Fanout         Cap        Slew       Delay        Time   Description
---------------------------------------------------------------------------------------------
                                  0.000000    0.000000   clock clk (rise edge)
                                  0.000000    0.000000   clock source latency
     1    0.024950    0.117791    0.081531    0.081531 ^ clk (in)
                                                         clk (net)
                      0.117803    0.000000    0.081531 ^ clkbuf_0_clk/A (sky130_fd_sc_hd__clkbuf_16)
     8    0.101812    0.118042    0.212408    0.293940 ^ clkbuf_0_clk/X (sky130_fd_sc_hd__clkbuf_16)
                                                         clknet_0_clk (net)
                      0.118081    0.001788    0.295728 ^ clkbuf_3_4__f_clk/A (sky130_fd_sc_hd__clkbuf_16)
    11    0.040866    0.060539    0.169002    0.464730 ^ clkbuf_3_4__f_clk/X (sky130_fd_sc_hd__clkbuf_16)
                                                         clknet_3_4__leaf_clk (net)
                      0.060542    0.000609    0.465340 ^ _1411_/CLK (sky130_fd_sc_hd__dfxtp_1)
     2    0.003804    0.030809    0.301393    0.766732 v _1411_/Q (sky130_fd_sc_hd__dfxtp_1)
                                                         net29 (net)
                      0.030809    0.000031    0.766764 v output29/A (sky130_fd_sc_hd__buf_2)
     1    0.033932    0.088673    0.173746    0.940510 v output29/X (sky130_fd_sc_hd__buf_2)
                                                         rdata[18] (net)
                      0.088673    0.000174    0.940684 v rdata[18] (out)
                                              0.940684   data arrival time

                                  0.000000    0.000000   clock clk (rise edge)
                                  0.000000    0.000000   clock network delay (propagated)
                                  0.250000    0.250000   clock uncertainty
                                  0.000000    0.250000   clock reconvergence pessimism
                                 -2.000000   -1.750000   output external delay
                                             -1.750000   data required time
---------------------------------------------------------------------------------------------
                                             -1.750000   data required time
                                             -0.940684   data arrival time
---------------------------------------------------------------------------------------------
                                              2.690684   slack (MET)


Startpoint: _1396_ (rising edge-triggered flip-flop clocked by clk)
Endpoint: rdata[3] (output port clocked by clk)
Path Group: clk
Path Type: min

Fanout         Cap        Slew       Delay        Time   Description
---------------------------------------------------------------------------------------------
                                  0.000000    0.000000   clock clk (rise edge)
                                  0.000000    0.000000   clock source latency
     1    0.024950    0.117791    0.081531    0.081531 ^ clk (in)
                                                         clk (net)
                      0.117803    0.000000    0.081531 ^ clkbuf_0_clk/A (sky130_fd_sc_hd__clkbuf_16)
     8    0.101812    0.118042    0.212408    0.293940 ^ clkbuf_0_clk/X (sky130_fd_sc_hd__clkbuf_16)
                                                         clknet_0_clk (net)
                      0.118388    0.005176    0.299116 ^ clkbuf_3_2__f_clk/A (sky130_fd_sc_hd__clkbuf_16)
     9    0.038967    0.058895    0.167951    0.467067 ^ clkbuf_3_2__f_clk/X (sky130_fd_sc_hd__clkbuf_16)
                                                         clknet_3_2__leaf_clk (net)
                      0.058904    0.000711    0.467778 ^ _1396_/CLK (sky130_fd_sc_hd__dfxtp_1)
     2    0.003653    0.029860    0.300169    0.767947 v _1396_/Q (sky130_fd_sc_hd__dfxtp_1)
                                                         net45 (net)
                      0.029860    0.000029    0.767976 v output45/A (sky130_fd_sc_hd__buf_2)
     1    0.034032    0.088907    0.173504    0.941480 v output45/X (sky130_fd_sc_hd__buf_2)
                                                         rdata[3] (net)
                      0.088907    0.000200    0.941680 v rdata[3] (out)
                                              0.941680   data arrival time

                                  0.000000    0.000000   clock clk (rise edge)
                                  0.000000    0.000000   clock network delay (propagated)
                                  0.250000    0.250000   clock uncertainty
                                  0.000000    0.250000   clock reconvergence pessimism
                                 -2.000000   -1.750000   output external delay
                                             -1.750000   data required time
---------------------------------------------------------------------------------------------
                                             -1.750000   data required time
                                             -0.941680   data arrival time
---------------------------------------------------------------------------------------------
                                              2.691680   slack (MET)


Startpoint: _1412_ (rising edge-triggered flip-flop clocked by clk)
Endpoint: rdata[19] (output port clocked by clk)
Path Group: clk
Path Type: min

Fanout         Cap        Slew       Delay        Time   Description
---------------------------------------------------------------------------------------------
                                  0.000000    0.000000   clock clk (rise edge)
                                  0.000000    0.000000   clock source latency
     1    0.024950    0.117791    0.081531    0.081531 ^ clk (in)
                                                         clk (net)
                      0.117803    0.000000    0.081531 ^ clkbuf_0_clk/A (sky130_fd_sc_hd__clkbuf_16)
     8    0.101812    0.118042    0.212408    0.293940 ^ clkbuf_0_clk/X (sky130_fd_sc_hd__clkbuf_16)
                                                         clknet_0_clk (net)
                      0.118081    0.001788    0.295728 ^ clkbuf_3_4__f_clk/A (sky130_fd_sc_hd__clkbuf_16)
    11    0.040866    0.060539    0.169002    0.464730 ^ clkbuf_3_4__f_clk/X (sky130_fd_sc_hd__clkbuf_16)
                                                         clknet_3_4__leaf_clk (net)
                      0.060546    0.000735    0.465465 ^ _1412_/CLK (sky130_fd_sc_hd__dfxtp_1)
     2    0.003953    0.031390    0.302001    0.767466 v _1412_/Q (sky130_fd_sc_hd__dfxtp_1)
                                                         net30 (net)
                      0.031390    0.000027    0.767493 v output30/A (sky130_fd_sc_hd__buf_2)
     1    0.033982    0.088781    0.174083    0.941576 v output30/X (sky130_fd_sc_hd__buf_2)
                                                         rdata[19] (net)
                      0.088781    0.000183    0.941759 v rdata[19] (out)
                                              0.941759   data arrival time

                                  0.000000    0.000000   clock clk (rise edge)
                                  0.000000    0.000000   clock network delay (propagated)
                                  0.250000    0.250000   clock uncertainty
                                  0.000000    0.250000   clock reconvergence pessimism
                                 -2.000000   -1.750000   output external delay
                                             -1.750000   data required time
---------------------------------------------------------------------------------------------
                                             -1.750000   data required time
                                             -0.941759   data arrival time
---------------------------------------------------------------------------------------------
                                              2.691759   slack (MET)


Startpoint: _1410_ (rising edge-triggered flip-flop clocked by clk)
Endpoint: rdata[17] (output port clocked by clk)
Path Group: clk
Path Type: min

Fanout         Cap        Slew       Delay        Time   Description
---------------------------------------------------------------------------------------------
                                  0.000000    0.000000   clock clk (rise edge)
                                  0.000000    0.000000   clock source latency
     1    0.024950    0.117791    0.081531    0.081531 ^ clk (in)
                                                         clk (net)
                      0.117803    0.000000    0.081531 ^ clkbuf_0_clk/A (sky130_fd_sc_hd__clkbuf_16)
     8    0.101812    0.118042    0.212408    0.293940 ^ clkbuf_0_clk/X (sky130_fd_sc_hd__clkbuf_16)
                                                         clknet_0_clk (net)
                      0.118081    0.001788    0.295728 ^ clkbuf_3_4__f_clk/A (sky130_fd_sc_hd__clkbuf_16)
    11    0.040866    0.060539    0.169002    0.464730 ^ clkbuf_3_4__f_clk/X (sky130_fd_sc_hd__clkbuf_16)
                                                         clknet_3_4__leaf_clk (net)
                      0.060552    0.000886    0.465617 ^ _1410_/CLK (sky130_fd_sc_hd__dfxtp_1)
     2    0.004072    0.031852    0.302488    0.768105 v _1410_/Q (sky130_fd_sc_hd__dfxtp_1)
                                                         net28 (net)
                      0.031852    0.000027    0.768132 v output28/A (sky130_fd_sc_hd__buf_2)
     1    0.033904    0.088601    0.174150    0.942282 v output28/X (sky130_fd_sc_hd__buf_2)
                                                         rdata[17] (net)
                      0.088601    0.000166    0.942448 v rdata[17] (out)
                                              0.942448   data arrival time

                                  0.000000    0.000000   clock clk (rise edge)
                                  0.000000    0.000000   clock network delay (propagated)
                                  0.250000    0.250000   clock uncertainty
                                  0.000000    0.250000   clock reconvergence pessimism
                                 -2.000000   -1.750000   output external delay
                                             -1.750000   data required time
---------------------------------------------------------------------------------------------
                                             -1.750000   data required time
                                             -0.942448   data arrival time
---------------------------------------------------------------------------------------------
                                              2.692448   slack (MET)


Startpoint: _1393_ (rising edge-triggered flip-flop clocked by clk)
Endpoint: rdata[0] (output port clocked by clk)
Path Group: clk
Path Type: min

Fanout         Cap        Slew       Delay        Time   Description
---------------------------------------------------------------------------------------------
                                  0.000000    0.000000   clock clk (rise edge)
                                  0.000000    0.000000   clock source latency
     1    0.024950    0.117791    0.081531    0.081531 ^ clk (in)
                                                         clk (net)
                      0.117803    0.000000    0.081531 ^ clkbuf_0_clk/A (sky130_fd_sc_hd__clkbuf_16)
     8    0.101812    0.118042    0.212408    0.293940 ^ clkbuf_0_clk/X (sky130_fd_sc_hd__clkbuf_16)
                                                         clknet_0_clk (net)
                      0.118508    0.005978    0.299917 ^ clkbuf_3_0__f_clk/A (sky130_fd_sc_hd__clkbuf_16)
     9    0.037838    0.057925    0.167263    0.467180 ^ clkbuf_3_0__f_clk/X (sky130_fd_sc_hd__clkbuf_16)
                                                         clknet_3_0__leaf_clk (net)
                      0.057927    0.000389    0.467569 ^ _1393_/CLK (sky130_fd_sc_hd__dfxtp_1)
     2    0.003977    0.031485    0.301123    0.768692 v _1393_/Q (sky130_fd_sc_hd__dfxtp_1)
                                                         net20 (net)
                      0.031485    0.000033    0.768726 v output20/A (sky130_fd_sc_hd__buf_2)
     1    0.034103    0.089067    0.174302    0.943028 v output20/X (sky130_fd_sc_hd__buf_2)
                                                         rdata[0] (net)
                      0.089067    0.000242    0.943271 v rdata[0] (out)
                                              0.943271   data arrival time

                                  0.000000    0.000000   clock clk (rise edge)
                                  0.000000    0.000000   clock network delay (propagated)
                                  0.250000    0.250000   clock uncertainty
                                  0.000000    0.250000   clock reconvergence pessimism
                                 -2.000000   -1.750000   output external delay
                                             -1.750000   data required time
---------------------------------------------------------------------------------------------
                                             -1.750000   data required time
                                             -0.943271   data arrival time
---------------------------------------------------------------------------------------------
                                              2.693271   slack (MET)


Startpoint: _1415_ (rising edge-triggered flip-flop clocked by clk)
Endpoint: rdata[22] (output port clocked by clk)
Path Group: clk
Path Type: min

Fanout         Cap        Slew       Delay        Time   Description
---------------------------------------------------------------------------------------------
                                  0.000000    0.000000   clock clk (rise edge)
                                  0.000000    0.000000   clock source latency
     1    0.024950    0.117791    0.081531    0.081531 ^ clk (in)
                                                         clk (net)
                      0.117803    0.000000    0.081531 ^ clkbuf_0_clk/A (sky130_fd_sc_hd__clkbuf_16)
     8    0.101812    0.118042    0.212408    0.293940 ^ clkbuf_0_clk/X (sky130_fd_sc_hd__clkbuf_16)
                                                         clknet_0_clk (net)
                      0.118180    0.003316    0.297256 ^ clkbuf_3_7__f_clk/A (sky130_fd_sc_hd__clkbuf_16)
    10    0.044183    0.063534    0.171616    0.468872 ^ clkbuf_3_7__f_clk/X (sky130_fd_sc_hd__clkbuf_16)
                                                         clknet_3_7__leaf_clk (net)
                      0.063579    0.001491    0.470363 ^ _1415_/CLK (sky130_fd_sc_hd__dfxtp_1)
     2    0.003521    0.029385    0.301369    0.771732 v _1415_/Q (sky130_fd_sc_hd__dfxtp_1)
                                                         net34 (net)
                      0.029385    0.000028    0.771760 v output34/A (sky130_fd_sc_hd__buf_2)
     1    0.033922    0.088662    0.173114    0.944874 v output34/X (sky130_fd_sc_hd__buf_2)
                                                         rdata[22] (net)
                      0.088662    0.000174    0.945048 v rdata[22] (out)
                                              0.945048   data arrival time

                                  0.000000    0.000000   clock clk (rise edge)
                                  0.000000    0.000000   clock network delay (propagated)
                                  0.250000    0.250000   clock uncertainty
                                  0.000000    0.250000   clock reconvergence pessimism
                                 -2.000000   -1.750000   output external delay
                                             -1.750000   data required time
---------------------------------------------------------------------------------------------
                                             -1.750000   data required time
                                             -0.945048   data arrival time
---------------------------------------------------------------------------------------------
                                              2.695048   slack (MET)


Startpoint: _1413_ (rising edge-triggered flip-flop clocked by clk)
Endpoint: rdata[20] (output port clocked by clk)
Path Group: clk
Path Type: min

Fanout         Cap        Slew       Delay        Time   Description
---------------------------------------------------------------------------------------------
                                  0.000000    0.000000   clock clk (rise edge)
                                  0.000000    0.000000   clock source latency
     1    0.024950    0.117791    0.081531    0.081531 ^ clk (in)
                                                         clk (net)
                      0.117803    0.000000    0.081531 ^ clkbuf_0_clk/A (sky130_fd_sc_hd__clkbuf_16)
     8    0.101812    0.118042    0.212408    0.293940 ^ clkbuf_0_clk/X (sky130_fd_sc_hd__clkbuf_16)
                                                         clknet_0_clk (net)
                      0.118081    0.001788    0.295728 ^ clkbuf_3_4__f_clk/A (sky130_fd_sc_hd__clkbuf_16)
    11    0.040866    0.060539    0.169002    0.464730 ^ clkbuf_3_4__f_clk/X (sky130_fd_sc_hd__clkbuf_16)
                                                         clknet_3_4__leaf_clk (net)
                      0.060584    0.001433    0.466164 ^ _1413_/CLK (sky130_fd_sc_hd__dfxtp_1)
     2    0.004262    0.032600    0.303269    0.769433 v _1413_/Q (sky130_fd_sc_hd__dfxtp_1)
                                                         net32 (net)
                      0.032600    0.000034    0.769467 v output32/A (sky130_fd_sc_hd__buf_2)
     1    0.034568    0.090030    0.175696    0.945163 v output32/X (sky130_fd_sc_hd__buf_2)
                                                         rdata[20] (net)
                      0.090030    0.000189    0.945352 v rdata[20] (out)
                                              0.945352   data arrival time

                                  0.000000    0.000000   clock clk (rise edge)
                                  0.000000    0.000000   clock network delay (propagated)
                                  0.250000    0.250000   clock uncertainty
                                  0.000000    0.250000   clock reconvergence pessimism
                                 -2.000000   -1.750000   output external delay
                                             -1.750000   data required time
---------------------------------------------------------------------------------------------
                                             -1.750000   data required time
                                             -0.945352   data arrival time
---------------------------------------------------------------------------------------------
                                              2.695352   slack (MET)


Startpoint: _1408_ (rising edge-triggered flip-flop clocked by clk)
Endpoint: rdata[15] (output port clocked by clk)
Path Group: clk
Path Type: min

Fanout         Cap        Slew       Delay        Time   Description
---------------------------------------------------------------------------------------------
                                  0.000000    0.000000   clock clk (rise edge)
                                  0.000000    0.000000   clock source latency
     1    0.024950    0.117791    0.081531    0.081531 ^ clk (in)
                                                         clk (net)
                      0.117803    0.000000    0.081531 ^ clkbuf_0_clk/A (sky130_fd_sc_hd__clkbuf_16)
     8    0.101812    0.118042    0.212408    0.293940 ^ clkbuf_0_clk/X (sky130_fd_sc_hd__clkbuf_16)
                                                         clknet_0_clk (net)
                      0.118078    0.001717    0.295657 ^ clkbuf_3_5__f_clk/A (sky130_fd_sc_hd__clkbuf_16)
    14    0.044834    0.064104    0.171899    0.467556 ^ clkbuf_3_5__f_clk/X (sky130_fd_sc_hd__clkbuf_16)
                                                         clknet_3_5__leaf_clk (net)
                      0.064165    0.001704    0.469260 ^ _1408_/CLK (sky130_fd_sc_hd__dfxtp_1)
     2    0.003840    0.030951    0.302882    0.772142 v _1408_/Q (sky130_fd_sc_hd__dfxtp_1)
                                                         net26 (net)
                      0.030951    0.000032    0.772175 v output26/A (sky130_fd_sc_hd__buf_2)
     1    0.033910    0.088621    0.173774    0.945949 v output26/X (sky130_fd_sc_hd__buf_2)
                                                         rdata[15] (net)
                      0.088621    0.000165    0.946114 v rdata[15] (out)
                                              0.946114   data arrival time

                                  0.000000    0.000000   clock clk (rise edge)
                                  0.000000    0.000000   clock network delay (propagated)
                                  0.250000    0.250000   clock uncertainty
                                  0.000000    0.250000   clock reconvergence pessimism
                                 -2.000000   -1.750000   output external delay
                                             -1.750000   data required time
---------------------------------------------------------------------------------------------
                                             -1.750000   data required time
                                             -0.946114   data arrival time
---------------------------------------------------------------------------------------------
                                              2.696114   slack (MET)


Startpoint: _1394_ (rising edge-triggered flip-flop clocked by clk)
Endpoint: rdata[1] (output port clocked by clk)
Path Group: clk
Path Type: min

Fanout         Cap        Slew       Delay        Time   Description
---------------------------------------------------------------------------------------------
                                  0.000000    0.000000   clock clk (rise edge)
                                  0.000000    0.000000   clock source latency
     1    0.024950    0.117791    0.081531    0.081531 ^ clk (in)
                                                         clk (net)
                      0.117803    0.000000    0.081531 ^ clkbuf_0_clk/A (sky130_fd_sc_hd__clkbuf_16)
     8    0.101812    0.118042    0.212408    0.293940 ^ clkbuf_0_clk/X (sky130_fd_sc_hd__clkbuf_16)
                                                         clknet_0_clk (net)
                      0.118508    0.005978    0.299917 ^ clkbuf_3_0__f_clk/A (sky130_fd_sc_hd__clkbuf_16)
     9    0.037838    0.057925    0.167263    0.467180 ^ clkbuf_3_0__f_clk/X (sky130_fd_sc_hd__clkbuf_16)
                                                         clknet_3_0__leaf_clk (net)
                      0.057929    0.000453    0.467634 ^ _1394_/CLK (sky130_fd_sc_hd__dfxtp_1)
     2    0.004493    0.033521    0.303228    0.770862 v _1394_/Q (sky130_fd_sc_hd__dfxtp_1)
                                                         net31 (net)
                      0.033521    0.000028    0.770890 v output31/A (sky130_fd_sc_hd__buf_2)
     1    0.034049    0.088919    0.175108    0.945998 v output31/X (sky130_fd_sc_hd__buf_2)
                                                         rdata[1] (net)
                      0.088919    0.000206    0.946203 v rdata[1] (out)
                                              0.946203   data arrival time

                                  0.000000    0.000000   clock clk (rise edge)
                                  0.000000    0.000000   clock network delay (propagated)
                                  0.250000    0.250000   clock uncertainty
                                  0.000000    0.250000   clock reconvergence pessimism
                                 -2.000000   -1.750000   output external delay
                                             -1.750000   data required time
---------------------------------------------------------------------------------------------
                                             -1.750000   data required time
                                             -0.946203   data arrival time
---------------------------------------------------------------------------------------------
                                              2.696203   slack (MET)


Startpoint: _1395_ (rising edge-triggered flip-flop clocked by clk)
Endpoint: rdata[2] (output port clocked by clk)
Path Group: clk
Path Type: min

Fanout         Cap        Slew       Delay        Time   Description
---------------------------------------------------------------------------------------------
                                  0.000000    0.000000   clock clk (rise edge)
                                  0.000000    0.000000   clock source latency
     1    0.024950    0.117791    0.081531    0.081531 ^ clk (in)
                                                         clk (net)
                      0.117803    0.000000    0.081531 ^ clkbuf_0_clk/A (sky130_fd_sc_hd__clkbuf_16)
     8    0.101812    0.118042    0.212408    0.293940 ^ clkbuf_0_clk/X (sky130_fd_sc_hd__clkbuf_16)
                                                         clknet_0_clk (net)
                      0.118388    0.005176    0.299116 ^ clkbuf_3_2__f_clk/A (sky130_fd_sc_hd__clkbuf_16)
     9    0.038967    0.058895    0.167951    0.467067 ^ clkbuf_3_2__f_clk/X (sky130_fd_sc_hd__clkbuf_16)
                                                         clknet_3_2__leaf_clk (net)
                      0.058907    0.000782    0.467849 ^ _1395_/CLK (sky130_fd_sc_hd__dfxtp_1)
     2    0.004403    0.033162    0.303216    0.771065 v _1395_/Q (sky130_fd_sc_hd__dfxtp_1)
                                                         net42 (net)
                      0.033162    0.000043    0.771109 v output42/A (sky130_fd_sc_hd__buf_2)
     1    0.034103    0.089035    0.175059    0.946167 v output42/X (sky130_fd_sc_hd__buf_2)
                                                         rdata[2] (net)
                      0.089035    0.000200    0.946368 v rdata[2] (out)
                                              0.946368   data arrival time

                                  0.000000    0.000000   clock clk (rise edge)
                                  0.000000    0.000000   clock network delay (propagated)
                                  0.250000    0.250000   clock uncertainty
                                  0.000000    0.250000   clock reconvergence pessimism
                                 -2.000000   -1.750000   output external delay
                                             -1.750000   data required time
---------------------------------------------------------------------------------------------
                                             -1.750000   data required time
                                             -0.946368   data arrival time
---------------------------------------------------------------------------------------------
                                              2.696368   slack (MET)


Startpoint: _1414_ (rising edge-triggered flip-flop clocked by clk)
Endpoint: rdata[21] (output port clocked by clk)
Path Group: clk
Path Type: min

Fanout         Cap        Slew       Delay        Time   Description
---------------------------------------------------------------------------------------------
                                  0.000000    0.000000   clock clk (rise edge)
                                  0.000000    0.000000   clock source latency
     1    0.024950    0.117791    0.081531    0.081531 ^ clk (in)
                                                         clk (net)
                      0.117803    0.000000    0.081531 ^ clkbuf_0_clk/A (sky130_fd_sc_hd__clkbuf_16)
     8    0.101812    0.118042    0.212408    0.293940 ^ clkbuf_0_clk/X (sky130_fd_sc_hd__clkbuf_16)
                                                         clknet_0_clk (net)
                      0.118180    0.003316    0.297256 ^ clkbuf_3_7__f_clk/A (sky130_fd_sc_hd__clkbuf_16)
    10    0.044183    0.063534    0.171616    0.468872 ^ clkbuf_3_7__f_clk/X (sky130_fd_sc_hd__clkbuf_16)
                                                         clknet_3_7__leaf_clk (net)
                      0.063580    0.001506    0.470378 ^ _1414_/CLK (sky130_fd_sc_hd__dfxtp_1)
     2    0.003835    0.030930    0.302643    0.773022 v _1414_/Q (sky130_fd_sc_hd__dfxtp_1)
                                                         net33 (net)
                      0.030930    0.000028    0.773049 v output33/A (sky130_fd_sc_hd__buf_2)
     1    0.034243    0.089376    0.174316    0.947366 v output33/X (sky130_fd_sc_hd__buf_2)
                                                         rdata[21] (net)
                      0.089376    0.000253    0.947618 v rdata[21] (out)
                                              0.947618   data arrival time

                                  0.000000    0.000000   clock clk (rise edge)
                                  0.000000    0.000000   clock network delay (propagated)
                                  0.250000    0.250000   clock uncertainty
                                  0.000000    0.250000   clock reconvergence pessimism
                                 -2.000000   -1.750000   output external delay
                                             -1.750000   data required time
---------------------------------------------------------------------------------------------
                                             -1.750000   data required time
                                             -0.947618   data arrival time
---------------------------------------------------------------------------------------------
                                              2.697618   slack (MET)


Startpoint: _1402_ (rising edge-triggered flip-flop clocked by clk)
Endpoint: rdata[9] (output port clocked by clk)
Path Group: clk
Path Type: min

Fanout         Cap        Slew       Delay        Time   Description
---------------------------------------------------------------------------------------------
                                  0.000000    0.000000   clock clk (rise edge)
                                  0.000000    0.000000   clock source latency
     1    0.024950    0.117791    0.081531    0.081531 ^ clk (in)
                                                         clk (net)
                      0.117803    0.000000    0.081531 ^ clkbuf_0_clk/A (sky130_fd_sc_hd__clkbuf_16)
     8    0.101812    0.118042    0.212408    0.293940 ^ clkbuf_0_clk/X (sky130_fd_sc_hd__clkbuf_16)
                                                         clknet_0_clk (net)
                      0.118081    0.001788    0.295728 ^ clkbuf_3_4__f_clk/A (sky130_fd_sc_hd__clkbuf_16)
    11    0.040866    0.060539    0.169002    0.464730 ^ clkbuf_3_4__f_clk/X (sky130_fd_sc_hd__clkbuf_16)
                                                         clknet_3_4__leaf_clk (net)
                      0.060542    0.000601    0.465331 ^ _1402_/CLK (sky130_fd_sc_hd__dfxtp_1)
     2    0.005007    0.035606    0.306277    0.771608 v _1402_/Q (sky130_fd_sc_hd__dfxtp_1)
                                                         net51 (net)
                      0.035606    0.000061    0.771669 v output51/A (sky130_fd_sc_hd__buf_2)
     1    0.033912    0.088591    0.175782    0.947451 v output51/X (sky130_fd_sc_hd__buf_2)
                                                         rdata[9] (net)
                      0.088591    0.000165    0.947616 v rdata[9] (out)
                                              0.947616   data arrival time

                                  0.000000    0.000000   clock clk (rise edge)
                                  0.000000    0.000000   clock network delay (propagated)
                                  0.250000    0.250000   clock uncertainty
                                  0.000000    0.250000   clock reconvergence pessimism
                                 -2.000000   -1.750000   output external delay
                                             -1.750000   data required time
---------------------------------------------------------------------------------------------
                                             -1.750000   data required time
                                             -0.947616   data arrival time
---------------------------------------------------------------------------------------------
                                              2.697616   slack (MET)


Startpoint: _1405_ (rising edge-triggered flip-flop clocked by clk)
Endpoint: rdata[12] (output port clocked by clk)
Path Group: clk
Path Type: min

Fanout         Cap        Slew       Delay        Time   Description
---------------------------------------------------------------------------------------------
                                  0.000000    0.000000   clock clk (rise edge)
                                  0.000000    0.000000   clock source latency
     1    0.024950    0.117791    0.081531    0.081531 ^ clk (in)
                                                         clk (net)
                      0.117803    0.000000    0.081531 ^ clkbuf_0_clk/A (sky130_fd_sc_hd__clkbuf_16)
     8    0.101812    0.118042    0.212408    0.293940 ^ clkbuf_0_clk/X (sky130_fd_sc_hd__clkbuf_16)
                                                         clknet_0_clk (net)
                      0.118078    0.001717    0.295657 ^ clkbuf_3_5__f_clk/A (sky130_fd_sc_hd__clkbuf_16)
    14    0.044834    0.064104    0.171899    0.467556 ^ clkbuf_3_5__f_clk/X (sky130_fd_sc_hd__clkbuf_16)
                                                         clknet_3_5__leaf_clk (net)
                      0.064142    0.001385    0.468940 ^ _1405_/CLK (sky130_fd_sc_hd__dfxtp_1)
     2    0.004101    0.031963    0.303939    0.772879 v _1405_/Q (sky130_fd_sc_hd__dfxtp_1)
                                                         net23 (net)
                      0.031963    0.000019    0.772898 v output23/A (sky130_fd_sc_hd__buf_2)
     1    0.034358    0.089623    0.174962    0.947860 v output23/X (sky130_fd_sc_hd__buf_2)
                                                         rdata[12] (net)
                      0.089623    0.000271    0.948131 v rdata[12] (out)
                                              0.948131   data arrival time

                                  0.000000    0.000000   clock clk (rise edge)
                                  0.000000    0.000000   clock network delay (propagated)
                                  0.250000    0.250000   clock uncertainty
                                  0.000000    0.250000   clock reconvergence pessimism
                                 -2.000000   -1.750000   output external delay
                                             -1.750000   data required time
---------------------------------------------------------------------------------------------
                                             -1.750000   data required time
                                             -0.948131   data arrival time
---------------------------------------------------------------------------------------------
                                              2.698131   slack (MET)


Startpoint: _1407_ (rising edge-triggered flip-flop clocked by clk)
Endpoint: rdata[14] (output port clocked by clk)
Path Group: clk
Path Type: min

Fanout         Cap        Slew       Delay        Time   Description
---------------------------------------------------------------------------------------------
                                  0.000000    0.000000   clock clk (rise edge)
                                  0.000000    0.000000   clock source latency
     1    0.024950    0.117791    0.081531    0.081531 ^ clk (in)
                                                         clk (net)
                      0.117803    0.000000    0.081531 ^ clkbuf_0_clk/A (sky130_fd_sc_hd__clkbuf_16)
     8    0.101812    0.118042    0.212408    0.293940 ^ clkbuf_0_clk/X (sky130_fd_sc_hd__clkbuf_16)
                                                         clknet_0_clk (net)
                      0.118078    0.001717    0.295657 ^ clkbuf_3_5__f_clk/A (sky130_fd_sc_hd__clkbuf_16)
    14    0.044834    0.064104    0.171899    0.467556 ^ clkbuf_3_5__f_clk/X (sky130_fd_sc_hd__clkbuf_16)
                                                         clknet_3_5__leaf_clk (net)
                      0.064161    0.001646    0.469202 ^ _1407_/CLK (sky130_fd_sc_hd__dfxtp_1)
     2    0.004029    0.031684    0.303649    0.772851 v _1407_/Q (sky130_fd_sc_hd__dfxtp_1)
                                                         net25 (net)
                      0.031684    0.000031    0.772882 v output25/A (sky130_fd_sc_hd__buf_2)
     1    0.034468    0.089858    0.175055    0.947937 v output25/X (sky130_fd_sc_hd__buf_2)
                                                         rdata[14] (net)
                      0.089858    0.000262    0.948199 v rdata[14] (out)
                                              0.948199   data arrival time

                                  0.000000    0.000000   clock clk (rise edge)
                                  0.000000    0.000000   clock network delay (propagated)
                                  0.250000    0.250000   clock uncertainty
                                  0.000000    0.250000   clock reconvergence pessimism
                                 -2.000000   -1.750000   output external delay
                                             -1.750000   data required time
---------------------------------------------------------------------------------------------
                                             -1.750000   data required time
                                             -0.948199   data arrival time
---------------------------------------------------------------------------------------------
                                              2.698199   slack (MET)


Startpoint: _1417_ (rising edge-triggered flip-flop clocked by clk)
Endpoint: rdata[24] (output port clocked by clk)
Path Group: clk
Path Type: min

Fanout         Cap        Slew       Delay        Time   Description
---------------------------------------------------------------------------------------------
                                  0.000000    0.000000   clock clk (rise edge)
                                  0.000000    0.000000   clock source latency
     1    0.024950    0.117791    0.081531    0.081531 ^ clk (in)
                                                         clk (net)
                      0.117803    0.000000    0.081531 ^ clkbuf_0_clk/A (sky130_fd_sc_hd__clkbuf_16)
     8    0.101812    0.118042    0.212408    0.293940 ^ clkbuf_0_clk/X (sky130_fd_sc_hd__clkbuf_16)
                                                         clknet_0_clk (net)
                      0.118081    0.001788    0.295728 ^ clkbuf_3_4__f_clk/A (sky130_fd_sc_hd__clkbuf_16)
    11    0.040866    0.060539    0.169002    0.464730 ^ clkbuf_3_4__f_clk/X (sky130_fd_sc_hd__clkbuf_16)
                                                         clknet_3_4__leaf_clk (net)
                      0.060581    0.001384    0.466114 ^ _1417_/CLK (sky130_fd_sc_hd__dfxtp_1)
     2    0.005020    0.035652    0.306354    0.772469 v _1417_/Q (sky130_fd_sc_hd__dfxtp_1)
                                                         net36 (net)
                      0.035652    0.000032    0.772500 v output36/A (sky130_fd_sc_hd__buf_2)
     1    0.034060    0.088929    0.176043    0.948544 v output36/X (sky130_fd_sc_hd__buf_2)
                                                         rdata[24] (net)
                      0.088929    0.000209    0.948753 v rdata[24] (out)
                                              0.948753   data arrival time

                                  0.000000    0.000000   clock clk (rise edge)
                                  0.000000    0.000000   clock network delay (propagated)
                                  0.250000    0.250000   clock uncertainty
                                  0.000000    0.250000   clock reconvergence pessimism
                                 -2.000000   -1.750000   output external delay
                                             -1.750000   data required time
---------------------------------------------------------------------------------------------
                                             -1.750000   data required time
                                             -0.948753   data arrival time
---------------------------------------------------------------------------------------------
                                              2.698753   slack (MET)


Startpoint: _1409_ (rising edge-triggered flip-flop clocked by clk)
Endpoint: rdata[16] (output port clocked by clk)
Path Group: clk
Path Type: min

Fanout         Cap        Slew       Delay        Time   Description
---------------------------------------------------------------------------------------------
                                  0.000000    0.000000   clock clk (rise edge)
                                  0.000000    0.000000   clock source latency
     1    0.024950    0.117791    0.081531    0.081531 ^ clk (in)
                                                         clk (net)
                      0.117803    0.000000    0.081531 ^ clkbuf_0_clk/A (sky130_fd_sc_hd__clkbuf_16)
     8    0.101812    0.118042    0.212408    0.293940 ^ clkbuf_0_clk/X (sky130_fd_sc_hd__clkbuf_16)
                                                         clknet_0_clk (net)
                      0.118078    0.001717    0.295657 ^ clkbuf_3_5__f_clk/A (sky130_fd_sc_hd__clkbuf_16)
    14    0.044834    0.064104    0.171899    0.467556 ^ clkbuf_3_5__f_clk/X (sky130_fd_sc_hd__clkbuf_16)
                                                         clknet_3_5__leaf_clk (net)
                      0.064168    0.001734    0.469290 ^ _1409_/CLK (sky130_fd_sc_hd__dfxtp_1)
     2    0.004269    0.032628    0.304628    0.773917 v _1409_/Q (sky130_fd_sc_hd__dfxtp_1)
                                                         net27 (net)
                      0.032628    0.000034    0.773952 v output27/A (sky130_fd_sc_hd__buf_2)
     1    0.034559    0.090010    0.175692    0.949643 v output27/X (sky130_fd_sc_hd__buf_2)
                                                         rdata[16] (net)
                      0.090010    0.000189    0.949832 v rdata[16] (out)
                                              0.949832   data arrival time

                                  0.000000    0.000000   clock clk (rise edge)
                                  0.000000    0.000000   clock network delay (propagated)
                                  0.250000    0.250000   clock uncertainty
                                  0.000000    0.250000   clock reconvergence pessimism
                                 -2.000000   -1.750000   output external delay
                                             -1.750000   data required time
---------------------------------------------------------------------------------------------
                                             -1.750000   data required time
                                             -0.949832   data arrival time
---------------------------------------------------------------------------------------------
                                              2.699832   slack (MET)


Startpoint: _1401_ (rising edge-triggered flip-flop clocked by clk)
Endpoint: rdata[8] (output port clocked by clk)
Path Group: clk
Path Type: min

Fanout         Cap        Slew       Delay        Time   Description
---------------------------------------------------------------------------------------------
                                  0.000000    0.000000   clock clk (rise edge)
                                  0.000000    0.000000   clock source latency
     1    0.024950    0.117791    0.081531    0.081531 ^ clk (in)
                                                         clk (net)
                      0.117803    0.000000    0.081531 ^ clkbuf_0_clk/A (sky130_fd_sc_hd__clkbuf_16)
     8    0.101812    0.118042    0.212408    0.293940 ^ clkbuf_0_clk/X (sky130_fd_sc_hd__clkbuf_16)
                                                         clknet_0_clk (net)
                      0.118177    0.003282    0.297222 ^ clkbuf_3_6__f_clk/A (sky130_fd_sc_hd__clkbuf_16)
    14    0.045743    0.064948    0.172761    0.469983 ^ clkbuf_3_6__f_clk/X (sky130_fd_sc_hd__clkbuf_16)
                                                         clknet_3_6__leaf_clk (net)
                      0.064962    0.000924    0.470906 ^ _1401_/CLK (sky130_fd_sc_hd__dfxtp_1)
     2    0.003966    0.031437    0.303695    0.774601 v _1401_/Q (sky130_fd_sc_hd__dfxtp_1)
                                                         net50 (net)
                      0.031437    0.000020    0.774621 v output50/A (sky130_fd_sc_hd__buf_2)
     1    0.034682    0.090408    0.175195    0.949817 v output50/X (sky130_fd_sc_hd__buf_2)
                                                         rdata[8] (net)
                      0.090409    0.000453    0.950270 v rdata[8] (out)
                                              0.950270   data arrival time

                                  0.000000    0.000000   clock clk (rise edge)
                                  0.000000    0.000000   clock network delay (propagated)
                                  0.250000    0.250000   clock uncertainty
                                  0.000000    0.250000   clock reconvergence pessimism
                                 -2.000000   -1.750000   output external delay
                                             -1.750000   data required time
---------------------------------------------------------------------------------------------
                                             -1.750000   data required time
                                             -0.950270   data arrival time
---------------------------------------------------------------------------------------------
                                              2.700270   slack (MET)


Startpoint: _1416_ (rising edge-triggered flip-flop clocked by clk)
Endpoint: rdata[23] (output port clocked by clk)
Path Group: clk
Path Type: min

Fanout         Cap        Slew       Delay        Time   Description
---------------------------------------------------------------------------------------------
                                  0.000000    0.000000   clock clk (rise edge)
                                  0.000000    0.000000   clock source latency
     1    0.024950    0.117791    0.081531    0.081531 ^ clk (in)
                                                         clk (net)
                      0.117803    0.000000    0.081531 ^ clkbuf_0_clk/A (sky130_fd_sc_hd__clkbuf_16)
     8    0.101812    0.118042    0.212408    0.293940 ^ clkbuf_0_clk/X (sky130_fd_sc_hd__clkbuf_16)
                                                         clknet_0_clk (net)
                      0.118180    0.003316    0.297256 ^ clkbuf_3_7__f_clk/A (sky130_fd_sc_hd__clkbuf_16)
    10    0.044183    0.063534    0.171616    0.468872 ^ clkbuf_3_7__f_clk/X (sky130_fd_sc_hd__clkbuf_16)
                                                         clknet_3_7__leaf_clk (net)
                      0.063552    0.001022    0.469894 ^ _1416_/CLK (sky130_fd_sc_hd__dfxtp_1)
     2    0.004328    0.032861    0.304636    0.774530 v _1416_/Q (sky130_fd_sc_hd__dfxtp_1)
                                                         net35 (net)
                      0.032861    0.000036    0.774566 v output35/A (sky130_fd_sc_hd__buf_2)
     1    0.034503    0.089999    0.175498    0.950064 v output35/X (sky130_fd_sc_hd__buf_2)
                                                         rdata[23] (net)
                      0.090000    0.000424    0.950488 v rdata[23] (out)
                                              0.950488   data arrival time

                                  0.000000    0.000000   clock clk (rise edge)
                                  0.000000    0.000000   clock network delay (propagated)
                                  0.250000    0.250000   clock uncertainty
                                  0.000000    0.250000   clock reconvergence pessimism
                                 -2.000000   -1.750000   output external delay
                                             -1.750000   data required time
---------------------------------------------------------------------------------------------
                                             -1.750000   data required time
                                             -0.950488   data arrival time
---------------------------------------------------------------------------------------------
                                              2.700487   slack (MET)


Startpoint: _1421_ (rising edge-triggered flip-flop clocked by clk)
Endpoint: rdata[28] (output port clocked by clk)
Path Group: clk
Path Type: min

Fanout         Cap        Slew       Delay        Time   Description
---------------------------------------------------------------------------------------------
                                  0.000000    0.000000   clock clk (rise edge)
                                  0.000000    0.000000   clock source latency
     1    0.024950    0.117791    0.081531    0.081531 ^ clk (in)
                                                         clk (net)
                      0.117803    0.000000    0.081531 ^ clkbuf_0_clk/A (sky130_fd_sc_hd__clkbuf_16)
     8    0.101812    0.118042    0.212408    0.293940 ^ clkbuf_0_clk/X (sky130_fd_sc_hd__clkbuf_16)
                                                         clknet_0_clk (net)
                      0.118177    0.003282    0.297222 ^ clkbuf_3_6__f_clk/A (sky130_fd_sc_hd__clkbuf_16)
    14    0.045743    0.064948    0.172761    0.469983 ^ clkbuf_3_6__f_clk/X (sky130_fd_sc_hd__clkbuf_16)
                                                         clknet_3_6__leaf_clk (net)
                      0.064969    0.001074    0.471056 ^ _1421_/CLK (sky130_fd_sc_hd__dfxtp_1)
     2    0.004062    0.031810    0.304087    0.775143 v _1421_/Q (sky130_fd_sc_hd__dfxtp_1)
                                                         net40 (net)
                      0.031810    0.000021    0.775164 v output40/A (sky130_fd_sc_hd__buf_2)
     1    0.034503    0.090008    0.175045    0.950209 v output40/X (sky130_fd_sc_hd__buf_2)
                                                         rdata[28] (net)
                      0.090009    0.000424    0.950633 v rdata[28] (out)
                                              0.950633   data arrival time

                                  0.000000    0.000000   clock clk (rise edge)
                                  0.000000    0.000000   clock network delay (propagated)
                                  0.250000    0.250000   clock uncertainty
                                  0.000000    0.250000   clock reconvergence pessimism
                                 -2.000000   -1.750000   output external delay
                                             -1.750000   data required time
---------------------------------------------------------------------------------------------
                                             -1.750000   data required time
                                             -0.950633   data arrival time
---------------------------------------------------------------------------------------------
                                              2.700633   slack (MET)


Startpoint: _1398_ (rising edge-triggered flip-flop clocked by clk)
Endpoint: rdata[5] (output port clocked by clk)
Path Group: clk
Path Type: min

Fanout         Cap        Slew       Delay        Time   Description
---------------------------------------------------------------------------------------------
                                  0.000000    0.000000   clock clk (rise edge)
                                  0.000000    0.000000   clock source latency
     1    0.024950    0.117791    0.081531    0.081531 ^ clk (in)
                                                         clk (net)
                      0.117803    0.000000    0.081531 ^ clkbuf_0_clk/A (sky130_fd_sc_hd__clkbuf_16)
     8    0.101812    0.118042    0.212408    0.293940 ^ clkbuf_0_clk/X (sky130_fd_sc_hd__clkbuf_16)
                                                         clknet_0_clk (net)
                      0.118388    0.005176    0.299116 ^ clkbuf_3_2__f_clk/A (sky130_fd_sc_hd__clkbuf_16)
     9    0.038967    0.058895    0.167951    0.467067 ^ clkbuf_3_2__f_clk/X (sky130_fd_sc_hd__clkbuf_16)
                                                         clknet_3_2__leaf_clk (net)
                      0.058899    0.000546    0.467612 ^ _1398_/CLK (sky130_fd_sc_hd__dfxtp_1)
     2    0.005210    0.036441    0.306487    0.774100 v _1398_/Q (sky130_fd_sc_hd__dfxtp_1)
                                                         net47 (net)
                      0.036441    0.000065    0.774164 v output47/A (sky130_fd_sc_hd__buf_2)
     1    0.034178    0.089201    0.176563    0.950727 v output47/X (sky130_fd_sc_hd__buf_2)
                                                         rdata[5] (net)
                      0.089201    0.000260    0.950988 v rdata[5] (out)
                                              0.950988   data arrival time

                                  0.000000    0.000000   clock clk (rise edge)
                                  0.000000    0.000000   clock network delay (propagated)
                                  0.250000    0.250000   clock uncertainty
                                  0.000000    0.250000   clock reconvergence pessimism
                                 -2.000000   -1.750000   output external delay
                                             -1.750000   data required time
---------------------------------------------------------------------------------------------
                                             -1.750000   data required time
                                             -0.950988   data arrival time
---------------------------------------------------------------------------------------------
                                              2.700988   slack (MET)


Startpoint: _1406_ (rising edge-triggered flip-flop clocked by clk)
Endpoint: rdata[13] (output port clocked by clk)
Path Group: clk
Path Type: min

Fanout         Cap        Slew       Delay        Time   Description
---------------------------------------------------------------------------------------------
                                  0.000000    0.000000   clock clk (rise edge)
                                  0.000000    0.000000   clock source latency
     1    0.024950    0.117791    0.081531    0.081531 ^ clk (in)
                                                         clk (net)
                      0.117803    0.000000    0.081531 ^ clkbuf_0_clk/A (sky130_fd_sc_hd__clkbuf_16)
     8    0.101812    0.118042    0.212408    0.293940 ^ clkbuf_0_clk/X (sky130_fd_sc_hd__clkbuf_16)
                                                         clknet_0_clk (net)
                      0.118078    0.001717    0.295657 ^ clkbuf_3_5__f_clk/A (sky130_fd_sc_hd__clkbuf_16)
    14    0.044834    0.064104    0.171899    0.467556 ^ clkbuf_3_5__f_clk/X (sky130_fd_sc_hd__clkbuf_16)
                                                         clknet_3_5__leaf_clk (net)
                      0.064152    0.001535    0.469091 ^ _1406_/CLK (sky130_fd_sc_hd__dfxtp_1)
     2    0.004531    0.033676    0.305675    0.774766 v _1406_/Q (sky130_fd_sc_hd__dfxtp_1)
                                                         net24 (net)
                      0.033676    0.000064    0.774830 v output24/A (sky130_fd_sc_hd__buf_2)
     1    0.034627    0.090164    0.176245    0.951074 v output24/X (sky130_fd_sc_hd__buf_2)
                                                         rdata[13] (net)
                      0.090164    0.000220    0.951295 v rdata[13] (out)
                                              0.951295   data arrival time

                                  0.000000    0.000000   clock clk (rise edge)
                                  0.000000    0.000000   clock network delay (propagated)
                                  0.250000    0.250000   clock uncertainty
                                  0.000000    0.250000   clock reconvergence pessimism
                                 -2.000000   -1.750000   output external delay
                                             -1.750000   data required time
---------------------------------------------------------------------------------------------
                                             -1.750000   data required time
                                             -0.951295   data arrival time
---------------------------------------------------------------------------------------------
                                              2.701294   slack (MET)


Startpoint: _1423_ (rising edge-triggered flip-flop clocked by clk)
Endpoint: rdata[30] (output port clocked by clk)
Path Group: clk
Path Type: min

Fanout         Cap        Slew       Delay        Time   Description
---------------------------------------------------------------------------------------------
                                  0.000000    0.000000   clock clk (rise edge)
                                  0.000000    0.000000   clock source latency
     1    0.024950    0.117791    0.081531    0.081531 ^ clk (in)
                                                         clk (net)
                      0.117803    0.000000    0.081531 ^ clkbuf_0_clk/A (sky130_fd_sc_hd__clkbuf_16)
     8    0.101812    0.118042    0.212408    0.293940 ^ clkbuf_0_clk/X (sky130_fd_sc_hd__clkbuf_16)
                                                         clknet_0_clk (net)
                      0.118327    0.004709    0.298648 ^ clkbuf_3_3__f_clk/A (sky130_fd_sc_hd__clkbuf_16)
     7    0.039218    0.059125    0.168133    0.466781 ^ clkbuf_3_3__f_clk/X (sky130_fd_sc_hd__clkbuf_16)
                                                         clknet_3_3__leaf_clk (net)
                      0.059139    0.000812    0.467593 ^ _1423_/CLK (sky130_fd_sc_hd__dfxtp_1)
     2    0.005145    0.036170    0.306320    0.773914 v _1423_/Q (sky130_fd_sc_hd__dfxtp_1)
                                                         net43 (net)
                      0.036170    0.000050    0.773964 v output43/A (sky130_fd_sc_hd__buf_2)
     1    0.034503    0.089976    0.176923    0.950887 v output43/X (sky130_fd_sc_hd__buf_2)
                                                         rdata[30] (net)
                      0.089977    0.000424    0.951311 v rdata[30] (out)
                                              0.951311   data arrival time

                                  0.000000    0.000000   clock clk (rise edge)
                                  0.000000    0.000000   clock network delay (propagated)
                                  0.250000    0.250000   clock uncertainty
                                  0.000000    0.250000   clock reconvergence pessimism
                                 -2.000000   -1.750000   output external delay
                                             -1.750000   data required time
---------------------------------------------------------------------------------------------
                                             -1.750000   data required time
                                             -0.951311   data arrival time
---------------------------------------------------------------------------------------------
                                              2.701311   slack (MET)


Startpoint: _1397_ (rising edge-triggered flip-flop clocked by clk)
Endpoint: rdata[4] (output port clocked by clk)
Path Group: clk
Path Type: min

Fanout         Cap        Slew       Delay        Time   Description
---------------------------------------------------------------------------------------------
                                  0.000000    0.000000   clock clk (rise edge)
                                  0.000000    0.000000   clock source latency
     1    0.024950    0.117791    0.081531    0.081531 ^ clk (in)
                                                         clk (net)
                      0.117803    0.000000    0.081531 ^ clkbuf_0_clk/A (sky130_fd_sc_hd__clkbuf_16)
     8    0.101812    0.118042    0.212408    0.293940 ^ clkbuf_0_clk/X (sky130_fd_sc_hd__clkbuf_16)
                                                         clknet_0_clk (net)
                      0.118388    0.005176    0.299116 ^ clkbuf_3_2__f_clk/A (sky130_fd_sc_hd__clkbuf_16)
     9    0.038967    0.058895    0.167951    0.467067 ^ clkbuf_3_2__f_clk/X (sky130_fd_sc_hd__clkbuf_16)
                                                         clknet_3_2__leaf_clk (net)
                      0.058909    0.000833    0.467900 ^ _1397_/CLK (sky130_fd_sc_hd__dfxtp_1)
     2    0.005402    0.037229    0.307287    0.775187 v _1397_/Q (sky130_fd_sc_hd__dfxtp_1)
                                                         net46 (net)
                      0.037229    0.000043    0.775231 v output46/A (sky130_fd_sc_hd__buf_2)
     1    0.034043    0.088897    0.176664    0.951895 v output46/X (sky130_fd_sc_hd__buf_2)
                                                         rdata[4] (net)
                      0.088897    0.000242    0.952137 v rdata[4] (out)
                                              0.952137   data arrival time

                                  0.000000    0.000000   clock clk (rise edge)
                                  0.000000    0.000000   clock network delay (propagated)
                                  0.250000    0.250000   clock uncertainty
                                  0.000000    0.250000   clock reconvergence pessimism
                                 -2.000000   -1.750000   output external delay
                                             -1.750000   data required time
---------------------------------------------------------------------------------------------
                                             -1.750000   data required time
                                             -0.952137   data arrival time
---------------------------------------------------------------------------------------------
                                              2.702137   slack (MET)


Startpoint: _1422_ (rising edge-triggered flip-flop clocked by clk)
Endpoint: rdata[29] (output port clocked by clk)
Path Group: clk
Path Type: min

Fanout         Cap        Slew       Delay        Time   Description
---------------------------------------------------------------------------------------------
                                  0.000000    0.000000   clock clk (rise edge)
                                  0.000000    0.000000   clock source latency
     1    0.024950    0.117791    0.081531    0.081531 ^ clk (in)
                                                         clk (net)
                      0.117803    0.000000    0.081531 ^ clkbuf_0_clk/A (sky130_fd_sc_hd__clkbuf_16)
     8    0.101812    0.118042    0.212408    0.293940 ^ clkbuf_0_clk/X (sky130_fd_sc_hd__clkbuf_16)
                                                         clknet_0_clk (net)
                      0.118177    0.003282    0.297222 ^ clkbuf_3_6__f_clk/A (sky130_fd_sc_hd__clkbuf_16)
    14    0.045743    0.064948    0.172761    0.469983 ^ clkbuf_3_6__f_clk/X (sky130_fd_sc_hd__clkbuf_16)
                                                         clknet_3_6__leaf_clk (net)
                      0.064979    0.001275    0.471257 ^ _1422_/CLK (sky130_fd_sc_hd__dfxtp_1)
     2    0.004344    0.032929    0.305231    0.776489 v _1422_/Q (sky130_fd_sc_hd__dfxtp_1)
                                                         net41 (net)
                      0.032929    0.000046    0.776535 v output41/A (sky130_fd_sc_hd__buf_2)
     1    0.034538    0.090075    0.175592    0.952127 v output41/X (sky130_fd_sc_hd__buf_2)
                                                         rdata[29] (net)
                      0.090076    0.000424    0.952551 v rdata[29] (out)
                                              0.952551   data arrival time

                                  0.000000    0.000000   clock clk (rise edge)
                                  0.000000    0.000000   clock network delay (propagated)
                                  0.250000    0.250000   clock uncertainty
                                  0.000000    0.250000   clock reconvergence pessimism
                                 -2.000000   -1.750000   output external delay
                                             -1.750000   data required time
---------------------------------------------------------------------------------------------
                                             -1.750000   data required time
                                             -0.952551   data arrival time
---------------------------------------------------------------------------------------------
                                              2.702551   slack (MET)


Startpoint: _1419_ (rising edge-triggered flip-flop clocked by clk)
Endpoint: rdata[26] (output port clocked by clk)
Path Group: clk
Path Type: min

Fanout         Cap        Slew       Delay        Time   Description
---------------------------------------------------------------------------------------------
                                  0.000000    0.000000   clock clk (rise edge)
                                  0.000000    0.000000   clock source latency
     1    0.024950    0.117791    0.081531    0.081531 ^ clk (in)
                                                         clk (net)
                      0.117803    0.000000    0.081531 ^ clkbuf_0_clk/A (sky130_fd_sc_hd__clkbuf_16)
     8    0.101812    0.118042    0.212408    0.293940 ^ clkbuf_0_clk/X (sky130_fd_sc_hd__clkbuf_16)
                                                         clknet_0_clk (net)
                      0.118177    0.003282    0.297222 ^ clkbuf_3_6__f_clk/A (sky130_fd_sc_hd__clkbuf_16)
    14    0.045743    0.064948    0.172761    0.469983 ^ clkbuf_3_6__f_clk/X (sky130_fd_sc_hd__clkbuf_16)
                                                         clknet_3_6__leaf_clk (net)
                      0.064962    0.000926    0.470908 ^ _1419_/CLK (sky130_fd_sc_hd__dfxtp_1)
     2    0.004426    0.033251    0.305566    0.776474 v _1419_/Q (sky130_fd_sc_hd__dfxtp_1)
                                                         net38 (net)
                      0.033251    0.000029    0.776503 v output38/A (sky130_fd_sc_hd__buf_2)
     1    0.034503    0.089996    0.175666    0.952169 v output38/X (sky130_fd_sc_hd__buf_2)
                                                         rdata[26] (net)
                      0.089998    0.000424    0.952593 v rdata[26] (out)
                                              0.952593   data arrival time

                                  0.000000    0.000000   clock clk (rise edge)
                                  0.000000    0.000000   clock network delay (propagated)
                                  0.250000    0.250000   clock uncertainty
                                  0.000000    0.250000   clock reconvergence pessimism
                                 -2.000000   -1.750000   output external delay
                                             -1.750000   data required time
---------------------------------------------------------------------------------------------
                                             -1.750000   data required time
                                             -0.952593   data arrival time
---------------------------------------------------------------------------------------------
                                              2.702593   slack (MET)


Startpoint: _1403_ (rising edge-triggered flip-flop clocked by clk)
Endpoint: rdata[10] (output port clocked by clk)
Path Group: clk
Path Type: min

Fanout         Cap        Slew       Delay        Time   Description
---------------------------------------------------------------------------------------------
                                  0.000000    0.000000   clock clk (rise edge)
                                  0.000000    0.000000   clock source latency
     1    0.024950    0.117791    0.081531    0.081531 ^ clk (in)
                                                         clk (net)
                      0.117803    0.000000    0.081531 ^ clkbuf_0_clk/A (sky130_fd_sc_hd__clkbuf_16)
     8    0.101812    0.118042    0.212408    0.293940 ^ clkbuf_0_clk/X (sky130_fd_sc_hd__clkbuf_16)
                                                         clknet_0_clk (net)
                      0.118078    0.001717    0.295657 ^ clkbuf_3_5__f_clk/A (sky130_fd_sc_hd__clkbuf_16)
    14    0.044834    0.064104    0.171899    0.467556 ^ clkbuf_3_5__f_clk/X (sky130_fd_sc_hd__clkbuf_16)
                                                         clknet_3_5__leaf_clk (net)
                      0.064163    0.001682    0.469237 ^ _1403_/CLK (sky130_fd_sc_hd__dfxtp_1)
     2    0.004702    0.034361    0.306383    0.775621 v _1403_/Q (sky130_fd_sc_hd__dfxtp_1)
                                                         net21 (net)
                      0.034361    0.000042    0.775663 v output21/A (sky130_fd_sc_hd__buf_2)
     1    0.034846    0.090697    0.176839    0.952501 v output21/X (sky130_fd_sc_hd__buf_2)
                                                         rdata[10] (net)
                      0.090697    0.000358    0.952859 v rdata[10] (out)
                                              0.952859   data arrival time

                                  0.000000    0.000000   clock clk (rise edge)
                                  0.000000    0.000000   clock network delay (propagated)
                                  0.250000    0.250000   clock uncertainty
                                  0.000000    0.250000   clock reconvergence pessimism
                                 -2.000000   -1.750000   output external delay
                                             -1.750000   data required time
---------------------------------------------------------------------------------------------
                                             -1.750000   data required time
                                             -0.952859   data arrival time
---------------------------------------------------------------------------------------------
                                              2.702859   slack (MET)


Startpoint: _1424_ (rising edge-triggered flip-flop clocked by clk)
Endpoint: rdata[31] (output port clocked by clk)
Path Group: clk
Path Type: min

Fanout         Cap        Slew       Delay        Time   Description
---------------------------------------------------------------------------------------------
                                  0.000000    0.000000   clock clk (rise edge)
                                  0.000000    0.000000   clock source latency
     1    0.024950    0.117791    0.081531    0.081531 ^ clk (in)
                                                         clk (net)
                      0.117803    0.000000    0.081531 ^ clkbuf_0_clk/A (sky130_fd_sc_hd__clkbuf_16)
     8    0.101812    0.118042    0.212408    0.293940 ^ clkbuf_0_clk/X (sky130_fd_sc_hd__clkbuf_16)
                                                         clknet_0_clk (net)
                      0.118327    0.004709    0.298648 ^ clkbuf_3_3__f_clk/A (sky130_fd_sc_hd__clkbuf_16)
     7    0.039218    0.059125    0.168133    0.466781 ^ clkbuf_3_3__f_clk/X (sky130_fd_sc_hd__clkbuf_16)
                                                         clknet_3_3__leaf_clk (net)
                      0.059136    0.000746    0.467527 ^ _1424_/CLK (sky130_fd_sc_hd__dfxtp_1)
     2    0.005468    0.037509    0.307632    0.775159 v _1424_/Q (sky130_fd_sc_hd__dfxtp_1)
                                                         net44 (net)
                      0.037509    0.000062    0.775221 v output44/A (sky130_fd_sc_hd__buf_2)
     1    0.034503    0.089966    0.177500    0.952721 v output44/X (sky130_fd_sc_hd__buf_2)
                                                         rdata[31] (net)
                      0.089967    0.000424    0.953145 v rdata[31] (out)
                                              0.953145   data arrival time

                                  0.000000    0.000000   clock clk (rise edge)
                                  0.000000    0.000000   clock network delay (propagated)
                                  0.250000    0.250000   clock uncertainty
                                  0.000000    0.250000   clock reconvergence pessimism
                                 -2.000000   -1.750000   output external delay
                                             -1.750000   data required time
---------------------------------------------------------------------------------------------
                                             -1.750000   data required time
                                             -0.953145   data arrival time
---------------------------------------------------------------------------------------------
                                              2.703145   slack (MET)


Startpoint: _1400_ (rising edge-triggered flip-flop clocked by clk)
Endpoint: rdata[7] (output port clocked by clk)
Path Group: clk
Path Type: min

Fanout         Cap        Slew       Delay        Time   Description
---------------------------------------------------------------------------------------------
                                  0.000000    0.000000   clock clk (rise edge)
                                  0.000000    0.000000   clock source latency
     1    0.024950    0.117791    0.081531    0.081531 ^ clk (in)
                                                         clk (net)
                      0.117803    0.000000    0.081531 ^ clkbuf_0_clk/A (sky130_fd_sc_hd__clkbuf_16)
     8    0.101812    0.118042    0.212408    0.293940 ^ clkbuf_0_clk/X (sky130_fd_sc_hd__clkbuf_16)
                                                         clknet_0_clk (net)
                      0.118177    0.003282    0.297222 ^ clkbuf_3_6__f_clk/A (sky130_fd_sc_hd__clkbuf_16)
    14    0.045743    0.064948    0.172761    0.469983 ^ clkbuf_3_6__f_clk/X (sky130_fd_sc_hd__clkbuf_16)
                                                         clknet_3_6__leaf_clk (net)
                      0.064978    0.001255    0.471238 ^ _1400_/CLK (sky130_fd_sc_hd__dfxtp_1)
     2    0.004520    0.033628    0.305947    0.777185 v _1400_/Q (sky130_fd_sc_hd__dfxtp_1)
                                                         net49 (net)
                      0.033628    0.000032    0.777218 v output49/A (sky130_fd_sc_hd__buf_2)
     1    0.034603    0.090216    0.176006    0.953224 v output49/X (sky130_fd_sc_hd__buf_2)
                                                         rdata[7] (net)
                      0.090217    0.000436    0.953660 v rdata[7] (out)
                                              0.953660   data arrival time

                                  0.000000    0.000000   clock clk (rise edge)
                                  0.000000    0.000000   clock network delay (propagated)
                                  0.250000    0.250000   clock uncertainty
                                  0.000000    0.250000   clock reconvergence pessimism
                                 -2.000000   -1.750000   output external delay
                                             -1.750000   data required time
---------------------------------------------------------------------------------------------
                                             -1.750000   data required time
                                             -0.953660   data arrival time
---------------------------------------------------------------------------------------------
                                              2.703660   slack (MET)


Startpoint: _1404_ (rising edge-triggered flip-flop clocked by clk)
Endpoint: rdata[11] (output port clocked by clk)
Path Group: clk
Path Type: min

Fanout         Cap        Slew       Delay        Time   Description
---------------------------------------------------------------------------------------------
                                  0.000000    0.000000   clock clk (rise edge)
                                  0.000000    0.000000   clock source latency
     1    0.024950    0.117791    0.081531    0.081531 ^ clk (in)
                                                         clk (net)
                      0.117803    0.000000    0.081531 ^ clkbuf_0_clk/A (sky130_fd_sc_hd__clkbuf_16)
     8    0.101812    0.118042    0.212408    0.293940 ^ clkbuf_0_clk/X (sky130_fd_sc_hd__clkbuf_16)
                                                         clknet_0_clk (net)
                      0.118078    0.001717    0.295657 ^ clkbuf_3_5__f_clk/A (sky130_fd_sc_hd__clkbuf_16)
    14    0.044834    0.064104    0.171899    0.467556 ^ clkbuf_3_5__f_clk/X (sky130_fd_sc_hd__clkbuf_16)
                                                         clknet_3_5__leaf_clk (net)
                      0.064125    0.001081    0.468637 ^ _1404_/CLK (sky130_fd_sc_hd__dfxtp_1)
     2    0.005417    0.037299    0.309272    0.777908 v _1404_/Q (sky130_fd_sc_hd__dfxtp_1)
                                                         net22 (net)
                      0.037299    0.000071    0.777979 v output22/A (sky130_fd_sc_hd__buf_2)
     1    0.034582    0.090096    0.177633    0.955612 v output22/X (sky130_fd_sc_hd__buf_2)
                                                         rdata[11] (net)
                      0.090096    0.000330    0.955942 v rdata[11] (out)
                                              0.955942   data arrival time

                                  0.000000    0.000000   clock clk (rise edge)
                                  0.000000    0.000000   clock network delay (propagated)
                                  0.250000    0.250000   clock uncertainty
                                  0.000000    0.250000   clock reconvergence pessimism
                                 -2.000000   -1.750000   output external delay
                                             -1.750000   data required time
---------------------------------------------------------------------------------------------
                                             -1.750000   data required time
                                             -0.955942   data arrival time
---------------------------------------------------------------------------------------------
                                              2.705942   slack (MET)


Startpoint: _1420_ (rising edge-triggered flip-flop clocked by clk)
Endpoint: rdata[27] (output port clocked by clk)
Path Group: clk
Path Type: min

Fanout         Cap        Slew       Delay        Time   Description
---------------------------------------------------------------------------------------------
                                  0.000000    0.000000   clock clk (rise edge)
                                  0.000000    0.000000   clock source latency
     1    0.024950    0.117791    0.081531    0.081531 ^ clk (in)
                                                         clk (net)
                      0.117803    0.000000    0.081531 ^ clkbuf_0_clk/A (sky130_fd_sc_hd__clkbuf_16)
     8    0.101812    0.118042    0.212408    0.293940 ^ clkbuf_0_clk/X (sky130_fd_sc_hd__clkbuf_16)
                                                         clknet_0_clk (net)
                      0.118177    0.003282    0.297222 ^ clkbuf_3_6__f_clk/A (sky130_fd_sc_hd__clkbuf_16)
    14    0.045743    0.064948    0.172761    0.469983 ^ clkbuf_3_6__f_clk/X (sky130_fd_sc_hd__clkbuf_16)
                                                         clknet_3_6__leaf_clk (net)
                      0.064956    0.000767    0.470750 ^ _1420_/CLK (sky130_fd_sc_hd__dfxtp_1)
     2    0.005059    0.035818    0.308137    0.778887 v _1420_/Q (sky130_fd_sc_hd__dfxtp_1)
                                                         net39 (net)
                      0.035818    0.000044    0.778931 v output39/A (sky130_fd_sc_hd__buf_2)
     1    0.034503    0.089978    0.176771    0.955702 v output39/X (sky130_fd_sc_hd__buf_2)
                                                         rdata[27] (net)
                      0.089979    0.000424    0.956126 v rdata[27] (out)
                                              0.956126   data arrival time

                                  0.000000    0.000000   clock clk (rise edge)
                                  0.000000    0.000000   clock network delay (propagated)
                                  0.250000    0.250000   clock uncertainty
                                  0.000000    0.250000   clock reconvergence pessimism
                                 -2.000000   -1.750000   output external delay
                                             -1.750000   data required time
---------------------------------------------------------------------------------------------
                                             -1.750000   data required time
                                             -0.956126   data arrival time
---------------------------------------------------------------------------------------------
                                              2.706126   slack (MET)


Startpoint: _1418_ (rising edge-triggered flip-flop clocked by clk)
Endpoint: rdata[25] (output port clocked by clk)
Path Group: clk
Path Type: min

Fanout         Cap        Slew       Delay        Time   Description
---------------------------------------------------------------------------------------------
                                  0.000000    0.000000   clock clk (rise edge)
                                  0.000000    0.000000   clock source latency
     1    0.024950    0.117791    0.081531    0.081531 ^ clk (in)
                                                         clk (net)
                      0.117803    0.000000    0.081531 ^ clkbuf_0_clk/A (sky130_fd_sc_hd__clkbuf_16)
     8    0.101812    0.118042    0.212408    0.293940 ^ clkbuf_0_clk/X (sky130_fd_sc_hd__clkbuf_16)
                                                         clknet_0_clk (net)
                      0.118177    0.003282    0.297222 ^ clkbuf_3_6__f_clk/A (sky130_fd_sc_hd__clkbuf_16)
    14    0.045743    0.064948    0.172761    0.469983 ^ clkbuf_3_6__f_clk/X (sky130_fd_sc_hd__clkbuf_16)
                                                         clknet_3_6__leaf_clk (net)
                      0.064962    0.000924    0.470906 ^ _1418_/CLK (sky130_fd_sc_hd__dfxtp_1)
     2    0.005665    0.038337    0.310586    0.781493 v _1418_/Q (sky130_fd_sc_hd__dfxtp_1)
                                                         net37 (net)
                      0.038337    0.000061    0.781554 v output37/A (sky130_fd_sc_hd__buf_2)
     1    0.034901    0.090853    0.178538    0.960091 v output37/X (sky130_fd_sc_hd__buf_2)
                                                         rdata[25] (net)
                      0.090855    0.000505    0.960597 v rdata[25] (out)
                                              0.960597   data arrival time

                                  0.000000    0.000000   clock clk (rise edge)
                                  0.000000    0.000000   clock network delay (propagated)
                                  0.250000    0.250000   clock uncertainty
                                  0.000000    0.250000   clock reconvergence pessimism
                                 -2.000000   -1.750000   output external delay
                                             -1.750000   data required time
---------------------------------------------------------------------------------------------
                                             -1.750000   data required time
                                             -0.960597   data arrival time
---------------------------------------------------------------------------------------------
                                              2.710597   slack (MET)


Startpoint: _1399_ (rising edge-triggered flip-flop clocked by clk)
Endpoint: rdata[6] (output port clocked by clk)
Path Group: clk
Path Type: min

Fanout         Cap        Slew       Delay        Time   Description
---------------------------------------------------------------------------------------------
                                  0.000000    0.000000   clock clk (rise edge)
                                  0.000000    0.000000   clock source latency
     1    0.024950    0.117791    0.081531    0.081531 ^ clk (in)
                                                         clk (net)
                      0.117803    0.000000    0.081531 ^ clkbuf_0_clk/A (sky130_fd_sc_hd__clkbuf_16)
     8    0.101812    0.118042    0.212408    0.293940 ^ clkbuf_0_clk/X (sky130_fd_sc_hd__clkbuf_16)
                                                         clknet_0_clk (net)
                      0.118327    0.004709    0.298648 ^ clkbuf_3_3__f_clk/A (sky130_fd_sc_hd__clkbuf_16)
     7    0.039218    0.059125    0.168133    0.466781 ^ clkbuf_3_3__f_clk/X (sky130_fd_sc_hd__clkbuf_16)
                                                         clknet_3_3__leaf_clk (net)
                      0.059131    0.000608    0.467389 ^ _1399_/CLK (sky130_fd_sc_hd__dfxtp_1)
     2    0.006923    0.043688    0.313524    0.780913 v _1399_/Q (sky130_fd_sc_hd__dfxtp_1)
                                                         net48 (net)
                      0.043688    0.000125    0.781038 v output48/A (sky130_fd_sc_hd__buf_2)
     1    0.034675    0.090298    0.180473    0.961511 v output48/X (sky130_fd_sc_hd__buf_2)
                                                         rdata[6] (net)
                      0.090299    0.000438    0.961949 v rdata[6] (out)
                                              0.961949   data arrival time

                                  0.000000    0.000000   clock clk (rise edge)
                                  0.000000    0.000000   clock network delay (propagated)
                                  0.250000    0.250000   clock uncertainty
                                  0.000000    0.250000   clock reconvergence pessimism
                                 -2.000000   -1.750000   output external delay
                                             -1.750000   data required time
---------------------------------------------------------------------------------------------
                                             -1.750000   data required time
                                             -0.961949   data arrival time
---------------------------------------------------------------------------------------------
                                              2.711949   slack (MET)



