
===========================================================================
report_checks -path_delay max (Setup)
============================================================================
======================= min_tt_025C_1v80 Corner ===================================

Startpoint: _1425_ (rising edge-triggered flip-flop clocked by clk)
Endpoint: _1462_ (rising edge-triggered flip-flop clocked by clk)
Path Group: clk
Path Type: max

Fanout         Cap        Slew       Delay        Time   Description
---------------------------------------------------------------------------------------------
                                  0.000000    0.000000   clock clk (rise edge)
                                  0.000000    0.000000   clock source latency
     1    0.024950    0.117791    0.081531    0.081531 ^ clk (in)
                                                         clk (net)
                      0.117803    0.000000    0.081531 ^ clkbuf_0_clk/A (sky130_fd_sc_hd__clkbuf_16)
     8    0.101812    0.118042    0.212408    0.293940 ^ clkbuf_0_clk/X (sky130_fd_sc_hd__clkbuf_16)
                                                         clknet_0_clk (net)
                      0.118516    0.006031    0.299970 ^ clkbuf_3_1__f_clk/A (sky130_fd_sc_hd__clkbuf_16)
    13    0.045331    0.064568    0.172593    0.472564 ^ clkbuf_3_1__f_clk/X (sky130_fd_sc_hd__clkbuf_16)
                                                         clknet_3_1__leaf_clk (net)
                      0.064574    0.000684    0.473248 ^ _1425_/CLK (sky130_fd_sc_hd__dfxtp_4)
     3    0.011874    0.040038    0.350202    0.823451 v _1425_/Q (sky130_fd_sc_hd__dfxtp_4)
                                                         core_b[0] (net)
                      0.040038    0.000111    0.823561 v fanout79/A (sky130_fd_sc_hd__buf_8)
     5    0.020330    0.030797    0.121719    0.945280 v fanout79/X (sky130_fd_sc_hd__buf_8)
                                                         net79 (net)
                      0.030805    0.000408    0.945688 v _1019_/C (sky130_fd_sc_hd__and3_4)
     5    0.010747    0.040579    0.179503    1.125191 v _1019_/X (sky130_fd_sc_hd__and3_4)
                                                         _0351_ (net)
                      0.040579    0.000067    1.125258 v rebuffer13/A (sky130_fd_sc_hd__dlymetal6s4s_1)
     2    0.003693    0.042452    0.249019    1.374277 v rebuffer13/X (sky130_fd_sc_hd__dlymetal6s4s_1)
                                                         net129 (net)
                      0.042452    0.000013    1.374290 v _1065_/A1_N (sky130_fd_sc_hd__a2bb2o_1)
     1    0.003502    0.049915    0.251120    1.625410 ^ _1065_/X (sky130_fd_sc_hd__a2bb2o_1)
                                                         _0396_ (net)
                      0.049915    0.000037    1.625448 ^ _1069_/A1 (sky130_fd_sc_hd__a21o_1)
     3    0.013522    0.123774    0.165147    1.790595 ^ _1069_/X (sky130_fd_sc_hd__a21o_1)
                                                         _0400_ (net)
                      0.123774    0.000491    1.791086 ^ rebuffer3/A (sky130_fd_sc_hd__dlymetal6s2s_1)
     1    0.002361    0.053038    0.119316    1.910402 ^ rebuffer3/X (sky130_fd_sc_hd__dlymetal6s2s_1)
                                                         net119 (net)
                      0.053038    0.000024    1.910426 ^ rebuffer2/A (sky130_fd_sc_hd__dlymetal6s2s_1)
     1    0.002753    0.056927    0.099047    2.009473 ^ rebuffer2/X (sky130_fd_sc_hd__dlymetal6s2s_1)
                                                         net118 (net)
                      0.056927    0.000013    2.009485 ^ _1071_/A2 (sky130_fd_sc_hd__a21oi_1)
     2    0.005571    0.086134    0.076984    2.086469 v _1071_/Y (sky130_fd_sc_hd__a21oi_1)
                                                         _0402_ (net)
                      0.086134    0.000068    2.086538 v _1073_/B (sky130_fd_sc_hd__or3b_4)
     3    0.008558    0.074028    0.393068    2.479606 v _1073_/X (sky130_fd_sc_hd__or3b_4)
                                                         _0404_ (net)
                      0.074028    0.000111    2.479717 v _1075_/B (sky130_fd_sc_hd__and3_4)
     2    0.013373    0.044207    0.192830    2.672547 v _1075_/X (sky130_fd_sc_hd__and3_4)
                                                         _0406_ (net)
                      0.044207    0.000159    2.672706 v _1078_/A2 (sky130_fd_sc_hd__o211a_1)
     2    0.008648    0.065683    0.230253    2.902959 v _1078_/X (sky130_fd_sc_hd__o211a_1)
                                                         _0409_ (net)
                      0.065683    0.000123    2.903082 v _1079_/C1 (sky130_fd_sc_hd__a211oi_2)
     5    0.016635    0.358451    0.301029    3.204111 ^ _1079_/Y (sky130_fd_sc_hd__a211oi_2)
                                                         _0410_ (net)
                      0.358451    0.000092    3.204203 ^ _1082_/B1 (sky130_fd_sc_hd__a211o_1)
     3    0.008092    0.081881    0.187332    3.391535 ^ _1082_/X (sky130_fd_sc_hd__a211o_1)
                                                         _0413_ (net)
                      0.081881    0.000082    3.391617 ^ _1126_/B1_N (sky130_fd_sc_hd__a21bo_1)
     2    0.005695    0.046820    0.215331    3.606948 v _1126_/X (sky130_fd_sc_hd__a21bo_1)
                                                         _0456_ (net)
                      0.046820    0.000039    3.606986 v _1196_/B1 (sky130_fd_sc_hd__a211o_1)
     2    0.008910    0.076112    0.298944    3.905930 v _1196_/X (sky130_fd_sc_hd__a211o_1)
                                                         _0524_ (net)
                      0.076112    0.000248    3.906178 v _1234_/A1 (sky130_fd_sc_hd__a31o_1)
     2    0.009354    0.064758    0.213992    4.120170 v _1234_/X (sky130_fd_sc_hd__a31o_1)
                                                         _0560_ (net)
                      0.064758    0.000079    4.120249 v _1247_/A (sky130_fd_sc_hd__nand2_2)
     1    0.005765    0.056830    0.066317    4.186566 ^ _1247_/Y (sky130_fd_sc_hd__nand2_2)
                                                         _0573_ (net)
                      0.056830    0.000038    4.186604 ^ _1266_/B1 (sky130_fd_sc_hd__o211a_4)
     6    0.038985    0.132861    0.229375    4.415980 ^ _1266_/X (sky130_fd_sc_hd__o211a_4)
                                                         _0591_ (net)
                      0.132922    0.002653    4.418633 ^ fanout53/A (sky130_fd_sc_hd__buf_4)
    10    0.050538    0.145023    0.217629    4.636262 ^ fanout53/X (sky130_fd_sc_hd__buf_4)
                                                         net53 (net)
                      0.145037    0.001480    4.637742 ^ _1293_/B (sky130_fd_sc_hd__xnor2_1)
     2    0.008757    0.089062    0.116510    4.754252 v _1293_/Y (sky130_fd_sc_hd__xnor2_1)
                                                         _0614_ (net)
                      0.089062    0.000102    4.754354 v _1299_/D (sky130_fd_sc_hd__or4_4)
     1    0.003344    0.080356    0.416561    5.170915 v _1299_/X (sky130_fd_sc_hd__or4_4)
                                                         _0619_ (net)
                      0.080356    0.000040    5.170954 v _1300_/B1 (sky130_fd_sc_hd__a311o_1)
     2    0.009015    0.083087    0.364002    5.534956 v _1300_/X (sky130_fd_sc_hd__a311o_1)
                                                         _0620_ (net)
                      0.083087    0.000226    5.535182 v _1329_/A2 (sky130_fd_sc_hd__a21o_1)
     3    0.011058    0.066619    0.223927    5.759109 v _1329_/X (sky130_fd_sc_hd__a21o_1)
                                                         _0645_ (net)
                      0.066619    0.000126    5.759234 v _1353_/A2 (sky130_fd_sc_hd__a21oi_2)
     2    0.012944    0.181409    0.209010    5.968244 ^ _1353_/Y (sky130_fd_sc_hd__a21oi_2)
                                                         _0665_ (net)
                      0.181409    0.000367    5.968611 ^ _1355_/A (sky130_fd_sc_hd__nor2_1)
     2    0.008125    0.067582    0.099309    6.067920 v _1355_/Y (sky130_fd_sc_hd__nor2_1)
                                                         _0667_ (net)
                      0.067582    0.000069    6.067988 v _1364_/A1 (sky130_fd_sc_hd__o21ba_1)
     1    0.004957    0.044757    0.197028    6.265016 v _1364_/X (sky130_fd_sc_hd__o21ba_1)
                                                         _0675_ (net)
                      0.044757    0.000055    6.265071 v _1365_/B (sky130_fd_sc_hd__xor2_1)
     1    0.004210    0.071319    0.142403    6.407475 v _1365_/X (sky130_fd_sc_hd__xor2_1)
                                                         _0676_ (net)
                      0.071319    0.000070    6.407545 v _1367_/A2 (sky130_fd_sc_hd__a211oi_1)
     1    0.001979    0.161364    0.214999    6.622544 ^ _1367_/Y (sky130_fd_sc_hd__a211oi_1)
                                                         _0078_ (net)
                      0.161364    0.000017    6.622561 ^ _1462_/D (sky130_fd_sc_hd__dfxtp_1)
                                              6.622561   data arrival time

                                 10.000000   10.000000   clock clk (rise edge)
                                  0.000000   10.000000   clock source latency
     1    0.024950    0.117791    0.081531   10.081532 ^ clk (in)
                                                         clk (net)
                      0.117803    0.000000   10.081532 ^ clkbuf_0_clk/A (sky130_fd_sc_hd__clkbuf_16)
     8    0.101812    0.118042    0.212409   10.293941 ^ clkbuf_0_clk/X (sky130_fd_sc_hd__clkbuf_16)
                                                         clknet_0_clk (net)
                      0.118177    0.003282   10.297222 ^ clkbuf_3_6__f_clk/A (sky130_fd_sc_hd__clkbuf_16)
    14    0.045743    0.064948    0.172760   10.469982 ^ clkbuf_3_6__f_clk/X (sky130_fd_sc_hd__clkbuf_16)
                                                         clknet_3_6__leaf_clk (net)
                      0.064953    0.000652   10.470634 ^ _1462_/CLK (sky130_fd_sc_hd__dfxtp_1)
                                 -0.250000   10.220634   clock uncertainty
                                  0.000000   10.220634   clock reconvergence pessimism
                                 -0.077926   10.142708   library setup time
                                             10.142708   data required time
---------------------------------------------------------------------------------------------
                                             10.142708   data required time
                                             -6.622561   data arrival time
---------------------------------------------------------------------------------------------
                                              3.520147   slack (MET)


Startpoint: _1425_ (rising edge-triggered flip-flop clocked by clk)
Endpoint: _1456_ (rising edge-triggered flip-flop clocked by clk)
Path Group: clk
Path Type: max

Fanout         Cap        Slew       Delay        Time   Description
---------------------------------------------------------------------------------------------
                                  0.000000    0.000000   clock clk (rise edge)
                                  0.000000    0.000000   clock source latency
     1    0.024950    0.117791    0.081531    0.081531 ^ clk (in)
                                                         clk (net)
                      0.117803    0.000000    0.081531 ^ clkbuf_0_clk/A (sky130_fd_sc_hd__clkbuf_16)
     8    0.101812    0.118042    0.212408    0.293940 ^ clkbuf_0_clk/X (sky130_fd_sc_hd__clkbuf_16)
                                                         clknet_0_clk (net)
                      0.118516    0.006031    0.299970 ^ clkbuf_3_1__f_clk/A (sky130_fd_sc_hd__clkbuf_16)
    13    0.045331    0.064568    0.172593    0.472564 ^ clkbuf_3_1__f_clk/X (sky130_fd_sc_hd__clkbuf_16)
                                                         clknet_3_1__leaf_clk (net)
                      0.064574    0.000684    0.473248 ^ _1425_/CLK (sky130_fd_sc_hd__dfxtp_4)
     3    0.011874    0.040038    0.350202    0.823451 v _1425_/Q (sky130_fd_sc_hd__dfxtp_4)
                                                         core_b[0] (net)
                      0.040038    0.000111    0.823561 v fanout79/A (sky130_fd_sc_hd__buf_8)
     5    0.020330    0.030797    0.121719    0.945280 v fanout79/X (sky130_fd_sc_hd__buf_8)
                                                         net79 (net)
                      0.030805    0.000408    0.945688 v _1019_/C (sky130_fd_sc_hd__and3_4)
     5    0.010747    0.040579    0.179503    1.125191 v _1019_/X (sky130_fd_sc_hd__and3_4)
                                                         _0351_ (net)
                      0.040579    0.000067    1.125258 v rebuffer13/A (sky130_fd_sc_hd__dlymetal6s4s_1)
     2    0.003693    0.042452    0.249019    1.374277 v rebuffer13/X (sky130_fd_sc_hd__dlymetal6s4s_1)
                                                         net129 (net)
                      0.042452    0.000013    1.374290 v _1065_/A1_N (sky130_fd_sc_hd__a2bb2o_1)
     1    0.003502    0.049915    0.251120    1.625410 ^ _1065_/X (sky130_fd_sc_hd__a2bb2o_1)
                                                         _0396_ (net)
                      0.049915    0.000037    1.625448 ^ _1069_/A1 (sky130_fd_sc_hd__a21o_1)
     3    0.013522    0.123774    0.165147    1.790595 ^ _1069_/X (sky130_fd_sc_hd__a21o_1)
                                                         _0400_ (net)
                      0.123774    0.000491    1.791086 ^ rebuffer3/A (sky130_fd_sc_hd__dlymetal6s2s_1)
     1    0.002361    0.053038    0.119316    1.910402 ^ rebuffer3/X (sky130_fd_sc_hd__dlymetal6s2s_1)
                                                         net119 (net)
                      0.053038    0.000024    1.910426 ^ rebuffer2/A (sky130_fd_sc_hd__dlymetal6s2s_1)
     1    0.002753    0.056927    0.099047    2.009473 ^ rebuffer2/X (sky130_fd_sc_hd__dlymetal6s2s_1)
                                                         net118 (net)
                      0.056927    0.000013    2.009485 ^ _1071_/A2 (sky130_fd_sc_hd__a21oi_1)
     2    0.005571    0.086134    0.076984    2.086469 v _1071_/Y (sky130_fd_sc_hd__a21oi_1)
                                                         _0402_ (net)
                      0.086134    0.000068    2.086538 v _1073_/B (sky130_fd_sc_hd__or3b_4)
     3    0.008558    0.074028    0.393068    2.479606 v _1073_/X (sky130_fd_sc_hd__or3b_4)
                                                         _0404_ (net)
                      0.074028    0.000111    2.479717 v _1075_/B (sky130_fd_sc_hd__and3_4)
     2    0.013373    0.044207    0.192830    2.672547 v _1075_/X (sky130_fd_sc_hd__and3_4)
                                                         _0406_ (net)
                      0.044207    0.000159    2.672706 v _1078_/A2 (sky130_fd_sc_hd__o211a_1)
     2    0.008648    0.065683    0.230253    2.902959 v _1078_/X (sky130_fd_sc_hd__o211a_1)
                                                         _0409_ (net)
                      0.065683    0.000123    2.903082 v _1079_/C1 (sky130_fd_sc_hd__a211oi_2)
     5    0.016635    0.358451    0.301029    3.204111 ^ _1079_/Y (sky130_fd_sc_hd__a211oi_2)
                                                         _0410_ (net)
                      0.358451    0.000092    3.204203 ^ _1082_/B1 (sky130_fd_sc_hd__a211o_1)
     3    0.008092    0.081881    0.187332    3.391535 ^ _1082_/X (sky130_fd_sc_hd__a211o_1)
                                                         _0413_ (net)
                      0.081881    0.000082    3.391617 ^ _1126_/B1_N (sky130_fd_sc_hd__a21bo_1)
     2    0.005695    0.046820    0.215331    3.606948 v _1126_/X (sky130_fd_sc_hd__a21bo_1)
                                                         _0456_ (net)
                      0.046820    0.000039    3.606986 v _1196_/B1 (sky130_fd_sc_hd__a211o_1)
     2    0.008910    0.076112    0.298944    3.905930 v _1196_/X (sky130_fd_sc_hd__a211o_1)
                                                         _0524_ (net)
                      0.076112    0.000248    3.906178 v _1234_/A1 (sky130_fd_sc_hd__a31o_1)
     2    0.009354    0.064758    0.213992    4.120170 v _1234_/X (sky130_fd_sc_hd__a31o_1)
                                                         _0560_ (net)
                      0.064758    0.000079    4.120249 v _1247_/A (sky130_fd_sc_hd__nand2_2)
     1    0.005765    0.056830    0.066317    4.186566 ^ _1247_/Y (sky130_fd_sc_hd__nand2_2)
                                                         _0573_ (net)
                      0.056830    0.000038    4.186604 ^ _1266_/B1 (sky130_fd_sc_hd__o211a_4)
     6    0.038985    0.132861    0.229375    4.415980 ^ _1266_/X (sky130_fd_sc_hd__o211a_4)
                                                         _0591_ (net)
                      0.132922    0.002653    4.418633 ^ fanout53/A (sky130_fd_sc_hd__buf_4)
    10    0.050538    0.145023    0.217629    4.636262 ^ fanout53/X (sky130_fd_sc_hd__buf_4)
                                                         net53 (net)
                      0.145037    0.001480    4.637742 ^ _1293_/B (sky130_fd_sc_hd__xnor2_1)
     2    0.008757    0.089062    0.116510    4.754252 v _1293_/Y (sky130_fd_sc_hd__xnor2_1)
                                                         _0614_ (net)
                      0.089062    0.000102    4.754354 v _1299_/D (sky130_fd_sc_hd__or4_4)
     1    0.003344    0.080356    0.416561    5.170915 v _1299_/X (sky130_fd_sc_hd__or4_4)
                                                         _0619_ (net)
                      0.080356    0.000040    5.170954 v _1300_/B1 (sky130_fd_sc_hd__a311o_1)
     2    0.009015    0.083087    0.364002    5.534956 v _1300_/X (sky130_fd_sc_hd__a311o_1)
                                                         _0620_ (net)
                      0.083087    0.000218    5.535175 v _1303_/A (sky130_fd_sc_hd__and2_4)
     2    0.005127    0.031064    0.151112    5.686287 v _1303_/X (sky130_fd_sc_hd__and2_4)
                                                         _0623_ (net)
                      0.031064    0.000049    5.686336 v _1304_/B (sky130_fd_sc_hd__or2_4)
     3    0.010623    0.054907    0.233568    5.919904 v _1304_/X (sky130_fd_sc_hd__or2_4)
                                                         _0624_ (net)
                      0.054907    0.000170    5.920074 v _1317_/B1 (sky130_fd_sc_hd__a2bb2o_4)
     2    0.007768    0.038652    0.221604    6.141677 v _1317_/X (sky130_fd_sc_hd__a2bb2o_4)
                                                         _0635_ (net)
                      0.038652    0.000092    6.141769 v _1322_/A2 (sky130_fd_sc_hd__o21a_1)
     1    0.004928    0.044574    0.171439    6.313209 v _1322_/X (sky130_fd_sc_hd__o21a_1)
                                                         _0639_ (net)
                      0.044574    0.000046    6.313254 v _1323_/B (sky130_fd_sc_hd__xnor2_1)
     1    0.003436    0.065423    0.120821    6.434076 v _1323_/Y (sky130_fd_sc_hd__xnor2_1)
                                                         _0640_ (net)
                      0.065423    0.000043    6.434119 v _1325_/A1 (sky130_fd_sc_hd__a211oi_1)
     1    0.002049    0.163474    0.184488    6.618606 ^ _1325_/Y (sky130_fd_sc_hd__a211oi_1)
                                                         _0072_ (net)
                      0.163474    0.000018    6.618625 ^ _1456_/D (sky130_fd_sc_hd__dfxtp_1)
                                              6.618625   data arrival time

                                 10.000000   10.000000   clock clk (rise edge)
                                  0.000000   10.000000   clock source latency
     1    0.024950    0.117791    0.081531   10.081532 ^ clk (in)
                                                         clk (net)
                      0.117803    0.000000   10.081532 ^ clkbuf_0_clk/A (sky130_fd_sc_hd__clkbuf_16)
     8    0.101812    0.118042    0.212409   10.293941 ^ clkbuf_0_clk/X (sky130_fd_sc_hd__clkbuf_16)
                                                         clknet_0_clk (net)
                      0.118180    0.003316   10.297256 ^ clkbuf_3_7__f_clk/A (sky130_fd_sc_hd__clkbuf_16)
    10    0.044183    0.063534    0.171616   10.468872 ^ clkbuf_3_7__f_clk/X (sky130_fd_sc_hd__clkbuf_16)
                                                         clknet_3_7__leaf_clk (net)
                      0.063540    0.000734   10.469606 ^ _1456_/CLK (sky130_fd_sc_hd__dfxtp_1)
                                 -0.250000   10.219605   clock uncertainty
                                  0.000000   10.219605   clock reconvergence pessimism
                                 -0.078621   10.140985   library setup time
                                             10.140985   data required time
---------------------------------------------------------------------------------------------
                                             10.140985   data required time
                                             -6.618625   data arrival time
---------------------------------------------------------------------------------------------
                                              3.522360   slack (MET)


Startpoint: _1425_ (rising edge-triggered flip-flop clocked by clk)
Endpoint: _1463_ (rising edge-triggered flip-flop clocked by clk)
Path Group: clk
Path Type: max

Fanout         Cap        Slew       Delay        Time   Description
---------------------------------------------------------------------------------------------
                                  0.000000    0.000000   clock clk (rise edge)
                                  0.000000    0.000000   clock source latency
     1    0.024950    0.117791    0.081531    0.081531 ^ clk (in)
                                                         clk (net)
                      0.117803    0.000000    0.081531 ^ clkbuf_0_clk/A (sky130_fd_sc_hd__clkbuf_16)
     8    0.101812    0.118042    0.212408    0.293940 ^ clkbuf_0_clk/X (sky130_fd_sc_hd__clkbuf_16)
                                                         clknet_0_clk (net)
                      0.118516    0.006031    0.299970 ^ clkbuf_3_1__f_clk/A (sky130_fd_sc_hd__clkbuf_16)
    13    0.045331    0.064568    0.172593    0.472564 ^ clkbuf_3_1__f_clk/X (sky130_fd_sc_hd__clkbuf_16)
                                                         clknet_3_1__leaf_clk (net)
                      0.064574    0.000684    0.473248 ^ _1425_/CLK (sky130_fd_sc_hd__dfxtp_4)
     3    0.011874    0.040038    0.350202    0.823451 v _1425_/Q (sky130_fd_sc_hd__dfxtp_4)
                                                         core_b[0] (net)
                      0.040038    0.000111    0.823561 v fanout79/A (sky130_fd_sc_hd__buf_8)
     5    0.020330    0.030797    0.121719    0.945280 v fanout79/X (sky130_fd_sc_hd__buf_8)
                                                         net79 (net)
                      0.030805    0.000408    0.945688 v _1019_/C (sky130_fd_sc_hd__and3_4)
     5    0.010747    0.040579    0.179503    1.125191 v _1019_/X (sky130_fd_sc_hd__and3_4)
                                                         _0351_ (net)
                      0.040579    0.000067    1.125258 v rebuffer13/A (sky130_fd_sc_hd__dlymetal6s4s_1)
     2    0.003693    0.042452    0.249019    1.374277 v rebuffer13/X (sky130_fd_sc_hd__dlymetal6s4s_1)
                                                         net129 (net)
                      0.042452    0.000013    1.374290 v _1065_/A1_N (sky130_fd_sc_hd__a2bb2o_1)
     1    0.003502    0.049915    0.251120    1.625410 ^ _1065_/X (sky130_fd_sc_hd__a2bb2o_1)
                                                         _0396_ (net)
                      0.049915    0.000037    1.625448 ^ _1069_/A1 (sky130_fd_sc_hd__a21o_1)
     3    0.013522    0.123774    0.165147    1.790595 ^ _1069_/X (sky130_fd_sc_hd__a21o_1)
                                                         _0400_ (net)
                      0.123774    0.000491    1.791086 ^ rebuffer3/A (sky130_fd_sc_hd__dlymetal6s2s_1)
     1    0.002361    0.053038    0.119316    1.910402 ^ rebuffer3/X (sky130_fd_sc_hd__dlymetal6s2s_1)
                                                         net119 (net)
                      0.053038    0.000024    1.910426 ^ rebuffer2/A (sky130_fd_sc_hd__dlymetal6s2s_1)
     1    0.002753    0.056927    0.099047    2.009473 ^ rebuffer2/X (sky130_fd_sc_hd__dlymetal6s2s_1)
                                                         net118 (net)
                      0.056927    0.000013    2.009485 ^ _1071_/A2 (sky130_fd_sc_hd__a21oi_1)
     2    0.005571    0.086134    0.076984    2.086469 v _1071_/Y (sky130_fd_sc_hd__a21oi_1)
                                                         _0402_ (net)
                      0.086134    0.000068    2.086538 v _1073_/B (sky130_fd_sc_hd__or3b_4)
     3    0.008558    0.074028    0.393068    2.479606 v _1073_/X (sky130_fd_sc_hd__or3b_4)
                                                         _0404_ (net)
                      0.074028    0.000111    2.479717 v _1075_/B (sky130_fd_sc_hd__and3_4)
     2    0.013373    0.044207    0.192830    2.672547 v _1075_/X (sky130_fd_sc_hd__and3_4)
                                                         _0406_ (net)
                      0.044207    0.000159    2.672706 v _1078_/A2 (sky130_fd_sc_hd__o211a_1)
     2    0.008648    0.065683    0.230253    2.902959 v _1078_/X (sky130_fd_sc_hd__o211a_1)
                                                         _0409_ (net)
                      0.065683    0.000123    2.903082 v _1079_/C1 (sky130_fd_sc_hd__a211oi_2)
     5    0.016635    0.358451    0.301029    3.204111 ^ _1079_/Y (sky130_fd_sc_hd__a211oi_2)
                                                         _0410_ (net)
                      0.358451    0.000092    3.204203 ^ _1082_/B1 (sky130_fd_sc_hd__a211o_1)
     3    0.008092    0.081881    0.187332    3.391535 ^ _1082_/X (sky130_fd_sc_hd__a211o_1)
                                                         _0413_ (net)
                      0.081881    0.000082    3.391617 ^ _1126_/B1_N (sky130_fd_sc_hd__a21bo_1)
     2    0.005695    0.046820    0.215331    3.606948 v _1126_/X (sky130_fd_sc_hd__a21bo_1)
                                                         _0456_ (net)
                      0.046820    0.000039    3.606986 v _1196_/B1 (sky130_fd_sc_hd__a211o_1)
     2    0.008910    0.076112    0.298944    3.905930 v _1196_/X (sky130_fd_sc_hd__a211o_1)
                                                         _0524_ (net)
                      0.076112    0.000248    3.906178 v _1234_/A1 (sky130_fd_sc_hd__a31o_1)
     2    0.009354    0.064758    0.213992    4.120170 v _1234_/X (sky130_fd_sc_hd__a31o_1)
                                                         _0560_ (net)
                      0.064758    0.000079    4.120249 v _1247_/A (sky130_fd_sc_hd__nand2_2)
     1    0.005765    0.056830    0.066317    4.186566 ^ _1247_/Y (sky130_fd_sc_hd__nand2_2)
                                                         _0573_ (net)
                      0.056830    0.000038    4.186604 ^ _1266_/B1 (sky130_fd_sc_hd__o211a_4)
     6    0.038985    0.132861    0.229375    4.415980 ^ _1266_/X (sky130_fd_sc_hd__o211a_4)
                                                         _0591_ (net)
                      0.132922    0.002653    4.418633 ^ fanout53/A (sky130_fd_sc_hd__buf_4)
    10    0.050538    0.145023    0.217629    4.636262 ^ fanout53/X (sky130_fd_sc_hd__buf_4)
                                                         net53 (net)
                      0.145037    0.001480    4.637742 ^ _1293_/B (sky130_fd_sc_hd__xnor2_1)
     2    0.008757    0.089062    0.116510    4.754252 v _1293_/Y (sky130_fd_sc_hd__xnor2_1)
                                                         _0614_ (net)
                      0.089062    0.000102    4.754354 v _1299_/D (sky130_fd_sc_hd__or4_4)
     1    0.003344    0.080356    0.416561    5.170915 v _1299_/X (sky130_fd_sc_hd__or4_4)
                                                         _0619_ (net)
                      0.080356    0.000040    5.170954 v _1300_/B1 (sky130_fd_sc_hd__a311o_1)
     2    0.009015    0.083087    0.364002    5.534956 v _1300_/X (sky130_fd_sc_hd__a311o_1)
                                                         _0620_ (net)
                      0.083087    0.000226    5.535182 v _1329_/A2 (sky130_fd_sc_hd__a21o_1)
     3    0.011058    0.066619    0.223927    5.759109 v _1329_/X (sky130_fd_sc_hd__a21o_1)
                                                         _0645_ (net)
                      0.066619    0.000126    5.759234 v _1353_/A2 (sky130_fd_sc_hd__a21oi_2)
     2    0.012944    0.181409    0.209010    5.968244 ^ _1353_/Y (sky130_fd_sc_hd__a21oi_2)
                                                         _0665_ (net)
                      0.181409    0.000389    5.968633 ^ _1372_/A2 (sky130_fd_sc_hd__o211ai_2)
     2    0.006256    0.095778    0.105262    6.073895 v _1372_/Y (sky130_fd_sc_hd__o211ai_2)
                                                         _0682_ (net)
                      0.095778    0.000075    6.073969 v _1375_/A (sky130_fd_sc_hd__and3_1)
     1    0.003017    0.037797    0.162196    6.236165 v _1375_/X (sky130_fd_sc_hd__and3_1)
                                                         _0685_ (net)
                      0.037797    0.000032    6.236197 v _1376_/B (sky130_fd_sc_hd__or2_4)
     1    0.005427    0.048142    0.223341    6.459538 v _1376_/X (sky130_fd_sc_hd__or2_4)
                                                         _0686_ (net)
                      0.048142    0.000076    6.459614 v _1378_/A1 (sky130_fd_sc_hd__a211oi_2)
     1    0.002123    0.132540    0.157260    6.616874 ^ _1378_/Y (sky130_fd_sc_hd__a211oi_2)
                                                         _0079_ (net)
                      0.132540    0.000020    6.616893 ^ _1463_/D (sky130_fd_sc_hd__dfxtp_1)
                                              6.616893   data arrival time

                                 10.000000   10.000000   clock clk (rise edge)
                                  0.000000   10.000000   clock source latency
     1    0.024950    0.117791    0.081531   10.081532 ^ clk (in)
                                                         clk (net)
                      0.117803    0.000000   10.081532 ^ clkbuf_0_clk/A (sky130_fd_sc_hd__clkbuf_16)
     8    0.101812    0.118042    0.212409   10.293941 ^ clkbuf_0_clk/X (sky130_fd_sc_hd__clkbuf_16)
                                                         clknet_0_clk (net)
                      0.118177    0.003282   10.297222 ^ clkbuf_3_6__f_clk/A (sky130_fd_sc_hd__clkbuf_16)
    14    0.045743    0.064948    0.172760   10.469982 ^ clkbuf_3_6__f_clk/X (sky130_fd_sc_hd__clkbuf_16)
                                                         clknet_3_6__leaf_clk (net)
                      0.064985    0.001360   10.471342 ^ _1463_/CLK (sky130_fd_sc_hd__dfxtp_1)
                                 -0.250000   10.221342   clock uncertainty
                                  0.000000   10.221342   clock reconvergence pessimism
                                 -0.071288   10.150054   library setup time
                                             10.150054   data required time
---------------------------------------------------------------------------------------------
                                             10.150054   data required time
                                             -6.616893   data arrival time
---------------------------------------------------------------------------------------------
                                              3.533161   slack (MET)


Startpoint: _1425_ (rising edge-triggered flip-flop clocked by clk)
Endpoint: _1460_ (rising edge-triggered flip-flop clocked by clk)
Path Group: clk
Path Type: max

Fanout         Cap        Slew       Delay        Time   Description
---------------------------------------------------------------------------------------------
                                  0.000000    0.000000   clock clk (rise edge)
                                  0.000000    0.000000   clock source latency
     1    0.024950    0.117791    0.081531    0.081531 ^ clk (in)
                                                         clk (net)
                      0.117803    0.000000    0.081531 ^ clkbuf_0_clk/A (sky130_fd_sc_hd__clkbuf_16)
     8    0.101812    0.118042    0.212408    0.293940 ^ clkbuf_0_clk/X (sky130_fd_sc_hd__clkbuf_16)
                                                         clknet_0_clk (net)
                      0.118516    0.006031    0.299970 ^ clkbuf_3_1__f_clk/A (sky130_fd_sc_hd__clkbuf_16)
    13    0.045331    0.064568    0.172593    0.472564 ^ clkbuf_3_1__f_clk/X (sky130_fd_sc_hd__clkbuf_16)
                                                         clknet_3_1__leaf_clk (net)
                      0.064574    0.000684    0.473248 ^ _1425_/CLK (sky130_fd_sc_hd__dfxtp_4)
     3    0.011874    0.040038    0.350202    0.823451 v _1425_/Q (sky130_fd_sc_hd__dfxtp_4)
                                                         core_b[0] (net)
                      0.040038    0.000111    0.823561 v fanout79/A (sky130_fd_sc_hd__buf_8)
     5    0.020330    0.030797    0.121719    0.945280 v fanout79/X (sky130_fd_sc_hd__buf_8)
                                                         net79 (net)
                      0.030805    0.000408    0.945688 v _1019_/C (sky130_fd_sc_hd__and3_4)
     5    0.010747    0.040579    0.179503    1.125191 v _1019_/X (sky130_fd_sc_hd__and3_4)
                                                         _0351_ (net)
                      0.040579    0.000067    1.125258 v rebuffer13/A (sky130_fd_sc_hd__dlymetal6s4s_1)
     2    0.003693    0.042452    0.249019    1.374277 v rebuffer13/X (sky130_fd_sc_hd__dlymetal6s4s_1)
                                                         net129 (net)
                      0.042452    0.000013    1.374290 v _1065_/A1_N (sky130_fd_sc_hd__a2bb2o_1)
     1    0.003502    0.049915    0.251120    1.625410 ^ _1065_/X (sky130_fd_sc_hd__a2bb2o_1)
                                                         _0396_ (net)
                      0.049915    0.000037    1.625448 ^ _1069_/A1 (sky130_fd_sc_hd__a21o_1)
     3    0.013522    0.123774    0.165147    1.790595 ^ _1069_/X (sky130_fd_sc_hd__a21o_1)
                                                         _0400_ (net)
                      0.123774    0.000491    1.791086 ^ rebuffer3/A (sky130_fd_sc_hd__dlymetal6s2s_1)
     1    0.002361    0.053038    0.119316    1.910402 ^ rebuffer3/X (sky130_fd_sc_hd__dlymetal6s2s_1)
                                                         net119 (net)
                      0.053038    0.000024    1.910426 ^ rebuffer2/A (sky130_fd_sc_hd__dlymetal6s2s_1)
     1    0.002753    0.056927    0.099047    2.009473 ^ rebuffer2/X (sky130_fd_sc_hd__dlymetal6s2s_1)
                                                         net118 (net)
                      0.056927    0.000013    2.009485 ^ _1071_/A2 (sky130_fd_sc_hd__a21oi_1)
     2    0.005571    0.086134    0.076984    2.086469 v _1071_/Y (sky130_fd_sc_hd__a21oi_1)
                                                         _0402_ (net)
                      0.086134    0.000068    2.086538 v _1073_/B (sky130_fd_sc_hd__or3b_4)
     3    0.008558    0.074028    0.393068    2.479606 v _1073_/X (sky130_fd_sc_hd__or3b_4)
                                                         _0404_ (net)
                      0.074028    0.000111    2.479717 v _1075_/B (sky130_fd_sc_hd__and3_4)
     2    0.013373    0.044207    0.192830    2.672547 v _1075_/X (sky130_fd_sc_hd__and3_4)
                                                         _0406_ (net)
                      0.044207    0.000159    2.672706 v _1078_/A2 (sky130_fd_sc_hd__o211a_1)
     2    0.008648    0.065683    0.230253    2.902959 v _1078_/X (sky130_fd_sc_hd__o211a_1)
                                                         _0409_ (net)
                      0.065683    0.000123    2.903082 v _1079_/C1 (sky130_fd_sc_hd__a211oi_2)
     5    0.016635    0.358451    0.301029    3.204111 ^ _1079_/Y (sky130_fd_sc_hd__a211oi_2)
                                                         _0410_ (net)
                      0.358451    0.000092    3.204203 ^ _1082_/B1 (sky130_fd_sc_hd__a211o_1)
     3    0.008092    0.081881    0.187332    3.391535 ^ _1082_/X (sky130_fd_sc_hd__a211o_1)
                                                         _0413_ (net)
                      0.081881    0.000082    3.391617 ^ _1126_/B1_N (sky130_fd_sc_hd__a21bo_1)
     2    0.005695    0.046820    0.215331    3.606948 v _1126_/X (sky130_fd_sc_hd__a21bo_1)
                                                         _0456_ (net)
                      0.046820    0.000039    3.606986 v _1196_/B1 (sky130_fd_sc_hd__a211o_1)
     2    0.008910    0.076112    0.298944    3.905930 v _1196_/X (sky130_fd_sc_hd__a211o_1)
                                                         _0524_ (net)
                      0.076112    0.000248    3.906178 v _1234_/A1 (sky130_fd_sc_hd__a31o_1)
     2    0.009354    0.064758    0.213992    4.120170 v _1234_/X (sky130_fd_sc_hd__a31o_1)
                                                         _0560_ (net)
                      0.064758    0.000079    4.120249 v _1247_/A (sky130_fd_sc_hd__nand2_2)
     1    0.005765    0.056830    0.066317    4.186566 ^ _1247_/Y (sky130_fd_sc_hd__nand2_2)
                                                         _0573_ (net)
                      0.056830    0.000038    4.186604 ^ _1266_/B1 (sky130_fd_sc_hd__o211a_4)
     6    0.038985    0.132861    0.229375    4.415980 ^ _1266_/X (sky130_fd_sc_hd__o211a_4)
                                                         _0591_ (net)
                      0.132922    0.002653    4.418633 ^ fanout53/A (sky130_fd_sc_hd__buf_4)
    10    0.050538    0.145023    0.217629    4.636262 ^ fanout53/X (sky130_fd_sc_hd__buf_4)
                                                         net53 (net)
                      0.145037    0.001480    4.637742 ^ _1293_/B (sky130_fd_sc_hd__xnor2_1)
     2    0.008757    0.089062    0.116510    4.754252 v _1293_/Y (sky130_fd_sc_hd__xnor2_1)
                                                         _0614_ (net)
                      0.089062    0.000102    4.754354 v _1299_/D (sky130_fd_sc_hd__or4_4)
     1    0.003344    0.080356    0.416561    5.170915 v _1299_/X (sky130_fd_sc_hd__or4_4)
                                                         _0619_ (net)
                      0.080356    0.000040    5.170954 v _1300_/B1 (sky130_fd_sc_hd__a311o_1)
     2    0.009015    0.083087    0.364002    5.534956 v _1300_/X (sky130_fd_sc_hd__a311o_1)
                                                         _0620_ (net)
                      0.083087    0.000226    5.535182 v _1329_/A2 (sky130_fd_sc_hd__a21o_1)
     3    0.011058    0.066619    0.223927    5.759109 v _1329_/X (sky130_fd_sc_hd__a21o_1)
                                                         _0645_ (net)
                      0.066619    0.000132    5.759240 v _1330_/A2 (sky130_fd_sc_hd__a21o_1)
     3    0.009700    0.061251    0.212506    5.971746 v _1330_/X (sky130_fd_sc_hd__a21o_1)
                                                         _0646_ (net)
                      0.061251    0.000087    5.971833 v _1343_/B2 (sky130_fd_sc_hd__a2bb2o_4)
     2    0.014871    0.048613    0.224645    6.196479 v _1343_/X (sky130_fd_sc_hd__a2bb2o_4)
                                                         _0657_ (net)
                      0.048613    0.000211    6.196690 v _1348_/A2 (sky130_fd_sc_hd__o21ai_2)
     1    0.005634    0.111626    0.121730    6.318420 ^ _1348_/Y (sky130_fd_sc_hd__o21ai_2)
                                                         _0661_ (net)
                      0.111626    0.000070    6.318490 ^ _1349_/B (sky130_fd_sc_hd__xor2_1)
     1    0.003709    0.127363    0.162062    6.480551 ^ _1349_/X (sky130_fd_sc_hd__xor2_1)
                                                         _0662_ (net)
                      0.127363    0.000034    6.480585 ^ _1351_/A1 (sky130_fd_sc_hd__a211oi_1)
     1    0.002115    0.061909    0.081860    6.562445 v _1351_/Y (sky130_fd_sc_hd__a211oi_1)
                                                         _0076_ (net)
                      0.061909    0.000019    6.562464 v _1460_/D (sky130_fd_sc_hd__dfxtp_1)
                                              6.562464   data arrival time

                                 10.000000   10.000000   clock clk (rise edge)
                                  0.000000   10.000000   clock source latency
     1    0.024950    0.117791    0.081531   10.081532 ^ clk (in)
                                                         clk (net)
                      0.117803    0.000000   10.081532 ^ clkbuf_0_clk/A (sky130_fd_sc_hd__clkbuf_16)
     8    0.101812    0.118042    0.212409   10.293941 ^ clkbuf_0_clk/X (sky130_fd_sc_hd__clkbuf_16)
                                                         clknet_0_clk (net)
                      0.118177    0.003282   10.297222 ^ clkbuf_3_6__f_clk/A (sky130_fd_sc_hd__clkbuf_16)
    14    0.045743    0.064948    0.172760   10.469982 ^ clkbuf_3_6__f_clk/X (sky130_fd_sc_hd__clkbuf_16)
                                                         clknet_3_6__leaf_clk (net)
                      0.064951    0.000551   10.470533 ^ _1460_/CLK (sky130_fd_sc_hd__dfxtp_1)
                                 -0.250000   10.220533   clock uncertainty
                                  0.000000   10.220533   clock reconvergence pessimism
                                 -0.113285   10.107247   library setup time
                                             10.107247   data required time
---------------------------------------------------------------------------------------------
                                             10.107247   data required time
                                             -6.562464   data arrival time
---------------------------------------------------------------------------------------------
                                              3.544784   slack (MET)


Startpoint: _1425_ (rising edge-triggered flip-flop clocked by clk)
Endpoint: _1464_ (rising edge-triggered flip-flop clocked by clk)
Path Group: clk
Path Type: max

Fanout         Cap        Slew       Delay        Time   Description
---------------------------------------------------------------------------------------------
                                  0.000000    0.000000   clock clk (rise edge)
                                  0.000000    0.000000   clock source latency
     1    0.024950    0.117791    0.081531    0.081531 ^ clk (in)
                                                         clk (net)
                      0.117803    0.000000    0.081531 ^ clkbuf_0_clk/A (sky130_fd_sc_hd__clkbuf_16)
     8    0.101812    0.118042    0.212408    0.293940 ^ clkbuf_0_clk/X (sky130_fd_sc_hd__clkbuf_16)
                                                         clknet_0_clk (net)
                      0.118516    0.006031    0.299970 ^ clkbuf_3_1__f_clk/A (sky130_fd_sc_hd__clkbuf_16)
    13    0.045331    0.064568    0.172593    0.472564 ^ clkbuf_3_1__f_clk/X (sky130_fd_sc_hd__clkbuf_16)
                                                         clknet_3_1__leaf_clk (net)
                      0.064574    0.000684    0.473248 ^ _1425_/CLK (sky130_fd_sc_hd__dfxtp_4)
     3    0.011874    0.040038    0.350202    0.823451 v _1425_/Q (sky130_fd_sc_hd__dfxtp_4)
                                                         core_b[0] (net)
                      0.040038    0.000111    0.823561 v fanout79/A (sky130_fd_sc_hd__buf_8)
     5    0.020330    0.030797    0.121719    0.945280 v fanout79/X (sky130_fd_sc_hd__buf_8)
                                                         net79 (net)
                      0.030805    0.000408    0.945688 v _1019_/C (sky130_fd_sc_hd__and3_4)
     5    0.010747    0.040579    0.179503    1.125191 v _1019_/X (sky130_fd_sc_hd__and3_4)
                                                         _0351_ (net)
                      0.040579    0.000067    1.125258 v rebuffer13/A (sky130_fd_sc_hd__dlymetal6s4s_1)
     2    0.003693    0.042452    0.249019    1.374277 v rebuffer13/X (sky130_fd_sc_hd__dlymetal6s4s_1)
                                                         net129 (net)
                      0.042452    0.000013    1.374290 v _1065_/A1_N (sky130_fd_sc_hd__a2bb2o_1)
     1    0.003502    0.049915    0.251120    1.625410 ^ _1065_/X (sky130_fd_sc_hd__a2bb2o_1)
                                                         _0396_ (net)
                      0.049915    0.000037    1.625448 ^ _1069_/A1 (sky130_fd_sc_hd__a21o_1)
     3    0.013522    0.123774    0.165147    1.790595 ^ _1069_/X (sky130_fd_sc_hd__a21o_1)
                                                         _0400_ (net)
                      0.123774    0.000491    1.791086 ^ rebuffer3/A (sky130_fd_sc_hd__dlymetal6s2s_1)
     1    0.002361    0.053038    0.119316    1.910402 ^ rebuffer3/X (sky130_fd_sc_hd__dlymetal6s2s_1)
                                                         net119 (net)
                      0.053038    0.000024    1.910426 ^ rebuffer2/A (sky130_fd_sc_hd__dlymetal6s2s_1)
     1    0.002753    0.056927    0.099047    2.009473 ^ rebuffer2/X (sky130_fd_sc_hd__dlymetal6s2s_1)
                                                         net118 (net)
                      0.056927    0.000013    2.009485 ^ _1071_/A2 (sky130_fd_sc_hd__a21oi_1)
     2    0.005571    0.086134    0.076984    2.086469 v _1071_/Y (sky130_fd_sc_hd__a21oi_1)
                                                         _0402_ (net)
                      0.086134    0.000068    2.086538 v _1073_/B (sky130_fd_sc_hd__or3b_4)
     3    0.008558    0.074028    0.393068    2.479606 v _1073_/X (sky130_fd_sc_hd__or3b_4)
                                                         _0404_ (net)
                      0.074028    0.000111    2.479717 v _1075_/B (sky130_fd_sc_hd__and3_4)
     2    0.013373    0.044207    0.192830    2.672547 v _1075_/X (sky130_fd_sc_hd__and3_4)
                                                         _0406_ (net)
                      0.044207    0.000159    2.672706 v _1078_/A2 (sky130_fd_sc_hd__o211a_1)
     2    0.008648    0.065683    0.230253    2.902959 v _1078_/X (sky130_fd_sc_hd__o211a_1)
                                                         _0409_ (net)
                      0.065683    0.000123    2.903082 v _1079_/C1 (sky130_fd_sc_hd__a211oi_2)
     5    0.016635    0.358451    0.301029    3.204111 ^ _1079_/Y (sky130_fd_sc_hd__a211oi_2)
                                                         _0410_ (net)
                      0.358451    0.000092    3.204203 ^ _1082_/B1 (sky130_fd_sc_hd__a211o_1)
     3    0.008092    0.081881    0.187332    3.391535 ^ _1082_/X (sky130_fd_sc_hd__a211o_1)
                                                         _0413_ (net)
                      0.081881    0.000082    3.391617 ^ _1126_/B1_N (sky130_fd_sc_hd__a21bo_1)
     2    0.005695    0.046820    0.215331    3.606948 v _1126_/X (sky130_fd_sc_hd__a21bo_1)
                                                         _0456_ (net)
                      0.046820    0.000039    3.606986 v _1196_/B1 (sky130_fd_sc_hd__a211o_1)
     2    0.008910    0.076112    0.298944    3.905930 v _1196_/X (sky130_fd_sc_hd__a211o_1)
                                                         _0524_ (net)
                      0.076112    0.000248    3.906178 v _1234_/A1 (sky130_fd_sc_hd__a31o_1)
     2    0.009354    0.064758    0.213992    4.120170 v _1234_/X (sky130_fd_sc_hd__a31o_1)
                                                         _0560_ (net)
                      0.064758    0.000079    4.120249 v _1247_/A (sky130_fd_sc_hd__nand2_2)
     1    0.005765    0.056830    0.066317    4.186566 ^ _1247_/Y (sky130_fd_sc_hd__nand2_2)
                                                         _0573_ (net)
                      0.056830    0.000038    4.186604 ^ _1266_/B1 (sky130_fd_sc_hd__o211a_4)
     6    0.038985    0.132861    0.229375    4.415980 ^ _1266_/X (sky130_fd_sc_hd__o211a_4)
                                                         _0591_ (net)
                      0.132922    0.002653    4.418633 ^ fanout53/A (sky130_fd_sc_hd__buf_4)
    10    0.050538    0.145023    0.217629    4.636262 ^ fanout53/X (sky130_fd_sc_hd__buf_4)
                                                         net53 (net)
                      0.145037    0.001480    4.637742 ^ _1293_/B (sky130_fd_sc_hd__xnor2_1)
     2    0.008757    0.089062    0.116510    4.754252 v _1293_/Y (sky130_fd_sc_hd__xnor2_1)
                                                         _0614_ (net)
                      0.089062    0.000102    4.754354 v _1299_/D (sky130_fd_sc_hd__or4_4)
     1    0.003344    0.080356    0.416561    5.170915 v _1299_/X (sky130_fd_sc_hd__or4_4)
                                                         _0619_ (net)
                      0.080356    0.000040    5.170954 v _1300_/B1 (sky130_fd_sc_hd__a311o_1)
     2    0.009015    0.083087    0.364002    5.534956 v _1300_/X (sky130_fd_sc_hd__a311o_1)
                                                         _0620_ (net)
                      0.083087    0.000226    5.535182 v _1329_/A2 (sky130_fd_sc_hd__a21o_1)
     3    0.011058    0.066619    0.223927    5.759109 v _1329_/X (sky130_fd_sc_hd__a21o_1)
                                                         _0645_ (net)
                      0.066619    0.000126    5.759234 v _1353_/A2 (sky130_fd_sc_hd__a21oi_2)
     2    0.012944    0.181409    0.209010    5.968244 ^ _1353_/Y (sky130_fd_sc_hd__a21oi_2)
                                                         _0665_ (net)
                      0.181409    0.000389    5.968633 ^ _1372_/A2 (sky130_fd_sc_hd__o211ai_2)
     2    0.006256    0.095778    0.105262    6.073895 v _1372_/Y (sky130_fd_sc_hd__o211ai_2)
                                                         _0682_ (net)
                      0.095778    0.000097    6.073991 v _1374_/A1 (sky130_fd_sc_hd__a21oi_1)
     3    0.010525    0.248303    0.246591    6.320582 ^ _1374_/Y (sky130_fd_sc_hd__a21oi_1)
                                                         _0684_ (net)
                      0.248303    0.000115    6.320697 ^ _1380_/A2 (sky130_fd_sc_hd__o21ai_1)
     1    0.003040    0.062314    0.090795    6.411492 v _1380_/Y (sky130_fd_sc_hd__o21ai_1)
                                                         _0689_ (net)
                      0.062314    0.000031    6.411523 v _1383_/A1 (sky130_fd_sc_hd__a211oi_1)
     1    0.001960    0.160781    0.181315    6.592838 ^ _1383_/Y (sky130_fd_sc_hd__a211oi_1)
                                                         _0080_ (net)
                      0.160781    0.000008    6.592846 ^ _1464_/D (sky130_fd_sc_hd__dfxtp_1)
                                              6.592846   data arrival time

                                 10.000000   10.000000   clock clk (rise edge)
                                  0.000000   10.000000   clock source latency
     1    0.024950    0.117791    0.081531   10.081532 ^ clk (in)
                                                         clk (net)
                      0.117803    0.000000   10.081532 ^ clkbuf_0_clk/A (sky130_fd_sc_hd__clkbuf_16)
     8    0.101812    0.118042    0.212409   10.293941 ^ clkbuf_0_clk/X (sky130_fd_sc_hd__clkbuf_16)
                                                         clknet_0_clk (net)
                      0.118327    0.004708   10.298649 ^ clkbuf_3_3__f_clk/A (sky130_fd_sc_hd__clkbuf_16)
     7    0.039218    0.059125    0.168133   10.466782 ^ clkbuf_3_3__f_clk/X (sky130_fd_sc_hd__clkbuf_16)
                                                         clknet_3_3__leaf_clk (net)
                      0.059135    0.000711   10.467493 ^ _1464_/CLK (sky130_fd_sc_hd__dfxtp_1)
                                 -0.250000   10.217493   clock uncertainty
                                  0.000000   10.217493   clock reconvergence pessimism
                                 -0.078655   10.138838   library setup time
                                             10.138838   data required time
---------------------------------------------------------------------------------------------
                                             10.138838   data required time
                                             -6.592846   data arrival time
---------------------------------------------------------------------------------------------
                                              3.545992   slack (MET)


Startpoint: _1425_ (rising edge-triggered flip-flop clocked by clk)
Endpoint: _1459_ (rising edge-triggered flip-flop clocked by clk)
Path Group: clk
Path Type: max

Fanout         Cap        Slew       Delay        Time   Description
---------------------------------------------------------------------------------------------
                                  0.000000    0.000000   clock clk (rise edge)
                                  0.000000    0.000000   clock source latency
     1    0.024950    0.117791    0.081531    0.081531 ^ clk (in)
                                                         clk (net)
                      0.117803    0.000000    0.081531 ^ clkbuf_0_clk/A (sky130_fd_sc_hd__clkbuf_16)
     8    0.101812    0.118042    0.212408    0.293940 ^ clkbuf_0_clk/X (sky130_fd_sc_hd__clkbuf_16)
                                                         clknet_0_clk (net)
                      0.118516    0.006031    0.299970 ^ clkbuf_3_1__f_clk/A (sky130_fd_sc_hd__clkbuf_16)
    13    0.045331    0.064568    0.172593    0.472564 ^ clkbuf_3_1__f_clk/X (sky130_fd_sc_hd__clkbuf_16)
                                                         clknet_3_1__leaf_clk (net)
                      0.064574    0.000684    0.473248 ^ _1425_/CLK (sky130_fd_sc_hd__dfxtp_4)
     3    0.011874    0.040038    0.350202    0.823451 v _1425_/Q (sky130_fd_sc_hd__dfxtp_4)
                                                         core_b[0] (net)
                      0.040038    0.000111    0.823561 v fanout79/A (sky130_fd_sc_hd__buf_8)
     5    0.020330    0.030797    0.121719    0.945280 v fanout79/X (sky130_fd_sc_hd__buf_8)
                                                         net79 (net)
                      0.030805    0.000408    0.945688 v _1019_/C (sky130_fd_sc_hd__and3_4)
     5    0.010747    0.040579    0.179503    1.125191 v _1019_/X (sky130_fd_sc_hd__and3_4)
                                                         _0351_ (net)
                      0.040579    0.000067    1.125258 v rebuffer13/A (sky130_fd_sc_hd__dlymetal6s4s_1)
     2    0.003693    0.042452    0.249019    1.374277 v rebuffer13/X (sky130_fd_sc_hd__dlymetal6s4s_1)
                                                         net129 (net)
                      0.042452    0.000013    1.374290 v _1065_/A1_N (sky130_fd_sc_hd__a2bb2o_1)
     1    0.003502    0.049915    0.251120    1.625410 ^ _1065_/X (sky130_fd_sc_hd__a2bb2o_1)
                                                         _0396_ (net)
                      0.049915    0.000037    1.625448 ^ _1069_/A1 (sky130_fd_sc_hd__a21o_1)
     3    0.013522    0.123774    0.165147    1.790595 ^ _1069_/X (sky130_fd_sc_hd__a21o_1)
                                                         _0400_ (net)
                      0.123774    0.000491    1.791086 ^ rebuffer3/A (sky130_fd_sc_hd__dlymetal6s2s_1)
     1    0.002361    0.053038    0.119316    1.910402 ^ rebuffer3/X (sky130_fd_sc_hd__dlymetal6s2s_1)
                                                         net119 (net)
                      0.053038    0.000024    1.910426 ^ rebuffer2/A (sky130_fd_sc_hd__dlymetal6s2s_1)
     1    0.002753    0.056927    0.099047    2.009473 ^ rebuffer2/X (sky130_fd_sc_hd__dlymetal6s2s_1)
                                                         net118 (net)
                      0.056927    0.000013    2.009485 ^ _1071_/A2 (sky130_fd_sc_hd__a21oi_1)
     2    0.005571    0.086134    0.076984    2.086469 v _1071_/Y (sky130_fd_sc_hd__a21oi_1)
                                                         _0402_ (net)
                      0.086134    0.000068    2.086538 v _1073_/B (sky130_fd_sc_hd__or3b_4)
     3    0.008558    0.074028    0.393068    2.479606 v _1073_/X (sky130_fd_sc_hd__or3b_4)
                                                         _0404_ (net)
                      0.074028    0.000111    2.479717 v _1075_/B (sky130_fd_sc_hd__and3_4)
     2    0.013373    0.044207    0.192830    2.672547 v _1075_/X (sky130_fd_sc_hd__and3_4)
                                                         _0406_ (net)
                      0.044207    0.000159    2.672706 v _1078_/A2 (sky130_fd_sc_hd__o211a_1)
     2    0.008648    0.065683    0.230253    2.902959 v _1078_/X (sky130_fd_sc_hd__o211a_1)
                                                         _0409_ (net)
                      0.065683    0.000123    2.903082 v _1079_/C1 (sky130_fd_sc_hd__a211oi_2)
     5    0.016635    0.358451    0.301029    3.204111 ^ _1079_/Y (sky130_fd_sc_hd__a211oi_2)
                                                         _0410_ (net)
                      0.358451    0.000092    3.204203 ^ _1082_/B1 (sky130_fd_sc_hd__a211o_1)
     3    0.008092    0.081881    0.187332    3.391535 ^ _1082_/X (sky130_fd_sc_hd__a211o_1)
                                                         _0413_ (net)
                      0.081881    0.000082    3.391617 ^ _1126_/B1_N (sky130_fd_sc_hd__a21bo_1)
     2    0.005695    0.046820    0.215331    3.606948 v _1126_/X (sky130_fd_sc_hd__a21bo_1)
                                                         _0456_ (net)
                      0.046820    0.000039    3.606986 v _1196_/B1 (sky130_fd_sc_hd__a211o_1)
     2    0.008910    0.076112    0.298944    3.905930 v _1196_/X (sky130_fd_sc_hd__a211o_1)
                                                         _0524_ (net)
                      0.076112    0.000248    3.906178 v _1234_/A1 (sky130_fd_sc_hd__a31o_1)
     2    0.009354    0.064758    0.213992    4.120170 v _1234_/X (sky130_fd_sc_hd__a31o_1)
                                                         _0560_ (net)
                      0.064758    0.000079    4.120249 v _1247_/A (sky130_fd_sc_hd__nand2_2)
     1    0.005765    0.056830    0.066317    4.186566 ^ _1247_/Y (sky130_fd_sc_hd__nand2_2)
                                                         _0573_ (net)
                      0.056830    0.000038    4.186604 ^ _1266_/B1 (sky130_fd_sc_hd__o211a_4)
     6    0.038985    0.132861    0.229375    4.415980 ^ _1266_/X (sky130_fd_sc_hd__o211a_4)
                                                         _0591_ (net)
                      0.132922    0.002653    4.418633 ^ fanout53/A (sky130_fd_sc_hd__buf_4)
    10    0.050538    0.145023    0.217629    4.636262 ^ fanout53/X (sky130_fd_sc_hd__buf_4)
                                                         net53 (net)
                      0.145037    0.001480    4.637742 ^ _1293_/B (sky130_fd_sc_hd__xnor2_1)
     2    0.008757    0.089062    0.116510    4.754252 v _1293_/Y (sky130_fd_sc_hd__xnor2_1)
                                                         _0614_ (net)
                      0.089062    0.000102    4.754354 v _1299_/D (sky130_fd_sc_hd__or4_4)
     1    0.003344    0.080356    0.416561    5.170915 v _1299_/X (sky130_fd_sc_hd__or4_4)
                                                         _0619_ (net)
                      0.080356    0.000040    5.170954 v _1300_/B1 (sky130_fd_sc_hd__a311o_1)
     2    0.009015    0.083087    0.364002    5.534956 v _1300_/X (sky130_fd_sc_hd__a311o_1)
                                                         _0620_ (net)
                      0.083087    0.000226    5.535182 v _1329_/A2 (sky130_fd_sc_hd__a21o_1)
     3    0.011058    0.066619    0.223927    5.759109 v _1329_/X (sky130_fd_sc_hd__a21o_1)
                                                         _0645_ (net)
                      0.066619    0.000132    5.759240 v _1330_/A2 (sky130_fd_sc_hd__a21o_1)
     3    0.009700    0.061251    0.212506    5.971746 v _1330_/X (sky130_fd_sc_hd__a21o_1)
                                                         _0646_ (net)
                      0.061251    0.000087    5.971833 v _1343_/B2 (sky130_fd_sc_hd__a2bb2o_4)
     2    0.014871    0.048613    0.224645    6.196479 v _1343_/X (sky130_fd_sc_hd__a2bb2o_4)
                                                         _0657_ (net)
                      0.048613    0.000186    6.196664 v _1344_/B (sky130_fd_sc_hd__xnor2_2)
     1    0.004072    0.113851    0.119762    6.316427 ^ _1344_/Y (sky130_fd_sc_hd__xnor2_2)
                                                         _0658_ (net)
                      0.113851    0.000060    6.316487 ^ _1345_/B (sky130_fd_sc_hd__nand2_1)
     1    0.002848    0.057945    0.065421    6.381907 v _1345_/Y (sky130_fd_sc_hd__nand2_1)
                                                         _0659_ (net)
                      0.057945    0.000027    6.381934 v _1346_/C1 (sky130_fd_sc_hd__o211a_1)
     1    0.002159    0.035476    0.105460    6.487394 v _1346_/X (sky130_fd_sc_hd__o211a_1)
                                                         _0075_ (net)
                      0.035476    0.000020    6.487414 v _1459_/D (sky130_fd_sc_hd__dfxtp_1)
                                              6.487414   data arrival time

                                 10.000000   10.000000   clock clk (rise edge)
                                  0.000000   10.000000   clock source latency
     1    0.024950    0.117791    0.081531   10.081532 ^ clk (in)
                                                         clk (net)
                      0.117803    0.000000   10.081532 ^ clkbuf_0_clk/A (sky130_fd_sc_hd__clkbuf_16)
     8    0.101812    0.118042    0.212409   10.293941 ^ clkbuf_0_clk/X (sky130_fd_sc_hd__clkbuf_16)
                                                         clknet_0_clk (net)
                      0.118177    0.003282   10.297222 ^ clkbuf_3_6__f_clk/A (sky130_fd_sc_hd__clkbuf_16)
    14    0.045743    0.064948    0.172760   10.469982 ^ clkbuf_3_6__f_clk/X (sky130_fd_sc_hd__clkbuf_16)
                                                         clknet_3_6__leaf_clk (net)
                      0.064951    0.000577   10.470560 ^ _1459_/CLK (sky130_fd_sc_hd__dfxtp_1)
                                 -0.250000   10.220560   clock uncertainty
                                  0.000000   10.220560   clock reconvergence pessimism
                                 -0.101692   10.118868   library setup time
                                             10.118868   data required time
---------------------------------------------------------------------------------------------
                                             10.118868   data required time
                                             -6.487414   data arrival time
---------------------------------------------------------------------------------------------
                                              3.631454   slack (MET)


Startpoint: _1425_ (rising edge-triggered flip-flop clocked by clk)
Endpoint: _1455_ (rising edge-triggered flip-flop clocked by clk)
Path Group: clk
Path Type: max

Fanout         Cap        Slew       Delay        Time   Description
---------------------------------------------------------------------------------------------
                                  0.000000    0.000000   clock clk (rise edge)
                                  0.000000    0.000000   clock source latency
     1    0.024950    0.117791    0.081531    0.081531 ^ clk (in)
                                                         clk (net)
                      0.117803    0.000000    0.081531 ^ clkbuf_0_clk/A (sky130_fd_sc_hd__clkbuf_16)
     8    0.101812    0.118042    0.212408    0.293940 ^ clkbuf_0_clk/X (sky130_fd_sc_hd__clkbuf_16)
                                                         clknet_0_clk (net)
                      0.118516    0.006031    0.299970 ^ clkbuf_3_1__f_clk/A (sky130_fd_sc_hd__clkbuf_16)
    13    0.045331    0.064568    0.172593    0.472564 ^ clkbuf_3_1__f_clk/X (sky130_fd_sc_hd__clkbuf_16)
                                                         clknet_3_1__leaf_clk (net)
                      0.064574    0.000684    0.473248 ^ _1425_/CLK (sky130_fd_sc_hd__dfxtp_4)
     3    0.011874    0.040038    0.350202    0.823451 v _1425_/Q (sky130_fd_sc_hd__dfxtp_4)
                                                         core_b[0] (net)
                      0.040038    0.000111    0.823561 v fanout79/A (sky130_fd_sc_hd__buf_8)
     5    0.020330    0.030797    0.121719    0.945280 v fanout79/X (sky130_fd_sc_hd__buf_8)
                                                         net79 (net)
                      0.030805    0.000408    0.945688 v _1019_/C (sky130_fd_sc_hd__and3_4)
     5    0.010747    0.040579    0.179503    1.125191 v _1019_/X (sky130_fd_sc_hd__and3_4)
                                                         _0351_ (net)
                      0.040579    0.000067    1.125258 v rebuffer13/A (sky130_fd_sc_hd__dlymetal6s4s_1)
     2    0.003693    0.042452    0.249019    1.374277 v rebuffer13/X (sky130_fd_sc_hd__dlymetal6s4s_1)
                                                         net129 (net)
                      0.042452    0.000013    1.374290 v _1065_/A1_N (sky130_fd_sc_hd__a2bb2o_1)
     1    0.003502    0.049915    0.251120    1.625410 ^ _1065_/X (sky130_fd_sc_hd__a2bb2o_1)
                                                         _0396_ (net)
                      0.049915    0.000037    1.625448 ^ _1069_/A1 (sky130_fd_sc_hd__a21o_1)
     3    0.013522    0.123774    0.165147    1.790595 ^ _1069_/X (sky130_fd_sc_hd__a21o_1)
                                                         _0400_ (net)
                      0.123774    0.000491    1.791086 ^ rebuffer3/A (sky130_fd_sc_hd__dlymetal6s2s_1)
     1    0.002361    0.053038    0.119316    1.910402 ^ rebuffer3/X (sky130_fd_sc_hd__dlymetal6s2s_1)
                                                         net119 (net)
                      0.053038    0.000024    1.910426 ^ rebuffer2/A (sky130_fd_sc_hd__dlymetal6s2s_1)
     1    0.002753    0.056927    0.099047    2.009473 ^ rebuffer2/X (sky130_fd_sc_hd__dlymetal6s2s_1)
                                                         net118 (net)
                      0.056927    0.000013    2.009485 ^ _1071_/A2 (sky130_fd_sc_hd__a21oi_1)
     2    0.005571    0.086134    0.076984    2.086469 v _1071_/Y (sky130_fd_sc_hd__a21oi_1)
                                                         _0402_ (net)
                      0.086134    0.000068    2.086538 v _1073_/B (sky130_fd_sc_hd__or3b_4)
     3    0.008558    0.074028    0.393068    2.479606 v _1073_/X (sky130_fd_sc_hd__or3b_4)
                                                         _0404_ (net)
                      0.074028    0.000111    2.479717 v _1075_/B (sky130_fd_sc_hd__and3_4)
     2    0.013373    0.044207    0.192830    2.672547 v _1075_/X (sky130_fd_sc_hd__and3_4)
                                                         _0406_ (net)
                      0.044207    0.000159    2.672706 v _1078_/A2 (sky130_fd_sc_hd__o211a_1)
     2    0.008648    0.065683    0.230253    2.902959 v _1078_/X (sky130_fd_sc_hd__o211a_1)
                                                         _0409_ (net)
                      0.065683    0.000123    2.903082 v _1079_/C1 (sky130_fd_sc_hd__a211oi_2)
     5    0.016635    0.358451    0.301029    3.204111 ^ _1079_/Y (sky130_fd_sc_hd__a211oi_2)
                                                         _0410_ (net)
                      0.358451    0.000092    3.204203 ^ _1082_/B1 (sky130_fd_sc_hd__a211o_1)
     3    0.008092    0.081881    0.187332    3.391535 ^ _1082_/X (sky130_fd_sc_hd__a211o_1)
                                                         _0413_ (net)
                      0.081881    0.000082    3.391617 ^ _1126_/B1_N (sky130_fd_sc_hd__a21bo_1)
     2    0.005695    0.046820    0.215331    3.606948 v _1126_/X (sky130_fd_sc_hd__a21bo_1)
                                                         _0456_ (net)
                      0.046820    0.000039    3.606986 v _1196_/B1 (sky130_fd_sc_hd__a211o_1)
     2    0.008910    0.076112    0.298944    3.905930 v _1196_/X (sky130_fd_sc_hd__a211o_1)
                                                         _0524_ (net)
                      0.076112    0.000248    3.906178 v _1234_/A1 (sky130_fd_sc_hd__a31o_1)
     2    0.009354    0.064758    0.213992    4.120170 v _1234_/X (sky130_fd_sc_hd__a31o_1)
                                                         _0560_ (net)
                      0.064758    0.000079    4.120249 v _1247_/A (sky130_fd_sc_hd__nand2_2)
     1    0.005765    0.056830    0.066317    4.186566 ^ _1247_/Y (sky130_fd_sc_hd__nand2_2)
                                                         _0573_ (net)
                      0.056830    0.000038    4.186604 ^ _1266_/B1 (sky130_fd_sc_hd__o211a_4)
     6    0.038985    0.132861    0.229375    4.415980 ^ _1266_/X (sky130_fd_sc_hd__o211a_4)
                                                         _0591_ (net)
                      0.132922    0.002653    4.418633 ^ fanout53/A (sky130_fd_sc_hd__buf_4)
    10    0.050538    0.145023    0.217629    4.636262 ^ fanout53/X (sky130_fd_sc_hd__buf_4)
                                                         net53 (net)
                      0.145037    0.001480    4.637742 ^ _1293_/B (sky130_fd_sc_hd__xnor2_1)
     2    0.008757    0.089062    0.116510    4.754252 v _1293_/Y (sky130_fd_sc_hd__xnor2_1)
                                                         _0614_ (net)
                      0.089062    0.000102    4.754354 v _1299_/D (sky130_fd_sc_hd__or4_4)
     1    0.003344    0.080356    0.416561    5.170915 v _1299_/X (sky130_fd_sc_hd__or4_4)
                                                         _0619_ (net)
                      0.080356    0.000040    5.170954 v _1300_/B1 (sky130_fd_sc_hd__a311o_1)
     2    0.009015    0.083087    0.364002    5.534956 v _1300_/X (sky130_fd_sc_hd__a311o_1)
                                                         _0620_ (net)
                      0.083087    0.000218    5.535175 v _1303_/A (sky130_fd_sc_hd__and2_4)
     2    0.005127    0.031064    0.151112    5.686287 v _1303_/X (sky130_fd_sc_hd__and2_4)
                                                         _0623_ (net)
                      0.031064    0.000049    5.686336 v _1304_/B (sky130_fd_sc_hd__or2_4)
     3    0.010623    0.054907    0.233568    5.919904 v _1304_/X (sky130_fd_sc_hd__or2_4)
                                                         _0624_ (net)
                      0.054907    0.000170    5.920074 v _1317_/B1 (sky130_fd_sc_hd__a2bb2o_4)
     2    0.007768    0.038652    0.221604    6.141677 v _1317_/X (sky130_fd_sc_hd__a2bb2o_4)
                                                         _0635_ (net)
                      0.038652    0.000092    6.141770 v _1318_/B (sky130_fd_sc_hd__xnor2_1)
     1    0.002925    0.120855    0.125854    6.267624 ^ _1318_/Y (sky130_fd_sc_hd__xnor2_1)
                                                         _0636_ (net)
                      0.120855    0.000019    6.267642 ^ _1319_/B (sky130_fd_sc_hd__nand2_1)
     1    0.002490    0.060516    0.064543    6.332186 v _1319_/Y (sky130_fd_sc_hd__nand2_1)
                                                         _0637_ (net)
                      0.060516    0.000011    6.332196 v _1320_/C1 (sky130_fd_sc_hd__o211a_1)
     1    0.001950    0.035550    0.105365    6.437561 v _1320_/X (sky130_fd_sc_hd__o211a_1)
                                                         _0071_ (net)
                      0.035550    0.000009    6.437570 v _1455_/D (sky130_fd_sc_hd__dfxtp_1)
                                              6.437570   data arrival time

                                 10.000000   10.000000   clock clk (rise edge)
                                  0.000000   10.000000   clock source latency
     1    0.024950    0.117791    0.081531   10.081532 ^ clk (in)
                                                         clk (net)
                      0.117803    0.000000   10.081532 ^ clkbuf_0_clk/A (sky130_fd_sc_hd__clkbuf_16)
     8    0.101812    0.118042    0.212409   10.293941 ^ clkbuf_0_clk/X (sky130_fd_sc_hd__clkbuf_16)
                                                         clknet_0_clk (net)
                      0.118180    0.003316   10.297256 ^ clkbuf_3_7__f_clk/A (sky130_fd_sc_hd__clkbuf_16)
    10    0.044183    0.063534    0.171616   10.468872 ^ clkbuf_3_7__f_clk/X (sky130_fd_sc_hd__clkbuf_16)
                                                         clknet_3_7__leaf_clk (net)
                      0.063563    0.001243   10.470116 ^ _1455_/CLK (sky130_fd_sc_hd__dfxtp_1)
                                 -0.250000   10.220116   clock uncertainty
                                  0.000000   10.220116   clock reconvergence pessimism
                                 -0.102049   10.118067   library setup time
                                             10.118067   data required time
---------------------------------------------------------------------------------------------
                                             10.118067   data required time
                                             -6.437570   data arrival time
---------------------------------------------------------------------------------------------
                                              3.680497   slack (MET)


Startpoint: _1425_ (rising edge-triggered flip-flop clocked by clk)
Endpoint: _1461_ (rising edge-triggered flip-flop clocked by clk)
Path Group: clk
Path Type: max

Fanout         Cap        Slew       Delay        Time   Description
---------------------------------------------------------------------------------------------
                                  0.000000    0.000000   clock clk (rise edge)
                                  0.000000    0.000000   clock source latency
     1    0.024950    0.117791    0.081531    0.081531 ^ clk (in)
                                                         clk (net)
                      0.117803    0.000000    0.081531 ^ clkbuf_0_clk/A (sky130_fd_sc_hd__clkbuf_16)
     8    0.101812    0.118042    0.212408    0.293940 ^ clkbuf_0_clk/X (sky130_fd_sc_hd__clkbuf_16)
                                                         clknet_0_clk (net)
                      0.118516    0.006031    0.299970 ^ clkbuf_3_1__f_clk/A (sky130_fd_sc_hd__clkbuf_16)
    13    0.045331    0.064568    0.172593    0.472564 ^ clkbuf_3_1__f_clk/X (sky130_fd_sc_hd__clkbuf_16)
                                                         clknet_3_1__leaf_clk (net)
                      0.064574    0.000684    0.473248 ^ _1425_/CLK (sky130_fd_sc_hd__dfxtp_4)
     3    0.011874    0.040038    0.350202    0.823451 v _1425_/Q (sky130_fd_sc_hd__dfxtp_4)
                                                         core_b[0] (net)
                      0.040038    0.000111    0.823561 v fanout79/A (sky130_fd_sc_hd__buf_8)
     5    0.020330    0.030797    0.121719    0.945280 v fanout79/X (sky130_fd_sc_hd__buf_8)
                                                         net79 (net)
                      0.030805    0.000408    0.945688 v _1019_/C (sky130_fd_sc_hd__and3_4)
     5    0.010747    0.040579    0.179503    1.125191 v _1019_/X (sky130_fd_sc_hd__and3_4)
                                                         _0351_ (net)
                      0.040579    0.000067    1.125258 v rebuffer13/A (sky130_fd_sc_hd__dlymetal6s4s_1)
     2    0.003693    0.042452    0.249019    1.374277 v rebuffer13/X (sky130_fd_sc_hd__dlymetal6s4s_1)
                                                         net129 (net)
                      0.042452    0.000013    1.374290 v _1065_/A1_N (sky130_fd_sc_hd__a2bb2o_1)
     1    0.003502    0.049915    0.251120    1.625410 ^ _1065_/X (sky130_fd_sc_hd__a2bb2o_1)
                                                         _0396_ (net)
                      0.049915    0.000037    1.625448 ^ _1069_/A1 (sky130_fd_sc_hd__a21o_1)
     3    0.013522    0.123774    0.165147    1.790595 ^ _1069_/X (sky130_fd_sc_hd__a21o_1)
                                                         _0400_ (net)
                      0.123774    0.000491    1.791086 ^ rebuffer3/A (sky130_fd_sc_hd__dlymetal6s2s_1)
     1    0.002361    0.053038    0.119316    1.910402 ^ rebuffer3/X (sky130_fd_sc_hd__dlymetal6s2s_1)
                                                         net119 (net)
                      0.053038    0.000024    1.910426 ^ rebuffer2/A (sky130_fd_sc_hd__dlymetal6s2s_1)
     1    0.002753    0.056927    0.099047    2.009473 ^ rebuffer2/X (sky130_fd_sc_hd__dlymetal6s2s_1)
                                                         net118 (net)
                      0.056927    0.000013    2.009485 ^ _1071_/A2 (sky130_fd_sc_hd__a21oi_1)
     2    0.005571    0.086134    0.076984    2.086469 v _1071_/Y (sky130_fd_sc_hd__a21oi_1)
                                                         _0402_ (net)
                      0.086134    0.000068    2.086538 v _1073_/B (sky130_fd_sc_hd__or3b_4)
     3    0.008558    0.074028    0.393068    2.479606 v _1073_/X (sky130_fd_sc_hd__or3b_4)
                                                         _0404_ (net)
                      0.074028    0.000111    2.479717 v _1075_/B (sky130_fd_sc_hd__and3_4)
     2    0.013373    0.044207    0.192830    2.672547 v _1075_/X (sky130_fd_sc_hd__and3_4)
                                                         _0406_ (net)
                      0.044207    0.000159    2.672706 v _1078_/A2 (sky130_fd_sc_hd__o211a_1)
     2    0.008648    0.065683    0.230253    2.902959 v _1078_/X (sky130_fd_sc_hd__o211a_1)
                                                         _0409_ (net)
                      0.065683    0.000123    2.903082 v _1079_/C1 (sky130_fd_sc_hd__a211oi_2)
     5    0.016635    0.358451    0.301029    3.204111 ^ _1079_/Y (sky130_fd_sc_hd__a211oi_2)
                                                         _0410_ (net)
                      0.358451    0.000092    3.204203 ^ _1082_/B1 (sky130_fd_sc_hd__a211o_1)
     3    0.008092    0.081881    0.187332    3.391535 ^ _1082_/X (sky130_fd_sc_hd__a211o_1)
                                                         _0413_ (net)
                      0.081881    0.000082    3.391617 ^ _1126_/B1_N (sky130_fd_sc_hd__a21bo_1)
     2    0.005695    0.046820    0.215331    3.606948 v _1126_/X (sky130_fd_sc_hd__a21bo_1)
                                                         _0456_ (net)
                      0.046820    0.000039    3.606986 v _1196_/B1 (sky130_fd_sc_hd__a211o_1)
     2    0.008910    0.076112    0.298944    3.905930 v _1196_/X (sky130_fd_sc_hd__a211o_1)
                                                         _0524_ (net)
                      0.076112    0.000248    3.906178 v _1234_/A1 (sky130_fd_sc_hd__a31o_1)
     2    0.009354    0.064758    0.213992    4.120170 v _1234_/X (sky130_fd_sc_hd__a31o_1)
                                                         _0560_ (net)
                      0.064758    0.000079    4.120249 v _1247_/A (sky130_fd_sc_hd__nand2_2)
     1    0.005765    0.056830    0.066317    4.186566 ^ _1247_/Y (sky130_fd_sc_hd__nand2_2)
                                                         _0573_ (net)
                      0.056830    0.000038    4.186604 ^ _1266_/B1 (sky130_fd_sc_hd__o211a_4)
     6    0.038985    0.132861    0.229375    4.415980 ^ _1266_/X (sky130_fd_sc_hd__o211a_4)
                                                         _0591_ (net)
                      0.132922    0.002653    4.418633 ^ fanout53/A (sky130_fd_sc_hd__buf_4)
    10    0.050538    0.145023    0.217629    4.636262 ^ fanout53/X (sky130_fd_sc_hd__buf_4)
                                                         net53 (net)
                      0.145037    0.001480    4.637742 ^ _1293_/B (sky130_fd_sc_hd__xnor2_1)
     2    0.008757    0.089062    0.116510    4.754252 v _1293_/Y (sky130_fd_sc_hd__xnor2_1)
                                                         _0614_ (net)
                      0.089062    0.000102    4.754354 v _1299_/D (sky130_fd_sc_hd__or4_4)
     1    0.003344    0.080356    0.416561    5.170915 v _1299_/X (sky130_fd_sc_hd__or4_4)
                                                         _0619_ (net)
                      0.080356    0.000040    5.170954 v _1300_/B1 (sky130_fd_sc_hd__a311o_1)
     2    0.009015    0.083087    0.364002    5.534956 v _1300_/X (sky130_fd_sc_hd__a311o_1)
                                                         _0620_ (net)
                      0.083087    0.000226    5.535182 v _1329_/A2 (sky130_fd_sc_hd__a21o_1)
     3    0.011058    0.066619    0.223927    5.759109 v _1329_/X (sky130_fd_sc_hd__a21o_1)
                                                         _0645_ (net)
                      0.066619    0.000126    5.759234 v _1353_/A2 (sky130_fd_sc_hd__a21oi_2)
     2    0.012944    0.181409    0.209010    5.968244 ^ _1353_/Y (sky130_fd_sc_hd__a21oi_2)
                                                         _0665_ (net)
                      0.181409    0.000367    5.968611 ^ _1355_/A (sky130_fd_sc_hd__nor2_1)
     2    0.008125    0.067582    0.099309    6.067920 v _1355_/Y (sky130_fd_sc_hd__nor2_1)
                                                         _0667_ (net)
                      0.067582    0.000103    6.068023 v _1360_/A (sky130_fd_sc_hd__xnor2_1)
     1    0.003048    0.120419    0.157082    6.225105 ^ _1360_/Y (sky130_fd_sc_hd__xnor2_1)
                                                         _0672_ (net)
                      0.120419    0.000031    6.225136 ^ _1361_/B (sky130_fd_sc_hd__nand2_1)
     1    0.004108    0.065836    0.075194    6.300329 v _1361_/Y (sky130_fd_sc_hd__nand2_1)
                                                         _0673_ (net)
                      0.065836    0.000049    6.300378 v _1362_/C1 (sky130_fd_sc_hd__o211a_1)
     1    0.001901    0.034301    0.107442    6.407820 v _1362_/X (sky130_fd_sc_hd__o211a_1)
                                                         _0077_ (net)
                      0.034301    0.000016    6.407836 v _1461_/D (sky130_fd_sc_hd__dfxtp_1)
                                              6.407836   data arrival time

                                 10.000000   10.000000   clock clk (rise edge)
                                  0.000000   10.000000   clock source latency
     1    0.024950    0.117791    0.081531   10.081532 ^ clk (in)
                                                         clk (net)
                      0.117803    0.000000   10.081532 ^ clkbuf_0_clk/A (sky130_fd_sc_hd__clkbuf_16)
     8    0.101812    0.118042    0.212409   10.293941 ^ clkbuf_0_clk/X (sky130_fd_sc_hd__clkbuf_16)
                                                         clknet_0_clk (net)
                      0.118177    0.003282   10.297222 ^ clkbuf_3_6__f_clk/A (sky130_fd_sc_hd__clkbuf_16)
    14    0.045743    0.064948    0.172760   10.469982 ^ clkbuf_3_6__f_clk/X (sky130_fd_sc_hd__clkbuf_16)
                                                         clknet_3_6__leaf_clk (net)
                      0.064984    0.001352   10.471334 ^ _1461_/CLK (sky130_fd_sc_hd__dfxtp_1)
                                 -0.250000   10.221334   clock uncertainty
                                  0.000000   10.221334   clock reconvergence pessimism
                                 -0.101169   10.120165   library setup time
                                             10.120165   data required time
---------------------------------------------------------------------------------------------
                                             10.120165   data required time
                                             -6.407836   data arrival time
---------------------------------------------------------------------------------------------
                                              3.712329   slack (MET)


Startpoint: _1425_ (rising edge-triggered flip-flop clocked by clk)
Endpoint: _1458_ (rising edge-triggered flip-flop clocked by clk)
Path Group: clk
Path Type: max

Fanout         Cap        Slew       Delay        Time   Description
---------------------------------------------------------------------------------------------
                                  0.000000    0.000000   clock clk (rise edge)
                                  0.000000    0.000000   clock source latency
     1    0.024950    0.117791    0.081531    0.081531 ^ clk (in)
                                                         clk (net)
                      0.117803    0.000000    0.081531 ^ clkbuf_0_clk/A (sky130_fd_sc_hd__clkbuf_16)
     8    0.101812    0.118042    0.212408    0.293940 ^ clkbuf_0_clk/X (sky130_fd_sc_hd__clkbuf_16)
                                                         clknet_0_clk (net)
                      0.118516    0.006031    0.299970 ^ clkbuf_3_1__f_clk/A (sky130_fd_sc_hd__clkbuf_16)
    13    0.045331    0.064568    0.172593    0.472564 ^ clkbuf_3_1__f_clk/X (sky130_fd_sc_hd__clkbuf_16)
                                                         clknet_3_1__leaf_clk (net)
                      0.064574    0.000684    0.473248 ^ _1425_/CLK (sky130_fd_sc_hd__dfxtp_4)
     3    0.011874    0.040038    0.350202    0.823451 v _1425_/Q (sky130_fd_sc_hd__dfxtp_4)
                                                         core_b[0] (net)
                      0.040038    0.000111    0.823561 v fanout79/A (sky130_fd_sc_hd__buf_8)
     5    0.020330    0.030797    0.121719    0.945280 v fanout79/X (sky130_fd_sc_hd__buf_8)
                                                         net79 (net)
                      0.030805    0.000408    0.945688 v _1019_/C (sky130_fd_sc_hd__and3_4)
     5    0.010747    0.040579    0.179503    1.125191 v _1019_/X (sky130_fd_sc_hd__and3_4)
                                                         _0351_ (net)
                      0.040579    0.000067    1.125258 v rebuffer13/A (sky130_fd_sc_hd__dlymetal6s4s_1)
     2    0.003693    0.042452    0.249019    1.374277 v rebuffer13/X (sky130_fd_sc_hd__dlymetal6s4s_1)
                                                         net129 (net)
                      0.042452    0.000013    1.374290 v _1065_/A1_N (sky130_fd_sc_hd__a2bb2o_1)
     1    0.003502    0.049915    0.251120    1.625410 ^ _1065_/X (sky130_fd_sc_hd__a2bb2o_1)
                                                         _0396_ (net)
                      0.049915    0.000037    1.625448 ^ _1069_/A1 (sky130_fd_sc_hd__a21o_1)
     3    0.013522    0.123774    0.165147    1.790595 ^ _1069_/X (sky130_fd_sc_hd__a21o_1)
                                                         _0400_ (net)
                      0.123774    0.000491    1.791086 ^ rebuffer3/A (sky130_fd_sc_hd__dlymetal6s2s_1)
     1    0.002361    0.053038    0.119316    1.910402 ^ rebuffer3/X (sky130_fd_sc_hd__dlymetal6s2s_1)
                                                         net119 (net)
                      0.053038    0.000024    1.910426 ^ rebuffer2/A (sky130_fd_sc_hd__dlymetal6s2s_1)
     1    0.002753    0.056927    0.099047    2.009473 ^ rebuffer2/X (sky130_fd_sc_hd__dlymetal6s2s_1)
                                                         net118 (net)
                      0.056927    0.000013    2.009485 ^ _1071_/A2 (sky130_fd_sc_hd__a21oi_1)
     2    0.005571    0.086134    0.076984    2.086469 v _1071_/Y (sky130_fd_sc_hd__a21oi_1)
                                                         _0402_ (net)
                      0.086134    0.000068    2.086538 v _1073_/B (sky130_fd_sc_hd__or3b_4)
     3    0.008558    0.074028    0.393068    2.479606 v _1073_/X (sky130_fd_sc_hd__or3b_4)
                                                         _0404_ (net)
                      0.074028    0.000111    2.479717 v _1075_/B (sky130_fd_sc_hd__and3_4)
     2    0.013373    0.044207    0.192830    2.672547 v _1075_/X (sky130_fd_sc_hd__and3_4)
                                                         _0406_ (net)
                      0.044207    0.000159    2.672706 v _1078_/A2 (sky130_fd_sc_hd__o211a_1)
     2    0.008648    0.065683    0.230253    2.902959 v _1078_/X (sky130_fd_sc_hd__o211a_1)
                                                         _0409_ (net)
                      0.065683    0.000123    2.903082 v _1079_/C1 (sky130_fd_sc_hd__a211oi_2)
     5    0.016635    0.358451    0.301029    3.204111 ^ _1079_/Y (sky130_fd_sc_hd__a211oi_2)
                                                         _0410_ (net)
                      0.358451    0.000092    3.204203 ^ _1082_/B1 (sky130_fd_sc_hd__a211o_1)
     3    0.008092    0.081881    0.187332    3.391535 ^ _1082_/X (sky130_fd_sc_hd__a211o_1)
                                                         _0413_ (net)
                      0.081881    0.000082    3.391617 ^ _1126_/B1_N (sky130_fd_sc_hd__a21bo_1)
     2    0.005695    0.046820    0.215331    3.606948 v _1126_/X (sky130_fd_sc_hd__a21bo_1)
                                                         _0456_ (net)
                      0.046820    0.000039    3.606986 v _1196_/B1 (sky130_fd_sc_hd__a211o_1)
     2    0.008910    0.076112    0.298944    3.905930 v _1196_/X (sky130_fd_sc_hd__a211o_1)
                                                         _0524_ (net)
                      0.076112    0.000248    3.906178 v _1234_/A1 (sky130_fd_sc_hd__a31o_1)
     2    0.009354    0.064758    0.213992    4.120170 v _1234_/X (sky130_fd_sc_hd__a31o_1)
                                                         _0560_ (net)
                      0.064758    0.000079    4.120249 v _1247_/A (sky130_fd_sc_hd__nand2_2)
     1    0.005765    0.056830    0.066317    4.186566 ^ _1247_/Y (sky130_fd_sc_hd__nand2_2)
                                                         _0573_ (net)
                      0.056830    0.000038    4.186604 ^ _1266_/B1 (sky130_fd_sc_hd__o211a_4)
     6    0.038985    0.132861    0.229375    4.415980 ^ _1266_/X (sky130_fd_sc_hd__o211a_4)
                                                         _0591_ (net)
                      0.132922    0.002653    4.418633 ^ fanout53/A (sky130_fd_sc_hd__buf_4)
    10    0.050538    0.145023    0.217629    4.636262 ^ fanout53/X (sky130_fd_sc_hd__buf_4)
                                                         net53 (net)
                      0.145037    0.001480    4.637742 ^ _1293_/B (sky130_fd_sc_hd__xnor2_1)
     2    0.008757    0.089062    0.116510    4.754252 v _1293_/Y (sky130_fd_sc_hd__xnor2_1)
                                                         _0614_ (net)
                      0.089062    0.000102    4.754354 v _1299_/D (sky130_fd_sc_hd__or4_4)
     1    0.003344    0.080356    0.416561    5.170915 v _1299_/X (sky130_fd_sc_hd__or4_4)
                                                         _0619_ (net)
                      0.080356    0.000040    5.170954 v _1300_/B1 (sky130_fd_sc_hd__a311o_1)
     2    0.009015    0.083087    0.364002    5.534956 v _1300_/X (sky130_fd_sc_hd__a311o_1)
                                                         _0620_ (net)
                      0.083087    0.000226    5.535182 v _1329_/A2 (sky130_fd_sc_hd__a21o_1)
     3    0.011058    0.066619    0.223927    5.759109 v _1329_/X (sky130_fd_sc_hd__a21o_1)
                                                         _0645_ (net)
                      0.066619    0.000132    5.759240 v _1330_/A2 (sky130_fd_sc_hd__a21o_1)
     3    0.009700    0.061251    0.212506    5.971746 v _1330_/X (sky130_fd_sc_hd__a21o_1)
                                                         _0646_ (net)
                      0.061251    0.000083    5.971829 v _1335_/B1_N (sky130_fd_sc_hd__a21boi_1)
     1    0.005672    0.068209    0.142478    6.114307 v _1335_/Y (sky130_fd_sc_hd__a21boi_1)
                                                         _0650_ (net)
                      0.068209    0.000077    6.114384 v _1336_/B (sky130_fd_sc_hd__xnor2_1)
     1    0.003164    0.062821    0.129254    6.243639 v _1336_/Y (sky130_fd_sc_hd__xnor2_1)
                                                         _0651_ (net)
                      0.062821    0.000035    6.243674 v _1338_/A1 (sky130_fd_sc_hd__a211oi_1)
     1    0.002086    0.164530    0.184266    6.427940 ^ _1338_/Y (sky130_fd_sc_hd__a211oi_1)
                                                         _0074_ (net)
                      0.164530    0.000019    6.427959 ^ _1458_/D (sky130_fd_sc_hd__dfxtp_1)
                                              6.427959   data arrival time

                                 10.000000   10.000000   clock clk (rise edge)
                                  0.000000   10.000000   clock source latency
     1    0.024950    0.117791    0.081531   10.081532 ^ clk (in)
                                                         clk (net)
                      0.117803    0.000000   10.081532 ^ clkbuf_0_clk/A (sky130_fd_sc_hd__clkbuf_16)
     8    0.101812    0.118042    0.212409   10.293941 ^ clkbuf_0_clk/X (sky130_fd_sc_hd__clkbuf_16)
                                                         clknet_0_clk (net)
                      0.118180    0.003316   10.297256 ^ clkbuf_3_7__f_clk/A (sky130_fd_sc_hd__clkbuf_16)
    10    0.044183    0.063534    0.171616   10.468872 ^ clkbuf_3_7__f_clk/X (sky130_fd_sc_hd__clkbuf_16)
                                                         clknet_3_7__leaf_clk (net)
                      0.063541    0.000743   10.469616 ^ _1458_/CLK (sky130_fd_sc_hd__dfxtp_1)
                                 -0.250000   10.219616   clock uncertainty
                                  0.000000   10.219616   clock reconvergence pessimism
                                 -0.078864   10.140751   library setup time
                                             10.140751   data required time
---------------------------------------------------------------------------------------------
                                             10.140751   data required time
                                             -6.427959   data arrival time
---------------------------------------------------------------------------------------------
                                              3.712792   slack (MET)


Startpoint: _1425_ (rising edge-triggered flip-flop clocked by clk)
Endpoint: _1454_ (rising edge-triggered flip-flop clocked by clk)
Path Group: clk
Path Type: max

Fanout         Cap        Slew       Delay        Time   Description
---------------------------------------------------------------------------------------------
                                  0.000000    0.000000   clock clk (rise edge)
                                  0.000000    0.000000   clock source latency
     1    0.024950    0.117791    0.081531    0.081531 ^ clk (in)
                                                         clk (net)
                      0.117803    0.000000    0.081531 ^ clkbuf_0_clk/A (sky130_fd_sc_hd__clkbuf_16)
     8    0.101812    0.118042    0.212408    0.293940 ^ clkbuf_0_clk/X (sky130_fd_sc_hd__clkbuf_16)
                                                         clknet_0_clk (net)
                      0.118516    0.006031    0.299970 ^ clkbuf_3_1__f_clk/A (sky130_fd_sc_hd__clkbuf_16)
    13    0.045331    0.064568    0.172593    0.472564 ^ clkbuf_3_1__f_clk/X (sky130_fd_sc_hd__clkbuf_16)
                                                         clknet_3_1__leaf_clk (net)
                      0.064574    0.000684    0.473248 ^ _1425_/CLK (sky130_fd_sc_hd__dfxtp_4)
     3    0.011874    0.040038    0.350202    0.823451 v _1425_/Q (sky130_fd_sc_hd__dfxtp_4)
                                                         core_b[0] (net)
                      0.040038    0.000111    0.823561 v fanout79/A (sky130_fd_sc_hd__buf_8)
     5    0.020330    0.030797    0.121719    0.945280 v fanout79/X (sky130_fd_sc_hd__buf_8)
                                                         net79 (net)
                      0.030805    0.000408    0.945688 v _1019_/C (sky130_fd_sc_hd__and3_4)
     5    0.010747    0.040579    0.179503    1.125191 v _1019_/X (sky130_fd_sc_hd__and3_4)
                                                         _0351_ (net)
                      0.040579    0.000067    1.125258 v rebuffer13/A (sky130_fd_sc_hd__dlymetal6s4s_1)
     2    0.003693    0.042452    0.249019    1.374277 v rebuffer13/X (sky130_fd_sc_hd__dlymetal6s4s_1)
                                                         net129 (net)
                      0.042452    0.000013    1.374290 v _1065_/A1_N (sky130_fd_sc_hd__a2bb2o_1)
     1    0.003502    0.049915    0.251120    1.625410 ^ _1065_/X (sky130_fd_sc_hd__a2bb2o_1)
                                                         _0396_ (net)
                      0.049915    0.000037    1.625448 ^ _1069_/A1 (sky130_fd_sc_hd__a21o_1)
     3    0.013522    0.123774    0.165147    1.790595 ^ _1069_/X (sky130_fd_sc_hd__a21o_1)
                                                         _0400_ (net)
                      0.123774    0.000491    1.791086 ^ rebuffer3/A (sky130_fd_sc_hd__dlymetal6s2s_1)
     1    0.002361    0.053038    0.119316    1.910402 ^ rebuffer3/X (sky130_fd_sc_hd__dlymetal6s2s_1)
                                                         net119 (net)
                      0.053038    0.000024    1.910426 ^ rebuffer2/A (sky130_fd_sc_hd__dlymetal6s2s_1)
     1    0.002753    0.056927    0.099047    2.009473 ^ rebuffer2/X (sky130_fd_sc_hd__dlymetal6s2s_1)
                                                         net118 (net)
                      0.056927    0.000013    2.009485 ^ _1071_/A2 (sky130_fd_sc_hd__a21oi_1)
     2    0.005571    0.086134    0.076984    2.086469 v _1071_/Y (sky130_fd_sc_hd__a21oi_1)
                                                         _0402_ (net)
                      0.086134    0.000068    2.086538 v _1073_/B (sky130_fd_sc_hd__or3b_4)
     3    0.008558    0.074028    0.393068    2.479606 v _1073_/X (sky130_fd_sc_hd__or3b_4)
                                                         _0404_ (net)
                      0.074028    0.000111    2.479717 v _1075_/B (sky130_fd_sc_hd__and3_4)
     2    0.013373    0.044207    0.192830    2.672547 v _1075_/X (sky130_fd_sc_hd__and3_4)
                                                         _0406_ (net)
                      0.044207    0.000159    2.672706 v _1078_/A2 (sky130_fd_sc_hd__o211a_1)
     2    0.008648    0.065683    0.230253    2.902959 v _1078_/X (sky130_fd_sc_hd__o211a_1)
                                                         _0409_ (net)
                      0.065683    0.000123    2.903082 v _1079_/C1 (sky130_fd_sc_hd__a211oi_2)
     5    0.016635    0.358451    0.301029    3.204111 ^ _1079_/Y (sky130_fd_sc_hd__a211oi_2)
                                                         _0410_ (net)
                      0.358451    0.000092    3.204203 ^ _1082_/B1 (sky130_fd_sc_hd__a211o_1)
     3    0.008092    0.081881    0.187332    3.391535 ^ _1082_/X (sky130_fd_sc_hd__a211o_1)
                                                         _0413_ (net)
                      0.081881    0.000082    3.391617 ^ _1126_/B1_N (sky130_fd_sc_hd__a21bo_1)
     2    0.005695    0.046820    0.215331    3.606948 v _1126_/X (sky130_fd_sc_hd__a21bo_1)
                                                         _0456_ (net)
                      0.046820    0.000039    3.606986 v _1196_/B1 (sky130_fd_sc_hd__a211o_1)
     2    0.008910    0.076112    0.298944    3.905930 v _1196_/X (sky130_fd_sc_hd__a211o_1)
                                                         _0524_ (net)
                      0.076112    0.000248    3.906178 v _1234_/A1 (sky130_fd_sc_hd__a31o_1)
     2    0.009354    0.064758    0.213992    4.120170 v _1234_/X (sky130_fd_sc_hd__a31o_1)
                                                         _0560_ (net)
                      0.064758    0.000079    4.120249 v _1247_/A (sky130_fd_sc_hd__nand2_2)
     1    0.005765    0.056830    0.066317    4.186566 ^ _1247_/Y (sky130_fd_sc_hd__nand2_2)
                                                         _0573_ (net)
                      0.056830    0.000038    4.186604 ^ _1266_/B1 (sky130_fd_sc_hd__o211a_4)
     6    0.038985    0.132861    0.229375    4.415980 ^ _1266_/X (sky130_fd_sc_hd__o211a_4)
                                                         _0591_ (net)
                      0.132922    0.002653    4.418633 ^ fanout53/A (sky130_fd_sc_hd__buf_4)
    10    0.050538    0.145023    0.217629    4.636262 ^ fanout53/X (sky130_fd_sc_hd__buf_4)
                                                         net53 (net)
                      0.145037    0.001480    4.637742 ^ _1293_/B (sky130_fd_sc_hd__xnor2_1)
     2    0.008757    0.089062    0.116510    4.754252 v _1293_/Y (sky130_fd_sc_hd__xnor2_1)
                                                         _0614_ (net)
                      0.089062    0.000102    4.754354 v _1299_/D (sky130_fd_sc_hd__or4_4)
     1    0.003344    0.080356    0.416561    5.170915 v _1299_/X (sky130_fd_sc_hd__or4_4)
                                                         _0619_ (net)
                      0.080356    0.000040    5.170954 v _1300_/B1 (sky130_fd_sc_hd__a311o_1)
     2    0.009015    0.083087    0.364002    5.534956 v _1300_/X (sky130_fd_sc_hd__a311o_1)
                                                         _0620_ (net)
                      0.083087    0.000218    5.535175 v _1303_/A (sky130_fd_sc_hd__and2_4)
     2    0.005127    0.031064    0.151112    5.686287 v _1303_/X (sky130_fd_sc_hd__and2_4)
                                                         _0623_ (net)
                      0.031064    0.000049    5.686336 v _1304_/B (sky130_fd_sc_hd__or2_4)
     3    0.010623    0.054907    0.233568    5.919904 v _1304_/X (sky130_fd_sc_hd__or2_4)
                                                         _0624_ (net)
                      0.054907    0.000150    5.920054 v _1309_/B1_N (sky130_fd_sc_hd__a21bo_1)
     2    0.005838    0.059726    0.191338    6.111392 ^ _1309_/X (sky130_fd_sc_hd__a21bo_1)
                                                         _0628_ (net)
                      0.059726    0.000027    6.111419 ^ _1310_/A1 (sky130_fd_sc_hd__a21boi_1)
     1    0.002414    0.060877    0.055278    6.166697 v _1310_/Y (sky130_fd_sc_hd__a21boi_1)
                                                         _0629_ (net)
                      0.060877    0.000013    6.166710 v _1311_/B1 (sky130_fd_sc_hd__o21ai_1)
     1    0.002797    0.098423    0.075223    6.241933 ^ _1311_/Y (sky130_fd_sc_hd__o21ai_1)
                                                         _0630_ (net)
                      0.098423    0.000026    6.241959 ^ _1312_/C1 (sky130_fd_sc_hd__o211a_1)
     1    0.001986    0.038693    0.137876    6.379836 ^ _1312_/X (sky130_fd_sc_hd__o211a_1)
                                                         _0070_ (net)
                      0.038693    0.000010    6.379845 ^ _1454_/D (sky130_fd_sc_hd__dfxtp_1)
                                              6.379845   data arrival time

                                 10.000000   10.000000   clock clk (rise edge)
                                  0.000000   10.000000   clock source latency
     1    0.024950    0.117791    0.081531   10.081532 ^ clk (in)
                                                         clk (net)
                      0.117803    0.000000   10.081532 ^ clkbuf_0_clk/A (sky130_fd_sc_hd__clkbuf_16)
     8    0.101812    0.118042    0.212409   10.293941 ^ clkbuf_0_clk/X (sky130_fd_sc_hd__clkbuf_16)
                                                         clknet_0_clk (net)
                      0.118180    0.003316   10.297256 ^ clkbuf_3_7__f_clk/A (sky130_fd_sc_hd__clkbuf_16)
    10    0.044183    0.063534    0.171616   10.468872 ^ clkbuf_3_7__f_clk/X (sky130_fd_sc_hd__clkbuf_16)
                                                         clknet_3_7__leaf_clk (net)
                      0.063573    0.001402   10.470274 ^ _1454_/CLK (sky130_fd_sc_hd__dfxtp_1)
                                 -0.250000   10.220274   clock uncertainty
                                  0.000000   10.220274   clock reconvergence pessimism
                                 -0.049893   10.170381   library setup time
                                             10.170381   data required time
---------------------------------------------------------------------------------------------
                                             10.170381   data required time
                                             -6.379845   data arrival time
---------------------------------------------------------------------------------------------
                                              3.790535   slack (MET)


Startpoint: _1425_ (rising edge-triggered flip-flop clocked by clk)
Endpoint: _1457_ (rising edge-triggered flip-flop clocked by clk)
Path Group: clk
Path Type: max

Fanout         Cap        Slew       Delay        Time   Description
---------------------------------------------------------------------------------------------
                                  0.000000    0.000000   clock clk (rise edge)
                                  0.000000    0.000000   clock source latency
     1    0.024950    0.117791    0.081531    0.081531 ^ clk (in)
                                                         clk (net)
                      0.117803    0.000000    0.081531 ^ clkbuf_0_clk/A (sky130_fd_sc_hd__clkbuf_16)
     8    0.101812    0.118042    0.212408    0.293940 ^ clkbuf_0_clk/X (sky130_fd_sc_hd__clkbuf_16)
                                                         clknet_0_clk (net)
                      0.118516    0.006031    0.299970 ^ clkbuf_3_1__f_clk/A (sky130_fd_sc_hd__clkbuf_16)
    13    0.045331    0.064568    0.172593    0.472564 ^ clkbuf_3_1__f_clk/X (sky130_fd_sc_hd__clkbuf_16)
                                                         clknet_3_1__leaf_clk (net)
                      0.064574    0.000684    0.473248 ^ _1425_/CLK (sky130_fd_sc_hd__dfxtp_4)
     3    0.011874    0.040038    0.350202    0.823451 v _1425_/Q (sky130_fd_sc_hd__dfxtp_4)
                                                         core_b[0] (net)
                      0.040038    0.000111    0.823561 v fanout79/A (sky130_fd_sc_hd__buf_8)
     5    0.020330    0.030797    0.121719    0.945280 v fanout79/X (sky130_fd_sc_hd__buf_8)
                                                         net79 (net)
                      0.030805    0.000408    0.945688 v _1019_/C (sky130_fd_sc_hd__and3_4)
     5    0.010747    0.040579    0.179503    1.125191 v _1019_/X (sky130_fd_sc_hd__and3_4)
                                                         _0351_ (net)
                      0.040579    0.000067    1.125258 v rebuffer13/A (sky130_fd_sc_hd__dlymetal6s4s_1)
     2    0.003693    0.042452    0.249019    1.374277 v rebuffer13/X (sky130_fd_sc_hd__dlymetal6s4s_1)
                                                         net129 (net)
                      0.042452    0.000013    1.374290 v _1065_/A1_N (sky130_fd_sc_hd__a2bb2o_1)
     1    0.003502    0.049915    0.251120    1.625410 ^ _1065_/X (sky130_fd_sc_hd__a2bb2o_1)
                                                         _0396_ (net)
                      0.049915    0.000037    1.625448 ^ _1069_/A1 (sky130_fd_sc_hd__a21o_1)
     3    0.013522    0.123774    0.165147    1.790595 ^ _1069_/X (sky130_fd_sc_hd__a21o_1)
                                                         _0400_ (net)
                      0.123774    0.000491    1.791086 ^ rebuffer3/A (sky130_fd_sc_hd__dlymetal6s2s_1)
     1    0.002361    0.053038    0.119316    1.910402 ^ rebuffer3/X (sky130_fd_sc_hd__dlymetal6s2s_1)
                                                         net119 (net)
                      0.053038    0.000024    1.910426 ^ rebuffer2/A (sky130_fd_sc_hd__dlymetal6s2s_1)
     1    0.002753    0.056927    0.099047    2.009473 ^ rebuffer2/X (sky130_fd_sc_hd__dlymetal6s2s_1)
                                                         net118 (net)
                      0.056927    0.000013    2.009485 ^ _1071_/A2 (sky130_fd_sc_hd__a21oi_1)
     2    0.005571    0.086134    0.076984    2.086469 v _1071_/Y (sky130_fd_sc_hd__a21oi_1)
                                                         _0402_ (net)
                      0.086134    0.000068    2.086538 v _1073_/B (sky130_fd_sc_hd__or3b_4)
     3    0.008558    0.074028    0.393068    2.479606 v _1073_/X (sky130_fd_sc_hd__or3b_4)
                                                         _0404_ (net)
                      0.074028    0.000111    2.479717 v _1075_/B (sky130_fd_sc_hd__and3_4)
     2    0.013373    0.044207    0.192830    2.672547 v _1075_/X (sky130_fd_sc_hd__and3_4)
                                                         _0406_ (net)
                      0.044207    0.000159    2.672706 v _1078_/A2 (sky130_fd_sc_hd__o211a_1)
     2    0.008648    0.065683    0.230253    2.902959 v _1078_/X (sky130_fd_sc_hd__o211a_1)
                                                         _0409_ (net)
                      0.065683    0.000123    2.903082 v _1079_/C1 (sky130_fd_sc_hd__a211oi_2)
     5    0.016635    0.358451    0.301029    3.204111 ^ _1079_/Y (sky130_fd_sc_hd__a211oi_2)
                                                         _0410_ (net)
                      0.358451    0.000092    3.204203 ^ _1082_/B1 (sky130_fd_sc_hd__a211o_1)
     3    0.008092    0.081881    0.187332    3.391535 ^ _1082_/X (sky130_fd_sc_hd__a211o_1)
                                                         _0413_ (net)
                      0.081881    0.000082    3.391617 ^ _1126_/B1_N (sky130_fd_sc_hd__a21bo_1)
     2    0.005695    0.046820    0.215331    3.606948 v _1126_/X (sky130_fd_sc_hd__a21bo_1)
                                                         _0456_ (net)
                      0.046820    0.000039    3.606986 v _1196_/B1 (sky130_fd_sc_hd__a211o_1)
     2    0.008910    0.076112    0.298944    3.905930 v _1196_/X (sky130_fd_sc_hd__a211o_1)
                                                         _0524_ (net)
                      0.076112    0.000248    3.906178 v _1234_/A1 (sky130_fd_sc_hd__a31o_1)
     2    0.009354    0.064758    0.213992    4.120170 v _1234_/X (sky130_fd_sc_hd__a31o_1)
                                                         _0560_ (net)
                      0.064758    0.000079    4.120249 v _1247_/A (sky130_fd_sc_hd__nand2_2)
     1    0.005765    0.056830    0.066317    4.186566 ^ _1247_/Y (sky130_fd_sc_hd__nand2_2)
                                                         _0573_ (net)
                      0.056830    0.000038    4.186604 ^ _1266_/B1 (sky130_fd_sc_hd__o211a_4)
     6    0.038985    0.132861    0.229375    4.415980 ^ _1266_/X (sky130_fd_sc_hd__o211a_4)
                                                         _0591_ (net)
                      0.132922    0.002653    4.418633 ^ fanout53/A (sky130_fd_sc_hd__buf_4)
    10    0.050538    0.145023    0.217629    4.636262 ^ fanout53/X (sky130_fd_sc_hd__buf_4)
                                                         net53 (net)
                      0.145037    0.001480    4.637742 ^ _1293_/B (sky130_fd_sc_hd__xnor2_1)
     2    0.008757    0.089062    0.116510    4.754252 v _1293_/Y (sky130_fd_sc_hd__xnor2_1)
                                                         _0614_ (net)
                      0.089062    0.000102    4.754354 v _1299_/D (sky130_fd_sc_hd__or4_4)
     1    0.003344    0.080356    0.416561    5.170915 v _1299_/X (sky130_fd_sc_hd__or4_4)
                                                         _0619_ (net)
                      0.080356    0.000040    5.170954 v _1300_/B1 (sky130_fd_sc_hd__a311o_1)
     2    0.009015    0.083087    0.364002    5.534956 v _1300_/X (sky130_fd_sc_hd__a311o_1)
                                                         _0620_ (net)
                      0.083087    0.000226    5.535182 v _1329_/A2 (sky130_fd_sc_hd__a21o_1)
     3    0.011058    0.066619    0.223927    5.759109 v _1329_/X (sky130_fd_sc_hd__a21o_1)
                                                         _0645_ (net)
                      0.066619    0.000132    5.759240 v _1330_/A2 (sky130_fd_sc_hd__a21o_1)
     3    0.009700    0.061251    0.212506    5.971746 v _1330_/X (sky130_fd_sc_hd__a21o_1)
                                                         _0646_ (net)
                      0.061251    0.000055    5.971801 v _1332_/A1 (sky130_fd_sc_hd__a21bo_1)
     1    0.002862    0.034529    0.167820    6.139620 v _1332_/X (sky130_fd_sc_hd__a21bo_1)
                                                         _0648_ (net)
                      0.034529    0.000029    6.139649 v _1333_/C1 (sky130_fd_sc_hd__o211a_1)
     1    0.002706    0.037928    0.098604    6.238253 v _1333_/X (sky130_fd_sc_hd__o211a_1)
                                                         _0073_ (net)
                      0.037928    0.000029    6.238282 v _1457_/D (sky130_fd_sc_hd__dfxtp_2)
                                              6.238282   data arrival time

                                 10.000000   10.000000   clock clk (rise edge)
                                  0.000000   10.000000   clock source latency
     1    0.024950    0.117791    0.081531   10.081532 ^ clk (in)
                                                         clk (net)
                      0.117803    0.000000   10.081532 ^ clkbuf_0_clk/A (sky130_fd_sc_hd__clkbuf_16)
     8    0.101812    0.118042    0.212409   10.293941 ^ clkbuf_0_clk/X (sky130_fd_sc_hd__clkbuf_16)
                                                         clknet_0_clk (net)
                      0.118180    0.003316   10.297256 ^ clkbuf_3_7__f_clk/A (sky130_fd_sc_hd__clkbuf_16)
    10    0.044183    0.063534    0.171616   10.468872 ^ clkbuf_3_7__f_clk/X (sky130_fd_sc_hd__clkbuf_16)
                                                         clknet_3_7__leaf_clk (net)
                      0.063535    0.000473   10.469345 ^ _1457_/CLK (sky130_fd_sc_hd__dfxtp_2)
                                 -0.250000   10.219345   clock uncertainty
                                  0.000000   10.219345   clock reconvergence pessimism
                                 -0.105471   10.113874   library setup time
                                             10.113874   data required time
---------------------------------------------------------------------------------------------
                                             10.113874   data required time
                                             -6.238282   data arrival time
---------------------------------------------------------------------------------------------
                                              3.875592   slack (MET)


Startpoint: _1425_ (rising edge-triggered flip-flop clocked by clk)
Endpoint: _1453_ (rising edge-triggered flip-flop clocked by clk)
Path Group: clk
Path Type: max

Fanout         Cap        Slew       Delay        Time   Description
---------------------------------------------------------------------------------------------
                                  0.000000    0.000000   clock clk (rise edge)
                                  0.000000    0.000000   clock source latency
     1    0.024950    0.117791    0.081531    0.081531 ^ clk (in)
                                                         clk (net)
                      0.117803    0.000000    0.081531 ^ clkbuf_0_clk/A (sky130_fd_sc_hd__clkbuf_16)
     8    0.101812    0.118042    0.212408    0.293940 ^ clkbuf_0_clk/X (sky130_fd_sc_hd__clkbuf_16)
                                                         clknet_0_clk (net)
                      0.118516    0.006031    0.299970 ^ clkbuf_3_1__f_clk/A (sky130_fd_sc_hd__clkbuf_16)
    13    0.045331    0.064568    0.172593    0.472564 ^ clkbuf_3_1__f_clk/X (sky130_fd_sc_hd__clkbuf_16)
                                                         clknet_3_1__leaf_clk (net)
                      0.064574    0.000684    0.473248 ^ _1425_/CLK (sky130_fd_sc_hd__dfxtp_4)
     3    0.011874    0.040038    0.350202    0.823451 v _1425_/Q (sky130_fd_sc_hd__dfxtp_4)
                                                         core_b[0] (net)
                      0.040038    0.000111    0.823561 v fanout79/A (sky130_fd_sc_hd__buf_8)
     5    0.020330    0.030797    0.121719    0.945280 v fanout79/X (sky130_fd_sc_hd__buf_8)
                                                         net79 (net)
                      0.030805    0.000408    0.945688 v _1019_/C (sky130_fd_sc_hd__and3_4)
     5    0.010747    0.040579    0.179503    1.125191 v _1019_/X (sky130_fd_sc_hd__and3_4)
                                                         _0351_ (net)
                      0.040579    0.000067    1.125258 v rebuffer13/A (sky130_fd_sc_hd__dlymetal6s4s_1)
     2    0.003693    0.042452    0.249019    1.374277 v rebuffer13/X (sky130_fd_sc_hd__dlymetal6s4s_1)
                                                         net129 (net)
                      0.042452    0.000013    1.374290 v _1065_/A1_N (sky130_fd_sc_hd__a2bb2o_1)
     1    0.003502    0.049915    0.251120    1.625410 ^ _1065_/X (sky130_fd_sc_hd__a2bb2o_1)
                                                         _0396_ (net)
                      0.049915    0.000037    1.625448 ^ _1069_/A1 (sky130_fd_sc_hd__a21o_1)
     3    0.013522    0.123774    0.165147    1.790595 ^ _1069_/X (sky130_fd_sc_hd__a21o_1)
                                                         _0400_ (net)
                      0.123774    0.000491    1.791086 ^ rebuffer3/A (sky130_fd_sc_hd__dlymetal6s2s_1)
     1    0.002361    0.053038    0.119316    1.910402 ^ rebuffer3/X (sky130_fd_sc_hd__dlymetal6s2s_1)
                                                         net119 (net)
                      0.053038    0.000024    1.910426 ^ rebuffer2/A (sky130_fd_sc_hd__dlymetal6s2s_1)
     1    0.002753    0.056927    0.099047    2.009473 ^ rebuffer2/X (sky130_fd_sc_hd__dlymetal6s2s_1)
                                                         net118 (net)
                      0.056927    0.000013    2.009485 ^ _1071_/A2 (sky130_fd_sc_hd__a21oi_1)
     2    0.005571    0.086134    0.076984    2.086469 v _1071_/Y (sky130_fd_sc_hd__a21oi_1)
                                                         _0402_ (net)
                      0.086134    0.000068    2.086538 v _1073_/B (sky130_fd_sc_hd__or3b_4)
     3    0.008558    0.074028    0.393068    2.479606 v _1073_/X (sky130_fd_sc_hd__or3b_4)
                                                         _0404_ (net)
                      0.074028    0.000111    2.479717 v _1075_/B (sky130_fd_sc_hd__and3_4)
     2    0.013373    0.044207    0.192830    2.672547 v _1075_/X (sky130_fd_sc_hd__and3_4)
                                                         _0406_ (net)
                      0.044207    0.000159    2.672706 v _1078_/A2 (sky130_fd_sc_hd__o211a_1)
     2    0.008648    0.065683    0.230253    2.902959 v _1078_/X (sky130_fd_sc_hd__o211a_1)
                                                         _0409_ (net)
                      0.065683    0.000123    2.903082 v _1079_/C1 (sky130_fd_sc_hd__a211oi_2)
     5    0.016635    0.358451    0.301029    3.204111 ^ _1079_/Y (sky130_fd_sc_hd__a211oi_2)
                                                         _0410_ (net)
                      0.358451    0.000092    3.204203 ^ _1082_/B1 (sky130_fd_sc_hd__a211o_1)
     3    0.008092    0.081881    0.187332    3.391535 ^ _1082_/X (sky130_fd_sc_hd__a211o_1)
                                                         _0413_ (net)
                      0.081881    0.000082    3.391617 ^ _1126_/B1_N (sky130_fd_sc_hd__a21bo_1)
     2    0.005695    0.046820    0.215331    3.606948 v _1126_/X (sky130_fd_sc_hd__a21bo_1)
                                                         _0456_ (net)
                      0.046820    0.000039    3.606986 v _1196_/B1 (sky130_fd_sc_hd__a211o_1)
     2    0.008910    0.076112    0.298944    3.905930 v _1196_/X (sky130_fd_sc_hd__a211o_1)
                                                         _0524_ (net)
                      0.076112    0.000248    3.906178 v _1234_/A1 (sky130_fd_sc_hd__a31o_1)
     2    0.009354    0.064758    0.213992    4.120170 v _1234_/X (sky130_fd_sc_hd__a31o_1)
                                                         _0560_ (net)
                      0.064758    0.000079    4.120249 v _1247_/A (sky130_fd_sc_hd__nand2_2)
     1    0.005765    0.056830    0.066317    4.186566 ^ _1247_/Y (sky130_fd_sc_hd__nand2_2)
                                                         _0573_ (net)
                      0.056830    0.000038    4.186604 ^ _1266_/B1 (sky130_fd_sc_hd__o211a_4)
     6    0.038985    0.132861    0.229375    4.415980 ^ _1266_/X (sky130_fd_sc_hd__o211a_4)
                                                         _0591_ (net)
                      0.132922    0.002653    4.418633 ^ fanout53/A (sky130_fd_sc_hd__buf_4)
    10    0.050538    0.145023    0.217629    4.636262 ^ fanout53/X (sky130_fd_sc_hd__buf_4)
                                                         net53 (net)
                      0.145037    0.001480    4.637742 ^ _1293_/B (sky130_fd_sc_hd__xnor2_1)
     2    0.008757    0.089062    0.116510    4.754252 v _1293_/Y (sky130_fd_sc_hd__xnor2_1)
                                                         _0614_ (net)
                      0.089062    0.000102    4.754354 v _1299_/D (sky130_fd_sc_hd__or4_4)
     1    0.003344    0.080356    0.416561    5.170915 v _1299_/X (sky130_fd_sc_hd__or4_4)
                                                         _0619_ (net)
                      0.080356    0.000040    5.170954 v _1300_/B1 (sky130_fd_sc_hd__a311o_1)
     2    0.009015    0.083087    0.364002    5.534956 v _1300_/X (sky130_fd_sc_hd__a311o_1)
                                                         _0620_ (net)
                      0.083087    0.000218    5.535175 v _1303_/A (sky130_fd_sc_hd__and2_4)
     2    0.005127    0.031064    0.151112    5.686287 v _1303_/X (sky130_fd_sc_hd__and2_4)
                                                         _0623_ (net)
                      0.031064    0.000049    5.686336 v _1304_/B (sky130_fd_sc_hd__or2_4)
     3    0.010623    0.054907    0.233568    5.919904 v _1304_/X (sky130_fd_sc_hd__or2_4)
                                                         _0624_ (net)
                      0.054907    0.000092    5.919996 v _1306_/A2 (sky130_fd_sc_hd__a21bo_1)
     1    0.002707    0.033809    0.186758    6.106754 v _1306_/X (sky130_fd_sc_hd__a21bo_1)
                                                         _0626_ (net)
                      0.033809    0.000024    6.106778 v _1307_/C1 (sky130_fd_sc_hd__o211a_1)
     1    0.002171    0.035467    0.095127    6.201906 v _1307_/X (sky130_fd_sc_hd__o211a_1)
                                                         _0069_ (net)
                      0.035467    0.000012    6.201918 v _1453_/D (sky130_fd_sc_hd__dfxtp_2)
                                              6.201918   data arrival time

                                 10.000000   10.000000   clock clk (rise edge)
                                  0.000000   10.000000   clock source latency
     1    0.024950    0.117791    0.081531   10.081532 ^ clk (in)
                                                         clk (net)
                      0.117803    0.000000   10.081532 ^ clkbuf_0_clk/A (sky130_fd_sc_hd__clkbuf_16)
     8    0.101812    0.118042    0.212409   10.293941 ^ clkbuf_0_clk/X (sky130_fd_sc_hd__clkbuf_16)
                                                         clknet_0_clk (net)
                      0.118081    0.001788   10.295728 ^ clkbuf_3_4__f_clk/A (sky130_fd_sc_hd__clkbuf_16)
    11    0.040866    0.060539    0.169003   10.464730 ^ clkbuf_3_4__f_clk/X (sky130_fd_sc_hd__clkbuf_16)
                                                         clknet_3_4__leaf_clk (net)
                      0.060575    0.001304   10.466035 ^ _1453_/CLK (sky130_fd_sc_hd__dfxtp_2)
                                 -0.250000   10.216035   clock uncertainty
                                  0.000000   10.216035   clock reconvergence pessimism
                                 -0.105088   10.110946   library setup time
                                             10.110946   data required time
---------------------------------------------------------------------------------------------
                                             10.110946   data required time
                                             -6.201918   data arrival time
---------------------------------------------------------------------------------------------
                                              3.909028   slack (MET)


Startpoint: _1425_ (rising edge-triggered flip-flop clocked by clk)
Endpoint: _1452_ (rising edge-triggered flip-flop clocked by clk)
Path Group: clk
Path Type: max

Fanout         Cap        Slew       Delay        Time   Description
---------------------------------------------------------------------------------------------
                                  0.000000    0.000000   clock clk (rise edge)
                                  0.000000    0.000000   clock source latency
     1    0.024950    0.117791    0.081531    0.081531 ^ clk (in)
                                                         clk (net)
                      0.117803    0.000000    0.081531 ^ clkbuf_0_clk/A (sky130_fd_sc_hd__clkbuf_16)
     8    0.101812    0.118042    0.212408    0.293940 ^ clkbuf_0_clk/X (sky130_fd_sc_hd__clkbuf_16)
                                                         clknet_0_clk (net)
                      0.118516    0.006031    0.299970 ^ clkbuf_3_1__f_clk/A (sky130_fd_sc_hd__clkbuf_16)
    13    0.045331    0.064568    0.172593    0.472564 ^ clkbuf_3_1__f_clk/X (sky130_fd_sc_hd__clkbuf_16)
                                                         clknet_3_1__leaf_clk (net)
                      0.064574    0.000684    0.473248 ^ _1425_/CLK (sky130_fd_sc_hd__dfxtp_4)
     3    0.011874    0.040038    0.350202    0.823451 v _1425_/Q (sky130_fd_sc_hd__dfxtp_4)
                                                         core_b[0] (net)
                      0.040038    0.000111    0.823561 v fanout79/A (sky130_fd_sc_hd__buf_8)
     5    0.020330    0.030797    0.121719    0.945280 v fanout79/X (sky130_fd_sc_hd__buf_8)
                                                         net79 (net)
                      0.030805    0.000408    0.945688 v _1019_/C (sky130_fd_sc_hd__and3_4)
     5    0.010747    0.040579    0.179503    1.125191 v _1019_/X (sky130_fd_sc_hd__and3_4)
                                                         _0351_ (net)
                      0.040579    0.000067    1.125258 v rebuffer13/A (sky130_fd_sc_hd__dlymetal6s4s_1)
     2    0.003693    0.042452    0.249019    1.374277 v rebuffer13/X (sky130_fd_sc_hd__dlymetal6s4s_1)
                                                         net129 (net)
                      0.042452    0.000013    1.374290 v _1065_/A1_N (sky130_fd_sc_hd__a2bb2o_1)
     1    0.003502    0.049915    0.251120    1.625410 ^ _1065_/X (sky130_fd_sc_hd__a2bb2o_1)
                                                         _0396_ (net)
                      0.049915    0.000037    1.625448 ^ _1069_/A1 (sky130_fd_sc_hd__a21o_1)
     3    0.013522    0.123774    0.165147    1.790595 ^ _1069_/X (sky130_fd_sc_hd__a21o_1)
                                                         _0400_ (net)
                      0.123774    0.000491    1.791086 ^ rebuffer3/A (sky130_fd_sc_hd__dlymetal6s2s_1)
     1    0.002361    0.053038    0.119316    1.910402 ^ rebuffer3/X (sky130_fd_sc_hd__dlymetal6s2s_1)
                                                         net119 (net)
                      0.053038    0.000024    1.910426 ^ rebuffer2/A (sky130_fd_sc_hd__dlymetal6s2s_1)
     1    0.002753    0.056927    0.099047    2.009473 ^ rebuffer2/X (sky130_fd_sc_hd__dlymetal6s2s_1)
                                                         net118 (net)
                      0.056927    0.000013    2.009485 ^ _1071_/A2 (sky130_fd_sc_hd__a21oi_1)
     2    0.005571    0.086134    0.076984    2.086469 v _1071_/Y (sky130_fd_sc_hd__a21oi_1)
                                                         _0402_ (net)
                      0.086134    0.000068    2.086538 v _1073_/B (sky130_fd_sc_hd__or3b_4)
     3    0.008558    0.074028    0.393068    2.479606 v _1073_/X (sky130_fd_sc_hd__or3b_4)
                                                         _0404_ (net)
                      0.074028    0.000111    2.479717 v _1075_/B (sky130_fd_sc_hd__and3_4)
     2    0.013373    0.044207    0.192830    2.672547 v _1075_/X (sky130_fd_sc_hd__and3_4)
                                                         _0406_ (net)
                      0.044207    0.000159    2.672706 v _1078_/A2 (sky130_fd_sc_hd__o211a_1)
     2    0.008648    0.065683    0.230253    2.902959 v _1078_/X (sky130_fd_sc_hd__o211a_1)
                                                         _0409_ (net)
                      0.065683    0.000123    2.903082 v _1079_/C1 (sky130_fd_sc_hd__a211oi_2)
     5    0.016635    0.358451    0.301029    3.204111 ^ _1079_/Y (sky130_fd_sc_hd__a211oi_2)
                                                         _0410_ (net)
                      0.358451    0.000092    3.204203 ^ _1082_/B1 (sky130_fd_sc_hd__a211o_1)
     3    0.008092    0.081881    0.187332    3.391535 ^ _1082_/X (sky130_fd_sc_hd__a211o_1)
                                                         _0413_ (net)
                      0.081881    0.000082    3.391617 ^ _1126_/B1_N (sky130_fd_sc_hd__a21bo_1)
     2    0.005695    0.046820    0.215331    3.606948 v _1126_/X (sky130_fd_sc_hd__a21bo_1)
                                                         _0456_ (net)
                      0.046820    0.000039    3.606986 v _1196_/B1 (sky130_fd_sc_hd__a211o_1)
     2    0.008910    0.076112    0.298944    3.905930 v _1196_/X (sky130_fd_sc_hd__a211o_1)
                                                         _0524_ (net)
                      0.076112    0.000252    3.906182 v rebuffer5/A (sky130_fd_sc_hd__clkbuf_2)
     2    0.004314    0.028480    0.116746    4.022928 v rebuffer5/X (sky130_fd_sc_hd__clkbuf_2)
                                                         net121 (net)
                      0.028480    0.000028    4.022956 v _1225_/A3 (sky130_fd_sc_hd__a31o_1)
     1    0.008447    0.061522    0.231489    4.254445 v _1225_/X (sky130_fd_sc_hd__a31o_1)
                                                         _0552_ (net)
                      0.061522    0.000079    4.254524 v _1227_/B (sky130_fd_sc_hd__xor2_2)
     3    0.013299    0.200128    0.199309    4.453834 ^ _1227_/X (sky130_fd_sc_hd__xor2_2)
                                                         _0554_ (net)
                      0.200128    0.000117    4.453951 ^ _1228_/B (sky130_fd_sc_hd__xor2_1)
     2    0.004641    0.143516    0.186628    4.640578 ^ _1228_/X (sky130_fd_sc_hd__xor2_1)
                                                         _0555_ (net)
                      0.143516    0.000054    4.640633 ^ _1253_/B (sky130_fd_sc_hd__and2b_1)
     1    0.009842    0.098974    0.183974    4.824606 ^ _1253_/X (sky130_fd_sc_hd__and2b_1)
                                                         _0579_ (net)
                      0.098974    0.000118    4.824725 ^ _1254_/B1 (sky130_fd_sc_hd__o21ai_4)
     4    0.012307    0.059306    0.075810    4.900535 v _1254_/Y (sky130_fd_sc_hd__o21ai_4)
                                                         _0580_ (net)
                      0.059307    0.000187    4.900722 v _1276_/A1 (sky130_fd_sc_hd__a31o_1)
     2    0.005522    0.048749    0.188548    5.089270 v _1276_/X (sky130_fd_sc_hd__a31o_1)
                                                         _0600_ (net)
                      0.048749    0.000047    5.089317 v _1277_/B (sky130_fd_sc_hd__or2_4)
     3    0.011560    0.055908    0.241569    5.330886 v _1277_/X (sky130_fd_sc_hd__or2_4)
                                                         _0601_ (net)
                      0.055908    0.000109    5.330995 v _1289_/B1 (sky130_fd_sc_hd__a2bb2o_4)
     2    0.011644    0.043587    0.229937    5.560932 v _1289_/X (sky130_fd_sc_hd__a2bb2o_4)
                                                         _0611_ (net)
                      0.043620    0.000102    5.561034 v _1294_/A2 (sky130_fd_sc_hd__o21a_1)
     1    0.005439    0.046945    0.175777    5.736810 v _1294_/X (sky130_fd_sc_hd__o21a_1)
                                                         _0615_ (net)
                      0.046945    0.000070    5.736880 v _1295_/B (sky130_fd_sc_hd__xnor2_1)
     1    0.002742    0.117134    0.125913    5.862792 ^ _1295_/Y (sky130_fd_sc_hd__xnor2_1)
                                                         _0616_ (net)
                      0.117134    0.000015    5.862807 ^ _1296_/B (sky130_fd_sc_hd__nand2_1)
     1    0.002478    0.051830    0.063588    5.926395 v _1296_/Y (sky130_fd_sc_hd__nand2_1)
                                                         _0617_ (net)
                      0.051830    0.000011    5.926406 v _1297_/C1 (sky130_fd_sc_hd__o211a_1)
     1    0.002007    0.035713    0.101859    6.028265 v _1297_/X (sky130_fd_sc_hd__o211a_1)
                                                         _0068_ (net)
                      0.035713    0.000009    6.028274 v _1452_/D (sky130_fd_sc_hd__dfxtp_1)
                                              6.028274   data arrival time

                                 10.000000   10.000000   clock clk (rise edge)
                                  0.000000   10.000000   clock source latency
     1    0.024950    0.117791    0.081531   10.081532 ^ clk (in)
                                                         clk (net)
                      0.117803    0.000000   10.081532 ^ clkbuf_0_clk/A (sky130_fd_sc_hd__clkbuf_16)
     8    0.101812    0.118042    0.212409   10.293941 ^ clkbuf_0_clk/X (sky130_fd_sc_hd__clkbuf_16)
                                                         clknet_0_clk (net)
                      0.118081    0.001788   10.295728 ^ clkbuf_3_4__f_clk/A (sky130_fd_sc_hd__clkbuf_16)
    11    0.040866    0.060539    0.169003   10.464730 ^ clkbuf_3_4__f_clk/X (sky130_fd_sc_hd__clkbuf_16)
                                                         clknet_3_4__leaf_clk (net)
                      0.060566    0.001158   10.465889 ^ _1452_/CLK (sky130_fd_sc_hd__dfxtp_1)
                                 -0.250000   10.215889   clock uncertainty
                                  0.000000   10.215889   clock reconvergence pessimism
                                 -0.102820   10.113069   library setup time
                                             10.113069   data required time
---------------------------------------------------------------------------------------------
                                             10.113069   data required time
                                             -6.028274   data arrival time
---------------------------------------------------------------------------------------------
                                              4.084795   slack (MET)


Startpoint: _1425_ (rising edge-triggered flip-flop clocked by clk)
Endpoint: _1451_ (rising edge-triggered flip-flop clocked by clk)
Path Group: clk
Path Type: max

Fanout         Cap        Slew       Delay        Time   Description
---------------------------------------------------------------------------------------------
                                  0.000000    0.000000   clock clk (rise edge)
                                  0.000000    0.000000   clock source latency
     1    0.024950    0.117791    0.081531    0.081531 ^ clk (in)
                                                         clk (net)
                      0.117803    0.000000    0.081531 ^ clkbuf_0_clk/A (sky130_fd_sc_hd__clkbuf_16)
     8    0.101812    0.118042    0.212408    0.293940 ^ clkbuf_0_clk/X (sky130_fd_sc_hd__clkbuf_16)
                                                         clknet_0_clk (net)
                      0.118516    0.006031    0.299970 ^ clkbuf_3_1__f_clk/A (sky130_fd_sc_hd__clkbuf_16)
    13    0.045331    0.064568    0.172593    0.472564 ^ clkbuf_3_1__f_clk/X (sky130_fd_sc_hd__clkbuf_16)
                                                         clknet_3_1__leaf_clk (net)
                      0.064574    0.000684    0.473248 ^ _1425_/CLK (sky130_fd_sc_hd__dfxtp_4)
     3    0.011874    0.040038    0.350202    0.823451 v _1425_/Q (sky130_fd_sc_hd__dfxtp_4)
                                                         core_b[0] (net)
                      0.040038    0.000111    0.823561 v fanout79/A (sky130_fd_sc_hd__buf_8)
     5    0.020330    0.030797    0.121719    0.945280 v fanout79/X (sky130_fd_sc_hd__buf_8)
                                                         net79 (net)
                      0.030805    0.000408    0.945688 v _1019_/C (sky130_fd_sc_hd__and3_4)
     5    0.010747    0.040579    0.179503    1.125191 v _1019_/X (sky130_fd_sc_hd__and3_4)
                                                         _0351_ (net)
                      0.040579    0.000067    1.125258 v rebuffer13/A (sky130_fd_sc_hd__dlymetal6s4s_1)
     2    0.003693    0.042452    0.249019    1.374277 v rebuffer13/X (sky130_fd_sc_hd__dlymetal6s4s_1)
                                                         net129 (net)
                      0.042452    0.000013    1.374290 v _1065_/A1_N (sky130_fd_sc_hd__a2bb2o_1)
     1    0.003502    0.049915    0.251120    1.625410 ^ _1065_/X (sky130_fd_sc_hd__a2bb2o_1)
                                                         _0396_ (net)
                      0.049915    0.000037    1.625448 ^ _1069_/A1 (sky130_fd_sc_hd__a21o_1)
     3    0.013522    0.123774    0.165147    1.790595 ^ _1069_/X (sky130_fd_sc_hd__a21o_1)
                                                         _0400_ (net)
                      0.123774    0.000491    1.791086 ^ rebuffer3/A (sky130_fd_sc_hd__dlymetal6s2s_1)
     1    0.002361    0.053038    0.119316    1.910402 ^ rebuffer3/X (sky130_fd_sc_hd__dlymetal6s2s_1)
                                                         net119 (net)
                      0.053038    0.000024    1.910426 ^ rebuffer2/A (sky130_fd_sc_hd__dlymetal6s2s_1)
     1    0.002753    0.056927    0.099047    2.009473 ^ rebuffer2/X (sky130_fd_sc_hd__dlymetal6s2s_1)
                                                         net118 (net)
                      0.056927    0.000013    2.009485 ^ _1071_/A2 (sky130_fd_sc_hd__a21oi_1)
     2    0.005571    0.086134    0.076984    2.086469 v _1071_/Y (sky130_fd_sc_hd__a21oi_1)
                                                         _0402_ (net)
                      0.086134    0.000068    2.086538 v _1073_/B (sky130_fd_sc_hd__or3b_4)
     3    0.008558    0.074028    0.393068    2.479606 v _1073_/X (sky130_fd_sc_hd__or3b_4)
                                                         _0404_ (net)
                      0.074028    0.000111    2.479717 v _1075_/B (sky130_fd_sc_hd__and3_4)
     2    0.013373    0.044207    0.192830    2.672547 v _1075_/X (sky130_fd_sc_hd__and3_4)
                                                         _0406_ (net)
                      0.044207    0.000159    2.672706 v _1078_/A2 (sky130_fd_sc_hd__o211a_1)
     2    0.008648    0.065683    0.230253    2.902959 v _1078_/X (sky130_fd_sc_hd__o211a_1)
                                                         _0409_ (net)
                      0.065683    0.000123    2.903082 v _1079_/C1 (sky130_fd_sc_hd__a211oi_2)
     5    0.016635    0.358451    0.301029    3.204111 ^ _1079_/Y (sky130_fd_sc_hd__a211oi_2)
                                                         _0410_ (net)
                      0.358451    0.000092    3.204203 ^ _1082_/B1 (sky130_fd_sc_hd__a211o_1)
     3    0.008092    0.081881    0.187332    3.391535 ^ _1082_/X (sky130_fd_sc_hd__a211o_1)
                                                         _0413_ (net)
                      0.081881    0.000082    3.391617 ^ _1126_/B1_N (sky130_fd_sc_hd__a21bo_1)
     2    0.005695    0.046820    0.215331    3.606948 v _1126_/X (sky130_fd_sc_hd__a21bo_1)
                                                         _0456_ (net)
                      0.046820    0.000039    3.606986 v _1196_/B1 (sky130_fd_sc_hd__a211o_1)
     2    0.008910    0.076112    0.298944    3.905930 v _1196_/X (sky130_fd_sc_hd__a211o_1)
                                                         _0524_ (net)
                      0.076112    0.000252    3.906182 v rebuffer5/A (sky130_fd_sc_hd__clkbuf_2)
     2    0.004314    0.028480    0.116746    4.022928 v rebuffer5/X (sky130_fd_sc_hd__clkbuf_2)
                                                         net121 (net)
                      0.028480    0.000028    4.022956 v _1225_/A3 (sky130_fd_sc_hd__a31o_1)
     1    0.008447    0.061522    0.231489    4.254445 v _1225_/X (sky130_fd_sc_hd__a31o_1)
                                                         _0552_ (net)
                      0.061522    0.000079    4.254524 v _1227_/B (sky130_fd_sc_hd__xor2_2)
     3    0.013299    0.200128    0.199309    4.453834 ^ _1227_/X (sky130_fd_sc_hd__xor2_2)
                                                         _0554_ (net)
                      0.200128    0.000117    4.453951 ^ _1228_/B (sky130_fd_sc_hd__xor2_1)
     2    0.004641    0.143516    0.186628    4.640578 ^ _1228_/X (sky130_fd_sc_hd__xor2_1)
                                                         _0555_ (net)
                      0.143516    0.000054    4.640633 ^ _1253_/B (sky130_fd_sc_hd__and2b_1)
     1    0.009842    0.098974    0.183974    4.824606 ^ _1253_/X (sky130_fd_sc_hd__and2b_1)
                                                         _0579_ (net)
                      0.098974    0.000118    4.824725 ^ _1254_/B1 (sky130_fd_sc_hd__o21ai_4)
     4    0.012307    0.059306    0.075810    4.900535 v _1254_/Y (sky130_fd_sc_hd__o21ai_4)
                                                         _0580_ (net)
                      0.059307    0.000187    4.900722 v _1276_/A1 (sky130_fd_sc_hd__a31o_1)
     2    0.005522    0.048749    0.188548    5.089270 v _1276_/X (sky130_fd_sc_hd__a31o_1)
                                                         _0600_ (net)
                      0.048749    0.000047    5.089317 v _1277_/B (sky130_fd_sc_hd__or2_4)
     3    0.011560    0.055908    0.241569    5.330886 v _1277_/X (sky130_fd_sc_hd__or2_4)
                                                         _0601_ (net)
                      0.055908    0.000109    5.330995 v _1289_/B1 (sky130_fd_sc_hd__a2bb2o_4)
     2    0.011644    0.043587    0.229937    5.560932 v _1289_/X (sky130_fd_sc_hd__a2bb2o_4)
                                                         _0611_ (net)
                      0.043620    0.000149    5.561080 v _1290_/B (sky130_fd_sc_hd__xnor2_2)
     1    0.002762    0.099230    0.106720    5.667800 ^ _1290_/Y (sky130_fd_sc_hd__xnor2_2)
                                                         _0612_ (net)
                      0.099230    0.000024    5.667824 ^ _1291_/B (sky130_fd_sc_hd__nand2_1)
     1    0.002720    0.051668    0.060993    5.728817 v _1291_/Y (sky130_fd_sc_hd__nand2_1)
                                                         _0613_ (net)
                      0.051668    0.000025    5.728842 v _1292_/C1 (sky130_fd_sc_hd__o211a_1)
     1    0.002484    0.036950    0.104620    5.833461 v _1292_/X (sky130_fd_sc_hd__o211a_1)
                                                         _0067_ (net)
                      0.036950    0.000026    5.833488 v _1451_/D (sky130_fd_sc_hd__dfxtp_1)
                                              5.833488   data arrival time

                                 10.000000   10.000000   clock clk (rise edge)
                                  0.000000   10.000000   clock source latency
     1    0.024950    0.117791    0.081531   10.081532 ^ clk (in)
                                                         clk (net)
                      0.117803    0.000000   10.081532 ^ clkbuf_0_clk/A (sky130_fd_sc_hd__clkbuf_16)
     8    0.101812    0.118042    0.212409   10.293941 ^ clkbuf_0_clk/X (sky130_fd_sc_hd__clkbuf_16)
                                                         clknet_0_clk (net)
                      0.118081    0.001788   10.295728 ^ clkbuf_3_4__f_clk/A (sky130_fd_sc_hd__clkbuf_16)
    11    0.040866    0.060539    0.169003   10.464730 ^ clkbuf_3_4__f_clk/X (sky130_fd_sc_hd__clkbuf_16)
                                                         clknet_3_4__leaf_clk (net)
                      0.060539    0.000396   10.465127 ^ _1451_/CLK (sky130_fd_sc_hd__dfxtp_1)
                                 -0.250000   10.215127   clock uncertainty
                                  0.000000   10.215127   clock reconvergence pessimism
                                 -0.103369   10.111757   library setup time
                                             10.111757   data required time
---------------------------------------------------------------------------------------------
                                             10.111757   data required time
                                             -5.833488   data arrival time
---------------------------------------------------------------------------------------------
                                              4.278269   slack (MET)


Startpoint: _1425_ (rising edge-triggered flip-flop clocked by clk)
Endpoint: _1450_ (rising edge-triggered flip-flop clocked by clk)
Path Group: clk
Path Type: max

Fanout         Cap        Slew       Delay        Time   Description
---------------------------------------------------------------------------------------------
                                  0.000000    0.000000   clock clk (rise edge)
                                  0.000000    0.000000   clock source latency
     1    0.024950    0.117791    0.081531    0.081531 ^ clk (in)
                                                         clk (net)
                      0.117803    0.000000    0.081531 ^ clkbuf_0_clk/A (sky130_fd_sc_hd__clkbuf_16)
     8    0.101812    0.118042    0.212408    0.293940 ^ clkbuf_0_clk/X (sky130_fd_sc_hd__clkbuf_16)
                                                         clknet_0_clk (net)
                      0.118516    0.006031    0.299970 ^ clkbuf_3_1__f_clk/A (sky130_fd_sc_hd__clkbuf_16)
    13    0.045331    0.064568    0.172593    0.472564 ^ clkbuf_3_1__f_clk/X (sky130_fd_sc_hd__clkbuf_16)
                                                         clknet_3_1__leaf_clk (net)
                      0.064574    0.000684    0.473248 ^ _1425_/CLK (sky130_fd_sc_hd__dfxtp_4)
     3    0.011874    0.040038    0.350202    0.823451 v _1425_/Q (sky130_fd_sc_hd__dfxtp_4)
                                                         core_b[0] (net)
                      0.040038    0.000111    0.823561 v fanout79/A (sky130_fd_sc_hd__buf_8)
     5    0.020330    0.030797    0.121719    0.945280 v fanout79/X (sky130_fd_sc_hd__buf_8)
                                                         net79 (net)
                      0.030805    0.000408    0.945688 v _1019_/C (sky130_fd_sc_hd__and3_4)
     5    0.010747    0.040579    0.179503    1.125191 v _1019_/X (sky130_fd_sc_hd__and3_4)
                                                         _0351_ (net)
                      0.040579    0.000067    1.125258 v rebuffer13/A (sky130_fd_sc_hd__dlymetal6s4s_1)
     2    0.003693    0.042452    0.249019    1.374277 v rebuffer13/X (sky130_fd_sc_hd__dlymetal6s4s_1)
                                                         net129 (net)
                      0.042452    0.000013    1.374290 v _1065_/A1_N (sky130_fd_sc_hd__a2bb2o_1)
     1    0.003502    0.049915    0.251120    1.625410 ^ _1065_/X (sky130_fd_sc_hd__a2bb2o_1)
                                                         _0396_ (net)
                      0.049915    0.000037    1.625448 ^ _1069_/A1 (sky130_fd_sc_hd__a21o_1)
     3    0.013522    0.123774    0.165147    1.790595 ^ _1069_/X (sky130_fd_sc_hd__a21o_1)
                                                         _0400_ (net)
                      0.123774    0.000491    1.791086 ^ rebuffer3/A (sky130_fd_sc_hd__dlymetal6s2s_1)
     1    0.002361    0.053038    0.119316    1.910402 ^ rebuffer3/X (sky130_fd_sc_hd__dlymetal6s2s_1)
                                                         net119 (net)
                      0.053038    0.000024    1.910426 ^ rebuffer2/A (sky130_fd_sc_hd__dlymetal6s2s_1)
     1    0.002753    0.056927    0.099047    2.009473 ^ rebuffer2/X (sky130_fd_sc_hd__dlymetal6s2s_1)
                                                         net118 (net)
                      0.056927    0.000013    2.009485 ^ _1071_/A2 (sky130_fd_sc_hd__a21oi_1)
     2    0.005571    0.086134    0.076984    2.086469 v _1071_/Y (sky130_fd_sc_hd__a21oi_1)
                                                         _0402_ (net)
                      0.086134    0.000068    2.086538 v _1073_/B (sky130_fd_sc_hd__or3b_4)
     3    0.008558    0.074028    0.393068    2.479606 v _1073_/X (sky130_fd_sc_hd__or3b_4)
                                                         _0404_ (net)
                      0.074028    0.000111    2.479717 v _1075_/B (sky130_fd_sc_hd__and3_4)
     2    0.013373    0.044207    0.192830    2.672547 v _1075_/X (sky130_fd_sc_hd__and3_4)
                                                         _0406_ (net)
                      0.044207    0.000159    2.672706 v _1078_/A2 (sky130_fd_sc_hd__o211a_1)
     2    0.008648    0.065683    0.230253    2.902959 v _1078_/X (sky130_fd_sc_hd__o211a_1)
                                                         _0409_ (net)
                      0.065683    0.000123    2.903082 v _1079_/C1 (sky130_fd_sc_hd__a211oi_2)
     5    0.016635    0.358451    0.301029    3.204111 ^ _1079_/Y (sky130_fd_sc_hd__a211oi_2)
                                                         _0410_ (net)
                      0.358451    0.000092    3.204203 ^ _1082_/B1 (sky130_fd_sc_hd__a211o_1)
     3    0.008092    0.081881    0.187332    3.391535 ^ _1082_/X (sky130_fd_sc_hd__a211o_1)
                                                         _0413_ (net)
                      0.081881    0.000082    3.391617 ^ _1126_/B1_N (sky130_fd_sc_hd__a21bo_1)
     2    0.005695    0.046820    0.215331    3.606948 v _1126_/X (sky130_fd_sc_hd__a21bo_1)
                                                         _0456_ (net)
                      0.046820    0.000039    3.606986 v _1196_/B1 (sky130_fd_sc_hd__a211o_1)
     2    0.008910    0.076112    0.298944    3.905930 v _1196_/X (sky130_fd_sc_hd__a211o_1)
                                                         _0524_ (net)
                      0.076112    0.000252    3.906182 v rebuffer5/A (sky130_fd_sc_hd__clkbuf_2)
     2    0.004314    0.028480    0.116746    4.022928 v rebuffer5/X (sky130_fd_sc_hd__clkbuf_2)
                                                         net121 (net)
                      0.028480    0.000028    4.022956 v _1225_/A3 (sky130_fd_sc_hd__a31o_1)
     1    0.008447    0.061522    0.231489    4.254445 v _1225_/X (sky130_fd_sc_hd__a31o_1)
                                                         _0552_ (net)
                      0.061522    0.000079    4.254524 v _1227_/B (sky130_fd_sc_hd__xor2_2)
     3    0.013299    0.200128    0.199309    4.453834 ^ _1227_/X (sky130_fd_sc_hd__xor2_2)
                                                         _0554_ (net)
                      0.200128    0.000117    4.453951 ^ _1228_/B (sky130_fd_sc_hd__xor2_1)
     2    0.004641    0.143516    0.186628    4.640578 ^ _1228_/X (sky130_fd_sc_hd__xor2_1)
                                                         _0555_ (net)
                      0.143516    0.000054    4.640633 ^ _1253_/B (sky130_fd_sc_hd__and2b_1)
     1    0.009842    0.098974    0.183974    4.824606 ^ _1253_/X (sky130_fd_sc_hd__and2b_1)
                                                         _0579_ (net)
                      0.098974    0.000118    4.824725 ^ _1254_/B1 (sky130_fd_sc_hd__o21ai_4)
     4    0.012307    0.059306    0.075810    4.900535 v _1254_/Y (sky130_fd_sc_hd__o21ai_4)
                                                         _0580_ (net)
                      0.059307    0.000187    4.900722 v _1276_/A1 (sky130_fd_sc_hd__a31o_1)
     2    0.005522    0.048749    0.188548    5.089270 v _1276_/X (sky130_fd_sc_hd__a31o_1)
                                                         _0600_ (net)
                      0.048749    0.000047    5.089317 v _1277_/B (sky130_fd_sc_hd__or2_4)
     3    0.011560    0.055908    0.241569    5.330886 v _1277_/X (sky130_fd_sc_hd__or2_4)
                                                         _0601_ (net)
                      0.055908    0.000119    5.331005 v _1282_/B1_N (sky130_fd_sc_hd__a21bo_1)
     2    0.006224    0.064813    0.194025    5.525030 ^ _1282_/X (sky130_fd_sc_hd__a21bo_1)
                                                         _0605_ (net)
                      0.064813    0.000071    5.525101 ^ _1283_/A1 (sky130_fd_sc_hd__a21boi_1)
     1    0.002250    0.045759    0.055890    5.580990 v _1283_/Y (sky130_fd_sc_hd__a21boi_1)
                                                         _0606_ (net)
                      0.045759    0.000010    5.581001 v _1284_/B1 (sky130_fd_sc_hd__o21ai_1)
     1    0.003779    0.114451    0.077617    5.658618 ^ _1284_/Y (sky130_fd_sc_hd__o21ai_1)
                                                         _0607_ (net)
                      0.114451    0.000049    5.658668 ^ _1285_/C1 (sky130_fd_sc_hd__o211a_1)
     1    0.002583    0.043024    0.147653    5.806321 ^ _1285_/X (sky130_fd_sc_hd__o211a_1)
                                                         _0066_ (net)
                      0.043024    0.000028    5.806349 ^ _1450_/D (sky130_fd_sc_hd__dfxtp_1)
                                              5.806349   data arrival time

                                 10.000000   10.000000   clock clk (rise edge)
                                  0.000000   10.000000   clock source latency
     1    0.024950    0.117791    0.081531   10.081532 ^ clk (in)
                                                         clk (net)
                      0.117803    0.000000   10.081532 ^ clkbuf_0_clk/A (sky130_fd_sc_hd__clkbuf_16)
     8    0.101812    0.118042    0.212409   10.293941 ^ clkbuf_0_clk/X (sky130_fd_sc_hd__clkbuf_16)
                                                         clknet_0_clk (net)
                      0.118180    0.003316   10.297256 ^ clkbuf_3_7__f_clk/A (sky130_fd_sc_hd__clkbuf_16)
    10    0.044183    0.063534    0.171616   10.468872 ^ clkbuf_3_7__f_clk/X (sky130_fd_sc_hd__clkbuf_16)
                                                         clknet_3_7__leaf_clk (net)
                      0.063535    0.000509   10.469381 ^ _1450_/CLK (sky130_fd_sc_hd__dfxtp_1)
                                 -0.250000   10.219381   clock uncertainty
                                  0.000000   10.219381   clock reconvergence pessimism
                                 -0.050896   10.168486   library setup time
                                             10.168486   data required time
---------------------------------------------------------------------------------------------
                                             10.168486   data required time
                                             -5.806349   data arrival time
---------------------------------------------------------------------------------------------
                                              4.362137   slack (MET)


Startpoint: _1425_ (rising edge-triggered flip-flop clocked by clk)
Endpoint: _1449_ (rising edge-triggered flip-flop clocked by clk)
Path Group: clk
Path Type: max

Fanout         Cap        Slew       Delay        Time   Description
---------------------------------------------------------------------------------------------
                                  0.000000    0.000000   clock clk (rise edge)
                                  0.000000    0.000000   clock source latency
     1    0.024950    0.117791    0.081531    0.081531 ^ clk (in)
                                                         clk (net)
                      0.117803    0.000000    0.081531 ^ clkbuf_0_clk/A (sky130_fd_sc_hd__clkbuf_16)
     8    0.101812    0.118042    0.212408    0.293940 ^ clkbuf_0_clk/X (sky130_fd_sc_hd__clkbuf_16)
                                                         clknet_0_clk (net)
                      0.118516    0.006031    0.299970 ^ clkbuf_3_1__f_clk/A (sky130_fd_sc_hd__clkbuf_16)
    13    0.045331    0.064568    0.172593    0.472564 ^ clkbuf_3_1__f_clk/X (sky130_fd_sc_hd__clkbuf_16)
                                                         clknet_3_1__leaf_clk (net)
                      0.064574    0.000684    0.473248 ^ _1425_/CLK (sky130_fd_sc_hd__dfxtp_4)
     3    0.011874    0.040038    0.350202    0.823451 v _1425_/Q (sky130_fd_sc_hd__dfxtp_4)
                                                         core_b[0] (net)
                      0.040038    0.000111    0.823561 v fanout79/A (sky130_fd_sc_hd__buf_8)
     5    0.020330    0.030797    0.121719    0.945280 v fanout79/X (sky130_fd_sc_hd__buf_8)
                                                         net79 (net)
                      0.030805    0.000408    0.945688 v _1019_/C (sky130_fd_sc_hd__and3_4)
     5    0.010747    0.040579    0.179503    1.125191 v _1019_/X (sky130_fd_sc_hd__and3_4)
                                                         _0351_ (net)
                      0.040579    0.000067    1.125258 v rebuffer13/A (sky130_fd_sc_hd__dlymetal6s4s_1)
     2    0.003693    0.042452    0.249019    1.374277 v rebuffer13/X (sky130_fd_sc_hd__dlymetal6s4s_1)
                                                         net129 (net)
                      0.042452    0.000013    1.374290 v _1065_/A1_N (sky130_fd_sc_hd__a2bb2o_1)
     1    0.003502    0.049915    0.251120    1.625410 ^ _1065_/X (sky130_fd_sc_hd__a2bb2o_1)
                                                         _0396_ (net)
                      0.049915    0.000037    1.625448 ^ _1069_/A1 (sky130_fd_sc_hd__a21o_1)
     3    0.013522    0.123774    0.165147    1.790595 ^ _1069_/X (sky130_fd_sc_hd__a21o_1)
                                                         _0400_ (net)
                      0.123774    0.000491    1.791086 ^ rebuffer3/A (sky130_fd_sc_hd__dlymetal6s2s_1)
     1    0.002361    0.053038    0.119316    1.910402 ^ rebuffer3/X (sky130_fd_sc_hd__dlymetal6s2s_1)
                                                         net119 (net)
                      0.053038    0.000024    1.910426 ^ rebuffer2/A (sky130_fd_sc_hd__dlymetal6s2s_1)
     1    0.002753    0.056927    0.099047    2.009473 ^ rebuffer2/X (sky130_fd_sc_hd__dlymetal6s2s_1)
                                                         net118 (net)
                      0.056927    0.000013    2.009485 ^ _1071_/A2 (sky130_fd_sc_hd__a21oi_1)
     2    0.005571    0.086134    0.076984    2.086469 v _1071_/Y (sky130_fd_sc_hd__a21oi_1)
                                                         _0402_ (net)
                      0.086134    0.000068    2.086538 v _1073_/B (sky130_fd_sc_hd__or3b_4)
     3    0.008558    0.074028    0.393068    2.479606 v _1073_/X (sky130_fd_sc_hd__or3b_4)
                                                         _0404_ (net)
                      0.074028    0.000111    2.479717 v _1075_/B (sky130_fd_sc_hd__and3_4)
     2    0.013373    0.044207    0.192830    2.672547 v _1075_/X (sky130_fd_sc_hd__and3_4)
                                                         _0406_ (net)
                      0.044207    0.000159    2.672706 v _1078_/A2 (sky130_fd_sc_hd__o211a_1)
     2    0.008648    0.065683    0.230253    2.902959 v _1078_/X (sky130_fd_sc_hd__o211a_1)
                                                         _0409_ (net)
                      0.065683    0.000123    2.903082 v _1079_/C1 (sky130_fd_sc_hd__a211oi_2)
     5    0.016635    0.358451    0.301029    3.204111 ^ _1079_/Y (sky130_fd_sc_hd__a211oi_2)
                                                         _0410_ (net)
                      0.358451    0.000092    3.204203 ^ _1082_/B1 (sky130_fd_sc_hd__a211o_1)
     3    0.008092    0.081881    0.187332    3.391535 ^ _1082_/X (sky130_fd_sc_hd__a211o_1)
                                                         _0413_ (net)
                      0.081881    0.000082    3.391617 ^ _1126_/B1_N (sky130_fd_sc_hd__a21bo_1)
     2    0.005695    0.046820    0.215331    3.606948 v _1126_/X (sky130_fd_sc_hd__a21bo_1)
                                                         _0456_ (net)
                      0.046820    0.000039    3.606986 v _1196_/B1 (sky130_fd_sc_hd__a211o_1)
     2    0.008910    0.076112    0.298944    3.905930 v _1196_/X (sky130_fd_sc_hd__a211o_1)
                                                         _0524_ (net)
                      0.076112    0.000252    3.906182 v rebuffer5/A (sky130_fd_sc_hd__clkbuf_2)
     2    0.004314    0.028480    0.116746    4.022928 v rebuffer5/X (sky130_fd_sc_hd__clkbuf_2)
                                                         net121 (net)
                      0.028480    0.000028    4.022956 v _1225_/A3 (sky130_fd_sc_hd__a31o_1)
     1    0.008447    0.061522    0.231489    4.254445 v _1225_/X (sky130_fd_sc_hd__a31o_1)
                                                         _0552_ (net)
                      0.061522    0.000079    4.254524 v _1227_/B (sky130_fd_sc_hd__xor2_2)
     3    0.013299    0.200128    0.199309    4.453834 ^ _1227_/X (sky130_fd_sc_hd__xor2_2)
                                                         _0554_ (net)
                      0.200128    0.000117    4.453951 ^ _1228_/B (sky130_fd_sc_hd__xor2_1)
     2    0.004641    0.143516    0.186628    4.640578 ^ _1228_/X (sky130_fd_sc_hd__xor2_1)
                                                         _0555_ (net)
                      0.143516    0.000054    4.640633 ^ _1253_/B (sky130_fd_sc_hd__and2b_1)
     1    0.009842    0.098974    0.183974    4.824606 ^ _1253_/X (sky130_fd_sc_hd__and2b_1)
                                                         _0579_ (net)
                      0.098974    0.000118    4.824725 ^ _1254_/B1 (sky130_fd_sc_hd__o21ai_4)
     4    0.012307    0.059306    0.075810    4.900535 v _1254_/Y (sky130_fd_sc_hd__o21ai_4)
                                                         _0580_ (net)
                      0.059307    0.000187    4.900722 v _1276_/A1 (sky130_fd_sc_hd__a31o_1)
     2    0.005522    0.048749    0.188548    5.089270 v _1276_/X (sky130_fd_sc_hd__a31o_1)
                                                         _0600_ (net)
                      0.048749    0.000047    5.089317 v _1277_/B (sky130_fd_sc_hd__or2_4)
     3    0.011560    0.055908    0.241569    5.330886 v _1277_/X (sky130_fd_sc_hd__or2_4)
                                                         _0601_ (net)
                      0.055908    0.000037    5.330923 v _1279_/A1 (sky130_fd_sc_hd__a21bo_1)
     1    0.002635    0.033477    0.164248    5.495171 v _1279_/X (sky130_fd_sc_hd__a21bo_1)
                                                         _0603_ (net)
                      0.033477    0.000023    5.495194 v _1280_/C1 (sky130_fd_sc_hd__o211a_1)
     1    0.002427    0.036794    0.096502    5.591696 v _1280_/X (sky130_fd_sc_hd__o211a_1)
                                                         _0065_ (net)
                      0.036794    0.000016    5.591712 v _1449_/D (sky130_fd_sc_hd__dfxtp_1)
                                              5.591712   data arrival time

                                 10.000000   10.000000   clock clk (rise edge)
                                  0.000000   10.000000   clock source latency
     1    0.024950    0.117791    0.081531   10.081532 ^ clk (in)
                                                         clk (net)
                      0.117803    0.000000   10.081532 ^ clkbuf_0_clk/A (sky130_fd_sc_hd__clkbuf_16)
     8    0.101812    0.118042    0.212409   10.293941 ^ clkbuf_0_clk/X (sky130_fd_sc_hd__clkbuf_16)
                                                         clknet_0_clk (net)
                      0.118081    0.001788   10.295728 ^ clkbuf_3_4__f_clk/A (sky130_fd_sc_hd__clkbuf_16)
    11    0.040866    0.060539    0.169003   10.464730 ^ clkbuf_3_4__f_clk/X (sky130_fd_sc_hd__clkbuf_16)
                                                         clknet_3_4__leaf_clk (net)
                      0.060581    0.001391   10.466122 ^ _1449_/CLK (sky130_fd_sc_hd__dfxtp_1)
                                 -0.250000   10.216122   clock uncertainty
                                  0.000000   10.216122   clock reconvergence pessimism
                                 -0.103291   10.112831   library setup time
                                             10.112831   data required time
---------------------------------------------------------------------------------------------
                                             10.112831   data required time
                                             -5.591712   data arrival time
---------------------------------------------------------------------------------------------
                                              4.521119   slack (MET)


Startpoint: _1425_ (rising edge-triggered flip-flop clocked by clk)
Endpoint: _1448_ (rising edge-triggered flip-flop clocked by clk)
Path Group: clk
Path Type: max

Fanout         Cap        Slew       Delay        Time   Description
---------------------------------------------------------------------------------------------
                                  0.000000    0.000000   clock clk (rise edge)
                                  0.000000    0.000000   clock source latency
     1    0.024950    0.117791    0.081531    0.081531 ^ clk (in)
                                                         clk (net)
                      0.117803    0.000000    0.081531 ^ clkbuf_0_clk/A (sky130_fd_sc_hd__clkbuf_16)
     8    0.101812    0.118042    0.212408    0.293940 ^ clkbuf_0_clk/X (sky130_fd_sc_hd__clkbuf_16)
                                                         clknet_0_clk (net)
                      0.118516    0.006031    0.299970 ^ clkbuf_3_1__f_clk/A (sky130_fd_sc_hd__clkbuf_16)
    13    0.045331    0.064568    0.172593    0.472564 ^ clkbuf_3_1__f_clk/X (sky130_fd_sc_hd__clkbuf_16)
                                                         clknet_3_1__leaf_clk (net)
                      0.064574    0.000684    0.473248 ^ _1425_/CLK (sky130_fd_sc_hd__dfxtp_4)
     3    0.011874    0.040038    0.350202    0.823451 v _1425_/Q (sky130_fd_sc_hd__dfxtp_4)
                                                         core_b[0] (net)
                      0.040038    0.000111    0.823561 v fanout79/A (sky130_fd_sc_hd__buf_8)
     5    0.020330    0.030797    0.121719    0.945280 v fanout79/X (sky130_fd_sc_hd__buf_8)
                                                         net79 (net)
                      0.030805    0.000408    0.945688 v _1019_/C (sky130_fd_sc_hd__and3_4)
     5    0.010747    0.040579    0.179503    1.125191 v _1019_/X (sky130_fd_sc_hd__and3_4)
                                                         _0351_ (net)
                      0.040579    0.000067    1.125258 v rebuffer13/A (sky130_fd_sc_hd__dlymetal6s4s_1)
     2    0.003693    0.042452    0.249019    1.374277 v rebuffer13/X (sky130_fd_sc_hd__dlymetal6s4s_1)
                                                         net129 (net)
                      0.042452    0.000013    1.374290 v _1065_/A1_N (sky130_fd_sc_hd__a2bb2o_1)
     1    0.003502    0.049915    0.251120    1.625410 ^ _1065_/X (sky130_fd_sc_hd__a2bb2o_1)
                                                         _0396_ (net)
                      0.049915    0.000037    1.625448 ^ _1069_/A1 (sky130_fd_sc_hd__a21o_1)
     3    0.013522    0.123774    0.165147    1.790595 ^ _1069_/X (sky130_fd_sc_hd__a21o_1)
                                                         _0400_ (net)
                      0.123774    0.000491    1.791086 ^ rebuffer3/A (sky130_fd_sc_hd__dlymetal6s2s_1)
     1    0.002361    0.053038    0.119316    1.910402 ^ rebuffer3/X (sky130_fd_sc_hd__dlymetal6s2s_1)
                                                         net119 (net)
                      0.053038    0.000024    1.910426 ^ rebuffer2/A (sky130_fd_sc_hd__dlymetal6s2s_1)
     1    0.002753    0.056927    0.099047    2.009473 ^ rebuffer2/X (sky130_fd_sc_hd__dlymetal6s2s_1)
                                                         net118 (net)
                      0.056927    0.000013    2.009485 ^ _1071_/A2 (sky130_fd_sc_hd__a21oi_1)
     2    0.005571    0.086134    0.076984    2.086469 v _1071_/Y (sky130_fd_sc_hd__a21oi_1)
                                                         _0402_ (net)
                      0.086134    0.000068    2.086538 v _1073_/B (sky130_fd_sc_hd__or3b_4)
     3    0.008558    0.074028    0.393068    2.479606 v _1073_/X (sky130_fd_sc_hd__or3b_4)
                                                         _0404_ (net)
                      0.074028    0.000111    2.479717 v _1075_/B (sky130_fd_sc_hd__and3_4)
     2    0.013373    0.044207    0.192830    2.672547 v _1075_/X (sky130_fd_sc_hd__and3_4)
                                                         _0406_ (net)
                      0.044207    0.000159    2.672706 v _1078_/A2 (sky130_fd_sc_hd__o211a_1)
     2    0.008648    0.065683    0.230253    2.902959 v _1078_/X (sky130_fd_sc_hd__o211a_1)
                                                         _0409_ (net)
                      0.065683    0.000123    2.903082 v _1079_/C1 (sky130_fd_sc_hd__a211oi_2)
     5    0.016635    0.358451    0.301029    3.204111 ^ _1079_/Y (sky130_fd_sc_hd__a211oi_2)
                                                         _0410_ (net)
                      0.358451    0.000092    3.204203 ^ _1082_/B1 (sky130_fd_sc_hd__a211o_1)
     3    0.008092    0.081881    0.187332    3.391535 ^ _1082_/X (sky130_fd_sc_hd__a211o_1)
                                                         _0413_ (net)
                      0.081881    0.000082    3.391617 ^ _1126_/B1_N (sky130_fd_sc_hd__a21bo_1)
     2    0.005695    0.046820    0.215331    3.606948 v _1126_/X (sky130_fd_sc_hd__a21bo_1)
                                                         _0456_ (net)
                      0.046820    0.000039    3.606986 v _1196_/B1 (sky130_fd_sc_hd__a211o_1)
     2    0.008910    0.076112    0.298944    3.905930 v _1196_/X (sky130_fd_sc_hd__a211o_1)
                                                         _0524_ (net)
                      0.076112    0.000252    3.906182 v rebuffer5/A (sky130_fd_sc_hd__clkbuf_2)
     2    0.004314    0.028480    0.116746    4.022928 v rebuffer5/X (sky130_fd_sc_hd__clkbuf_2)
                                                         net121 (net)
                      0.028480    0.000028    4.022956 v _1225_/A3 (sky130_fd_sc_hd__a31o_1)
     1    0.008447    0.061522    0.231489    4.254445 v _1225_/X (sky130_fd_sc_hd__a31o_1)
                                                         _0552_ (net)
                      0.061522    0.000079    4.254524 v _1227_/B (sky130_fd_sc_hd__xor2_2)
     3    0.013299    0.200128    0.199309    4.453834 ^ _1227_/X (sky130_fd_sc_hd__xor2_2)
                                                         _0554_ (net)
                      0.200128    0.000117    4.453951 ^ _1228_/B (sky130_fd_sc_hd__xor2_1)
     2    0.004641    0.143516    0.186628    4.640578 ^ _1228_/X (sky130_fd_sc_hd__xor2_1)
                                                         _0555_ (net)
                      0.143516    0.000054    4.640633 ^ _1253_/B (sky130_fd_sc_hd__and2b_1)
     1    0.009842    0.098974    0.183974    4.824606 ^ _1253_/X (sky130_fd_sc_hd__and2b_1)
                                                         _0579_ (net)
                      0.098974    0.000118    4.824725 ^ _1254_/B1 (sky130_fd_sc_hd__o21ai_4)
     4    0.012307    0.059306    0.075810    4.900535 v _1254_/Y (sky130_fd_sc_hd__o21ai_4)
                                                         _0580_ (net)
                      0.059307    0.000122    4.900657 v _1257_/A1 (sky130_fd_sc_hd__a21oi_1)
     3    0.009146    0.229141    0.212899    5.113556 ^ _1257_/Y (sky130_fd_sc_hd__a21oi_1)
                                                         _0583_ (net)
                      0.229141    0.000074    5.113631 ^ _1271_/A2 (sky130_fd_sc_hd__o31ai_1)
     1    0.002971    0.065035    0.108281    5.221911 v _1271_/Y (sky130_fd_sc_hd__o31ai_1)
                                                         _0596_ (net)
                      0.065035    0.000031    5.221942 v _1272_/B2 (sky130_fd_sc_hd__o221a_1)
     1    0.002141    0.042421    0.202359    5.424302 v _1272_/X (sky130_fd_sc_hd__o221a_1)
                                                         _0064_ (net)
                      0.042421    0.000011    5.424313 v _1448_/D (sky130_fd_sc_hd__dfxtp_1)
                                              5.424313   data arrival time

                                 10.000000   10.000000   clock clk (rise edge)
                                  0.000000   10.000000   clock source latency
     1    0.024950    0.117791    0.081531   10.081532 ^ clk (in)
                                                         clk (net)
                      0.117803    0.000000   10.081532 ^ clkbuf_0_clk/A (sky130_fd_sc_hd__clkbuf_16)
     8    0.101812    0.118042    0.212409   10.293941 ^ clkbuf_0_clk/X (sky130_fd_sc_hd__clkbuf_16)
                                                         clknet_0_clk (net)
                      0.118078    0.001718   10.295658 ^ clkbuf_3_5__f_clk/A (sky130_fd_sc_hd__clkbuf_16)
    14    0.044834    0.064104    0.171898   10.467556 ^ clkbuf_3_5__f_clk/X (sky130_fd_sc_hd__clkbuf_16)
                                                         clknet_3_5__leaf_clk (net)
                      0.064104    0.000246   10.467802 ^ _1448_/CLK (sky130_fd_sc_hd__dfxtp_1)
                                 -0.250000   10.217802   clock uncertainty
                                  0.000000   10.217802   clock reconvergence pessimism
                                 -0.104936   10.112865   library setup time
                                             10.112865   data required time
---------------------------------------------------------------------------------------------
                                             10.112865   data required time
                                             -5.424313   data arrival time
---------------------------------------------------------------------------------------------
                                              4.688553   slack (MET)


Startpoint: _1425_ (rising edge-triggered flip-flop clocked by clk)
Endpoint: _1447_ (rising edge-triggered flip-flop clocked by clk)
Path Group: clk
Path Type: max

Fanout         Cap        Slew       Delay        Time   Description
---------------------------------------------------------------------------------------------
                                  0.000000    0.000000   clock clk (rise edge)
                                  0.000000    0.000000   clock source latency
     1    0.024950    0.117791    0.081531    0.081531 ^ clk (in)
                                                         clk (net)
                      0.117803    0.000000    0.081531 ^ clkbuf_0_clk/A (sky130_fd_sc_hd__clkbuf_16)
     8    0.101812    0.118042    0.212408    0.293940 ^ clkbuf_0_clk/X (sky130_fd_sc_hd__clkbuf_16)
                                                         clknet_0_clk (net)
                      0.118516    0.006031    0.299970 ^ clkbuf_3_1__f_clk/A (sky130_fd_sc_hd__clkbuf_16)
    13    0.045331    0.064568    0.172593    0.472564 ^ clkbuf_3_1__f_clk/X (sky130_fd_sc_hd__clkbuf_16)
                                                         clknet_3_1__leaf_clk (net)
                      0.064574    0.000684    0.473248 ^ _1425_/CLK (sky130_fd_sc_hd__dfxtp_4)
     3    0.011874    0.040038    0.350202    0.823451 v _1425_/Q (sky130_fd_sc_hd__dfxtp_4)
                                                         core_b[0] (net)
                      0.040038    0.000111    0.823561 v fanout79/A (sky130_fd_sc_hd__buf_8)
     5    0.020330    0.030797    0.121719    0.945280 v fanout79/X (sky130_fd_sc_hd__buf_8)
                                                         net79 (net)
                      0.030805    0.000408    0.945688 v _1019_/C (sky130_fd_sc_hd__and3_4)
     5    0.010747    0.040579    0.179503    1.125191 v _1019_/X (sky130_fd_sc_hd__and3_4)
                                                         _0351_ (net)
                      0.040579    0.000067    1.125258 v rebuffer13/A (sky130_fd_sc_hd__dlymetal6s4s_1)
     2    0.003693    0.042452    0.249019    1.374277 v rebuffer13/X (sky130_fd_sc_hd__dlymetal6s4s_1)
                                                         net129 (net)
                      0.042452    0.000013    1.374290 v _1065_/A1_N (sky130_fd_sc_hd__a2bb2o_1)
     1    0.003502    0.049915    0.251120    1.625410 ^ _1065_/X (sky130_fd_sc_hd__a2bb2o_1)
                                                         _0396_ (net)
                      0.049915    0.000037    1.625448 ^ _1069_/A1 (sky130_fd_sc_hd__a21o_1)
     3    0.013522    0.123774    0.165147    1.790595 ^ _1069_/X (sky130_fd_sc_hd__a21o_1)
                                                         _0400_ (net)
                      0.123774    0.000491    1.791086 ^ rebuffer3/A (sky130_fd_sc_hd__dlymetal6s2s_1)
     1    0.002361    0.053038    0.119316    1.910402 ^ rebuffer3/X (sky130_fd_sc_hd__dlymetal6s2s_1)
                                                         net119 (net)
                      0.053038    0.000024    1.910426 ^ rebuffer2/A (sky130_fd_sc_hd__dlymetal6s2s_1)
     1    0.002753    0.056927    0.099047    2.009473 ^ rebuffer2/X (sky130_fd_sc_hd__dlymetal6s2s_1)
                                                         net118 (net)
                      0.056927    0.000013    2.009485 ^ _1071_/A2 (sky130_fd_sc_hd__a21oi_1)
     2    0.005571    0.086134    0.076984    2.086469 v _1071_/Y (sky130_fd_sc_hd__a21oi_1)
                                                         _0402_ (net)
                      0.086134    0.000068    2.086538 v _1073_/B (sky130_fd_sc_hd__or3b_4)
     3    0.008558    0.074028    0.393068    2.479606 v _1073_/X (sky130_fd_sc_hd__or3b_4)
                                                         _0404_ (net)
                      0.074028    0.000111    2.479717 v _1075_/B (sky130_fd_sc_hd__and3_4)
     2    0.013373    0.044207    0.192830    2.672547 v _1075_/X (sky130_fd_sc_hd__and3_4)
                                                         _0406_ (net)
                      0.044207    0.000159    2.672706 v _1078_/A2 (sky130_fd_sc_hd__o211a_1)
     2    0.008648    0.065683    0.230253    2.902959 v _1078_/X (sky130_fd_sc_hd__o211a_1)
                                                         _0409_ (net)
                      0.065683    0.000123    2.903082 v _1079_/C1 (sky130_fd_sc_hd__a211oi_2)
     5    0.016635    0.358451    0.301029    3.204111 ^ _1079_/Y (sky130_fd_sc_hd__a211oi_2)
                                                         _0410_ (net)
                      0.358451    0.000092    3.204203 ^ _1082_/B1 (sky130_fd_sc_hd__a211o_1)
     3    0.008092    0.081881    0.187332    3.391535 ^ _1082_/X (sky130_fd_sc_hd__a211o_1)
                                                         _0413_ (net)
                      0.081881    0.000082    3.391617 ^ _1126_/B1_N (sky130_fd_sc_hd__a21bo_1)
     2    0.005695    0.046820    0.215331    3.606948 v _1126_/X (sky130_fd_sc_hd__a21bo_1)
                                                         _0456_ (net)
                      0.046820    0.000039    3.606986 v _1196_/B1 (sky130_fd_sc_hd__a211o_1)
     2    0.008910    0.076112    0.298944    3.905930 v _1196_/X (sky130_fd_sc_hd__a211o_1)
                                                         _0524_ (net)
                      0.076112    0.000252    3.906182 v rebuffer5/A (sky130_fd_sc_hd__clkbuf_2)
     2    0.004314    0.028480    0.116746    4.022928 v rebuffer5/X (sky130_fd_sc_hd__clkbuf_2)
                                                         net121 (net)
                      0.028480    0.000028    4.022956 v _1225_/A3 (sky130_fd_sc_hd__a31o_1)
     1    0.008447    0.061522    0.231489    4.254445 v _1225_/X (sky130_fd_sc_hd__a31o_1)
                                                         _0552_ (net)
                      0.061522    0.000079    4.254524 v _1227_/B (sky130_fd_sc_hd__xor2_2)
     3    0.013299    0.200128    0.199309    4.453834 ^ _1227_/X (sky130_fd_sc_hd__xor2_2)
                                                         _0554_ (net)
                      0.200128    0.000117    4.453951 ^ _1228_/B (sky130_fd_sc_hd__xor2_1)
     2    0.004641    0.143516    0.186628    4.640578 ^ _1228_/X (sky130_fd_sc_hd__xor2_1)
                                                         _0555_ (net)
                      0.143516    0.000054    4.640633 ^ _1253_/B (sky130_fd_sc_hd__and2b_1)
     1    0.009842    0.098974    0.183974    4.824606 ^ _1253_/X (sky130_fd_sc_hd__and2b_1)
                                                         _0579_ (net)
                      0.098974    0.000118    4.824725 ^ _1254_/B1 (sky130_fd_sc_hd__o21ai_4)
     4    0.012307    0.059306    0.075810    4.900535 v _1254_/Y (sky130_fd_sc_hd__o21ai_4)
                                                         _0580_ (net)
                      0.059307    0.000122    4.900657 v _1257_/A1 (sky130_fd_sc_hd__a21oi_1)
     3    0.009146    0.229141    0.212899    5.113556 ^ _1257_/Y (sky130_fd_sc_hd__a21oi_1)
                                                         _0583_ (net)
                      0.229141    0.000021    5.113578 ^ _1259_/A1 (sky130_fd_sc_hd__o21ai_1)
     1    0.002847    0.060136    0.104306    5.217884 v _1259_/Y (sky130_fd_sc_hd__o21ai_1)
                                                         _0585_ (net)
                      0.060136    0.000026    5.217910 v _1260_/C1 (sky130_fd_sc_hd__o211a_1)
     1    0.002064    0.034990    0.105872    5.323782 v _1260_/X (sky130_fd_sc_hd__o211a_1)
                                                         _0063_ (net)
                      0.034990    0.000019    5.323801 v _1447_/D (sky130_fd_sc_hd__dfxtp_1)
                                              5.323801   data arrival time

                                 10.000000   10.000000   clock clk (rise edge)
                                  0.000000   10.000000   clock source latency
     1    0.024950    0.117791    0.081531   10.081532 ^ clk (in)
                                                         clk (net)
                      0.117803    0.000000   10.081532 ^ clkbuf_0_clk/A (sky130_fd_sc_hd__clkbuf_16)
     8    0.101812    0.118042    0.212409   10.293941 ^ clkbuf_0_clk/X (sky130_fd_sc_hd__clkbuf_16)
                                                         clknet_0_clk (net)
                      0.118078    0.001718   10.295658 ^ clkbuf_3_5__f_clk/A (sky130_fd_sc_hd__clkbuf_16)
    14    0.044834    0.064104    0.171898   10.467556 ^ clkbuf_3_5__f_clk/X (sky130_fd_sc_hd__clkbuf_16)
                                                         clknet_3_5__leaf_clk (net)
                      0.064115    0.000843   10.468399 ^ _1447_/CLK (sky130_fd_sc_hd__dfxtp_1)
                                 -0.250000   10.218399   clock uncertainty
                                  0.000000   10.218399   clock reconvergence pessimism
                                 -0.101674   10.116725   library setup time
                                             10.116725   data required time
---------------------------------------------------------------------------------------------
                                             10.116725   data required time
                                             -5.323801   data arrival time
---------------------------------------------------------------------------------------------
                                              4.792924   slack (MET)


Startpoint: _1425_ (rising edge-triggered flip-flop clocked by clk)
Endpoint: _1446_ (rising edge-triggered flip-flop clocked by clk)
Path Group: clk
Path Type: max

Fanout         Cap        Slew       Delay        Time   Description
---------------------------------------------------------------------------------------------
                                  0.000000    0.000000   clock clk (rise edge)
                                  0.000000    0.000000   clock source latency
     1    0.024950    0.117791    0.081531    0.081531 ^ clk (in)
                                                         clk (net)
                      0.117803    0.000000    0.081531 ^ clkbuf_0_clk/A (sky130_fd_sc_hd__clkbuf_16)
     8    0.101812    0.118042    0.212408    0.293940 ^ clkbuf_0_clk/X (sky130_fd_sc_hd__clkbuf_16)
                                                         clknet_0_clk (net)
                      0.118516    0.006031    0.299970 ^ clkbuf_3_1__f_clk/A (sky130_fd_sc_hd__clkbuf_16)
    13    0.045331    0.064568    0.172593    0.472564 ^ clkbuf_3_1__f_clk/X (sky130_fd_sc_hd__clkbuf_16)
                                                         clknet_3_1__leaf_clk (net)
                      0.064574    0.000684    0.473248 ^ _1425_/CLK (sky130_fd_sc_hd__dfxtp_4)
     3    0.011874    0.040038    0.350202    0.823451 v _1425_/Q (sky130_fd_sc_hd__dfxtp_4)
                                                         core_b[0] (net)
                      0.040038    0.000111    0.823561 v fanout79/A (sky130_fd_sc_hd__buf_8)
     5    0.020330    0.030797    0.121719    0.945280 v fanout79/X (sky130_fd_sc_hd__buf_8)
                                                         net79 (net)
                      0.030805    0.000408    0.945688 v _1019_/C (sky130_fd_sc_hd__and3_4)
     5    0.010747    0.040579    0.179503    1.125191 v _1019_/X (sky130_fd_sc_hd__and3_4)
                                                         _0351_ (net)
                      0.040579    0.000067    1.125258 v rebuffer13/A (sky130_fd_sc_hd__dlymetal6s4s_1)
     2    0.003693    0.042452    0.249019    1.374277 v rebuffer13/X (sky130_fd_sc_hd__dlymetal6s4s_1)
                                                         net129 (net)
                      0.042452    0.000013    1.374290 v _1065_/A1_N (sky130_fd_sc_hd__a2bb2o_1)
     1    0.003502    0.049915    0.251120    1.625410 ^ _1065_/X (sky130_fd_sc_hd__a2bb2o_1)
                                                         _0396_ (net)
                      0.049915    0.000037    1.625448 ^ _1069_/A1 (sky130_fd_sc_hd__a21o_1)
     3    0.013522    0.123774    0.165147    1.790595 ^ _1069_/X (sky130_fd_sc_hd__a21o_1)
                                                         _0400_ (net)
                      0.123774    0.000491    1.791086 ^ rebuffer3/A (sky130_fd_sc_hd__dlymetal6s2s_1)
     1    0.002361    0.053038    0.119316    1.910402 ^ rebuffer3/X (sky130_fd_sc_hd__dlymetal6s2s_1)
                                                         net119 (net)
                      0.053038    0.000024    1.910426 ^ rebuffer2/A (sky130_fd_sc_hd__dlymetal6s2s_1)
     1    0.002753    0.056927    0.099047    2.009473 ^ rebuffer2/X (sky130_fd_sc_hd__dlymetal6s2s_1)
                                                         net118 (net)
                      0.056927    0.000013    2.009485 ^ _1071_/A2 (sky130_fd_sc_hd__a21oi_1)
     2    0.005571    0.086134    0.076984    2.086469 v _1071_/Y (sky130_fd_sc_hd__a21oi_1)
                                                         _0402_ (net)
                      0.086134    0.000068    2.086538 v _1073_/B (sky130_fd_sc_hd__or3b_4)
     3    0.008558    0.074028    0.393068    2.479606 v _1073_/X (sky130_fd_sc_hd__or3b_4)
                                                         _0404_ (net)
                      0.074028    0.000111    2.479717 v _1075_/B (sky130_fd_sc_hd__and3_4)
     2    0.013373    0.044207    0.192830    2.672547 v _1075_/X (sky130_fd_sc_hd__and3_4)
                                                         _0406_ (net)
                      0.044207    0.000159    2.672706 v _1078_/A2 (sky130_fd_sc_hd__o211a_1)
     2    0.008648    0.065683    0.230253    2.902959 v _1078_/X (sky130_fd_sc_hd__o211a_1)
                                                         _0409_ (net)
                      0.065683    0.000101    2.903060 v _1080_/A2 (sky130_fd_sc_hd__o211a_1)
     2    0.007630    0.060733    0.233199    3.136259 v _1080_/X (sky130_fd_sc_hd__o211a_1)
                                                         _0411_ (net)
                      0.060733    0.000081    3.136340 v _1082_/C1 (sky130_fd_sc_hd__a211o_1)
     3    0.007675    0.071116    0.255594    3.391935 v _1082_/X (sky130_fd_sc_hd__a211o_1)
                                                         _0413_ (net)
                      0.071116    0.000097    3.392031 v _1125_/B (sky130_fd_sc_hd__and4b_1)
     2    0.006023    0.053448    0.196144    3.588176 v _1125_/X (sky130_fd_sc_hd__and4b_1)
                                                         _0455_ (net)
                      0.053448    0.000070    3.588246 v _1127_/A2 (sky130_fd_sc_hd__a21o_1)
     2    0.008379    0.057386    0.201391    3.789637 v _1127_/X (sky130_fd_sc_hd__a21o_1)
                                                         _0457_ (net)
                      0.057386    0.000065    3.789702 v _1128_/B (sky130_fd_sc_hd__xnor2_1)
     2    0.008084    0.225681    0.211017    4.000719 ^ _1128_/Y (sky130_fd_sc_hd__xnor2_1)
                                                         _0458_ (net)
                      0.225681    0.000077    4.000796 ^ _1130_/B (sky130_fd_sc_hd__xnor2_1)
     2    0.008087    0.088353    0.131680    4.132476 v _1130_/Y (sky130_fd_sc_hd__xnor2_1)
                                                         _0460_ (net)
                      0.088353    0.000100    4.132576 v _1132_/C1 (sky130_fd_sc_hd__a211o_1)
     2    0.009558    0.078218    0.276313    4.408889 v _1132_/X (sky130_fd_sc_hd__a211o_1)
                                                         _0462_ (net)
                      0.078218    0.000161    4.409050 v _1165_/A2 (sky130_fd_sc_hd__a21oi_2)
     3    0.017434    0.230938    0.248547    4.657597 ^ _1165_/Y (sky130_fd_sc_hd__a21oi_2)
                                                         _0494_ (net)
                      0.230939    0.000377    4.657974 ^ _1169_/B (sky130_fd_sc_hd__nor2_1)
     2    0.008352    0.076267    0.102846    4.760820 v _1169_/Y (sky130_fd_sc_hd__nor2_1)
                                                         _0497_ (net)
                      0.076267    0.000076    4.760896 v _1229_/A1 (sky130_fd_sc_hd__o21bai_1)
     1    0.005504    0.151671    0.179263    4.940159 ^ _1229_/Y (sky130_fd_sc_hd__o21bai_1)
                                                         _0556_ (net)
                      0.151671    0.000064    4.940224 ^ _1230_/B (sky130_fd_sc_hd__xnor2_1)
     1    0.002605    0.114397    0.130916    5.071140 ^ _1230_/Y (sky130_fd_sc_hd__xnor2_1)
                                                         _0557_ (net)
                      0.114397    0.000012    5.071151 ^ _1231_/B (sky130_fd_sc_hd__nand2_1)
     1    0.002481    0.049386    0.062959    5.134110 v _1231_/Y (sky130_fd_sc_hd__nand2_1)
                                                         _0558_ (net)
                      0.049386    0.000020    5.134131 v _1232_/C1 (sky130_fd_sc_hd__o211a_1)
     1    0.002027    0.035810    0.100935    5.235066 v _1232_/X (sky130_fd_sc_hd__o211a_1)
                                                         _0062_ (net)
                      0.035810    0.000009    5.235075 v _1446_/D (sky130_fd_sc_hd__dfxtp_1)
                                              5.235075   data arrival time

                                 10.000000   10.000000   clock clk (rise edge)
                                  0.000000   10.000000   clock source latency
     1    0.024950    0.117791    0.081531   10.081532 ^ clk (in)
                                                         clk (net)
                      0.117803    0.000000   10.081532 ^ clkbuf_0_clk/A (sky130_fd_sc_hd__clkbuf_16)
     8    0.101812    0.118042    0.212409   10.293941 ^ clkbuf_0_clk/X (sky130_fd_sc_hd__clkbuf_16)
                                                         clknet_0_clk (net)
                      0.118078    0.001718   10.295658 ^ clkbuf_3_5__f_clk/A (sky130_fd_sc_hd__clkbuf_16)
    14    0.044834    0.064104    0.171898   10.467556 ^ clkbuf_3_5__f_clk/X (sky130_fd_sc_hd__clkbuf_16)
                                                         clknet_3_5__leaf_clk (net)
                      0.064126    0.001109   10.468665 ^ _1446_/CLK (sky130_fd_sc_hd__dfxtp_1)
                                 -0.250000   10.218665   clock uncertainty
                                  0.000000   10.218665   clock reconvergence pessimism
                                 -0.102031   10.116634   library setup time
                                             10.116634   data required time
---------------------------------------------------------------------------------------------
                                             10.116634   data required time
                                             -5.235075   data arrival time
---------------------------------------------------------------------------------------------
                                              4.881559   slack (MET)


Startpoint: _1425_ (rising edge-triggered flip-flop clocked by clk)
Endpoint: _1445_ (rising edge-triggered flip-flop clocked by clk)
Path Group: clk
Path Type: max

Fanout         Cap        Slew       Delay        Time   Description
---------------------------------------------------------------------------------------------
                                  0.000000    0.000000   clock clk (rise edge)
                                  0.000000    0.000000   clock source latency
     1    0.024950    0.117791    0.081531    0.081531 ^ clk (in)
                                                         clk (net)
                      0.117803    0.000000    0.081531 ^ clkbuf_0_clk/A (sky130_fd_sc_hd__clkbuf_16)
     8    0.101812    0.118042    0.212408    0.293940 ^ clkbuf_0_clk/X (sky130_fd_sc_hd__clkbuf_16)
                                                         clknet_0_clk (net)
                      0.118516    0.006031    0.299970 ^ clkbuf_3_1__f_clk/A (sky130_fd_sc_hd__clkbuf_16)
    13    0.045331    0.064568    0.172593    0.472564 ^ clkbuf_3_1__f_clk/X (sky130_fd_sc_hd__clkbuf_16)
                                                         clknet_3_1__leaf_clk (net)
                      0.064574    0.000684    0.473248 ^ _1425_/CLK (sky130_fd_sc_hd__dfxtp_4)
     3    0.011874    0.040038    0.350202    0.823451 v _1425_/Q (sky130_fd_sc_hd__dfxtp_4)
                                                         core_b[0] (net)
                      0.040038    0.000111    0.823561 v fanout79/A (sky130_fd_sc_hd__buf_8)
     5    0.020330    0.030797    0.121719    0.945280 v fanout79/X (sky130_fd_sc_hd__buf_8)
                                                         net79 (net)
                      0.030805    0.000408    0.945688 v _1019_/C (sky130_fd_sc_hd__and3_4)
     5    0.010747    0.040579    0.179503    1.125191 v _1019_/X (sky130_fd_sc_hd__and3_4)
                                                         _0351_ (net)
                      0.040579    0.000067    1.125258 v rebuffer13/A (sky130_fd_sc_hd__dlymetal6s4s_1)
     2    0.003693    0.042452    0.249019    1.374277 v rebuffer13/X (sky130_fd_sc_hd__dlymetal6s4s_1)
                                                         net129 (net)
                      0.042452    0.000013    1.374290 v _1065_/A1_N (sky130_fd_sc_hd__a2bb2o_1)
     1    0.003502    0.049915    0.251120    1.625410 ^ _1065_/X (sky130_fd_sc_hd__a2bb2o_1)
                                                         _0396_ (net)
                      0.049915    0.000037    1.625448 ^ _1069_/A1 (sky130_fd_sc_hd__a21o_1)
     3    0.013522    0.123774    0.165147    1.790595 ^ _1069_/X (sky130_fd_sc_hd__a21o_1)
                                                         _0400_ (net)
                      0.123774    0.000491    1.791086 ^ rebuffer3/A (sky130_fd_sc_hd__dlymetal6s2s_1)
     1    0.002361    0.053038    0.119316    1.910402 ^ rebuffer3/X (sky130_fd_sc_hd__dlymetal6s2s_1)
                                                         net119 (net)
                      0.053038    0.000024    1.910426 ^ rebuffer2/A (sky130_fd_sc_hd__dlymetal6s2s_1)
     1    0.002753    0.056927    0.099047    2.009473 ^ rebuffer2/X (sky130_fd_sc_hd__dlymetal6s2s_1)
                                                         net118 (net)
                      0.056927    0.000013    2.009485 ^ _1071_/A2 (sky130_fd_sc_hd__a21oi_1)
     2    0.005571    0.086134    0.076984    2.086469 v _1071_/Y (sky130_fd_sc_hd__a21oi_1)
                                                         _0402_ (net)
                      0.086134    0.000068    2.086538 v _1073_/B (sky130_fd_sc_hd__or3b_4)
     3    0.008558    0.074028    0.393068    2.479606 v _1073_/X (sky130_fd_sc_hd__or3b_4)
                                                         _0404_ (net)
                      0.074028    0.000111    2.479717 v _1075_/B (sky130_fd_sc_hd__and3_4)
     2    0.013373    0.044207    0.192830    2.672547 v _1075_/X (sky130_fd_sc_hd__and3_4)
                                                         _0406_ (net)
                      0.044207    0.000159    2.672706 v _1078_/A2 (sky130_fd_sc_hd__o211a_1)
     2    0.008648    0.065683    0.230253    2.902959 v _1078_/X (sky130_fd_sc_hd__o211a_1)
                                                         _0409_ (net)
                      0.065683    0.000101    2.903060 v _1080_/A2 (sky130_fd_sc_hd__o211a_1)
     2    0.007630    0.060733    0.233199    3.136259 v _1080_/X (sky130_fd_sc_hd__o211a_1)
                                                         _0411_ (net)
                      0.060733    0.000081    3.136340 v _1082_/C1 (sky130_fd_sc_hd__a211o_1)
     3    0.007675    0.071116    0.255594    3.391935 v _1082_/X (sky130_fd_sc_hd__a211o_1)
                                                         _0413_ (net)
                      0.071116    0.000097    3.392031 v _1125_/B (sky130_fd_sc_hd__and4b_1)
     2    0.006023    0.053448    0.196144    3.588176 v _1125_/X (sky130_fd_sc_hd__and4b_1)
                                                         _0455_ (net)
                      0.053448    0.000070    3.588246 v _1127_/A2 (sky130_fd_sc_hd__a21o_1)
     2    0.008379    0.057386    0.201391    3.789637 v _1127_/X (sky130_fd_sc_hd__a21o_1)
                                                         _0457_ (net)
                      0.057386    0.000065    3.789702 v _1128_/B (sky130_fd_sc_hd__xnor2_1)
     2    0.008084    0.225681    0.211017    4.000719 ^ _1128_/Y (sky130_fd_sc_hd__xnor2_1)
                                                         _0458_ (net)
                      0.225681    0.000077    4.000796 ^ _1130_/B (sky130_fd_sc_hd__xnor2_1)
     2    0.008087    0.088353    0.131680    4.132476 v _1130_/Y (sky130_fd_sc_hd__xnor2_1)
                                                         _0460_ (net)
                      0.088353    0.000100    4.132576 v _1132_/C1 (sky130_fd_sc_hd__a211o_1)
     2    0.009558    0.078218    0.276313    4.408889 v _1132_/X (sky130_fd_sc_hd__a211o_1)
                                                         _0462_ (net)
                      0.078218    0.000161    4.409050 v _1165_/A2 (sky130_fd_sc_hd__a21oi_2)
     3    0.017434    0.230938    0.248547    4.657597 ^ _1165_/Y (sky130_fd_sc_hd__a21oi_2)
                                                         _0494_ (net)
                      0.230939    0.000377    4.657974 ^ _1169_/B (sky130_fd_sc_hd__nor2_1)
     2    0.008352    0.076267    0.102846    4.760820 v _1169_/Y (sky130_fd_sc_hd__nor2_1)
                                                         _0497_ (net)
                      0.076267    0.000123    4.760943 v _1201_/A (sky130_fd_sc_hd__xnor2_1)
     1    0.002579    0.113831    0.153427    4.914370 ^ _1201_/Y (sky130_fd_sc_hd__xnor2_1)
                                                         _0529_ (net)
                      0.113831    0.000011    4.914380 ^ _1202_/B (sky130_fd_sc_hd__nand2_1)
     1    0.002467    0.051036    0.062732    4.977112 v _1202_/Y (sky130_fd_sc_hd__nand2_1)
                                                         _0530_ (net)
                      0.051036    0.000011    4.977122 v _1203_/C1 (sky130_fd_sc_hd__o211a_1)
     1    0.001967    0.035499    0.101283    5.078406 v _1203_/X (sky130_fd_sc_hd__o211a_1)
                                                         _0061_ (net)
                      0.035499    0.000009    5.078415 v _1445_/D (sky130_fd_sc_hd__dfxtp_1)
                                              5.078415   data arrival time

                                 10.000000   10.000000   clock clk (rise edge)
                                  0.000000   10.000000   clock source latency
     1    0.024950    0.117791    0.081531   10.081532 ^ clk (in)
                                                         clk (net)
                      0.117803    0.000000   10.081532 ^ clkbuf_0_clk/A (sky130_fd_sc_hd__clkbuf_16)
     8    0.101812    0.118042    0.212409   10.293941 ^ clkbuf_0_clk/X (sky130_fd_sc_hd__clkbuf_16)
                                                         clknet_0_clk (net)
                      0.118078    0.001718   10.295658 ^ clkbuf_3_5__f_clk/A (sky130_fd_sc_hd__clkbuf_16)
    14    0.044834    0.064104    0.171898   10.467556 ^ clkbuf_3_5__f_clk/X (sky130_fd_sc_hd__clkbuf_16)
                                                         clknet_3_5__leaf_clk (net)
                      0.064131    0.001198   10.468754 ^ _1445_/CLK (sky130_fd_sc_hd__dfxtp_1)
                                 -0.250000   10.218754   clock uncertainty
                                  0.000000   10.218754   clock reconvergence pessimism
                                 -0.101894   10.116859   library setup time
                                             10.116859   data required time
---------------------------------------------------------------------------------------------
                                             10.116859   data required time
                                             -5.078415   data arrival time
---------------------------------------------------------------------------------------------
                                              5.038445   slack (MET)


Startpoint: _1425_ (rising edge-triggered flip-flop clocked by clk)
Endpoint: _1444_ (rising edge-triggered flip-flop clocked by clk)
Path Group: clk
Path Type: max

Fanout         Cap        Slew       Delay        Time   Description
---------------------------------------------------------------------------------------------
                                  0.000000    0.000000   clock clk (rise edge)
                                  0.000000    0.000000   clock source latency
     1    0.024950    0.117791    0.081531    0.081531 ^ clk (in)
                                                         clk (net)
                      0.117803    0.000000    0.081531 ^ clkbuf_0_clk/A (sky130_fd_sc_hd__clkbuf_16)
     8    0.101812    0.118042    0.212408    0.293940 ^ clkbuf_0_clk/X (sky130_fd_sc_hd__clkbuf_16)
                                                         clknet_0_clk (net)
                      0.118516    0.006031    0.299970 ^ clkbuf_3_1__f_clk/A (sky130_fd_sc_hd__clkbuf_16)
    13    0.045331    0.064568    0.172593    0.472564 ^ clkbuf_3_1__f_clk/X (sky130_fd_sc_hd__clkbuf_16)
                                                         clknet_3_1__leaf_clk (net)
                      0.064574    0.000684    0.473248 ^ _1425_/CLK (sky130_fd_sc_hd__dfxtp_4)
     3    0.011874    0.040038    0.350202    0.823451 v _1425_/Q (sky130_fd_sc_hd__dfxtp_4)
                                                         core_b[0] (net)
                      0.040038    0.000111    0.823561 v fanout79/A (sky130_fd_sc_hd__buf_8)
     5    0.020330    0.030797    0.121719    0.945280 v fanout79/X (sky130_fd_sc_hd__buf_8)
                                                         net79 (net)
                      0.030805    0.000408    0.945688 v _1019_/C (sky130_fd_sc_hd__and3_4)
     5    0.010747    0.040579    0.179503    1.125191 v _1019_/X (sky130_fd_sc_hd__and3_4)
                                                         _0351_ (net)
                      0.040579    0.000067    1.125258 v rebuffer13/A (sky130_fd_sc_hd__dlymetal6s4s_1)
     2    0.003693    0.042452    0.249019    1.374277 v rebuffer13/X (sky130_fd_sc_hd__dlymetal6s4s_1)
                                                         net129 (net)
                      0.042452    0.000013    1.374290 v _1065_/A1_N (sky130_fd_sc_hd__a2bb2o_1)
     1    0.003502    0.049915    0.251120    1.625410 ^ _1065_/X (sky130_fd_sc_hd__a2bb2o_1)
                                                         _0396_ (net)
                      0.049915    0.000037    1.625448 ^ _1069_/A1 (sky130_fd_sc_hd__a21o_1)
     3    0.013522    0.123774    0.165147    1.790595 ^ _1069_/X (sky130_fd_sc_hd__a21o_1)
                                                         _0400_ (net)
                      0.123774    0.000491    1.791086 ^ rebuffer3/A (sky130_fd_sc_hd__dlymetal6s2s_1)
     1    0.002361    0.053038    0.119316    1.910402 ^ rebuffer3/X (sky130_fd_sc_hd__dlymetal6s2s_1)
                                                         net119 (net)
                      0.053038    0.000024    1.910426 ^ rebuffer2/A (sky130_fd_sc_hd__dlymetal6s2s_1)
     1    0.002753    0.056927    0.099047    2.009473 ^ rebuffer2/X (sky130_fd_sc_hd__dlymetal6s2s_1)
                                                         net118 (net)
                      0.056927    0.000013    2.009485 ^ _1071_/A2 (sky130_fd_sc_hd__a21oi_1)
     2    0.005571    0.086134    0.076984    2.086469 v _1071_/Y (sky130_fd_sc_hd__a21oi_1)
                                                         _0402_ (net)
                      0.086134    0.000068    2.086538 v _1073_/B (sky130_fd_sc_hd__or3b_4)
     3    0.008558    0.074028    0.393068    2.479606 v _1073_/X (sky130_fd_sc_hd__or3b_4)
                                                         _0404_ (net)
                      0.074028    0.000111    2.479717 v _1075_/B (sky130_fd_sc_hd__and3_4)
     2    0.013373    0.044207    0.192830    2.672547 v _1075_/X (sky130_fd_sc_hd__and3_4)
                                                         _0406_ (net)
                      0.044207    0.000159    2.672706 v _1078_/A2 (sky130_fd_sc_hd__o211a_1)
     2    0.008648    0.065683    0.230253    2.902959 v _1078_/X (sky130_fd_sc_hd__o211a_1)
                                                         _0409_ (net)
                      0.065683    0.000101    2.903060 v _1080_/A2 (sky130_fd_sc_hd__o211a_1)
     2    0.007630    0.060733    0.233199    3.136259 v _1080_/X (sky130_fd_sc_hd__o211a_1)
                                                         _0411_ (net)
                      0.060733    0.000081    3.136340 v _1082_/C1 (sky130_fd_sc_hd__a211o_1)
     3    0.007675    0.071116    0.255594    3.391935 v _1082_/X (sky130_fd_sc_hd__a211o_1)
                                                         _0413_ (net)
                      0.071116    0.000097    3.392031 v _1125_/B (sky130_fd_sc_hd__and4b_1)
     2    0.006023    0.053448    0.196144    3.588176 v _1125_/X (sky130_fd_sc_hd__and4b_1)
                                                         _0455_ (net)
                      0.053448    0.000070    3.588246 v _1127_/A2 (sky130_fd_sc_hd__a21o_1)
     2    0.008379    0.057386    0.201391    3.789637 v _1127_/X (sky130_fd_sc_hd__a21o_1)
                                                         _0457_ (net)
                      0.057386    0.000065    3.789702 v _1128_/B (sky130_fd_sc_hd__xnor2_1)
     2    0.008084    0.225681    0.211017    4.000719 ^ _1128_/Y (sky130_fd_sc_hd__xnor2_1)
                                                         _0458_ (net)
                      0.225681    0.000077    4.000796 ^ _1130_/B (sky130_fd_sc_hd__xnor2_1)
     2    0.008087    0.088353    0.131680    4.132476 v _1130_/Y (sky130_fd_sc_hd__xnor2_1)
                                                         _0460_ (net)
                      0.088353    0.000100    4.132576 v _1132_/C1 (sky130_fd_sc_hd__a211o_1)
     2    0.009558    0.078218    0.276313    4.408889 v _1132_/X (sky130_fd_sc_hd__a211o_1)
                                                         _0462_ (net)
                      0.078218    0.000161    4.409050 v _1165_/A2 (sky130_fd_sc_hd__a21oi_2)
     3    0.017434    0.230938    0.248547    4.657597 ^ _1165_/Y (sky130_fd_sc_hd__a21oi_2)
                                                         _0494_ (net)
                      0.230938    0.000133    4.657730 ^ _1167_/A1 (sky130_fd_sc_hd__o21ai_1)
     1    0.002820    0.060191    0.104441    4.762171 v _1167_/Y (sky130_fd_sc_hd__o21ai_1)
                                                         _0496_ (net)
                      0.060191    0.000026    4.762197 v _1168_/C1 (sky130_fd_sc_hd__o211a_1)
     1    0.002035    0.034839    0.105727    4.867924 v _1168_/X (sky130_fd_sc_hd__o211a_1)
                                                         _0060_ (net)
                      0.034839    0.000018    4.867942 v _1444_/D (sky130_fd_sc_hd__dfxtp_1)
                                              4.867942   data arrival time

                                 10.000000   10.000000   clock clk (rise edge)
                                  0.000000   10.000000   clock source latency
     1    0.024950    0.117791    0.081531   10.081532 ^ clk (in)
                                                         clk (net)
                      0.117803    0.000000   10.081532 ^ clkbuf_0_clk/A (sky130_fd_sc_hd__clkbuf_16)
     8    0.101812    0.118042    0.212409   10.293941 ^ clkbuf_0_clk/X (sky130_fd_sc_hd__clkbuf_16)
                                                         clknet_0_clk (net)
                      0.118078    0.001718   10.295658 ^ clkbuf_3_5__f_clk/A (sky130_fd_sc_hd__clkbuf_16)
    14    0.044834    0.064104    0.171898   10.467556 ^ clkbuf_3_5__f_clk/X (sky130_fd_sc_hd__clkbuf_16)
                                                         clknet_3_5__leaf_clk (net)
                      0.064118    0.000931   10.468487 ^ _1444_/CLK (sky130_fd_sc_hd__dfxtp_1)
                                 -0.250000   10.218487   clock uncertainty
                                  0.000000   10.218487   clock reconvergence pessimism
                                 -0.101608   10.116879   library setup time
                                             10.116879   data required time
---------------------------------------------------------------------------------------------
                                             10.116879   data required time
                                             -4.867942   data arrival time
---------------------------------------------------------------------------------------------
                                              5.248938   slack (MET)


Startpoint: addr[5] (input port clocked by clk)
Endpoint: _1416_ (rising edge-triggered flip-flop clocked by clk)
Path Group: clk
Path Type: max

Fanout         Cap        Slew       Delay        Time   Description
---------------------------------------------------------------------------------------------
                                  0.000000    0.000000   clock clk (rise edge)
                                  0.000000    0.000000   clock network delay (propagated)
                                  2.000000    2.000000 v input external delay
     1    0.002570    0.008100    0.004029    2.004030 v addr[5] (in)
                                                         addr[5] (net)
                      0.008100    0.000000    2.004030 v input6/A (sky130_fd_sc_hd__clkbuf_1)
     1    0.002216    0.023493    0.068784    2.072813 v input6/X (sky130_fd_sc_hd__clkbuf_1)
                                                         net6 (net)
                      0.023493    0.000024    2.072837 v _0697_/A (sky130_fd_sc_hd__or4_1)
     2    0.004136    0.092387    0.521124    2.593961 v _0697_/X (sky130_fd_sc_hd__or4_1)
                                                         _0086_ (net)
                      0.092387    0.000051    2.594012 v _0700_/B (sky130_fd_sc_hd__or2_1)
     2    0.012031    0.088504    0.270017    2.864029 v _0700_/X (sky130_fd_sc_hd__or2_1)
                                                         _0088_ (net)
                      0.088504    0.000147    2.864176 v _0701_/D (sky130_fd_sc_hd__nor4_1)
     2    0.009293    0.443514    0.355294    3.219470 ^ _0701_/Y (sky130_fd_sc_hd__nor4_1)
                                                         _0089_ (net)
                      0.443514    0.000221    3.219691 ^ max_cap64/A (sky130_fd_sc_hd__clkbuf_2)
     5    0.023462    0.135610    0.262485    3.482176 ^ max_cap64/X (sky130_fd_sc_hd__clkbuf_2)
                                                         net64 (net)
                      0.135610    0.000060    3.482235 ^ max_cap63/A (sky130_fd_sc_hd__clkbuf_2)
     4    0.020684    0.118476    0.189259    3.671494 ^ max_cap63/X (sky130_fd_sc_hd__clkbuf_2)
                                                         net63 (net)
                      0.118480    0.000864    3.672358 ^ _0746_/A2 (sky130_fd_sc_hd__a221o_1)
     1    0.013786    0.144039    0.231912    3.904269 ^ _0746_/X (sky130_fd_sc_hd__a221o_1)
                                                         _0119_ (net)
                      0.144040    0.000770    3.905039 ^ fanout59/A (sky130_fd_sc_hd__clkbuf_4)
     8    0.051714    0.159932    0.255597    4.160636 ^ fanout59/X (sky130_fd_sc_hd__clkbuf_4)
                                                         net59 (net)
                      0.160118    0.003464    4.164100 ^ fanout58/A (sky130_fd_sc_hd__buf_2)
     9    0.041805    0.205856    0.260571    4.424671 ^ fanout58/X (sky130_fd_sc_hd__buf_2)
                                                         net58 (net)
                      0.205866    0.001226    4.425897 ^ _0779_/B1 (sky130_fd_sc_hd__o221a_1)
     1    0.002898    0.053509    0.214449    4.640346 ^ _0779_/X (sky130_fd_sc_hd__o221a_1)
                                                         _0032_ (net)
                      0.053509    0.000023    4.640368 ^ _1416_/D (sky130_fd_sc_hd__dfxtp_1)
                                              4.640368   data arrival time

                                 10.000000   10.000000   clock clk (rise edge)
                                  0.000000   10.000000   clock source latency
     1    0.024950    0.117791    0.081531   10.081532 ^ clk (in)
                                                         clk (net)
                      0.117803    0.000000   10.081532 ^ clkbuf_0_clk/A (sky130_fd_sc_hd__clkbuf_16)
     8    0.101812    0.118042    0.212409   10.293941 ^ clkbuf_0_clk/X (sky130_fd_sc_hd__clkbuf_16)
                                                         clknet_0_clk (net)
                      0.118180    0.003316   10.297256 ^ clkbuf_3_7__f_clk/A (sky130_fd_sc_hd__clkbuf_16)
    10    0.044183    0.063534    0.171616   10.468872 ^ clkbuf_3_7__f_clk/X (sky130_fd_sc_hd__clkbuf_16)
                                                         clknet_3_7__leaf_clk (net)
                      0.063552    0.001022   10.469894 ^ _1416_/CLK (sky130_fd_sc_hd__dfxtp_1)
                                 -0.250000   10.219894   clock uncertainty
                                  0.000000   10.219894   clock reconvergence pessimism
                                 -0.053307   10.166588   library setup time
                                             10.166588   data required time
---------------------------------------------------------------------------------------------
                                             10.166588   data required time
                                             -4.640368   data arrival time
---------------------------------------------------------------------------------------------
                                              5.526219   slack (MET)


Startpoint: addr[5] (input port clocked by clk)
Endpoint: _1412_ (rising edge-triggered flip-flop clocked by clk)
Path Group: clk
Path Type: max

Fanout         Cap        Slew       Delay        Time   Description
---------------------------------------------------------------------------------------------
                                  0.000000    0.000000   clock clk (rise edge)
                                  0.000000    0.000000   clock network delay (propagated)
                                  2.000000    2.000000 v input external delay
     1    0.002570    0.008100    0.004029    2.004030 v addr[5] (in)
                                                         addr[5] (net)
                      0.008100    0.000000    2.004030 v input6/A (sky130_fd_sc_hd__clkbuf_1)
     1    0.002216    0.023493    0.068784    2.072813 v input6/X (sky130_fd_sc_hd__clkbuf_1)
                                                         net6 (net)
                      0.023493    0.000024    2.072837 v _0697_/A (sky130_fd_sc_hd__or4_1)
     2    0.004136    0.092387    0.521124    2.593961 v _0697_/X (sky130_fd_sc_hd__or4_1)
                                                         _0086_ (net)
                      0.092387    0.000051    2.594012 v _0700_/B (sky130_fd_sc_hd__or2_1)
     2    0.012031    0.088504    0.270017    2.864029 v _0700_/X (sky130_fd_sc_hd__or2_1)
                                                         _0088_ (net)
                      0.088504    0.000147    2.864176 v _0701_/D (sky130_fd_sc_hd__nor4_1)
     2    0.009293    0.443514    0.355294    3.219470 ^ _0701_/Y (sky130_fd_sc_hd__nor4_1)
                                                         _0089_ (net)
                      0.443514    0.000221    3.219691 ^ max_cap64/A (sky130_fd_sc_hd__clkbuf_2)
     5    0.023462    0.135610    0.262485    3.482176 ^ max_cap64/X (sky130_fd_sc_hd__clkbuf_2)
                                                         net64 (net)
                      0.135610    0.000060    3.482235 ^ max_cap63/A (sky130_fd_sc_hd__clkbuf_2)
     4    0.020684    0.118476    0.189259    3.671494 ^ max_cap63/X (sky130_fd_sc_hd__clkbuf_2)
                                                         net63 (net)
                      0.118480    0.000864    3.672358 ^ _0746_/A2 (sky130_fd_sc_hd__a221o_1)
     1    0.013786    0.144039    0.231912    3.904269 ^ _0746_/X (sky130_fd_sc_hd__a221o_1)
                                                         _0119_ (net)
                      0.144040    0.000770    3.905039 ^ fanout59/A (sky130_fd_sc_hd__clkbuf_4)
     8    0.051714    0.159932    0.255597    4.160636 ^ fanout59/X (sky130_fd_sc_hd__clkbuf_4)
                                                         net59 (net)
                      0.160118    0.003464    4.164100 ^ fanout58/A (sky130_fd_sc_hd__buf_2)
     9    0.041805    0.205856    0.260571    4.424671 ^ fanout58/X (sky130_fd_sc_hd__buf_2)
                                                         net58 (net)
                      0.205915    0.002898    4.427568 ^ _0771_/B1 (sky130_fd_sc_hd__o221a_1)
     1    0.001960    0.046534    0.206003    4.633572 ^ _0771_/X (sky130_fd_sc_hd__o221a_1)
                                                         _0028_ (net)
                      0.046534    0.000008    4.633580 ^ _1412_/D (sky130_fd_sc_hd__dfxtp_1)
                                              4.633580   data arrival time

                                 10.000000   10.000000   clock clk (rise edge)
                                  0.000000   10.000000   clock source latency
     1    0.024950    0.117791    0.081531   10.081532 ^ clk (in)
                                                         clk (net)
                      0.117803    0.000000   10.081532 ^ clkbuf_0_clk/A (sky130_fd_sc_hd__clkbuf_16)
     8    0.101812    0.118042    0.212409   10.293941 ^ clkbuf_0_clk/X (sky130_fd_sc_hd__clkbuf_16)
                                                         clknet_0_clk (net)
                      0.118081    0.001788   10.295728 ^ clkbuf_3_4__f_clk/A (sky130_fd_sc_hd__clkbuf_16)
    11    0.040866    0.060539    0.169003   10.464730 ^ clkbuf_3_4__f_clk/X (sky130_fd_sc_hd__clkbuf_16)
                                                         clknet_3_4__leaf_clk (net)
                      0.060546    0.000735   10.465466 ^ _1412_/CLK (sky130_fd_sc_hd__dfxtp_1)
                                 -0.250000   10.215466   clock uncertainty
                                  0.000000   10.215466   clock reconvergence pessimism
                                 -0.052130   10.163336   library setup time
                                             10.163336   data required time
---------------------------------------------------------------------------------------------
                                             10.163336   data required time
                                             -4.633580   data arrival time
---------------------------------------------------------------------------------------------
                                              5.529755   slack (MET)


Startpoint: addr[5] (input port clocked by clk)
Endpoint: _1417_ (rising edge-triggered flip-flop clocked by clk)
Path Group: clk
Path Type: max

Fanout         Cap        Slew       Delay        Time   Description
---------------------------------------------------------------------------------------------
                                  0.000000    0.000000   clock clk (rise edge)
                                  0.000000    0.000000   clock network delay (propagated)
                                  2.000000    2.000000 v input external delay
     1    0.002570    0.008100    0.004029    2.004030 v addr[5] (in)
                                                         addr[5] (net)
                      0.008100    0.000000    2.004030 v input6/A (sky130_fd_sc_hd__clkbuf_1)
     1    0.002216    0.023493    0.068784    2.072813 v input6/X (sky130_fd_sc_hd__clkbuf_1)
                                                         net6 (net)
                      0.023493    0.000024    2.072837 v _0697_/A (sky130_fd_sc_hd__or4_1)
     2    0.004136    0.092387    0.521124    2.593961 v _0697_/X (sky130_fd_sc_hd__or4_1)
                                                         _0086_ (net)
                      0.092387    0.000051    2.594012 v _0700_/B (sky130_fd_sc_hd__or2_1)
     2    0.012031    0.088504    0.270017    2.864029 v _0700_/X (sky130_fd_sc_hd__or2_1)
                                                         _0088_ (net)
                      0.088504    0.000147    2.864176 v _0701_/D (sky130_fd_sc_hd__nor4_1)
     2    0.009293    0.443514    0.355294    3.219470 ^ _0701_/Y (sky130_fd_sc_hd__nor4_1)
                                                         _0089_ (net)
                      0.443514    0.000221    3.219691 ^ max_cap64/A (sky130_fd_sc_hd__clkbuf_2)
     5    0.023462    0.135610    0.262485    3.482176 ^ max_cap64/X (sky130_fd_sc_hd__clkbuf_2)
                                                         net64 (net)
                      0.135610    0.000060    3.482235 ^ max_cap63/A (sky130_fd_sc_hd__clkbuf_2)
     4    0.020684    0.118476    0.189259    3.671494 ^ max_cap63/X (sky130_fd_sc_hd__clkbuf_2)
                                                         net63 (net)
                      0.118480    0.000864    3.672358 ^ _0746_/A2 (sky130_fd_sc_hd__a221o_1)
     1    0.013786    0.144039    0.231912    3.904269 ^ _0746_/X (sky130_fd_sc_hd__a221o_1)
                                                         _0119_ (net)
                      0.144040    0.000770    3.905039 ^ fanout59/A (sky130_fd_sc_hd__clkbuf_4)
     8    0.051714    0.159932    0.255597    4.160636 ^ fanout59/X (sky130_fd_sc_hd__clkbuf_4)
                                                         net59 (net)
                      0.160118    0.003464    4.164100 ^ fanout58/A (sky130_fd_sc_hd__buf_2)
     9    0.041805    0.205856    0.260571    4.424671 ^ fanout58/X (sky130_fd_sc_hd__buf_2)
                                                         net58 (net)
                      0.205905    0.002645    4.427316 ^ _0781_/B1 (sky130_fd_sc_hd__o221a_1)
     1    0.002029    0.047178    0.206622    4.633939 ^ _0781_/X (sky130_fd_sc_hd__o221a_1)
                                                         _0033_ (net)
                      0.047178    0.000010    4.633948 ^ _1417_/D (sky130_fd_sc_hd__dfxtp_1)
                                              4.633948   data arrival time

                                 10.000000   10.000000   clock clk (rise edge)
                                  0.000000   10.000000   clock source latency
     1    0.024950    0.117791    0.081531   10.081532 ^ clk (in)
                                                         clk (net)
                      0.117803    0.000000   10.081532 ^ clkbuf_0_clk/A (sky130_fd_sc_hd__clkbuf_16)
     8    0.101812    0.118042    0.212409   10.293941 ^ clkbuf_0_clk/X (sky130_fd_sc_hd__clkbuf_16)
                                                         clknet_0_clk (net)
                      0.118081    0.001788   10.295728 ^ clkbuf_3_4__f_clk/A (sky130_fd_sc_hd__clkbuf_16)
    11    0.040866    0.060539    0.169003   10.464730 ^ clkbuf_3_4__f_clk/X (sky130_fd_sc_hd__clkbuf_16)
                                                         clknet_3_4__leaf_clk (net)
                      0.060581    0.001384   10.466114 ^ _1417_/CLK (sky130_fd_sc_hd__dfxtp_1)
                                 -0.250000   10.216114   clock uncertainty
                                  0.000000   10.216114   clock reconvergence pessimism
                                 -0.052273   10.163841   library setup time
                                             10.163841   data required time
---------------------------------------------------------------------------------------------
                                             10.163841   data required time
                                             -4.633948   data arrival time
---------------------------------------------------------------------------------------------
                                              5.529893   slack (MET)


Startpoint: addr[5] (input port clocked by clk)
Endpoint: _1410_ (rising edge-triggered flip-flop clocked by clk)
Path Group: clk
Path Type: max

Fanout         Cap        Slew       Delay        Time   Description
---------------------------------------------------------------------------------------------
                                  0.000000    0.000000   clock clk (rise edge)
                                  0.000000    0.000000   clock network delay (propagated)
                                  2.000000    2.000000 v input external delay
     1    0.002570    0.008100    0.004029    2.004030 v addr[5] (in)
                                                         addr[5] (net)
                      0.008100    0.000000    2.004030 v input6/A (sky130_fd_sc_hd__clkbuf_1)
     1    0.002216    0.023493    0.068784    2.072813 v input6/X (sky130_fd_sc_hd__clkbuf_1)
                                                         net6 (net)
                      0.023493    0.000024    2.072837 v _0697_/A (sky130_fd_sc_hd__or4_1)
     2    0.004136    0.092387    0.521124    2.593961 v _0697_/X (sky130_fd_sc_hd__or4_1)
                                                         _0086_ (net)
                      0.092387    0.000051    2.594012 v _0700_/B (sky130_fd_sc_hd__or2_1)
     2    0.012031    0.088504    0.270017    2.864029 v _0700_/X (sky130_fd_sc_hd__or2_1)
                                                         _0088_ (net)
                      0.088504    0.000147    2.864176 v _0701_/D (sky130_fd_sc_hd__nor4_1)
     2    0.009293    0.443514    0.355294    3.219470 ^ _0701_/Y (sky130_fd_sc_hd__nor4_1)
                                                         _0089_ (net)
                      0.443514    0.000221    3.219691 ^ max_cap64/A (sky130_fd_sc_hd__clkbuf_2)
     5    0.023462    0.135610    0.262485    3.482176 ^ max_cap64/X (sky130_fd_sc_hd__clkbuf_2)
                                                         net64 (net)
                      0.135610    0.000060    3.482235 ^ max_cap63/A (sky130_fd_sc_hd__clkbuf_2)
     4    0.020684    0.118476    0.189259    3.671494 ^ max_cap63/X (sky130_fd_sc_hd__clkbuf_2)
                                                         net63 (net)
                      0.118480    0.000864    3.672358 ^ _0746_/A2 (sky130_fd_sc_hd__a221o_1)
     1    0.013786    0.144039    0.231912    3.904269 ^ _0746_/X (sky130_fd_sc_hd__a221o_1)
                                                         _0119_ (net)
                      0.144040    0.000770    3.905039 ^ fanout59/A (sky130_fd_sc_hd__clkbuf_4)
     8    0.051714    0.159932    0.255597    4.160636 ^ fanout59/X (sky130_fd_sc_hd__clkbuf_4)
                                                         net59 (net)
                      0.160118    0.003464    4.164100 ^ fanout58/A (sky130_fd_sc_hd__buf_2)
     9    0.041805    0.205856    0.260571    4.424671 ^ fanout58/X (sky130_fd_sc_hd__buf_2)
                                                         net58 (net)
                      0.205915    0.002890    4.427561 ^ _0767_/B1 (sky130_fd_sc_hd__o221a_1)
     1    0.001975    0.045525    0.206136    4.633697 ^ _0767_/X (sky130_fd_sc_hd__o221a_1)
                                                         _0026_ (net)
                      0.045525    0.000017    4.633714 ^ _1410_/D (sky130_fd_sc_hd__dfxtp_1)
                                              4.633714   data arrival time

                                 10.000000   10.000000   clock clk (rise edge)
                                  0.000000   10.000000   clock source latency
     1    0.024950    0.117791    0.081531   10.081532 ^ clk (in)
                                                         clk (net)
                      0.117803    0.000000   10.081532 ^ clkbuf_0_clk/A (sky130_fd_sc_hd__clkbuf_16)
     8    0.101812    0.118042    0.212409   10.293941 ^ clkbuf_0_clk/X (sky130_fd_sc_hd__clkbuf_16)
                                                         clknet_0_clk (net)
                      0.118081    0.001788   10.295728 ^ clkbuf_3_4__f_clk/A (sky130_fd_sc_hd__clkbuf_16)
    11    0.040866    0.060539    0.169003   10.464730 ^ clkbuf_3_4__f_clk/X (sky130_fd_sc_hd__clkbuf_16)
                                                         clknet_3_4__leaf_clk (net)
                      0.060552    0.000886   10.465617 ^ _1410_/CLK (sky130_fd_sc_hd__dfxtp_1)
                                 -0.250000   10.215617   clock uncertainty
                                  0.000000   10.215617   clock reconvergence pessimism
                                 -0.051897   10.163721   library setup time
                                             10.163721   data required time
---------------------------------------------------------------------------------------------
                                             10.163721   data required time
                                             -4.633714   data arrival time
---------------------------------------------------------------------------------------------
                                              5.530007   slack (MET)


Startpoint: addr[5] (input port clocked by clk)
Endpoint: _1414_ (rising edge-triggered flip-flop clocked by clk)
Path Group: clk
Path Type: max

Fanout         Cap        Slew       Delay        Time   Description
---------------------------------------------------------------------------------------------
                                  0.000000    0.000000   clock clk (rise edge)
                                  0.000000    0.000000   clock network delay (propagated)
                                  2.000000    2.000000 v input external delay
     1    0.002570    0.008100    0.004029    2.004030 v addr[5] (in)
                                                         addr[5] (net)
                      0.008100    0.000000    2.004030 v input6/A (sky130_fd_sc_hd__clkbuf_1)
     1    0.002216    0.023493    0.068784    2.072813 v input6/X (sky130_fd_sc_hd__clkbuf_1)
                                                         net6 (net)
                      0.023493    0.000024    2.072837 v _0697_/A (sky130_fd_sc_hd__or4_1)
     2    0.004136    0.092387    0.521124    2.593961 v _0697_/X (sky130_fd_sc_hd__or4_1)
                                                         _0086_ (net)
                      0.092387    0.000051    2.594012 v _0700_/B (sky130_fd_sc_hd__or2_1)
     2    0.012031    0.088504    0.270017    2.864029 v _0700_/X (sky130_fd_sc_hd__or2_1)
                                                         _0088_ (net)
                      0.088504    0.000147    2.864176 v _0701_/D (sky130_fd_sc_hd__nor4_1)
     2    0.009293    0.443514    0.355294    3.219470 ^ _0701_/Y (sky130_fd_sc_hd__nor4_1)
                                                         _0089_ (net)
                      0.443514    0.000221    3.219691 ^ max_cap64/A (sky130_fd_sc_hd__clkbuf_2)
     5    0.023462    0.135610    0.262485    3.482176 ^ max_cap64/X (sky130_fd_sc_hd__clkbuf_2)
                                                         net64 (net)
                      0.135610    0.000060    3.482235 ^ max_cap63/A (sky130_fd_sc_hd__clkbuf_2)
     4    0.020684    0.118476    0.189259    3.671494 ^ max_cap63/X (sky130_fd_sc_hd__clkbuf_2)
                                                         net63 (net)
                      0.118480    0.000864    3.672358 ^ _0746_/A2 (sky130_fd_sc_hd__a221o_1)
     1    0.013786    0.144039    0.231912    3.904269 ^ _0746_/X (sky130_fd_sc_hd__a221o_1)
                                                         _0119_ (net)
                      0.144040    0.000770    3.905039 ^ fanout59/A (sky130_fd_sc_hd__clkbuf_4)
     8    0.051714    0.159932    0.255597    4.160636 ^ fanout59/X (sky130_fd_sc_hd__clkbuf_4)
                                                         net59 (net)
                      0.160118    0.003464    4.164100 ^ fanout58/A (sky130_fd_sc_hd__buf_2)
     9    0.041805    0.205856    0.260571    4.424671 ^ fanout58/X (sky130_fd_sc_hd__buf_2)
                                                         net58 (net)
                      0.205914    0.002862    4.427533 ^ _0775_/B1 (sky130_fd_sc_hd__o221a_1)
     1    0.002441    0.049446    0.210334    4.637867 ^ _0775_/X (sky130_fd_sc_hd__o221a_1)
                                                         _0030_ (net)
                      0.049446    0.000024    4.637892 ^ _1414_/D (sky130_fd_sc_hd__dfxtp_1)
                                              4.637892   data arrival time

                                 10.000000   10.000000   clock clk (rise edge)
                                  0.000000   10.000000   clock source latency
     1    0.024950    0.117791    0.081531   10.081532 ^ clk (in)
                                                         clk (net)
                      0.117803    0.000000   10.081532 ^ clkbuf_0_clk/A (sky130_fd_sc_hd__clkbuf_16)
     8    0.101812    0.118042    0.212409   10.293941 ^ clkbuf_0_clk/X (sky130_fd_sc_hd__clkbuf_16)
                                                         clknet_0_clk (net)
                      0.118180    0.003316   10.297256 ^ clkbuf_3_7__f_clk/A (sky130_fd_sc_hd__clkbuf_16)
    10    0.044183    0.063534    0.171616   10.468872 ^ clkbuf_3_7__f_clk/X (sky130_fd_sc_hd__clkbuf_16)
                                                         clknet_3_7__leaf_clk (net)
                      0.063580    0.001506   10.470379 ^ _1414_/CLK (sky130_fd_sc_hd__dfxtp_1)
                                 -0.250000   10.220379   clock uncertainty
                                  0.000000   10.220379   clock reconvergence pessimism
                                 -0.052367   10.168012   library setup time
                                             10.168012   data required time
---------------------------------------------------------------------------------------------
                                             10.168012   data required time
                                             -4.637892   data arrival time
---------------------------------------------------------------------------------------------
                                              5.530119   slack (MET)


Startpoint: addr[5] (input port clocked by clk)
Endpoint: _1413_ (rising edge-triggered flip-flop clocked by clk)
Path Group: clk
Path Type: max

Fanout         Cap        Slew       Delay        Time   Description
---------------------------------------------------------------------------------------------
                                  0.000000    0.000000   clock clk (rise edge)
                                  0.000000    0.000000   clock network delay (propagated)
                                  2.000000    2.000000 v input external delay
     1    0.002570    0.008100    0.004029    2.004030 v addr[5] (in)
                                                         addr[5] (net)
                      0.008100    0.000000    2.004030 v input6/A (sky130_fd_sc_hd__clkbuf_1)
     1    0.002216    0.023493    0.068784    2.072813 v input6/X (sky130_fd_sc_hd__clkbuf_1)
                                                         net6 (net)
                      0.023493    0.000024    2.072837 v _0697_/A (sky130_fd_sc_hd__or4_1)
     2    0.004136    0.092387    0.521124    2.593961 v _0697_/X (sky130_fd_sc_hd__or4_1)
                                                         _0086_ (net)
                      0.092387    0.000051    2.594012 v _0700_/B (sky130_fd_sc_hd__or2_1)
     2    0.012031    0.088504    0.270017    2.864029 v _0700_/X (sky130_fd_sc_hd__or2_1)
                                                         _0088_ (net)
                      0.088504    0.000147    2.864176 v _0701_/D (sky130_fd_sc_hd__nor4_1)
     2    0.009293    0.443514    0.355294    3.219470 ^ _0701_/Y (sky130_fd_sc_hd__nor4_1)
                                                         _0089_ (net)
                      0.443514    0.000221    3.219691 ^ max_cap64/A (sky130_fd_sc_hd__clkbuf_2)
     5    0.023462    0.135610    0.262485    3.482176 ^ max_cap64/X (sky130_fd_sc_hd__clkbuf_2)
                                                         net64 (net)
                      0.135610    0.000060    3.482235 ^ max_cap63/A (sky130_fd_sc_hd__clkbuf_2)
     4    0.020684    0.118476    0.189259    3.671494 ^ max_cap63/X (sky130_fd_sc_hd__clkbuf_2)
                                                         net63 (net)
                      0.118480    0.000864    3.672358 ^ _0746_/A2 (sky130_fd_sc_hd__a221o_1)
     1    0.013786    0.144039    0.231912    3.904269 ^ _0746_/X (sky130_fd_sc_hd__a221o_1)
                                                         _0119_ (net)
                      0.144040    0.000770    3.905039 ^ fanout59/A (sky130_fd_sc_hd__clkbuf_4)
     8    0.051714    0.159932    0.255597    4.160636 ^ fanout59/X (sky130_fd_sc_hd__clkbuf_4)
                                                         net59 (net)
                      0.160118    0.003464    4.164100 ^ fanout58/A (sky130_fd_sc_hd__buf_2)
     9    0.041805    0.205856    0.260571    4.424671 ^ fanout58/X (sky130_fd_sc_hd__buf_2)
                                                         net58 (net)
                      0.205912    0.002825    4.427496 ^ _0773_/B1 (sky130_fd_sc_hd__o221a_1)
     1    0.001960    0.046538    0.206003    4.633499 ^ _0773_/X (sky130_fd_sc_hd__o221a_1)
                                                         _0029_ (net)
                      0.046538    0.000008    4.633507 ^ _1413_/D (sky130_fd_sc_hd__dfxtp_1)
                                              4.633507   data arrival time

                                 10.000000   10.000000   clock clk (rise edge)
                                  0.000000   10.000000   clock source latency
     1    0.024950    0.117791    0.081531   10.081532 ^ clk (in)
                                                         clk (net)
                      0.117803    0.000000   10.081532 ^ clkbuf_0_clk/A (sky130_fd_sc_hd__clkbuf_16)
     8    0.101812    0.118042    0.212409   10.293941 ^ clkbuf_0_clk/X (sky130_fd_sc_hd__clkbuf_16)
                                                         clknet_0_clk (net)
                      0.118081    0.001788   10.295728 ^ clkbuf_3_4__f_clk/A (sky130_fd_sc_hd__clkbuf_16)
    11    0.040866    0.060539    0.169003   10.464730 ^ clkbuf_3_4__f_clk/X (sky130_fd_sc_hd__clkbuf_16)
                                                         clknet_3_4__leaf_clk (net)
                      0.060584    0.001433   10.466164 ^ _1413_/CLK (sky130_fd_sc_hd__dfxtp_1)
                                 -0.250000   10.216164   clock uncertainty
                                  0.000000   10.216164   clock reconvergence pessimism
                                 -0.052125   10.164038   library setup time
                                             10.164038   data required time
---------------------------------------------------------------------------------------------
                                             10.164038   data required time
                                             -4.633507   data arrival time
---------------------------------------------------------------------------------------------
                                              5.530530   slack (MET)


Startpoint: addr[5] (input port clocked by clk)
Endpoint: _1415_ (rising edge-triggered flip-flop clocked by clk)
Path Group: clk
Path Type: max

Fanout         Cap        Slew       Delay        Time   Description
---------------------------------------------------------------------------------------------
                                  0.000000    0.000000   clock clk (rise edge)
                                  0.000000    0.000000   clock network delay (propagated)
                                  2.000000    2.000000 v input external delay
     1    0.002570    0.008100    0.004029    2.004030 v addr[5] (in)
                                                         addr[5] (net)
                      0.008100    0.000000    2.004030 v input6/A (sky130_fd_sc_hd__clkbuf_1)
     1    0.002216    0.023493    0.068784    2.072813 v input6/X (sky130_fd_sc_hd__clkbuf_1)
                                                         net6 (net)
                      0.023493    0.000024    2.072837 v _0697_/A (sky130_fd_sc_hd__or4_1)
     2    0.004136    0.092387    0.521124    2.593961 v _0697_/X (sky130_fd_sc_hd__or4_1)
                                                         _0086_ (net)
                      0.092387    0.000051    2.594012 v _0700_/B (sky130_fd_sc_hd__or2_1)
     2    0.012031    0.088504    0.270017    2.864029 v _0700_/X (sky130_fd_sc_hd__or2_1)
                                                         _0088_ (net)
                      0.088504    0.000147    2.864176 v _0701_/D (sky130_fd_sc_hd__nor4_1)
     2    0.009293    0.443514    0.355294    3.219470 ^ _0701_/Y (sky130_fd_sc_hd__nor4_1)
                                                         _0089_ (net)
                      0.443514    0.000221    3.219691 ^ max_cap64/A (sky130_fd_sc_hd__clkbuf_2)
     5    0.023462    0.135610    0.262485    3.482176 ^ max_cap64/X (sky130_fd_sc_hd__clkbuf_2)
                                                         net64 (net)
                      0.135610    0.000060    3.482235 ^ max_cap63/A (sky130_fd_sc_hd__clkbuf_2)
     4    0.020684    0.118476    0.189259    3.671494 ^ max_cap63/X (sky130_fd_sc_hd__clkbuf_2)
                                                         net63 (net)
                      0.118480    0.000864    3.672358 ^ _0746_/A2 (sky130_fd_sc_hd__a221o_1)
     1    0.013786    0.144039    0.231912    3.904269 ^ _0746_/X (sky130_fd_sc_hd__a221o_1)
                                                         _0119_ (net)
                      0.144040    0.000770    3.905039 ^ fanout59/A (sky130_fd_sc_hd__clkbuf_4)
     8    0.051714    0.159932    0.255597    4.160636 ^ fanout59/X (sky130_fd_sc_hd__clkbuf_4)
                                                         net59 (net)
                      0.160118    0.003464    4.164100 ^ fanout58/A (sky130_fd_sc_hd__buf_2)
     9    0.041805    0.205856    0.260571    4.424671 ^ fanout58/X (sky130_fd_sc_hd__buf_2)
                                                         net58 (net)
                      0.205898    0.002441    4.427112 ^ _0777_/B1 (sky130_fd_sc_hd__o221a_1)
     1    0.001985    0.046772    0.206226    4.633338 ^ _0777_/X (sky130_fd_sc_hd__o221a_1)
                                                         _0031_ (net)
                      0.046772    0.000010    4.633348 ^ _1415_/D (sky130_fd_sc_hd__dfxtp_1)
                                              4.633348   data arrival time

                                 10.000000   10.000000   clock clk (rise edge)
                                  0.000000   10.000000   clock source latency
     1    0.024950    0.117791    0.081531   10.081532 ^ clk (in)
                                                         clk (net)
                      0.117803    0.000000   10.081532 ^ clkbuf_0_clk/A (sky130_fd_sc_hd__clkbuf_16)
     8    0.101812    0.118042    0.212409   10.293941 ^ clkbuf_0_clk/X (sky130_fd_sc_hd__clkbuf_16)
                                                         clknet_0_clk (net)
                      0.118180    0.003316   10.297256 ^ clkbuf_3_7__f_clk/A (sky130_fd_sc_hd__clkbuf_16)
    10    0.044183    0.063534    0.171616   10.468872 ^ clkbuf_3_7__f_clk/X (sky130_fd_sc_hd__clkbuf_16)
                                                         clknet_3_7__leaf_clk (net)
                      0.063579    0.001491   10.470364 ^ _1415_/CLK (sky130_fd_sc_hd__dfxtp_1)
                                 -0.250000   10.220364   clock uncertainty
                                  0.000000   10.220364   clock reconvergence pessimism
                                 -0.051752   10.168612   library setup time
                                             10.168612   data required time
---------------------------------------------------------------------------------------------
                                             10.168612   data required time
                                             -4.633348   data arrival time
---------------------------------------------------------------------------------------------
                                              5.535264   slack (MET)


Startpoint: addr[5] (input port clocked by clk)
Endpoint: _1401_ (rising edge-triggered flip-flop clocked by clk)
Path Group: clk
Path Type: max

Fanout         Cap        Slew       Delay        Time   Description
---------------------------------------------------------------------------------------------
                                  0.000000    0.000000   clock clk (rise edge)
                                  0.000000    0.000000   clock network delay (propagated)
                                  2.000000    2.000000 v input external delay
     1    0.002570    0.008100    0.004029    2.004030 v addr[5] (in)
                                                         addr[5] (net)
                      0.008100    0.000000    2.004030 v input6/A (sky130_fd_sc_hd__clkbuf_1)
     1    0.002216    0.023493    0.068784    2.072813 v input6/X (sky130_fd_sc_hd__clkbuf_1)
                                                         net6 (net)
                      0.023493    0.000024    2.072837 v _0697_/A (sky130_fd_sc_hd__or4_1)
     2    0.004136    0.092387    0.521124    2.593961 v _0697_/X (sky130_fd_sc_hd__or4_1)
                                                         _0086_ (net)
                      0.092387    0.000051    2.594012 v _0700_/B (sky130_fd_sc_hd__or2_1)
     2    0.012031    0.088504    0.270017    2.864029 v _0700_/X (sky130_fd_sc_hd__or2_1)
                                                         _0088_ (net)
                      0.088504    0.000147    2.864176 v _0701_/D (sky130_fd_sc_hd__nor4_1)
     2    0.009293    0.443514    0.355294    3.219470 ^ _0701_/Y (sky130_fd_sc_hd__nor4_1)
                                                         _0089_ (net)
                      0.443514    0.000221    3.219691 ^ max_cap64/A (sky130_fd_sc_hd__clkbuf_2)
     5    0.023462    0.135610    0.262485    3.482176 ^ max_cap64/X (sky130_fd_sc_hd__clkbuf_2)
                                                         net64 (net)
                      0.135610    0.000060    3.482235 ^ max_cap63/A (sky130_fd_sc_hd__clkbuf_2)
     4    0.020684    0.118476    0.189259    3.671494 ^ max_cap63/X (sky130_fd_sc_hd__clkbuf_2)
                                                         net63 (net)
                      0.118480    0.000864    3.672358 ^ _0746_/A2 (sky130_fd_sc_hd__a221o_1)
     1    0.013786    0.144039    0.231912    3.904269 ^ _0746_/X (sky130_fd_sc_hd__a221o_1)
                                                         _0119_ (net)
                      0.144040    0.000770    3.905039 ^ fanout59/A (sky130_fd_sc_hd__clkbuf_4)
     8    0.051714    0.159932    0.255597    4.160636 ^ fanout59/X (sky130_fd_sc_hd__clkbuf_4)
                                                         net59 (net)
                      0.160118    0.003464    4.164100 ^ fanout58/A (sky130_fd_sc_hd__buf_2)
     9    0.041805    0.205856    0.260571    4.424671 ^ fanout58/X (sky130_fd_sc_hd__buf_2)
                                                         net58 (net)
                      0.205857    0.000344    4.425015 ^ _0749_/B1 (sky130_fd_sc_hd__o221a_1)
     1    0.002145    0.046907    0.207649    4.632664 ^ _0749_/X (sky130_fd_sc_hd__o221a_1)
                                                         _0017_ (net)
                      0.046907    0.000020    4.632685 ^ _1401_/D (sky130_fd_sc_hd__dfxtp_1)
                                              4.632685   data arrival time

                                 10.000000   10.000000   clock clk (rise edge)
                                  0.000000   10.000000   clock source latency
     1    0.024950    0.117791    0.081531   10.081532 ^ clk (in)
                                                         clk (net)
                      0.117803    0.000000   10.081532 ^ clkbuf_0_clk/A (sky130_fd_sc_hd__clkbuf_16)
     8    0.101812    0.118042    0.212409   10.293941 ^ clkbuf_0_clk/X (sky130_fd_sc_hd__clkbuf_16)
                                                         clknet_0_clk (net)
                      0.118177    0.003282   10.297222 ^ clkbuf_3_6__f_clk/A (sky130_fd_sc_hd__clkbuf_16)
    14    0.045743    0.064948    0.172760   10.469982 ^ clkbuf_3_6__f_clk/X (sky130_fd_sc_hd__clkbuf_16)
                                                         clknet_3_6__leaf_clk (net)
                      0.064962    0.000924   10.470906 ^ _1401_/CLK (sky130_fd_sc_hd__dfxtp_1)
                                 -0.250000   10.220906   clock uncertainty
                                  0.000000   10.220906   clock reconvergence pessimism
                                 -0.051586   10.169321   library setup time
                                             10.169321   data required time
---------------------------------------------------------------------------------------------
                                             10.169321   data required time
                                             -4.632685   data arrival time
---------------------------------------------------------------------------------------------
                                              5.536636   slack (MET)


Startpoint: addr[5] (input port clocked by clk)
Endpoint: _1419_ (rising edge-triggered flip-flop clocked by clk)
Path Group: clk
Path Type: max

Fanout         Cap        Slew       Delay        Time   Description
---------------------------------------------------------------------------------------------
                                  0.000000    0.000000   clock clk (rise edge)
                                  0.000000    0.000000   clock network delay (propagated)
                                  2.000000    2.000000 v input external delay
     1    0.002570    0.008100    0.004029    2.004030 v addr[5] (in)
                                                         addr[5] (net)
                      0.008100    0.000000    2.004030 v input6/A (sky130_fd_sc_hd__clkbuf_1)
     1    0.002216    0.023493    0.068784    2.072813 v input6/X (sky130_fd_sc_hd__clkbuf_1)
                                                         net6 (net)
                      0.023493    0.000024    2.072837 v _0697_/A (sky130_fd_sc_hd__or4_1)
     2    0.004136    0.092387    0.521124    2.593961 v _0697_/X (sky130_fd_sc_hd__or4_1)
                                                         _0086_ (net)
                      0.092387    0.000051    2.594012 v _0700_/B (sky130_fd_sc_hd__or2_1)
     2    0.012031    0.088504    0.270017    2.864029 v _0700_/X (sky130_fd_sc_hd__or2_1)
                                                         _0088_ (net)
                      0.088504    0.000147    2.864176 v _0701_/D (sky130_fd_sc_hd__nor4_1)
     2    0.009293    0.443514    0.355294    3.219470 ^ _0701_/Y (sky130_fd_sc_hd__nor4_1)
                                                         _0089_ (net)
                      0.443514    0.000221    3.219691 ^ max_cap64/A (sky130_fd_sc_hd__clkbuf_2)
     5    0.023462    0.135610    0.262485    3.482176 ^ max_cap64/X (sky130_fd_sc_hd__clkbuf_2)
                                                         net64 (net)
                      0.135610    0.000060    3.482235 ^ max_cap63/A (sky130_fd_sc_hd__clkbuf_2)
     4    0.020684    0.118476    0.189259    3.671494 ^ max_cap63/X (sky130_fd_sc_hd__clkbuf_2)
                                                         net63 (net)
                      0.118480    0.000864    3.672358 ^ _0746_/A2 (sky130_fd_sc_hd__a221o_1)
     1    0.013786    0.144039    0.231912    3.904269 ^ _0746_/X (sky130_fd_sc_hd__a221o_1)
                                                         _0119_ (net)
                      0.144040    0.000770    3.905039 ^ fanout59/A (sky130_fd_sc_hd__clkbuf_4)
     8    0.051714    0.159932    0.255597    4.160636 ^ fanout59/X (sky130_fd_sc_hd__clkbuf_4)
                                                         net59 (net)
                      0.160118    0.003464    4.164100 ^ fanout58/A (sky130_fd_sc_hd__buf_2)
     9    0.041805    0.205856    0.260571    4.424671 ^ fanout58/X (sky130_fd_sc_hd__buf_2)
                                                         net58 (net)
                      0.205859    0.000709    4.425380 ^ _0785_/B1 (sky130_fd_sc_hd__o221a_1)
     1    0.002006    0.045776    0.206394    4.631774 ^ _0785_/X (sky130_fd_sc_hd__o221a_1)
                                                         _0035_ (net)
                      0.045776    0.000017    4.631792 ^ _1419_/D (sky130_fd_sc_hd__dfxtp_1)
                                              4.631792   data arrival time

                                 10.000000   10.000000   clock clk (rise edge)
                                  0.000000   10.000000   clock source latency
     1    0.024950    0.117791    0.081531   10.081532 ^ clk (in)
                                                         clk (net)
                      0.117803    0.000000   10.081532 ^ clkbuf_0_clk/A (sky130_fd_sc_hd__clkbuf_16)
     8    0.101812    0.118042    0.212409   10.293941 ^ clkbuf_0_clk/X (sky130_fd_sc_hd__clkbuf_16)
                                                         clknet_0_clk (net)
                      0.118177    0.003282   10.297222 ^ clkbuf_3_6__f_clk/A (sky130_fd_sc_hd__clkbuf_16)
    14    0.045743    0.064948    0.172760   10.469982 ^ clkbuf_3_6__f_clk/X (sky130_fd_sc_hd__clkbuf_16)
                                                         clknet_3_6__leaf_clk (net)
                      0.064962    0.000926   10.470909 ^ _1419_/CLK (sky130_fd_sc_hd__dfxtp_1)
                                 -0.250000   10.220909   clock uncertainty
                                  0.000000   10.220909   clock reconvergence pessimism
                                 -0.051326   10.169583   library setup time
                                             10.169583   data required time
---------------------------------------------------------------------------------------------
                                             10.169583   data required time
                                             -4.631792   data arrival time
---------------------------------------------------------------------------------------------
                                              5.537792   slack (MET)


Startpoint: addr[5] (input port clocked by clk)
Endpoint: _1411_ (rising edge-triggered flip-flop clocked by clk)
Path Group: clk
Path Type: max

Fanout         Cap        Slew       Delay        Time   Description
---------------------------------------------------------------------------------------------
                                  0.000000    0.000000   clock clk (rise edge)
                                  0.000000    0.000000   clock network delay (propagated)
                                  2.000000    2.000000 v input external delay
     1    0.002570    0.008100    0.004029    2.004030 v addr[5] (in)
                                                         addr[5] (net)
                      0.008100    0.000000    2.004030 v input6/A (sky130_fd_sc_hd__clkbuf_1)
     1    0.002216    0.023493    0.068784    2.072813 v input6/X (sky130_fd_sc_hd__clkbuf_1)
                                                         net6 (net)
                      0.023493    0.000024    2.072837 v _0697_/A (sky130_fd_sc_hd__or4_1)
     2    0.004136    0.092387    0.521124    2.593961 v _0697_/X (sky130_fd_sc_hd__or4_1)
                                                         _0086_ (net)
                      0.092387    0.000051    2.594012 v _0700_/B (sky130_fd_sc_hd__or2_1)
     2    0.012031    0.088504    0.270017    2.864029 v _0700_/X (sky130_fd_sc_hd__or2_1)
                                                         _0088_ (net)
                      0.088504    0.000147    2.864176 v _0701_/D (sky130_fd_sc_hd__nor4_1)
     2    0.009293    0.443514    0.355294    3.219470 ^ _0701_/Y (sky130_fd_sc_hd__nor4_1)
                                                         _0089_ (net)
                      0.443514    0.000221    3.219691 ^ max_cap64/A (sky130_fd_sc_hd__clkbuf_2)
     5    0.023462    0.135610    0.262485    3.482176 ^ max_cap64/X (sky130_fd_sc_hd__clkbuf_2)
                                                         net64 (net)
                      0.135610    0.000060    3.482235 ^ max_cap63/A (sky130_fd_sc_hd__clkbuf_2)
     4    0.020684    0.118476    0.189259    3.671494 ^ max_cap63/X (sky130_fd_sc_hd__clkbuf_2)
                                                         net63 (net)
                      0.118480    0.000864    3.672358 ^ _0746_/A2 (sky130_fd_sc_hd__a221o_1)
     1    0.013786    0.144039    0.231912    3.904269 ^ _0746_/X (sky130_fd_sc_hd__a221o_1)
                                                         _0119_ (net)
                      0.144040    0.000770    3.905039 ^ fanout59/A (sky130_fd_sc_hd__clkbuf_4)
     8    0.051714    0.159932    0.255597    4.160636 ^ fanout59/X (sky130_fd_sc_hd__clkbuf_4)
                                                         net59 (net)
                      0.160228    0.004845    4.165481 ^ fanout57/A (sky130_fd_sc_hd__clkbuf_4)
    10    0.048596    0.152778    0.255953    4.421433 ^ fanout57/X (sky130_fd_sc_hd__clkbuf_4)
                                                         net57 (net)
                      0.152782    0.001027    4.422460 ^ _0769_/B1 (sky130_fd_sc_hd__o221a_1)
     1    0.002250    0.047821    0.194072    4.616532 ^ _0769_/X (sky130_fd_sc_hd__o221a_1)
                                                         _0027_ (net)
                      0.047821    0.000024    4.616556 ^ _1411_/D (sky130_fd_sc_hd__dfxtp_1)
                                              4.616556   data arrival time

                                 10.000000   10.000000   clock clk (rise edge)
                                  0.000000   10.000000   clock source latency
     1    0.024950    0.117791    0.081531   10.081532 ^ clk (in)
                                                         clk (net)
                      0.117803    0.000000   10.081532 ^ clkbuf_0_clk/A (sky130_fd_sc_hd__clkbuf_16)
     8    0.101812    0.118042    0.212409   10.293941 ^ clkbuf_0_clk/X (sky130_fd_sc_hd__clkbuf_16)
                                                         clknet_0_clk (net)
                      0.118081    0.001788   10.295728 ^ clkbuf_3_4__f_clk/A (sky130_fd_sc_hd__clkbuf_16)
    11    0.040866    0.060539    0.169003   10.464730 ^ clkbuf_3_4__f_clk/X (sky130_fd_sc_hd__clkbuf_16)
                                                         clknet_3_4__leaf_clk (net)
                      0.060542    0.000609   10.465340 ^ _1411_/CLK (sky130_fd_sc_hd__dfxtp_1)
                                 -0.250000   10.215340   clock uncertainty
                                  0.000000   10.215340   clock reconvergence pessimism
                                 -0.052427   10.162913   library setup time
                                             10.162913   data required time
---------------------------------------------------------------------------------------------
                                             10.162913   data required time
                                             -4.616556   data arrival time
---------------------------------------------------------------------------------------------
                                              5.546358   slack (MET)


Startpoint: addr[5] (input port clocked by clk)
Endpoint: _1406_ (rising edge-triggered flip-flop clocked by clk)
Path Group: clk
Path Type: max

Fanout         Cap        Slew       Delay        Time   Description
---------------------------------------------------------------------------------------------
                                  0.000000    0.000000   clock clk (rise edge)
                                  0.000000    0.000000   clock network delay (propagated)
                                  2.000000    2.000000 v input external delay
     1    0.002570    0.008100    0.004029    2.004030 v addr[5] (in)
                                                         addr[5] (net)
                      0.008100    0.000000    2.004030 v input6/A (sky130_fd_sc_hd__clkbuf_1)
     1    0.002216    0.023493    0.068784    2.072813 v input6/X (sky130_fd_sc_hd__clkbuf_1)
                                                         net6 (net)
                      0.023493    0.000024    2.072837 v _0697_/A (sky130_fd_sc_hd__or4_1)
     2    0.004136    0.092387    0.521124    2.593961 v _0697_/X (sky130_fd_sc_hd__or4_1)
                                                         _0086_ (net)
                      0.092387    0.000051    2.594012 v _0700_/B (sky130_fd_sc_hd__or2_1)
     2    0.012031    0.088504    0.270017    2.864029 v _0700_/X (sky130_fd_sc_hd__or2_1)
                                                         _0088_ (net)
                      0.088504    0.000147    2.864176 v _0701_/D (sky130_fd_sc_hd__nor4_1)
     2    0.009293    0.443514    0.355294    3.219470 ^ _0701_/Y (sky130_fd_sc_hd__nor4_1)
                                                         _0089_ (net)
                      0.443514    0.000221    3.219691 ^ max_cap64/A (sky130_fd_sc_hd__clkbuf_2)
     5    0.023462    0.135610    0.262485    3.482176 ^ max_cap64/X (sky130_fd_sc_hd__clkbuf_2)
                                                         net64 (net)
                      0.135610    0.000060    3.482235 ^ max_cap63/A (sky130_fd_sc_hd__clkbuf_2)
     4    0.020684    0.118476    0.189259    3.671494 ^ max_cap63/X (sky130_fd_sc_hd__clkbuf_2)
                                                         net63 (net)
                      0.118480    0.000864    3.672358 ^ _0746_/A2 (sky130_fd_sc_hd__a221o_1)
     1    0.013786    0.144039    0.231912    3.904269 ^ _0746_/X (sky130_fd_sc_hd__a221o_1)
                                                         _0119_ (net)
                      0.144040    0.000770    3.905039 ^ fanout59/A (sky130_fd_sc_hd__clkbuf_4)
     8    0.051714    0.159932    0.255597    4.160636 ^ fanout59/X (sky130_fd_sc_hd__clkbuf_4)
                                                         net59 (net)
                      0.160228    0.004845    4.165481 ^ fanout57/A (sky130_fd_sc_hd__clkbuf_4)
    10    0.048596    0.152778    0.255953    4.421433 ^ fanout57/X (sky130_fd_sc_hd__clkbuf_4)
                                                         net57 (net)
                      0.152778    0.000099    4.421532 ^ _0759_/B1 (sky130_fd_sc_hd__o221a_1)
     1    0.002442    0.049457    0.195798    4.617330 ^ _0759_/X (sky130_fd_sc_hd__o221a_1)
                                                         _0022_ (net)
                      0.049457    0.000024    4.617354 ^ _1406_/D (sky130_fd_sc_hd__dfxtp_1)
                                              4.617354   data arrival time

                                 10.000000   10.000000   clock clk (rise edge)
                                  0.000000   10.000000   clock source latency
     1    0.024950    0.117791    0.081531   10.081532 ^ clk (in)
                                                         clk (net)
                      0.117803    0.000000   10.081532 ^ clkbuf_0_clk/A (sky130_fd_sc_hd__clkbuf_16)
     8    0.101812    0.118042    0.212409   10.293941 ^ clkbuf_0_clk/X (sky130_fd_sc_hd__clkbuf_16)
                                                         clknet_0_clk (net)
                      0.118078    0.001718   10.295658 ^ clkbuf_3_5__f_clk/A (sky130_fd_sc_hd__clkbuf_16)
    14    0.044834    0.064104    0.171898   10.467556 ^ clkbuf_3_5__f_clk/X (sky130_fd_sc_hd__clkbuf_16)
                                                         clknet_3_5__leaf_clk (net)
                      0.064152    0.001536   10.469091 ^ _1406_/CLK (sky130_fd_sc_hd__dfxtp_1)
                                 -0.250000   10.219091   clock uncertainty
                                  0.000000   10.219091   clock reconvergence pessimism
                                 -0.052288   10.166803   library setup time
                                             10.166803   data required time
---------------------------------------------------------------------------------------------
                                             10.166803   data required time
                                             -4.617354   data arrival time
---------------------------------------------------------------------------------------------
                                              5.549449   slack (MET)


Startpoint: addr[5] (input port clocked by clk)
Endpoint: _1402_ (rising edge-triggered flip-flop clocked by clk)
Path Group: clk
Path Type: max

Fanout         Cap        Slew       Delay        Time   Description
---------------------------------------------------------------------------------------------
                                  0.000000    0.000000   clock clk (rise edge)
                                  0.000000    0.000000   clock network delay (propagated)
                                  2.000000    2.000000 v input external delay
     1    0.002570    0.008100    0.004029    2.004030 v addr[5] (in)
                                                         addr[5] (net)
                      0.008100    0.000000    2.004030 v input6/A (sky130_fd_sc_hd__clkbuf_1)
     1    0.002216    0.023493    0.068784    2.072813 v input6/X (sky130_fd_sc_hd__clkbuf_1)
                                                         net6 (net)
                      0.023493    0.000024    2.072837 v _0697_/A (sky130_fd_sc_hd__or4_1)
     2    0.004136    0.092387    0.521124    2.593961 v _0697_/X (sky130_fd_sc_hd__or4_1)
                                                         _0086_ (net)
                      0.092387    0.000051    2.594012 v _0700_/B (sky130_fd_sc_hd__or2_1)
     2    0.012031    0.088504    0.270017    2.864029 v _0700_/X (sky130_fd_sc_hd__or2_1)
                                                         _0088_ (net)
                      0.088504    0.000147    2.864176 v _0701_/D (sky130_fd_sc_hd__nor4_1)
     2    0.009293    0.443514    0.355294    3.219470 ^ _0701_/Y (sky130_fd_sc_hd__nor4_1)
                                                         _0089_ (net)
                      0.443514    0.000221    3.219691 ^ max_cap64/A (sky130_fd_sc_hd__clkbuf_2)
     5    0.023462    0.135610    0.262485    3.482176 ^ max_cap64/X (sky130_fd_sc_hd__clkbuf_2)
                                                         net64 (net)
                      0.135610    0.000060    3.482235 ^ max_cap63/A (sky130_fd_sc_hd__clkbuf_2)
     4    0.020684    0.118476    0.189259    3.671494 ^ max_cap63/X (sky130_fd_sc_hd__clkbuf_2)
                                                         net63 (net)
                      0.118480    0.000864    3.672358 ^ _0746_/A2 (sky130_fd_sc_hd__a221o_1)
     1    0.013786    0.144039    0.231912    3.904269 ^ _0746_/X (sky130_fd_sc_hd__a221o_1)
                                                         _0119_ (net)
                      0.144040    0.000770    3.905039 ^ fanout59/A (sky130_fd_sc_hd__clkbuf_4)
     8    0.051714    0.159932    0.255597    4.160636 ^ fanout59/X (sky130_fd_sc_hd__clkbuf_4)
                                                         net59 (net)
                      0.160228    0.004845    4.165481 ^ fanout57/A (sky130_fd_sc_hd__clkbuf_4)
    10    0.048596    0.152778    0.255953    4.421433 ^ fanout57/X (sky130_fd_sc_hd__clkbuf_4)
                                                         net57 (net)
                      0.152784    0.001206    4.422639 ^ _0751_/B1 (sky130_fd_sc_hd__o221a_1)
     1    0.001917    0.046095    0.191097    4.613736 ^ _0751_/X (sky130_fd_sc_hd__o221a_1)
                                                         _0018_ (net)
                      0.046095    0.000008    4.613745 ^ _1402_/D (sky130_fd_sc_hd__dfxtp_1)
                                              4.613745   data arrival time

                                 10.000000   10.000000   clock clk (rise edge)
                                  0.000000   10.000000   clock source latency
     1    0.024950    0.117791    0.081531   10.081532 ^ clk (in)
                                                         clk (net)
                      0.117803    0.000000   10.081532 ^ clkbuf_0_clk/A (sky130_fd_sc_hd__clkbuf_16)
     8    0.101812    0.118042    0.212409   10.293941 ^ clkbuf_0_clk/X (sky130_fd_sc_hd__clkbuf_16)
                                                         clknet_0_clk (net)
                      0.118081    0.001788   10.295728 ^ clkbuf_3_4__f_clk/A (sky130_fd_sc_hd__clkbuf_16)
    11    0.040866    0.060539    0.169003   10.464730 ^ clkbuf_3_4__f_clk/X (sky130_fd_sc_hd__clkbuf_16)
                                                         clknet_3_4__leaf_clk (net)
                      0.060542    0.000601   10.465332 ^ _1402_/CLK (sky130_fd_sc_hd__dfxtp_1)
                                 -0.250000   10.215332   clock uncertainty
                                  0.000000   10.215332   clock reconvergence pessimism
                                 -0.052029   10.163302   library setup time
                                             10.163302   data required time
---------------------------------------------------------------------------------------------
                                             10.163302   data required time
                                             -4.613745   data arrival time
---------------------------------------------------------------------------------------------
                                              5.549558   slack (MET)


Startpoint: addr[5] (input port clocked by clk)
Endpoint: _1418_ (rising edge-triggered flip-flop clocked by clk)
Path Group: clk
Path Type: max

Fanout         Cap        Slew       Delay        Time   Description
---------------------------------------------------------------------------------------------
                                  0.000000    0.000000   clock clk (rise edge)
                                  0.000000    0.000000   clock network delay (propagated)
                                  2.000000    2.000000 v input external delay
     1    0.002570    0.008100    0.004029    2.004030 v addr[5] (in)
                                                         addr[5] (net)
                      0.008100    0.000000    2.004030 v input6/A (sky130_fd_sc_hd__clkbuf_1)
     1    0.002216    0.023493    0.068784    2.072813 v input6/X (sky130_fd_sc_hd__clkbuf_1)
                                                         net6 (net)
                      0.023493    0.000024    2.072837 v _0697_/A (sky130_fd_sc_hd__or4_1)
     2    0.004136    0.092387    0.521124    2.593961 v _0697_/X (sky130_fd_sc_hd__or4_1)
                                                         _0086_ (net)
                      0.092387    0.000051    2.594012 v _0700_/B (sky130_fd_sc_hd__or2_1)
     2    0.012031    0.088504    0.270017    2.864029 v _0700_/X (sky130_fd_sc_hd__or2_1)
                                                         _0088_ (net)
                      0.088504    0.000147    2.864176 v _0701_/D (sky130_fd_sc_hd__nor4_1)
     2    0.009293    0.443514    0.355294    3.219470 ^ _0701_/Y (sky130_fd_sc_hd__nor4_1)
                                                         _0089_ (net)
                      0.443514    0.000221    3.219691 ^ max_cap64/A (sky130_fd_sc_hd__clkbuf_2)
     5    0.023462    0.135610    0.262485    3.482176 ^ max_cap64/X (sky130_fd_sc_hd__clkbuf_2)
                                                         net64 (net)
                      0.135610    0.000060    3.482235 ^ max_cap63/A (sky130_fd_sc_hd__clkbuf_2)
     4    0.020684    0.118476    0.189259    3.671494 ^ max_cap63/X (sky130_fd_sc_hd__clkbuf_2)
                                                         net63 (net)
                      0.118480    0.000864    3.672358 ^ _0746_/A2 (sky130_fd_sc_hd__a221o_1)
     1    0.013786    0.144039    0.231912    3.904269 ^ _0746_/X (sky130_fd_sc_hd__a221o_1)
                                                         _0119_ (net)
                      0.144040    0.000770    3.905039 ^ fanout59/A (sky130_fd_sc_hd__clkbuf_4)
     8    0.051714    0.159932    0.255597    4.160636 ^ fanout59/X (sky130_fd_sc_hd__clkbuf_4)
                                                         net59 (net)
                      0.160228    0.004845    4.165481 ^ fanout57/A (sky130_fd_sc_hd__clkbuf_4)
    10    0.048596    0.152778    0.255953    4.421433 ^ fanout57/X (sky130_fd_sc_hd__clkbuf_4)
                                                         net57 (net)
                      0.152807    0.002111    4.423545 ^ _0783_/B1 (sky130_fd_sc_hd__o221a_1)
     1    0.002235    0.047696    0.193946    4.617490 ^ _0783_/X (sky130_fd_sc_hd__o221a_1)
                                                         _0034_ (net)
                      0.047696    0.000021    4.617512 ^ _1418_/D (sky130_fd_sc_hd__dfxtp_1)
                                              4.617512   data arrival time

                                 10.000000   10.000000   clock clk (rise edge)
                                  0.000000   10.000000   clock source latency
     1    0.024950    0.117791    0.081531   10.081532 ^ clk (in)
                                                         clk (net)
                      0.117803    0.000000   10.081532 ^ clkbuf_0_clk/A (sky130_fd_sc_hd__clkbuf_16)
     8    0.101812    0.118042    0.212409   10.293941 ^ clkbuf_0_clk/X (sky130_fd_sc_hd__clkbuf_16)
                                                         clknet_0_clk (net)
                      0.118177    0.003282   10.297222 ^ clkbuf_3_6__f_clk/A (sky130_fd_sc_hd__clkbuf_16)
    14    0.045743    0.064948    0.172760   10.469982 ^ clkbuf_3_6__f_clk/X (sky130_fd_sc_hd__clkbuf_16)
                                                         clknet_3_6__leaf_clk (net)
                      0.064962    0.000925   10.470907 ^ _1418_/CLK (sky130_fd_sc_hd__dfxtp_1)
                                 -0.250000   10.220907   clock uncertainty
                                  0.000000   10.220907   clock reconvergence pessimism
                                 -0.051768   10.169140   library setup time
                                             10.169140   data required time
---------------------------------------------------------------------------------------------
                                             10.169140   data required time
                                             -4.617512   data arrival time
---------------------------------------------------------------------------------------------
                                              5.551628   slack (MET)


Startpoint: addr[5] (input port clocked by clk)
Endpoint: _1408_ (rising edge-triggered flip-flop clocked by clk)
Path Group: clk
Path Type: max

Fanout         Cap        Slew       Delay        Time   Description
---------------------------------------------------------------------------------------------
                                  0.000000    0.000000   clock clk (rise edge)
                                  0.000000    0.000000   clock network delay (propagated)
                                  2.000000    2.000000 v input external delay
     1    0.002570    0.008100    0.004029    2.004030 v addr[5] (in)
                                                         addr[5] (net)
                      0.008100    0.000000    2.004030 v input6/A (sky130_fd_sc_hd__clkbuf_1)
     1    0.002216    0.023493    0.068784    2.072813 v input6/X (sky130_fd_sc_hd__clkbuf_1)
                                                         net6 (net)
                      0.023493    0.000024    2.072837 v _0697_/A (sky130_fd_sc_hd__or4_1)
     2    0.004136    0.092387    0.521124    2.593961 v _0697_/X (sky130_fd_sc_hd__or4_1)
                                                         _0086_ (net)
                      0.092387    0.000051    2.594012 v _0700_/B (sky130_fd_sc_hd__or2_1)
     2    0.012031    0.088504    0.270017    2.864029 v _0700_/X (sky130_fd_sc_hd__or2_1)
                                                         _0088_ (net)
                      0.088504    0.000147    2.864176 v _0701_/D (sky130_fd_sc_hd__nor4_1)
     2    0.009293    0.443514    0.355294    3.219470 ^ _0701_/Y (sky130_fd_sc_hd__nor4_1)
                                                         _0089_ (net)
                      0.443514    0.000221    3.219691 ^ max_cap64/A (sky130_fd_sc_hd__clkbuf_2)
     5    0.023462    0.135610    0.262485    3.482176 ^ max_cap64/X (sky130_fd_sc_hd__clkbuf_2)
                                                         net64 (net)
                      0.135610    0.000060    3.482235 ^ max_cap63/A (sky130_fd_sc_hd__clkbuf_2)
     4    0.020684    0.118476    0.189259    3.671494 ^ max_cap63/X (sky130_fd_sc_hd__clkbuf_2)
                                                         net63 (net)
                      0.118480    0.000864    3.672358 ^ _0746_/A2 (sky130_fd_sc_hd__a221o_1)
     1    0.013786    0.144039    0.231912    3.904269 ^ _0746_/X (sky130_fd_sc_hd__a221o_1)
                                                         _0119_ (net)
                      0.144040    0.000770    3.905039 ^ fanout59/A (sky130_fd_sc_hd__clkbuf_4)
     8    0.051714    0.159932    0.255597    4.160636 ^ fanout59/X (sky130_fd_sc_hd__clkbuf_4)
                                                         net59 (net)
                      0.160228    0.004845    4.165481 ^ fanout57/A (sky130_fd_sc_hd__clkbuf_4)
    10    0.048596    0.152778    0.255953    4.421433 ^ fanout57/X (sky130_fd_sc_hd__clkbuf_4)
                                                         net57 (net)
                      0.152779    0.000763    4.422196 ^ _0763_/B1 (sky130_fd_sc_hd__o221a_1)
     1    0.002102    0.046567    0.192745    4.614941 ^ _0763_/X (sky130_fd_sc_hd__o221a_1)
                                                         _0024_ (net)
                      0.046567    0.000019    4.614960 ^ _1408_/D (sky130_fd_sc_hd__dfxtp_1)
                                              4.614960   data arrival time

                                 10.000000   10.000000   clock clk (rise edge)
                                  0.000000   10.000000   clock source latency
     1    0.024950    0.117791    0.081531   10.081532 ^ clk (in)
                                                         clk (net)
                      0.117803    0.000000   10.081532 ^ clkbuf_0_clk/A (sky130_fd_sc_hd__clkbuf_16)
     8    0.101812    0.118042    0.212409   10.293941 ^ clkbuf_0_clk/X (sky130_fd_sc_hd__clkbuf_16)
                                                         clknet_0_clk (net)
                      0.118078    0.001718   10.295658 ^ clkbuf_3_5__f_clk/A (sky130_fd_sc_hd__clkbuf_16)
    14    0.044834    0.064104    0.171898   10.467556 ^ clkbuf_3_5__f_clk/X (sky130_fd_sc_hd__clkbuf_16)
                                                         clknet_3_5__leaf_clk (net)
                      0.064165    0.001704   10.469260 ^ _1408_/CLK (sky130_fd_sc_hd__dfxtp_1)
                                 -0.250000   10.219260   clock uncertainty
                                  0.000000   10.219260   clock reconvergence pessimism
                                 -0.051621   10.167640   library setup time
                                             10.167640   data required time
---------------------------------------------------------------------------------------------
                                             10.167640   data required time
                                             -4.614960   data arrival time
---------------------------------------------------------------------------------------------
                                              5.552680   slack (MET)


Startpoint: addr[5] (input port clocked by clk)
Endpoint: _1403_ (rising edge-triggered flip-flop clocked by clk)
Path Group: clk
Path Type: max

Fanout         Cap        Slew       Delay        Time   Description
---------------------------------------------------------------------------------------------
                                  0.000000    0.000000   clock clk (rise edge)
                                  0.000000    0.000000   clock network delay (propagated)
                                  2.000000    2.000000 v input external delay
     1    0.002570    0.008100    0.004029    2.004030 v addr[5] (in)
                                                         addr[5] (net)
                      0.008100    0.000000    2.004030 v input6/A (sky130_fd_sc_hd__clkbuf_1)
     1    0.002216    0.023493    0.068784    2.072813 v input6/X (sky130_fd_sc_hd__clkbuf_1)
                                                         net6 (net)
                      0.023493    0.000024    2.072837 v _0697_/A (sky130_fd_sc_hd__or4_1)
     2    0.004136    0.092387    0.521124    2.593961 v _0697_/X (sky130_fd_sc_hd__or4_1)
                                                         _0086_ (net)
                      0.092387    0.000051    2.594012 v _0700_/B (sky130_fd_sc_hd__or2_1)
     2    0.012031    0.088504    0.270017    2.864029 v _0700_/X (sky130_fd_sc_hd__or2_1)
                                                         _0088_ (net)
                      0.088504    0.000147    2.864176 v _0701_/D (sky130_fd_sc_hd__nor4_1)
     2    0.009293    0.443514    0.355294    3.219470 ^ _0701_/Y (sky130_fd_sc_hd__nor4_1)
                                                         _0089_ (net)
                      0.443514    0.000221    3.219691 ^ max_cap64/A (sky130_fd_sc_hd__clkbuf_2)
     5    0.023462    0.135610    0.262485    3.482176 ^ max_cap64/X (sky130_fd_sc_hd__clkbuf_2)
                                                         net64 (net)
                      0.135610    0.000060    3.482235 ^ max_cap63/A (sky130_fd_sc_hd__clkbuf_2)
     4    0.020684    0.118476    0.189259    3.671494 ^ max_cap63/X (sky130_fd_sc_hd__clkbuf_2)
                                                         net63 (net)
                      0.118480    0.000864    3.672358 ^ _0746_/A2 (sky130_fd_sc_hd__a221o_1)
     1    0.013786    0.144039    0.231912    3.904269 ^ _0746_/X (sky130_fd_sc_hd__a221o_1)
                                                         _0119_ (net)
                      0.144040    0.000770    3.905039 ^ fanout59/A (sky130_fd_sc_hd__clkbuf_4)
     8    0.051714    0.159932    0.255597    4.160636 ^ fanout59/X (sky130_fd_sc_hd__clkbuf_4)
                                                         net59 (net)
                      0.160228    0.004845    4.165481 ^ fanout57/A (sky130_fd_sc_hd__clkbuf_4)
    10    0.048596    0.152778    0.255953    4.421433 ^ fanout57/X (sky130_fd_sc_hd__clkbuf_4)
                                                         net57 (net)
                      0.152778    0.000624    4.422058 ^ _0753_/B1 (sky130_fd_sc_hd__o221a_1)
     1    0.002090    0.046475    0.192643    4.614701 ^ _0753_/X (sky130_fd_sc_hd__o221a_1)
                                                         _0019_ (net)
                      0.046475    0.000019    4.614720 ^ _1403_/D (sky130_fd_sc_hd__dfxtp_1)
                                              4.614720   data arrival time

                                 10.000000   10.000000   clock clk (rise edge)
                                  0.000000   10.000000   clock source latency
     1    0.024950    0.117791    0.081531   10.081532 ^ clk (in)
                                                         clk (net)
                      0.117803    0.000000   10.081532 ^ clkbuf_0_clk/A (sky130_fd_sc_hd__clkbuf_16)
     8    0.101812    0.118042    0.212409   10.293941 ^ clkbuf_0_clk/X (sky130_fd_sc_hd__clkbuf_16)
                                                         clknet_0_clk (net)
                      0.118078    0.001718   10.295658 ^ clkbuf_3_5__f_clk/A (sky130_fd_sc_hd__clkbuf_16)
    14    0.044834    0.064104    0.171898   10.467556 ^ clkbuf_3_5__f_clk/X (sky130_fd_sc_hd__clkbuf_16)
                                                         clknet_3_5__leaf_clk (net)
                      0.064163    0.001681   10.469237 ^ _1403_/CLK (sky130_fd_sc_hd__dfxtp_1)
                                 -0.250000   10.219237   clock uncertainty
                                  0.000000   10.219237   clock reconvergence pessimism
                                 -0.051600   10.167637   library setup time
                                             10.167637   data required time
---------------------------------------------------------------------------------------------
                                             10.167637   data required time
                                             -4.614720   data arrival time
---------------------------------------------------------------------------------------------
                                              5.552917   slack (MET)


Startpoint: addr[5] (input port clocked by clk)
Endpoint: _1407_ (rising edge-triggered flip-flop clocked by clk)
Path Group: clk
Path Type: max

Fanout         Cap        Slew       Delay        Time   Description
---------------------------------------------------------------------------------------------
                                  0.000000    0.000000   clock clk (rise edge)
                                  0.000000    0.000000   clock network delay (propagated)
                                  2.000000    2.000000 v input external delay
     1    0.002570    0.008100    0.004029    2.004030 v addr[5] (in)
                                                         addr[5] (net)
                      0.008100    0.000000    2.004030 v input6/A (sky130_fd_sc_hd__clkbuf_1)
     1    0.002216    0.023493    0.068784    2.072813 v input6/X (sky130_fd_sc_hd__clkbuf_1)
                                                         net6 (net)
                      0.023493    0.000024    2.072837 v _0697_/A (sky130_fd_sc_hd__or4_1)
     2    0.004136    0.092387    0.521124    2.593961 v _0697_/X (sky130_fd_sc_hd__or4_1)
                                                         _0086_ (net)
                      0.092387    0.000051    2.594012 v _0700_/B (sky130_fd_sc_hd__or2_1)
     2    0.012031    0.088504    0.270017    2.864029 v _0700_/X (sky130_fd_sc_hd__or2_1)
                                                         _0088_ (net)
                      0.088504    0.000147    2.864176 v _0701_/D (sky130_fd_sc_hd__nor4_1)
     2    0.009293    0.443514    0.355294    3.219470 ^ _0701_/Y (sky130_fd_sc_hd__nor4_1)
                                                         _0089_ (net)
                      0.443514    0.000221    3.219691 ^ max_cap64/A (sky130_fd_sc_hd__clkbuf_2)
     5    0.023462    0.135610    0.262485    3.482176 ^ max_cap64/X (sky130_fd_sc_hd__clkbuf_2)
                                                         net64 (net)
                      0.135610    0.000060    3.482235 ^ max_cap63/A (sky130_fd_sc_hd__clkbuf_2)
     4    0.020684    0.118476    0.189259    3.671494 ^ max_cap63/X (sky130_fd_sc_hd__clkbuf_2)
                                                         net63 (net)
                      0.118480    0.000864    3.672358 ^ _0746_/A2 (sky130_fd_sc_hd__a221o_1)
     1    0.013786    0.144039    0.231912    3.904269 ^ _0746_/X (sky130_fd_sc_hd__a221o_1)
                                                         _0119_ (net)
                      0.144040    0.000770    3.905039 ^ fanout59/A (sky130_fd_sc_hd__clkbuf_4)
     8    0.051714    0.159932    0.255597    4.160636 ^ fanout59/X (sky130_fd_sc_hd__clkbuf_4)
                                                         net59 (net)
                      0.160228    0.004845    4.165481 ^ fanout57/A (sky130_fd_sc_hd__clkbuf_4)
    10    0.048596    0.152778    0.255953    4.421433 ^ fanout57/X (sky130_fd_sc_hd__clkbuf_4)
                                                         net57 (net)
                      0.152778    0.000484    4.421917 ^ _0761_/B1 (sky130_fd_sc_hd__o221a_1)
     1    0.002079    0.046377    0.192537    4.614454 ^ _0761_/X (sky130_fd_sc_hd__o221a_1)
                                                         _0023_ (net)
                      0.046377    0.000019    4.614473 ^ _1407_/D (sky130_fd_sc_hd__dfxtp_1)
                                              4.614473   data arrival time

                                 10.000000   10.000000   clock clk (rise edge)
                                  0.000000   10.000000   clock source latency
     1    0.024950    0.117791    0.081531   10.081532 ^ clk (in)
                                                         clk (net)
                      0.117803    0.000000   10.081532 ^ clkbuf_0_clk/A (sky130_fd_sc_hd__clkbuf_16)
     8    0.101812    0.118042    0.212409   10.293941 ^ clkbuf_0_clk/X (sky130_fd_sc_hd__clkbuf_16)
                                                         clknet_0_clk (net)
                      0.118078    0.001718   10.295658 ^ clkbuf_3_5__f_clk/A (sky130_fd_sc_hd__clkbuf_16)
    14    0.044834    0.064104    0.171898   10.467556 ^ clkbuf_3_5__f_clk/X (sky130_fd_sc_hd__clkbuf_16)
                                                         clknet_3_5__leaf_clk (net)
                      0.064161    0.001646   10.469202 ^ _1407_/CLK (sky130_fd_sc_hd__dfxtp_1)
                                 -0.250000   10.219202   clock uncertainty
                                  0.000000   10.219202   clock reconvergence pessimism
                                 -0.051578   10.167624   library setup time
                                             10.167624   data required time
---------------------------------------------------------------------------------------------
                                             10.167624   data required time
                                             -4.614473   data arrival time
---------------------------------------------------------------------------------------------
                                              5.553151   slack (MET)


Startpoint: addr[5] (input port clocked by clk)
Endpoint: _1404_ (rising edge-triggered flip-flop clocked by clk)
Path Group: clk
Path Type: max

Fanout         Cap        Slew       Delay        Time   Description
---------------------------------------------------------------------------------------------
                                  0.000000    0.000000   clock clk (rise edge)
                                  0.000000    0.000000   clock network delay (propagated)
                                  2.000000    2.000000 v input external delay
     1    0.002570    0.008100    0.004029    2.004030 v addr[5] (in)
                                                         addr[5] (net)
                      0.008100    0.000000    2.004030 v input6/A (sky130_fd_sc_hd__clkbuf_1)
     1    0.002216    0.023493    0.068784    2.072813 v input6/X (sky130_fd_sc_hd__clkbuf_1)
                                                         net6 (net)
                      0.023493    0.000024    2.072837 v _0697_/A (sky130_fd_sc_hd__or4_1)
     2    0.004136    0.092387    0.521124    2.593961 v _0697_/X (sky130_fd_sc_hd__or4_1)
                                                         _0086_ (net)
                      0.092387    0.000051    2.594012 v _0700_/B (sky130_fd_sc_hd__or2_1)
     2    0.012031    0.088504    0.270017    2.864029 v _0700_/X (sky130_fd_sc_hd__or2_1)
                                                         _0088_ (net)
                      0.088504    0.000147    2.864176 v _0701_/D (sky130_fd_sc_hd__nor4_1)
     2    0.009293    0.443514    0.355294    3.219470 ^ _0701_/Y (sky130_fd_sc_hd__nor4_1)
                                                         _0089_ (net)
                      0.443514    0.000221    3.219691 ^ max_cap64/A (sky130_fd_sc_hd__clkbuf_2)
     5    0.023462    0.135610    0.262485    3.482176 ^ max_cap64/X (sky130_fd_sc_hd__clkbuf_2)
                                                         net64 (net)
                      0.135610    0.000060    3.482235 ^ max_cap63/A (sky130_fd_sc_hd__clkbuf_2)
     4    0.020684    0.118476    0.189259    3.671494 ^ max_cap63/X (sky130_fd_sc_hd__clkbuf_2)
                                                         net63 (net)
                      0.118480    0.000864    3.672358 ^ _0746_/A2 (sky130_fd_sc_hd__a221o_1)
     1    0.013786    0.144039    0.231912    3.904269 ^ _0746_/X (sky130_fd_sc_hd__a221o_1)
                                                         _0119_ (net)
                      0.144040    0.000770    3.905039 ^ fanout59/A (sky130_fd_sc_hd__clkbuf_4)
     8    0.051714    0.159932    0.255597    4.160636 ^ fanout59/X (sky130_fd_sc_hd__clkbuf_4)
                                                         net59 (net)
                      0.160228    0.004845    4.165481 ^ fanout57/A (sky130_fd_sc_hd__clkbuf_4)
    10    0.048596    0.152778    0.255953    4.421433 ^ fanout57/X (sky130_fd_sc_hd__clkbuf_4)
                                                         net57 (net)
                      0.152778    0.000390    4.421824 ^ _0755_/B1 (sky130_fd_sc_hd__o221a_1)
     1    0.001954    0.046491    0.191428    4.613252 ^ _0755_/X (sky130_fd_sc_hd__o221a_1)
                                                         _0020_ (net)
                      0.046491    0.000009    4.613261 ^ _1404_/D (sky130_fd_sc_hd__dfxtp_1)
                                              4.613261   data arrival time

                                 10.000000   10.000000   clock clk (rise edge)
                                  0.000000   10.000000   clock source latency
     1    0.024950    0.117791    0.081531   10.081532 ^ clk (in)
                                                         clk (net)
                      0.117803    0.000000   10.081532 ^ clkbuf_0_clk/A (sky130_fd_sc_hd__clkbuf_16)
     8    0.101812    0.118042    0.212409   10.293941 ^ clkbuf_0_clk/X (sky130_fd_sc_hd__clkbuf_16)
                                                         clknet_0_clk (net)
                      0.118078    0.001718   10.295658 ^ clkbuf_3_5__f_clk/A (sky130_fd_sc_hd__clkbuf_16)
    14    0.044834    0.064104    0.171898   10.467556 ^ clkbuf_3_5__f_clk/X (sky130_fd_sc_hd__clkbuf_16)
                                                         clknet_3_5__leaf_clk (net)
                      0.064125    0.001081   10.468637 ^ _1404_/CLK (sky130_fd_sc_hd__dfxtp_1)
                                 -0.250000   10.218637   clock uncertainty
                                  0.000000   10.218637   clock reconvergence pessimism
                                 -0.051610   10.167027   library setup time
                                             10.167027   data required time
---------------------------------------------------------------------------------------------
                                             10.167027   data required time
                                             -4.613261   data arrival time
---------------------------------------------------------------------------------------------
                                              5.553767   slack (MET)


Startpoint: addr[5] (input port clocked by clk)
Endpoint: _1409_ (rising edge-triggered flip-flop clocked by clk)
Path Group: clk
Path Type: max

Fanout         Cap        Slew       Delay        Time   Description
---------------------------------------------------------------------------------------------
                                  0.000000    0.000000   clock clk (rise edge)
                                  0.000000    0.000000   clock network delay (propagated)
                                  2.000000    2.000000 v input external delay
     1    0.002570    0.008100    0.004029    2.004030 v addr[5] (in)
                                                         addr[5] (net)
                      0.008100    0.000000    2.004030 v input6/A (sky130_fd_sc_hd__clkbuf_1)
     1    0.002216    0.023493    0.068784    2.072813 v input6/X (sky130_fd_sc_hd__clkbuf_1)
                                                         net6 (net)
                      0.023493    0.000024    2.072837 v _0697_/A (sky130_fd_sc_hd__or4_1)
     2    0.004136    0.092387    0.521124    2.593961 v _0697_/X (sky130_fd_sc_hd__or4_1)
                                                         _0086_ (net)
                      0.092387    0.000051    2.594012 v _0700_/B (sky130_fd_sc_hd__or2_1)
     2    0.012031    0.088504    0.270017    2.864029 v _0700_/X (sky130_fd_sc_hd__or2_1)
                                                         _0088_ (net)
                      0.088504    0.000147    2.864176 v _0701_/D (sky130_fd_sc_hd__nor4_1)
     2    0.009293    0.443514    0.355294    3.219470 ^ _0701_/Y (sky130_fd_sc_hd__nor4_1)
                                                         _0089_ (net)
                      0.443514    0.000221    3.219691 ^ max_cap64/A (sky130_fd_sc_hd__clkbuf_2)
     5    0.023462    0.135610    0.262485    3.482176 ^ max_cap64/X (sky130_fd_sc_hd__clkbuf_2)
                                                         net64 (net)
                      0.135610    0.000060    3.482235 ^ max_cap63/A (sky130_fd_sc_hd__clkbuf_2)
     4    0.020684    0.118476    0.189259    3.671494 ^ max_cap63/X (sky130_fd_sc_hd__clkbuf_2)
                                                         net63 (net)
                      0.118480    0.000864    3.672358 ^ _0746_/A2 (sky130_fd_sc_hd__a221o_1)
     1    0.013786    0.144039    0.231912    3.904269 ^ _0746_/X (sky130_fd_sc_hd__a221o_1)
                                                         _0119_ (net)
                      0.144040    0.000770    3.905039 ^ fanout59/A (sky130_fd_sc_hd__clkbuf_4)
     8    0.051714    0.159932    0.255597    4.160636 ^ fanout59/X (sky130_fd_sc_hd__clkbuf_4)
                                                         net59 (net)
                      0.160228    0.004845    4.165481 ^ fanout57/A (sky130_fd_sc_hd__clkbuf_4)
    10    0.048596    0.152778    0.255953    4.421433 ^ fanout57/X (sky130_fd_sc_hd__clkbuf_4)
                                                         net57 (net)
                      0.152780    0.000914    4.422348 ^ _0765_/B1 (sky130_fd_sc_hd__o221a_1)
     1    0.001900    0.045986    0.190944    4.613292 ^ _0765_/X (sky130_fd_sc_hd__o221a_1)
                                                         _0025_ (net)
                      0.045986    0.000008    4.613300 ^ _1409_/D (sky130_fd_sc_hd__dfxtp_1)
                                              4.613300   data arrival time

                                 10.000000   10.000000   clock clk (rise edge)
                                  0.000000   10.000000   clock source latency
     1    0.024950    0.117791    0.081531   10.081532 ^ clk (in)
                                                         clk (net)
                      0.117803    0.000000   10.081532 ^ clkbuf_0_clk/A (sky130_fd_sc_hd__clkbuf_16)
     8    0.101812    0.118042    0.212409   10.293941 ^ clkbuf_0_clk/X (sky130_fd_sc_hd__clkbuf_16)
                                                         clknet_0_clk (net)
                      0.118078    0.001718   10.295658 ^ clkbuf_3_5__f_clk/A (sky130_fd_sc_hd__clkbuf_16)
    14    0.044834    0.064104    0.171898   10.467556 ^ clkbuf_3_5__f_clk/X (sky130_fd_sc_hd__clkbuf_16)
                                                         clknet_3_5__leaf_clk (net)
                      0.064168    0.001734   10.469290 ^ _1409_/CLK (sky130_fd_sc_hd__dfxtp_1)
                                 -0.250000   10.219290   clock uncertainty
                                  0.000000   10.219290   clock reconvergence pessimism
                                 -0.051487   10.167802   library setup time
                                             10.167802   data required time
---------------------------------------------------------------------------------------------
                                             10.167802   data required time
                                             -4.613300   data arrival time
---------------------------------------------------------------------------------------------
                                              5.554502   slack (MET)


Startpoint: addr[5] (input port clocked by clk)
Endpoint: _1405_ (rising edge-triggered flip-flop clocked by clk)
Path Group: clk
Path Type: max

Fanout         Cap        Slew       Delay        Time   Description
---------------------------------------------------------------------------------------------
                                  0.000000    0.000000   clock clk (rise edge)
                                  0.000000    0.000000   clock network delay (propagated)
                                  2.000000    2.000000 v input external delay
     1    0.002570    0.008100    0.004029    2.004030 v addr[5] (in)
                                                         addr[5] (net)
                      0.008100    0.000000    2.004030 v input6/A (sky130_fd_sc_hd__clkbuf_1)
     1    0.002216    0.023493    0.068784    2.072813 v input6/X (sky130_fd_sc_hd__clkbuf_1)
                                                         net6 (net)
                      0.023493    0.000024    2.072837 v _0697_/A (sky130_fd_sc_hd__or4_1)
     2    0.004136    0.092387    0.521124    2.593961 v _0697_/X (sky130_fd_sc_hd__or4_1)
                                                         _0086_ (net)
                      0.092387    0.000051    2.594012 v _0700_/B (sky130_fd_sc_hd__or2_1)
     2    0.012031    0.088504    0.270017    2.864029 v _0700_/X (sky130_fd_sc_hd__or2_1)
                                                         _0088_ (net)
                      0.088504    0.000147    2.864176 v _0701_/D (sky130_fd_sc_hd__nor4_1)
     2    0.009293    0.443514    0.355294    3.219470 ^ _0701_/Y (sky130_fd_sc_hd__nor4_1)
                                                         _0089_ (net)
                      0.443514    0.000221    3.219691 ^ max_cap64/A (sky130_fd_sc_hd__clkbuf_2)
     5    0.023462    0.135610    0.262485    3.482176 ^ max_cap64/X (sky130_fd_sc_hd__clkbuf_2)
                                                         net64 (net)
                      0.135610    0.000060    3.482235 ^ max_cap63/A (sky130_fd_sc_hd__clkbuf_2)
     4    0.020684    0.118476    0.189259    3.671494 ^ max_cap63/X (sky130_fd_sc_hd__clkbuf_2)
                                                         net63 (net)
                      0.118480    0.000864    3.672358 ^ _0746_/A2 (sky130_fd_sc_hd__a221o_1)
     1    0.013786    0.144039    0.231912    3.904269 ^ _0746_/X (sky130_fd_sc_hd__a221o_1)
                                                         _0119_ (net)
                      0.144040    0.000770    3.905039 ^ fanout59/A (sky130_fd_sc_hd__clkbuf_4)
     8    0.051714    0.159932    0.255597    4.160636 ^ fanout59/X (sky130_fd_sc_hd__clkbuf_4)
                                                         net59 (net)
                      0.160228    0.004845    4.165481 ^ fanout57/A (sky130_fd_sc_hd__clkbuf_4)
    10    0.048596    0.152778    0.255953    4.421433 ^ fanout57/X (sky130_fd_sc_hd__clkbuf_4)
                                                         net57 (net)
                      0.152778    0.000202    4.421635 ^ _0757_/B1 (sky130_fd_sc_hd__o221a_1)
     1    0.001912    0.044995    0.191046    4.612681 ^ _0757_/X (sky130_fd_sc_hd__o221a_1)
                                                         _0021_ (net)
                      0.044995    0.000016    4.612697 ^ _1405_/D (sky130_fd_sc_hd__dfxtp_1)
                                              4.612697   data arrival time

                                 10.000000   10.000000   clock clk (rise edge)
                                  0.000000   10.000000   clock source latency
     1    0.024950    0.117791    0.081531   10.081532 ^ clk (in)
                                                         clk (net)
                      0.117803    0.000000   10.081532 ^ clkbuf_0_clk/A (sky130_fd_sc_hd__clkbuf_16)
     8    0.101812    0.118042    0.212409   10.293941 ^ clkbuf_0_clk/X (sky130_fd_sc_hd__clkbuf_16)
                                                         clknet_0_clk (net)
                      0.118078    0.001718   10.295658 ^ clkbuf_3_5__f_clk/A (sky130_fd_sc_hd__clkbuf_16)
    14    0.044834    0.064104    0.171898   10.467556 ^ clkbuf_3_5__f_clk/X (sky130_fd_sc_hd__clkbuf_16)
                                                         clknet_3_5__leaf_clk (net)
                      0.064142    0.001385   10.468941 ^ _1405_/CLK (sky130_fd_sc_hd__dfxtp_1)
                                 -0.250000   10.218941   clock uncertainty
                                  0.000000   10.218941   clock reconvergence pessimism
                                 -0.051263   10.167678   library setup time
                                             10.167678   data required time
---------------------------------------------------------------------------------------------
                                             10.167678   data required time
                                             -4.612697   data arrival time
---------------------------------------------------------------------------------------------
                                              5.554981   slack (MET)


Startpoint: _1427_ (rising edge-triggered flip-flop clocked by clk)
Endpoint: _1441_ (rising edge-triggered flip-flop clocked by clk)
Path Group: clk
Path Type: max

Fanout         Cap        Slew       Delay        Time   Description
---------------------------------------------------------------------------------------------
                                  0.000000    0.000000   clock clk (rise edge)
                                  0.000000    0.000000   clock source latency
     1    0.024950    0.117791    0.081531    0.081531 ^ clk (in)
                                                         clk (net)
                      0.117803    0.000000    0.081531 ^ clkbuf_0_clk/A (sky130_fd_sc_hd__clkbuf_16)
     8    0.101812    0.118042    0.212408    0.293940 ^ clkbuf_0_clk/X (sky130_fd_sc_hd__clkbuf_16)
                                                         clknet_0_clk (net)
                      0.118508    0.005978    0.299917 ^ clkbuf_3_0__f_clk/A (sky130_fd_sc_hd__clkbuf_16)
     9    0.037838    0.057925    0.167263    0.467180 ^ clkbuf_3_0__f_clk/X (sky130_fd_sc_hd__clkbuf_16)
                                                         clknet_3_0__leaf_clk (net)
                      0.057930    0.000498    0.467679 ^ _1427_/CLK (sky130_fd_sc_hd__dfxtp_1)
     1    0.003680    0.047857    0.310444    0.778123 ^ _1427_/Q (sky130_fd_sc_hd__dfxtp_1)
                                                         core_b[2] (net)
                      0.047857    0.000045    0.778168 ^ fanout75/A (sky130_fd_sc_hd__buf_4)
     8    0.046387    0.134272    0.179513    0.957682 ^ fanout75/X (sky130_fd_sc_hd__buf_4)
                                                         net75 (net)
                      0.134273    0.000249    0.957931 ^ fanout74/A (sky130_fd_sc_hd__buf_6)
    10    0.032274    0.073414    0.150816    1.108747 ^ fanout74/X (sky130_fd_sc_hd__buf_6)
                                                         net74 (net)
                      0.073436    0.001233    1.109980 ^ _1023_/C_N (sky130_fd_sc_hd__or4bb_4)
     2    0.005384    0.086508    0.528085    1.638065 v _1023_/X (sky130_fd_sc_hd__or4bb_4)
                                                         _0355_ (net)
                      0.086508    0.000040    1.638105 v _1026_/A1 (sky130_fd_sc_hd__a21o_1)
     3    0.010827    0.065710    0.202866    1.840972 v _1026_/X (sky130_fd_sc_hd__a21o_1)
                                                         _0358_ (net)
                      0.065710    0.000137    1.841109 v _1028_/A1 (sky130_fd_sc_hd__a21o_1)
     2    0.007806    0.054768    0.181921    2.023031 v _1028_/X (sky130_fd_sc_hd__a21o_1)
                                                         _0360_ (net)
                      0.054768    0.000082    2.023113 v _1031_/A1 (sky130_fd_sc_hd__a21o_1)
     3    0.012268    0.071532    0.194883    2.217996 v _1031_/X (sky130_fd_sc_hd__a21o_1)
                                                         _0363_ (net)
                      0.071532    0.000294    2.218289 v _1032_/B (sky130_fd_sc_hd__and3_1)
     3    0.008406    0.060768    0.198218    2.416507 v _1032_/X (sky130_fd_sc_hd__and3_1)
                                                         _0364_ (net)
                      0.060768    0.000087    2.416594 v _1037_/A2 (sky130_fd_sc_hd__o211a_1)
     2    0.005031    0.048482    0.217576    2.634169 v _1037_/X (sky130_fd_sc_hd__o211a_1)
                                                         _0369_ (net)
                      0.048482    0.000028    2.634197 v _1038_/A (sky130_fd_sc_hd__or3_4)
     4    0.014149    0.081699    0.408847    3.043044 v _1038_/X (sky130_fd_sc_hd__or3_4)
                                                         _0370_ (net)
                      0.081753    0.000148    3.043192 v _1041_/A2 (sky130_fd_sc_hd__a211o_1)
     2    0.004975    0.057654    0.311593    3.354785 v _1041_/X (sky130_fd_sc_hd__a211o_1)
                                                         _0373_ (net)
                      0.057654    0.000050    3.354835 v _1042_/B (sky130_fd_sc_hd__and2b_1)
     2    0.008070    0.056464    0.181267    3.536102 v _1042_/X (sky130_fd_sc_hd__and2b_1)
                                                         _0374_ (net)
                      0.056464    0.000128    3.536230 v _1043_/B (sky130_fd_sc_hd__xor2_1)
     2    0.003619    0.057554    0.143674    3.679904 v _1043_/X (sky130_fd_sc_hd__xor2_1)
                                                         _0375_ (net)
                      0.057554    0.000018    3.679922 v _1044_/B (sky130_fd_sc_hd__and2_1)
     2    0.005822    0.047411    0.170184    3.850105 v _1044_/X (sky130_fd_sc_hd__and2_1)
                                                         _0376_ (net)
                      0.047411    0.000020    3.850125 v _1046_/A_N (sky130_fd_sc_hd__nand2b_1)
     1    0.004684    0.053202    0.148175    3.998300 v _1046_/Y (sky130_fd_sc_hd__nand2b_1)
                                                         _0378_ (net)
                      0.053202    0.000043    3.998343 v _1048_/A (sky130_fd_sc_hd__xnor2_1)
     1    0.003059    0.048389    0.124047    4.122389 v _1048_/Y (sky130_fd_sc_hd__xnor2_1)
                                                         _0380_ (net)
                      0.048389    0.000040    4.122429 v _1049_/A1 (sky130_fd_sc_hd__mux2_1)
     1    0.001809    0.051028    0.279042    4.401471 v _1049_/X (sky130_fd_sc_hd__mux2_1)
                                                         _0381_ (net)
                      0.051028    0.000010    4.401481 v _1050_/B (sky130_fd_sc_hd__and2_1)
     1    0.002034    0.031945    0.148126    4.549606 v _1050_/X (sky130_fd_sc_hd__and2_1)
                                                         _0057_ (net)
                      0.031945    0.000018    4.549624 v _1441_/D (sky130_fd_sc_hd__dfxtp_1)
                                              4.549624   data arrival time

                                 10.000000   10.000000   clock clk (rise edge)
                                  0.000000   10.000000   clock source latency
     1    0.024950    0.117791    0.081531   10.081532 ^ clk (in)
                                                         clk (net)
                      0.117803    0.000000   10.081532 ^ clkbuf_0_clk/A (sky130_fd_sc_hd__clkbuf_16)
     8    0.101812    0.118042    0.212409   10.293941 ^ clkbuf_0_clk/X (sky130_fd_sc_hd__clkbuf_16)
                                                         clknet_0_clk (net)
                      0.118177    0.003282   10.297222 ^ clkbuf_3_6__f_clk/A (sky130_fd_sc_hd__clkbuf_16)
    14    0.045743    0.064948    0.172760   10.469982 ^ clkbuf_3_6__f_clk/X (sky130_fd_sc_hd__clkbuf_16)
                                                         clknet_3_6__leaf_clk (net)
                      0.064950    0.000499   10.470482 ^ _1441_/CLK (sky130_fd_sc_hd__dfxtp_1)
                                 -0.250000   10.220482   clock uncertainty
                                  0.000000   10.220482   clock reconvergence pessimism
                                 -0.100144   10.120337   library setup time
                                             10.120337   data required time
---------------------------------------------------------------------------------------------
                                             10.120337   data required time
                                             -4.549624   data arrival time
---------------------------------------------------------------------------------------------
                                              5.570714   slack (MET)


Startpoint: _1427_ (rising edge-triggered flip-flop clocked by clk)
Endpoint: _1443_ (rising edge-triggered flip-flop clocked by clk)
Path Group: clk
Path Type: max

Fanout         Cap        Slew       Delay        Time   Description
---------------------------------------------------------------------------------------------
                                  0.000000    0.000000   clock clk (rise edge)
                                  0.000000    0.000000   clock source latency
     1    0.024950    0.117791    0.081531    0.081531 ^ clk (in)
                                                         clk (net)
                      0.117803    0.000000    0.081531 ^ clkbuf_0_clk/A (sky130_fd_sc_hd__clkbuf_16)
     8    0.101812    0.118042    0.212408    0.293940 ^ clkbuf_0_clk/X (sky130_fd_sc_hd__clkbuf_16)
                                                         clknet_0_clk (net)
                      0.118508    0.005978    0.299917 ^ clkbuf_3_0__f_clk/A (sky130_fd_sc_hd__clkbuf_16)
     9    0.037838    0.057925    0.167263    0.467180 ^ clkbuf_3_0__f_clk/X (sky130_fd_sc_hd__clkbuf_16)
                                                         clknet_3_0__leaf_clk (net)
                      0.057930    0.000498    0.467679 ^ _1427_/CLK (sky130_fd_sc_hd__dfxtp_1)
     1    0.003680    0.047857    0.310444    0.778123 ^ _1427_/Q (sky130_fd_sc_hd__dfxtp_1)
                                                         core_b[2] (net)
                      0.047857    0.000045    0.778168 ^ fanout75/A (sky130_fd_sc_hd__buf_4)
     8    0.046387    0.134272    0.179513    0.957682 ^ fanout75/X (sky130_fd_sc_hd__buf_4)
                                                         net75 (net)
                      0.134273    0.000249    0.957931 ^ fanout74/A (sky130_fd_sc_hd__buf_6)
    10    0.032274    0.073414    0.150816    1.108747 ^ fanout74/X (sky130_fd_sc_hd__buf_6)
                                                         net74 (net)
                      0.073436    0.001233    1.109980 ^ _1023_/C_N (sky130_fd_sc_hd__or4bb_4)
     2    0.005384    0.086508    0.528085    1.638065 v _1023_/X (sky130_fd_sc_hd__or4bb_4)
                                                         _0355_ (net)
                      0.086508    0.000040    1.638105 v _1026_/A1 (sky130_fd_sc_hd__a21o_1)
     3    0.010827    0.065710    0.202866    1.840972 v _1026_/X (sky130_fd_sc_hd__a21o_1)
                                                         _0358_ (net)
                      0.065710    0.000137    1.841109 v _1028_/A1 (sky130_fd_sc_hd__a21o_1)
     2    0.007806    0.054768    0.181921    2.023031 v _1028_/X (sky130_fd_sc_hd__a21o_1)
                                                         _0360_ (net)
                      0.054768    0.000082    2.023113 v _1031_/A1 (sky130_fd_sc_hd__a21o_1)
     3    0.012268    0.071532    0.194883    2.217996 v _1031_/X (sky130_fd_sc_hd__a21o_1)
                                                         _0363_ (net)
                      0.071532    0.000294    2.218289 v _1032_/B (sky130_fd_sc_hd__and3_1)
     3    0.008406    0.060768    0.198218    2.416507 v _1032_/X (sky130_fd_sc_hd__and3_1)
                                                         _0364_ (net)
                      0.060768    0.000087    2.416594 v _1037_/A2 (sky130_fd_sc_hd__o211a_1)
     2    0.005031    0.048482    0.217576    2.634169 v _1037_/X (sky130_fd_sc_hd__o211a_1)
                                                         _0369_ (net)
                      0.048482    0.000028    2.634197 v _1038_/A (sky130_fd_sc_hd__or3_4)
     4    0.014149    0.081699    0.408847    3.043044 v _1038_/X (sky130_fd_sc_hd__or3_4)
                                                         _0370_ (net)
                      0.081753    0.000148    3.043192 v _1041_/A2 (sky130_fd_sc_hd__a211o_1)
     2    0.004975    0.057654    0.311593    3.354785 v _1041_/X (sky130_fd_sc_hd__a211o_1)
                                                         _0373_ (net)
                      0.057654    0.000050    3.354835 v _1042_/B (sky130_fd_sc_hd__and2b_1)
     2    0.008070    0.056464    0.181267    3.536102 v _1042_/X (sky130_fd_sc_hd__and2b_1)
                                                         _0374_ (net)
                      0.056464    0.000128    3.536230 v _1043_/B (sky130_fd_sc_hd__xor2_1)
     2    0.003619    0.057554    0.143674    3.679904 v _1043_/X (sky130_fd_sc_hd__xor2_1)
                                                         _0375_ (net)
                      0.057554    0.000029    3.679933 v _1045_/B (sky130_fd_sc_hd__or2_1)
     2    0.007367    0.069451    0.233820    3.913753 v _1045_/X (sky130_fd_sc_hd__or2_1)
                                                         _0377_ (net)
                      0.069451    0.000055    3.913808 v _1051_/A1 (sky130_fd_sc_hd__a21oi_2)
     4    0.012974    0.181920    0.200683    4.114491 ^ _1051_/Y (sky130_fd_sc_hd__a21oi_2)
                                                         _0382_ (net)
                      0.181920    0.000154    4.114645 ^ _1131_/A1 (sky130_fd_sc_hd__a21o_1)
     1    0.005194    0.056975    0.150199    4.264844 ^ _1131_/X (sky130_fd_sc_hd__a21o_1)
                                                         _0461_ (net)
                      0.056975    0.000051    4.264895 ^ _1133_/B (sky130_fd_sc_hd__xnor2_1)
     1    0.002789    0.118084    0.107624    4.372519 ^ _1133_/Y (sky130_fd_sc_hd__xnor2_1)
                                                         _0463_ (net)
                      0.118084    0.000015    4.372534 ^ _1134_/B (sky130_fd_sc_hd__nand2_1)
     1    0.002627    0.057637    0.064872    4.437407 v _1134_/Y (sky130_fd_sc_hd__nand2_1)
                                                         _0464_ (net)
                      0.057637    0.000023    4.437429 v _1135_/C1 (sky130_fd_sc_hd__o211a_1)
     1    0.001947    0.035510    0.104067    4.541497 v _1135_/X (sky130_fd_sc_hd__o211a_1)
                                                         _0059_ (net)
                      0.035510    0.000009    4.541506 v _1443_/D (sky130_fd_sc_hd__dfxtp_1)
                                              4.541506   data arrival time

                                 10.000000   10.000000   clock clk (rise edge)
                                  0.000000   10.000000   clock source latency
     1    0.024950    0.117791    0.081531   10.081532 ^ clk (in)
                                                         clk (net)
                      0.117803    0.000000   10.081532 ^ clkbuf_0_clk/A (sky130_fd_sc_hd__clkbuf_16)
     8    0.101812    0.118042    0.212409   10.293941 ^ clkbuf_0_clk/X (sky130_fd_sc_hd__clkbuf_16)
                                                         clknet_0_clk (net)
                      0.118078    0.001718   10.295658 ^ clkbuf_3_5__f_clk/A (sky130_fd_sc_hd__clkbuf_16)
    14    0.044834    0.064104    0.171898   10.467556 ^ clkbuf_3_5__f_clk/X (sky130_fd_sc_hd__clkbuf_16)
                                                         clknet_3_5__leaf_clk (net)
                      0.064118    0.000929   10.468485 ^ _1443_/CLK (sky130_fd_sc_hd__dfxtp_1)
                                 -0.250000   10.218485   clock uncertainty
                                  0.000000   10.218485   clock reconvergence pessimism
                                 -0.101902   10.116584   library setup time
                                             10.116584   data required time
---------------------------------------------------------------------------------------------
                                             10.116584   data required time
                                             -4.541506   data arrival time
---------------------------------------------------------------------------------------------
                                              5.575078   slack (MET)


Startpoint: _1427_ (rising edge-triggered flip-flop clocked by clk)
Endpoint: _1442_ (rising edge-triggered flip-flop clocked by clk)
Path Group: clk
Path Type: max

Fanout         Cap        Slew       Delay        Time   Description
---------------------------------------------------------------------------------------------
                                  0.000000    0.000000   clock clk (rise edge)
                                  0.000000    0.000000   clock source latency
     1    0.024950    0.117791    0.081531    0.081531 ^ clk (in)
                                                         clk (net)
                      0.117803    0.000000    0.081531 ^ clkbuf_0_clk/A (sky130_fd_sc_hd__clkbuf_16)
     8    0.101812    0.118042    0.212408    0.293940 ^ clkbuf_0_clk/X (sky130_fd_sc_hd__clkbuf_16)
                                                         clknet_0_clk (net)
                      0.118508    0.005978    0.299917 ^ clkbuf_3_0__f_clk/A (sky130_fd_sc_hd__clkbuf_16)
     9    0.037838    0.057925    0.167263    0.467180 ^ clkbuf_3_0__f_clk/X (sky130_fd_sc_hd__clkbuf_16)
                                                         clknet_3_0__leaf_clk (net)
                      0.057930    0.000498    0.467679 ^ _1427_/CLK (sky130_fd_sc_hd__dfxtp_1)
     1    0.003680    0.047857    0.310444    0.778123 ^ _1427_/Q (sky130_fd_sc_hd__dfxtp_1)
                                                         core_b[2] (net)
                      0.047857    0.000045    0.778168 ^ fanout75/A (sky130_fd_sc_hd__buf_4)
     8    0.046387    0.134272    0.179513    0.957682 ^ fanout75/X (sky130_fd_sc_hd__buf_4)
                                                         net75 (net)
                      0.134273    0.000249    0.957931 ^ fanout74/A (sky130_fd_sc_hd__buf_6)
    10    0.032274    0.073414    0.150816    1.108747 ^ fanout74/X (sky130_fd_sc_hd__buf_6)
                                                         net74 (net)
                      0.073436    0.001233    1.109980 ^ _1023_/C_N (sky130_fd_sc_hd__or4bb_4)
     2    0.005384    0.086508    0.528085    1.638065 v _1023_/X (sky130_fd_sc_hd__or4bb_4)
                                                         _0355_ (net)
                      0.086508    0.000040    1.638105 v _1026_/A1 (sky130_fd_sc_hd__a21o_1)
     3    0.010827    0.065710    0.202866    1.840972 v _1026_/X (sky130_fd_sc_hd__a21o_1)
                                                         _0358_ (net)
                      0.065710    0.000137    1.841109 v _1028_/A1 (sky130_fd_sc_hd__a21o_1)
     2    0.007806    0.054768    0.181921    2.023031 v _1028_/X (sky130_fd_sc_hd__a21o_1)
                                                         _0360_ (net)
                      0.054768    0.000082    2.023113 v _1031_/A1 (sky130_fd_sc_hd__a21o_1)
     3    0.012268    0.071532    0.194883    2.217996 v _1031_/X (sky130_fd_sc_hd__a21o_1)
                                                         _0363_ (net)
                      0.071532    0.000294    2.218289 v _1032_/B (sky130_fd_sc_hd__and3_1)
     3    0.008406    0.060768    0.198218    2.416507 v _1032_/X (sky130_fd_sc_hd__and3_1)
                                                         _0364_ (net)
                      0.060768    0.000087    2.416594 v _1037_/A2 (sky130_fd_sc_hd__o211a_1)
     2    0.005031    0.048482    0.217576    2.634169 v _1037_/X (sky130_fd_sc_hd__o211a_1)
                                                         _0369_ (net)
                      0.048482    0.000028    2.634197 v _1038_/A (sky130_fd_sc_hd__or3_4)
     4    0.014149    0.081699    0.408847    3.043044 v _1038_/X (sky130_fd_sc_hd__or3_4)
                                                         _0370_ (net)
                      0.081753    0.000148    3.043192 v _1041_/A2 (sky130_fd_sc_hd__a211o_1)
     2    0.004975    0.057654    0.311593    3.354785 v _1041_/X (sky130_fd_sc_hd__a211o_1)
                                                         _0373_ (net)
                      0.057654    0.000050    3.354835 v _1042_/B (sky130_fd_sc_hd__and2b_1)
     2    0.008070    0.056464    0.181267    3.536102 v _1042_/X (sky130_fd_sc_hd__and2b_1)
                                                         _0374_ (net)
                      0.056464    0.000128    3.536230 v _1043_/B (sky130_fd_sc_hd__xor2_1)
     2    0.003619    0.057554    0.143674    3.679904 v _1043_/X (sky130_fd_sc_hd__xor2_1)
                                                         _0375_ (net)
                      0.057554    0.000029    3.679933 v _1045_/B (sky130_fd_sc_hd__or2_1)
     2    0.007367    0.069451    0.233820    3.913753 v _1045_/X (sky130_fd_sc_hd__or2_1)
                                                         _0377_ (net)
                      0.069451    0.000055    3.913808 v _1051_/A1 (sky130_fd_sc_hd__a21oi_2)
     4    0.012974    0.181920    0.200683    4.114491 ^ _1051_/Y (sky130_fd_sc_hd__a21oi_2)
                                                         _0382_ (net)
                      0.181920    0.000105    4.114595 ^ _1089_/B1 (sky130_fd_sc_hd__o21a_1)
     1    0.002922    0.043052    0.145852    4.260448 ^ _1089_/X (sky130_fd_sc_hd__o21a_1)
                                                         _0420_ (net)
                      0.043052    0.000026    4.260474 ^ _1091_/A1 (sky130_fd_sc_hd__o21ai_1)
     1    0.002600    0.062485    0.060546    4.321020 v _1091_/Y (sky130_fd_sc_hd__o21ai_1)
                                                         _0422_ (net)
                      0.062485    0.000022    4.321042 v _1092_/C1 (sky130_fd_sc_hd__o211a_1)
     1    0.003192    0.040430    0.113607    4.434649 v _1092_/X (sky130_fd_sc_hd__o211a_1)
                                                         _0058_ (net)
                      0.040430    0.000043    4.434692 v _1442_/D (sky130_fd_sc_hd__dfxtp_1)
                                              4.434692   data arrival time

                                 10.000000   10.000000   clock clk (rise edge)
                                  0.000000   10.000000   clock source latency
     1    0.024950    0.117791    0.081531   10.081532 ^ clk (in)
                                                         clk (net)
                      0.117803    0.000000   10.081532 ^ clkbuf_0_clk/A (sky130_fd_sc_hd__clkbuf_16)
     8    0.101812    0.118042    0.212409   10.293941 ^ clkbuf_0_clk/X (sky130_fd_sc_hd__clkbuf_16)
                                                         clknet_0_clk (net)
                      0.118078    0.001718   10.295658 ^ clkbuf_3_5__f_clk/A (sky130_fd_sc_hd__clkbuf_16)
    14    0.044834    0.064104    0.171898   10.467556 ^ clkbuf_3_5__f_clk/X (sky130_fd_sc_hd__clkbuf_16)
                                                         clknet_3_5__leaf_clk (net)
                      0.064119    0.000952   10.468508 ^ _1442_/CLK (sky130_fd_sc_hd__dfxtp_1)
                                 -0.250000   10.218508   clock uncertainty
                                  0.000000   10.218508   clock reconvergence pessimism
                                 -0.104059   10.114449   library setup time
                                             10.114449   data required time
---------------------------------------------------------------------------------------------
                                             10.114449   data required time
                                             -4.434692   data arrival time
---------------------------------------------------------------------------------------------
                                              5.679756   slack (MET)


Startpoint: addr[5] (input port clocked by clk)
Endpoint: _1423_ (rising edge-triggered flip-flop clocked by clk)
Path Group: clk
Path Type: max

Fanout         Cap        Slew       Delay        Time   Description
---------------------------------------------------------------------------------------------
                                  0.000000    0.000000   clock clk (rise edge)
                                  0.000000    0.000000   clock network delay (propagated)
                                  2.000000    2.000000 v input external delay
     1    0.002570    0.008100    0.004029    2.004030 v addr[5] (in)
                                                         addr[5] (net)
                      0.008100    0.000000    2.004030 v input6/A (sky130_fd_sc_hd__clkbuf_1)
     1    0.002216    0.023493    0.068784    2.072813 v input6/X (sky130_fd_sc_hd__clkbuf_1)
                                                         net6 (net)
                      0.023493    0.000024    2.072837 v _0697_/A (sky130_fd_sc_hd__or4_1)
     2    0.004136    0.092387    0.521124    2.593961 v _0697_/X (sky130_fd_sc_hd__or4_1)
                                                         _0086_ (net)
                      0.092387    0.000051    2.594012 v _0700_/B (sky130_fd_sc_hd__or2_1)
     2    0.012031    0.088504    0.270017    2.864029 v _0700_/X (sky130_fd_sc_hd__or2_1)
                                                         _0088_ (net)
                      0.088504    0.000147    2.864176 v _0701_/D (sky130_fd_sc_hd__nor4_1)
     2    0.009293    0.443514    0.355294    3.219470 ^ _0701_/Y (sky130_fd_sc_hd__nor4_1)
                                                         _0089_ (net)
                      0.443514    0.000221    3.219691 ^ max_cap64/A (sky130_fd_sc_hd__clkbuf_2)
     5    0.023462    0.135610    0.262485    3.482176 ^ max_cap64/X (sky130_fd_sc_hd__clkbuf_2)
                                                         net64 (net)
                      0.135610    0.000060    3.482235 ^ max_cap63/A (sky130_fd_sc_hd__clkbuf_2)
     4    0.020684    0.118476    0.189259    3.671494 ^ max_cap63/X (sky130_fd_sc_hd__clkbuf_2)
                                                         net63 (net)
                      0.118480    0.000864    3.672358 ^ _0746_/A2 (sky130_fd_sc_hd__a221o_1)
     1    0.013786    0.144039    0.231912    3.904269 ^ _0746_/X (sky130_fd_sc_hd__a221o_1)
                                                         _0119_ (net)
                      0.144040    0.000770    3.905039 ^ fanout59/A (sky130_fd_sc_hd__clkbuf_4)
     8    0.051714    0.159932    0.255597    4.160636 ^ fanout59/X (sky130_fd_sc_hd__clkbuf_4)
                                                         net59 (net)
                      0.160021    0.001259    4.161895 ^ _0793_/B1 (sky130_fd_sc_hd__o221a_1)
     1    0.002301    0.048252    0.196516    4.358411 ^ _0793_/X (sky130_fd_sc_hd__o221a_1)
                                                         _0039_ (net)
                      0.048252    0.000024    4.358435 ^ _1423_/D (sky130_fd_sc_hd__dfxtp_1)
                                              4.358435   data arrival time

                                 10.000000   10.000000   clock clk (rise edge)
                                  0.000000   10.000000   clock source latency
     1    0.024950    0.117791    0.081531   10.081532 ^ clk (in)
                                                         clk (net)
                      0.117803    0.000000   10.081532 ^ clkbuf_0_clk/A (sky130_fd_sc_hd__clkbuf_16)
     8    0.101812    0.118042    0.212409   10.293941 ^ clkbuf_0_clk/X (sky130_fd_sc_hd__clkbuf_16)
                                                         clknet_0_clk (net)
                      0.118327    0.004708   10.298649 ^ clkbuf_3_3__f_clk/A (sky130_fd_sc_hd__clkbuf_16)
     7    0.039218    0.059125    0.168133   10.466782 ^ clkbuf_3_3__f_clk/X (sky130_fd_sc_hd__clkbuf_16)
                                                         clknet_3_3__leaf_clk (net)
                      0.059139    0.000812   10.467593 ^ _1423_/CLK (sky130_fd_sc_hd__dfxtp_1)
                                 -0.250000   10.217593   clock uncertainty
                                  0.000000   10.217593   clock reconvergence pessimism
                                 -0.052726   10.164866   library setup time
                                             10.164866   data required time
---------------------------------------------------------------------------------------------
                                             10.164866   data required time
                                             -4.358435   data arrival time
---------------------------------------------------------------------------------------------
                                              5.806432   slack (MET)


Startpoint: addr[5] (input port clocked by clk)
Endpoint: _1421_ (rising edge-triggered flip-flop clocked by clk)
Path Group: clk
Path Type: max

Fanout         Cap        Slew       Delay        Time   Description
---------------------------------------------------------------------------------------------
                                  0.000000    0.000000   clock clk (rise edge)
                                  0.000000    0.000000   clock network delay (propagated)
                                  2.000000    2.000000 v input external delay
     1    0.002570    0.008100    0.004029    2.004030 v addr[5] (in)
                                                         addr[5] (net)
                      0.008100    0.000000    2.004030 v input6/A (sky130_fd_sc_hd__clkbuf_1)
     1    0.002216    0.023493    0.068784    2.072813 v input6/X (sky130_fd_sc_hd__clkbuf_1)
                                                         net6 (net)
                      0.023493    0.000024    2.072837 v _0697_/A (sky130_fd_sc_hd__or4_1)
     2    0.004136    0.092387    0.521124    2.593961 v _0697_/X (sky130_fd_sc_hd__or4_1)
                                                         _0086_ (net)
                      0.092387    0.000051    2.594012 v _0700_/B (sky130_fd_sc_hd__or2_1)
     2    0.012031    0.088504    0.270017    2.864029 v _0700_/X (sky130_fd_sc_hd__or2_1)
                                                         _0088_ (net)
                      0.088504    0.000147    2.864176 v _0701_/D (sky130_fd_sc_hd__nor4_1)
     2    0.009293    0.443514    0.355294    3.219470 ^ _0701_/Y (sky130_fd_sc_hd__nor4_1)
                                                         _0089_ (net)
                      0.443514    0.000221    3.219691 ^ max_cap64/A (sky130_fd_sc_hd__clkbuf_2)
     5    0.023462    0.135610    0.262485    3.482176 ^ max_cap64/X (sky130_fd_sc_hd__clkbuf_2)
                                                         net64 (net)
                      0.135610    0.000060    3.482235 ^ max_cap63/A (sky130_fd_sc_hd__clkbuf_2)
     4    0.020684    0.118476    0.189259    3.671494 ^ max_cap63/X (sky130_fd_sc_hd__clkbuf_2)
                                                         net63 (net)
                      0.118480    0.000864    3.672358 ^ _0746_/A2 (sky130_fd_sc_hd__a221o_1)
     1    0.013786    0.144039    0.231912    3.904269 ^ _0746_/X (sky130_fd_sc_hd__a221o_1)
                                                         _0119_ (net)
                      0.144040    0.000770    3.905039 ^ fanout59/A (sky130_fd_sc_hd__clkbuf_4)
     8    0.051714    0.159932    0.255597    4.160636 ^ fanout59/X (sky130_fd_sc_hd__clkbuf_4)
                                                         net59 (net)
                      0.160078    0.002779    4.163415 ^ _0789_/B1 (sky130_fd_sc_hd__o221a_1)
     1    0.002113    0.046663    0.194842    4.358257 ^ _0789_/X (sky130_fd_sc_hd__o221a_1)
                                                         _0037_ (net)
                      0.046663    0.000019    4.358276 ^ _1421_/D (sky130_fd_sc_hd__dfxtp_1)
                                              4.358276   data arrival time

                                 10.000000   10.000000   clock clk (rise edge)
                                  0.000000   10.000000   clock source latency
     1    0.024950    0.117791    0.081531   10.081532 ^ clk (in)
                                                         clk (net)
                      0.117803    0.000000   10.081532 ^ clkbuf_0_clk/A (sky130_fd_sc_hd__clkbuf_16)
     8    0.101812    0.118042    0.212409   10.293941 ^ clkbuf_0_clk/X (sky130_fd_sc_hd__clkbuf_16)
                                                         clknet_0_clk (net)
                      0.118177    0.003282   10.297222 ^ clkbuf_3_6__f_clk/A (sky130_fd_sc_hd__clkbuf_16)
    14    0.045743    0.064948    0.172760   10.469982 ^ clkbuf_3_6__f_clk/X (sky130_fd_sc_hd__clkbuf_16)
                                                         clknet_3_6__leaf_clk (net)
                      0.064969    0.001074   10.471056 ^ _1421_/CLK (sky130_fd_sc_hd__dfxtp_1)
                                 -0.250000   10.221056   clock uncertainty
                                  0.000000   10.221056   clock reconvergence pessimism
                                 -0.051529   10.169528   library setup time
                                             10.169528   data required time
---------------------------------------------------------------------------------------------
                                             10.169528   data required time
                                             -4.358276   data arrival time
---------------------------------------------------------------------------------------------
                                              5.811251   slack (MET)


Startpoint: addr[5] (input port clocked by clk)
Endpoint: _1424_ (rising edge-triggered flip-flop clocked by clk)
Path Group: clk
Path Type: max

Fanout         Cap        Slew       Delay        Time   Description
---------------------------------------------------------------------------------------------
                                  0.000000    0.000000   clock clk (rise edge)
                                  0.000000    0.000000   clock network delay (propagated)
                                  2.000000    2.000000 v input external delay
     1    0.002570    0.008100    0.004029    2.004030 v addr[5] (in)
                                                         addr[5] (net)
                      0.008100    0.000000    2.004030 v input6/A (sky130_fd_sc_hd__clkbuf_1)
     1    0.002216    0.023493    0.068784    2.072813 v input6/X (sky130_fd_sc_hd__clkbuf_1)
                                                         net6 (net)
                      0.023493    0.000024    2.072837 v _0697_/A (sky130_fd_sc_hd__or4_1)
     2    0.004136    0.092387    0.521124    2.593961 v _0697_/X (sky130_fd_sc_hd__or4_1)
                                                         _0086_ (net)
                      0.092387    0.000051    2.594012 v _0700_/B (sky130_fd_sc_hd__or2_1)
     2    0.012031    0.088504    0.270017    2.864029 v _0700_/X (sky130_fd_sc_hd__or2_1)
                                                         _0088_ (net)
                      0.088504    0.000147    2.864176 v _0701_/D (sky130_fd_sc_hd__nor4_1)
     2    0.009293    0.443514    0.355294    3.219470 ^ _0701_/Y (sky130_fd_sc_hd__nor4_1)
                                                         _0089_ (net)
                      0.443514    0.000221    3.219691 ^ max_cap64/A (sky130_fd_sc_hd__clkbuf_2)
     5    0.023462    0.135610    0.262485    3.482176 ^ max_cap64/X (sky130_fd_sc_hd__clkbuf_2)
                                                         net64 (net)
                      0.135610    0.000060    3.482235 ^ max_cap63/A (sky130_fd_sc_hd__clkbuf_2)
     4    0.020684    0.118476    0.189259    3.671494 ^ max_cap63/X (sky130_fd_sc_hd__clkbuf_2)
                                                         net63 (net)
                      0.118480    0.000864    3.672358 ^ _0746_/A2 (sky130_fd_sc_hd__a221o_1)
     1    0.013786    0.144039    0.231912    3.904269 ^ _0746_/X (sky130_fd_sc_hd__a221o_1)
                                                         _0119_ (net)
                      0.144040    0.000770    3.905039 ^ fanout59/A (sky130_fd_sc_hd__clkbuf_4)
     8    0.051714    0.159932    0.255597    4.160636 ^ fanout59/X (sky130_fd_sc_hd__clkbuf_4)
                                                         net59 (net)
                      0.160009    0.000497    4.161134 ^ _0795_/B1 (sky130_fd_sc_hd__o221a_1)
     1    0.001916    0.045019    0.193051    4.354185 ^ _0795_/X (sky130_fd_sc_hd__o221a_1)
                                                         _0040_ (net)
                      0.045019    0.000016    4.354202 ^ _1424_/D (sky130_fd_sc_hd__dfxtp_1)
                                              4.354202   data arrival time

                                 10.000000   10.000000   clock clk (rise edge)
                                  0.000000   10.000000   clock source latency
     1    0.024950    0.117791    0.081531   10.081532 ^ clk (in)
                                                         clk (net)
                      0.117803    0.000000   10.081532 ^ clkbuf_0_clk/A (sky130_fd_sc_hd__clkbuf_16)
     8    0.101812    0.118042    0.212409   10.293941 ^ clkbuf_0_clk/X (sky130_fd_sc_hd__clkbuf_16)
                                                         clknet_0_clk (net)
                      0.118327    0.004708   10.298649 ^ clkbuf_3_3__f_clk/A (sky130_fd_sc_hd__clkbuf_16)
     7    0.039218    0.059125    0.168133   10.466782 ^ clkbuf_3_3__f_clk/X (sky130_fd_sc_hd__clkbuf_16)
                                                         clknet_3_3__leaf_clk (net)
                      0.059136    0.000746   10.467527 ^ _1424_/CLK (sky130_fd_sc_hd__dfxtp_1)
                                 -0.250000   10.217527   clock uncertainty
                                  0.000000   10.217527   clock reconvergence pessimism
                                 -0.051982   10.165546   library setup time
                                             10.165546   data required time
---------------------------------------------------------------------------------------------
                                             10.165546   data required time
                                             -4.354202   data arrival time
---------------------------------------------------------------------------------------------
                                              5.811345   slack (MET)


Startpoint: addr[5] (input port clocked by clk)
Endpoint: _1420_ (rising edge-triggered flip-flop clocked by clk)
Path Group: clk
Path Type: max

Fanout         Cap        Slew       Delay        Time   Description
---------------------------------------------------------------------------------------------
                                  0.000000    0.000000   clock clk (rise edge)
                                  0.000000    0.000000   clock network delay (propagated)
                                  2.000000    2.000000 v input external delay
     1    0.002570    0.008100    0.004029    2.004030 v addr[5] (in)
                                                         addr[5] (net)
                      0.008100    0.000000    2.004030 v input6/A (sky130_fd_sc_hd__clkbuf_1)
     1    0.002216    0.023493    0.068784    2.072813 v input6/X (sky130_fd_sc_hd__clkbuf_1)
                                                         net6 (net)
                      0.023493    0.000024    2.072837 v _0697_/A (sky130_fd_sc_hd__or4_1)
     2    0.004136    0.092387    0.521124    2.593961 v _0697_/X (sky130_fd_sc_hd__or4_1)
                                                         _0086_ (net)
                      0.092387    0.000051    2.594012 v _0700_/B (sky130_fd_sc_hd__or2_1)
     2    0.012031    0.088504    0.270017    2.864029 v _0700_/X (sky130_fd_sc_hd__or2_1)
                                                         _0088_ (net)
                      0.088504    0.000147    2.864176 v _0701_/D (sky130_fd_sc_hd__nor4_1)
     2    0.009293    0.443514    0.355294    3.219470 ^ _0701_/Y (sky130_fd_sc_hd__nor4_1)
                                                         _0089_ (net)
                      0.443514    0.000221    3.219691 ^ max_cap64/A (sky130_fd_sc_hd__clkbuf_2)
     5    0.023462    0.135610    0.262485    3.482176 ^ max_cap64/X (sky130_fd_sc_hd__clkbuf_2)
                                                         net64 (net)
                      0.135610    0.000060    3.482235 ^ max_cap63/A (sky130_fd_sc_hd__clkbuf_2)
     4    0.020684    0.118476    0.189259    3.671494 ^ max_cap63/X (sky130_fd_sc_hd__clkbuf_2)
                                                         net63 (net)
                      0.118480    0.000864    3.672358 ^ _0746_/A2 (sky130_fd_sc_hd__a221o_1)
     1    0.013786    0.144039    0.231912    3.904269 ^ _0746_/X (sky130_fd_sc_hd__a221o_1)
                                                         _0119_ (net)
                      0.144040    0.000770    3.905039 ^ fanout59/A (sky130_fd_sc_hd__clkbuf_4)
     8    0.051714    0.159932    0.255597    4.160636 ^ fanout59/X (sky130_fd_sc_hd__clkbuf_4)
                                                         net59 (net)
                      0.160094    0.003075    4.163712 ^ _0787_/B1 (sky130_fd_sc_hd__o221a_1)
     1    0.002017    0.045875    0.193989    4.357700 ^ _0787_/X (sky130_fd_sc_hd__o221a_1)
                                                         _0036_ (net)
                      0.045875    0.000018    4.357718 ^ _1420_/D (sky130_fd_sc_hd__dfxtp_1)
                                              4.357718   data arrival time

                                 10.000000   10.000000   clock clk (rise edge)
                                  0.000000   10.000000   clock source latency
     1    0.024950    0.117791    0.081531   10.081532 ^ clk (in)
                                                         clk (net)
                      0.117803    0.000000   10.081532 ^ clkbuf_0_clk/A (sky130_fd_sc_hd__clkbuf_16)
     8    0.101812    0.118042    0.212409   10.293941 ^ clkbuf_0_clk/X (sky130_fd_sc_hd__clkbuf_16)
                                                         clknet_0_clk (net)
                      0.118177    0.003282   10.297222 ^ clkbuf_3_6__f_clk/A (sky130_fd_sc_hd__clkbuf_16)
    14    0.045743    0.064948    0.172760   10.469982 ^ clkbuf_3_6__f_clk/X (sky130_fd_sc_hd__clkbuf_16)
                                                         clknet_3_6__leaf_clk (net)
                      0.064956    0.000767   10.470750 ^ _1420_/CLK (sky130_fd_sc_hd__dfxtp_1)
                                 -0.250000   10.220750   clock uncertainty
                                  0.000000   10.220750   clock reconvergence pessimism
                                 -0.051349   10.169401   library setup time
                                             10.169401   data required time
---------------------------------------------------------------------------------------------
                                             10.169401   data required time
                                             -4.357718   data arrival time
---------------------------------------------------------------------------------------------
                                              5.811682   slack (MET)


Startpoint: addr[5] (input port clocked by clk)
Endpoint: _1422_ (rising edge-triggered flip-flop clocked by clk)
Path Group: clk
Path Type: max

Fanout         Cap        Slew       Delay        Time   Description
---------------------------------------------------------------------------------------------
                                  0.000000    0.000000   clock clk (rise edge)
                                  0.000000    0.000000   clock network delay (propagated)
                                  2.000000    2.000000 v input external delay
     1    0.002570    0.008100    0.004029    2.004030 v addr[5] (in)
                                                         addr[5] (net)
                      0.008100    0.000000    2.004030 v input6/A (sky130_fd_sc_hd__clkbuf_1)
     1    0.002216    0.023493    0.068784    2.072813 v input6/X (sky130_fd_sc_hd__clkbuf_1)
                                                         net6 (net)
                      0.023493    0.000024    2.072837 v _0697_/A (sky130_fd_sc_hd__or4_1)
     2    0.004136    0.092387    0.521124    2.593961 v _0697_/X (sky130_fd_sc_hd__or4_1)
                                                         _0086_ (net)
                      0.092387    0.000051    2.594012 v _0700_/B (sky130_fd_sc_hd__or2_1)
     2    0.012031    0.088504    0.270017    2.864029 v _0700_/X (sky130_fd_sc_hd__or2_1)
                                                         _0088_ (net)
                      0.088504    0.000147    2.864176 v _0701_/D (sky130_fd_sc_hd__nor4_1)
     2    0.009293    0.443514    0.355294    3.219470 ^ _0701_/Y (sky130_fd_sc_hd__nor4_1)
                                                         _0089_ (net)
                      0.443514    0.000221    3.219691 ^ max_cap64/A (sky130_fd_sc_hd__clkbuf_2)
     5    0.023462    0.135610    0.262485    3.482176 ^ max_cap64/X (sky130_fd_sc_hd__clkbuf_2)
                                                         net64 (net)
                      0.135610    0.000060    3.482235 ^ max_cap63/A (sky130_fd_sc_hd__clkbuf_2)
     4    0.020684    0.118476    0.189259    3.671494 ^ max_cap63/X (sky130_fd_sc_hd__clkbuf_2)
                                                         net63 (net)
                      0.118480    0.000864    3.672358 ^ _0746_/A2 (sky130_fd_sc_hd__a221o_1)
     1    0.013786    0.144039    0.231912    3.904269 ^ _0746_/X (sky130_fd_sc_hd__a221o_1)
                                                         _0119_ (net)
                      0.144040    0.000770    3.905039 ^ fanout59/A (sky130_fd_sc_hd__clkbuf_4)
     8    0.051714    0.159932    0.255597    4.160636 ^ fanout59/X (sky130_fd_sc_hd__clkbuf_4)
                                                         net59 (net)
                      0.160050    0.002175    4.162812 ^ _0791_/B1 (sky130_fd_sc_hd__o221a_1)
     1    0.001931    0.045155    0.193199    4.356011 ^ _0791_/X (sky130_fd_sc_hd__o221a_1)
                                                         _0038_ (net)
                      0.045155    0.000016    4.356027 ^ _1422_/D (sky130_fd_sc_hd__dfxtp_1)
                                              4.356027   data arrival time

                                 10.000000   10.000000   clock clk (rise edge)
                                  0.000000   10.000000   clock source latency
     1    0.024950    0.117791    0.081531   10.081532 ^ clk (in)
                                                         clk (net)
                      0.117803    0.000000   10.081532 ^ clkbuf_0_clk/A (sky130_fd_sc_hd__clkbuf_16)
     8    0.101812    0.118042    0.212409   10.293941 ^ clkbuf_0_clk/X (sky130_fd_sc_hd__clkbuf_16)
                                                         clknet_0_clk (net)
                      0.118177    0.003282   10.297222 ^ clkbuf_3_6__f_clk/A (sky130_fd_sc_hd__clkbuf_16)
    14    0.045743    0.064948    0.172760   10.469982 ^ clkbuf_3_6__f_clk/X (sky130_fd_sc_hd__clkbuf_16)
                                                         clknet_3_6__leaf_clk (net)
                      0.064979    0.001275   10.471258 ^ _1422_/CLK (sky130_fd_sc_hd__dfxtp_1)
                                 -0.250000   10.221258   clock uncertainty
                                  0.000000   10.221258   clock reconvergence pessimism
                                 -0.051180   10.170077   library setup time
                                             10.170077   data required time
---------------------------------------------------------------------------------------------
                                             10.170077   data required time
                                             -4.356027   data arrival time
---------------------------------------------------------------------------------------------
                                              5.814050   slack (MET)


Startpoint: addr[5] (input port clocked by clk)
Endpoint: _1400_ (rising edge-triggered flip-flop clocked by clk)
Path Group: clk
Path Type: max

Fanout         Cap        Slew       Delay        Time   Description
---------------------------------------------------------------------------------------------
                                  0.000000    0.000000   clock clk (rise edge)
                                  0.000000    0.000000   clock network delay (propagated)
                                  2.000000    2.000000 v input external delay
     1    0.002570    0.008100    0.004029    2.004030 v addr[5] (in)
                                                         addr[5] (net)
                      0.008100    0.000000    2.004030 v input6/A (sky130_fd_sc_hd__clkbuf_1)
     1    0.002216    0.023493    0.068784    2.072813 v input6/X (sky130_fd_sc_hd__clkbuf_1)
                                                         net6 (net)
                      0.023493    0.000024    2.072837 v _0697_/A (sky130_fd_sc_hd__or4_1)
     2    0.004136    0.092387    0.521124    2.593961 v _0697_/X (sky130_fd_sc_hd__or4_1)
                                                         _0086_ (net)
                      0.092387    0.000051    2.594012 v _0700_/B (sky130_fd_sc_hd__or2_1)
     2    0.012031    0.088504    0.270017    2.864029 v _0700_/X (sky130_fd_sc_hd__or2_1)
                                                         _0088_ (net)
                      0.088504    0.000147    2.864176 v _0701_/D (sky130_fd_sc_hd__nor4_1)
     2    0.009293    0.443514    0.355294    3.219470 ^ _0701_/Y (sky130_fd_sc_hd__nor4_1)
                                                         _0089_ (net)
                      0.443514    0.000221    3.219691 ^ max_cap64/A (sky130_fd_sc_hd__clkbuf_2)
     5    0.023462    0.135610    0.262485    3.482176 ^ max_cap64/X (sky130_fd_sc_hd__clkbuf_2)
                                                         net64 (net)
                      0.135610    0.000060    3.482235 ^ max_cap63/A (sky130_fd_sc_hd__clkbuf_2)
     4    0.020684    0.118476    0.189259    3.671494 ^ max_cap63/X (sky130_fd_sc_hd__clkbuf_2)
                                                         net63 (net)
                      0.118480    0.000864    3.672358 ^ _0746_/A2 (sky130_fd_sc_hd__a221o_1)
     1    0.013786    0.144039    0.231912    3.904269 ^ _0746_/X (sky130_fd_sc_hd__a221o_1)
                                                         _0119_ (net)
                      0.144040    0.000770    3.905039 ^ fanout59/A (sky130_fd_sc_hd__clkbuf_4)
     8    0.051714    0.159932    0.255597    4.160636 ^ fanout59/X (sky130_fd_sc_hd__clkbuf_4)
                                                         net59 (net)
                      0.160066    0.002546    4.163182 ^ _0747_/B2 (sky130_fd_sc_hd__o221a_1)
     1    0.001946    0.045608    0.186522    4.349704 ^ _0747_/X (sky130_fd_sc_hd__o221a_1)
                                                         _0016_ (net)
                      0.045608    0.000016    4.349720 ^ _1400_/D (sky130_fd_sc_hd__dfxtp_1)
                                              4.349720   data arrival time

                                 10.000000   10.000000   clock clk (rise edge)
                                  0.000000   10.000000   clock source latency
     1    0.024950    0.117791    0.081531   10.081532 ^ clk (in)
                                                         clk (net)
                      0.117803    0.000000   10.081532 ^ clkbuf_0_clk/A (sky130_fd_sc_hd__clkbuf_16)
     8    0.101812    0.118042    0.212409   10.293941 ^ clkbuf_0_clk/X (sky130_fd_sc_hd__clkbuf_16)
                                                         clknet_0_clk (net)
                      0.118177    0.003282   10.297222 ^ clkbuf_3_6__f_clk/A (sky130_fd_sc_hd__clkbuf_16)
    14    0.045743    0.064948    0.172760   10.469982 ^ clkbuf_3_6__f_clk/X (sky130_fd_sc_hd__clkbuf_16)
                                                         clknet_3_6__leaf_clk (net)
                      0.064978    0.001256   10.471238 ^ _1400_/CLK (sky130_fd_sc_hd__dfxtp_1)
                                 -0.250000   10.221238   clock uncertainty
                                  0.000000   10.221238   clock reconvergence pessimism
                                 -0.051285   10.169954   library setup time
                                             10.169954   data required time
---------------------------------------------------------------------------------------------
                                             10.169954   data required time
                                             -4.349720   data arrival time
---------------------------------------------------------------------------------------------
                                              5.820233   slack (MET)


Startpoint: addr[5] (input port clocked by clk)
Endpoint: _1385_ (rising edge-triggered flip-flop clocked by clk)
Path Group: clk
Path Type: max

Fanout         Cap        Slew       Delay        Time   Description
---------------------------------------------------------------------------------------------
                                  0.000000    0.000000   clock clk (rise edge)
                                  0.000000    0.000000   clock network delay (propagated)
                                  2.000000    2.000000 v input external delay
     1    0.002570    0.008100    0.004029    2.004030 v addr[5] (in)
                                                         addr[5] (net)
                      0.008100    0.000000    2.004030 v input6/A (sky130_fd_sc_hd__clkbuf_1)
     1    0.002216    0.023493    0.068784    2.072813 v input6/X (sky130_fd_sc_hd__clkbuf_1)
                                                         net6 (net)
                      0.023493    0.000024    2.072837 v _0697_/A (sky130_fd_sc_hd__or4_1)
     2    0.004136    0.092387    0.521124    2.593961 v _0697_/X (sky130_fd_sc_hd__or4_1)
                                                         _0086_ (net)
                      0.092387    0.000051    2.594012 v _0700_/B (sky130_fd_sc_hd__or2_1)
     2    0.012031    0.088504    0.270017    2.864029 v _0700_/X (sky130_fd_sc_hd__or2_1)
                                                         _0088_ (net)
                      0.088504    0.000147    2.864176 v _0701_/D (sky130_fd_sc_hd__nor4_1)
     2    0.009293    0.443514    0.355294    3.219470 ^ _0701_/Y (sky130_fd_sc_hd__nor4_1)
                                                         _0089_ (net)
                      0.443514    0.000221    3.219691 ^ max_cap64/A (sky130_fd_sc_hd__clkbuf_2)
     5    0.023462    0.135610    0.262485    3.482176 ^ max_cap64/X (sky130_fd_sc_hd__clkbuf_2)
                                                         net64 (net)
                      0.135612    0.000732    3.482908 ^ _0702_/C (sky130_fd_sc_hd__and3_4)
     8    0.042532    0.142574    0.285556    3.768464 ^ _0702_/X (sky130_fd_sc_hd__and3_4)
                                                         _0090_ (net)
                      0.142574    0.000230    3.768694 ^ _0703_/S (sky130_fd_sc_hd__mux2_1)
     1    0.002042    0.051208    0.325523    4.094217 v _0703_/X (sky130_fd_sc_hd__mux2_1)
                                                         _0091_ (net)
                      0.051208    0.000020    4.094237 v _0704_/B (sky130_fd_sc_hd__and2_1)
     1    0.001940    0.031577    0.147654    4.241891 v _0704_/X (sky130_fd_sc_hd__and2_1)
                                                         _0001_ (net)
                      0.031577    0.000008    4.241899 v _1385_/D (sky130_fd_sc_hd__dfxtp_1)
                                              4.241899   data arrival time

                                 10.000000   10.000000   clock clk (rise edge)
                                  0.000000   10.000000   clock source latency
     1    0.024950    0.117791    0.081531   10.081532 ^ clk (in)
                                                         clk (net)
                      0.117803    0.000000   10.081532 ^ clkbuf_0_clk/A (sky130_fd_sc_hd__clkbuf_16)
     8    0.101812    0.118042    0.212409   10.293941 ^ clkbuf_0_clk/X (sky130_fd_sc_hd__clkbuf_16)
                                                         clknet_0_clk (net)
                      0.118508    0.005977   10.299917 ^ clkbuf_3_0__f_clk/A (sky130_fd_sc_hd__clkbuf_16)
     9    0.037838    0.057925    0.167263   10.467180 ^ clkbuf_3_0__f_clk/X (sky130_fd_sc_hd__clkbuf_16)
                                                         clknet_3_0__leaf_clk (net)
                      0.057927    0.000363   10.467544 ^ _1385_/CLK (sky130_fd_sc_hd__dfxtp_1)
                                 -0.250000   10.217544   clock uncertainty
                                  0.000000   10.217544   clock reconvergence pessimism
                                 -0.101622   10.115922   library setup time
                                             10.115922   data required time
---------------------------------------------------------------------------------------------
                                             10.115922   data required time
                                             -4.241899   data arrival time
---------------------------------------------------------------------------------------------
                                              5.874022   slack (MET)


Startpoint: addr[5] (input port clocked by clk)
Endpoint: _1386_ (rising edge-triggered flip-flop clocked by clk)
Path Group: clk
Path Type: max

Fanout         Cap        Slew       Delay        Time   Description
---------------------------------------------------------------------------------------------
                                  0.000000    0.000000   clock clk (rise edge)
                                  0.000000    0.000000   clock network delay (propagated)
                                  2.000000    2.000000 v input external delay
     1    0.002570    0.008100    0.004029    2.004030 v addr[5] (in)
                                                         addr[5] (net)
                      0.008100    0.000000    2.004030 v input6/A (sky130_fd_sc_hd__clkbuf_1)
     1    0.002216    0.023493    0.068784    2.072813 v input6/X (sky130_fd_sc_hd__clkbuf_1)
                                                         net6 (net)
                      0.023493    0.000024    2.072837 v _0697_/A (sky130_fd_sc_hd__or4_1)
     2    0.004136    0.092387    0.521124    2.593961 v _0697_/X (sky130_fd_sc_hd__or4_1)
                                                         _0086_ (net)
                      0.092387    0.000051    2.594012 v _0700_/B (sky130_fd_sc_hd__or2_1)
     2    0.012031    0.088504    0.270017    2.864029 v _0700_/X (sky130_fd_sc_hd__or2_1)
                                                         _0088_ (net)
                      0.088504    0.000147    2.864176 v _0701_/D (sky130_fd_sc_hd__nor4_1)
     2    0.009293    0.443514    0.355294    3.219470 ^ _0701_/Y (sky130_fd_sc_hd__nor4_1)
                                                         _0089_ (net)
                      0.443514    0.000221    3.219691 ^ max_cap64/A (sky130_fd_sc_hd__clkbuf_2)
     5    0.023462    0.135610    0.262485    3.482176 ^ max_cap64/X (sky130_fd_sc_hd__clkbuf_2)
                                                         net64 (net)
                      0.135612    0.000732    3.482908 ^ _0702_/C (sky130_fd_sc_hd__and3_4)
     8    0.042532    0.142574    0.285556    3.768464 ^ _0702_/X (sky130_fd_sc_hd__and3_4)
                                                         _0090_ (net)
                      0.142574    0.000273    3.768737 ^ _0705_/S (sky130_fd_sc_hd__mux2_1)
     1    0.001982    0.050921    0.324952    4.093688 v _0705_/X (sky130_fd_sc_hd__mux2_1)
                                                         _0092_ (net)
                      0.050921    0.000018    4.093707 v _0706_/B (sky130_fd_sc_hd__and2_1)
     1    0.001887    0.031370    0.147217    4.240924 v _0706_/X (sky130_fd_sc_hd__and2_1)
                                                         _0002_ (net)
                      0.031370    0.000008    4.240932 v _1386_/D (sky130_fd_sc_hd__dfxtp_1)
                                              4.240932   data arrival time

                                 10.000000   10.000000   clock clk (rise edge)
                                  0.000000   10.000000   clock source latency
     1    0.024950    0.117791    0.081531   10.081532 ^ clk (in)
                                                         clk (net)
                      0.117803    0.000000   10.081532 ^ clkbuf_0_clk/A (sky130_fd_sc_hd__clkbuf_16)
     8    0.101812    0.118042    0.212409   10.293941 ^ clkbuf_0_clk/X (sky130_fd_sc_hd__clkbuf_16)
                                                         clknet_0_clk (net)
                      0.118508    0.005977   10.299917 ^ clkbuf_3_0__f_clk/A (sky130_fd_sc_hd__clkbuf_16)
     9    0.037838    0.057925    0.167263   10.467180 ^ clkbuf_3_0__f_clk/X (sky130_fd_sc_hd__clkbuf_16)
                                                         clknet_3_0__leaf_clk (net)
                      0.057925    0.000083   10.467263 ^ _1386_/CLK (sky130_fd_sc_hd__dfxtp_1)
                                 -0.250000   10.217263   clock uncertainty
                                  0.000000   10.217263   clock reconvergence pessimism
                                 -0.101531   10.115731   library setup time
                                             10.115731   data required time
---------------------------------------------------------------------------------------------
                                             10.115731   data required time
                                             -4.240932   data arrival time
---------------------------------------------------------------------------------------------
                                              5.874799   slack (MET)


Startpoint: addr[5] (input port clocked by clk)
Endpoint: _1390_ (rising edge-triggered flip-flop clocked by clk)
Path Group: clk
Path Type: max

Fanout         Cap        Slew       Delay        Time   Description
---------------------------------------------------------------------------------------------
                                  0.000000    0.000000   clock clk (rise edge)
                                  0.000000    0.000000   clock network delay (propagated)
                                  2.000000    2.000000 v input external delay
     1    0.002570    0.008100    0.004029    2.004030 v addr[5] (in)
                                                         addr[5] (net)
                      0.008100    0.000000    2.004030 v input6/A (sky130_fd_sc_hd__clkbuf_1)
     1    0.002216    0.023493    0.068784    2.072813 v input6/X (sky130_fd_sc_hd__clkbuf_1)
                                                         net6 (net)
                      0.023493    0.000024    2.072837 v _0697_/A (sky130_fd_sc_hd__or4_1)
     2    0.004136    0.092387    0.521124    2.593961 v _0697_/X (sky130_fd_sc_hd__or4_1)
                                                         _0086_ (net)
                      0.092387    0.000051    2.594012 v _0700_/B (sky130_fd_sc_hd__or2_1)
     2    0.012031    0.088504    0.270017    2.864029 v _0700_/X (sky130_fd_sc_hd__or2_1)
                                                         _0088_ (net)
                      0.088504    0.000147    2.864176 v _0701_/D (sky130_fd_sc_hd__nor4_1)
     2    0.009293    0.443514    0.355294    3.219470 ^ _0701_/Y (sky130_fd_sc_hd__nor4_1)
                                                         _0089_ (net)
                      0.443514    0.000221    3.219691 ^ max_cap64/A (sky130_fd_sc_hd__clkbuf_2)
     5    0.023462    0.135610    0.262485    3.482176 ^ max_cap64/X (sky130_fd_sc_hd__clkbuf_2)
                                                         net64 (net)
                      0.135612    0.000732    3.482908 ^ _0702_/C (sky130_fd_sc_hd__and3_4)
     8    0.042532    0.142574    0.285556    3.768464 ^ _0702_/X (sky130_fd_sc_hd__and3_4)
                                                         _0090_ (net)
                      0.142582    0.001233    3.769697 ^ _0713_/S (sky130_fd_sc_hd__mux2_1)
     1    0.002310    0.052245    0.328046    4.097743 v _0713_/X (sky130_fd_sc_hd__mux2_1)
                                                         _0096_ (net)
                      0.052245    0.000026    4.097769 v _0714_/B (sky130_fd_sc_hd__and2_1)
     1    0.002016    0.031878    0.148554    4.246323 v _0714_/X (sky130_fd_sc_hd__and2_1)
                                                         _0006_ (net)
                      0.031878    0.000009    4.246332 v _1390_/D (sky130_fd_sc_hd__dfxtp_1)
                                              4.246332   data arrival time

                                 10.000000   10.000000   clock clk (rise edge)
                                  0.000000   10.000000   clock source latency
     1    0.024950    0.117791    0.081531   10.081532 ^ clk (in)
                                                         clk (net)
                      0.117803    0.000000   10.081532 ^ clkbuf_0_clk/A (sky130_fd_sc_hd__clkbuf_16)
     8    0.101812    0.118042    0.212409   10.293941 ^ clkbuf_0_clk/X (sky130_fd_sc_hd__clkbuf_16)
                                                         clknet_0_clk (net)
                      0.118516    0.006031   10.299971 ^ clkbuf_3_1__f_clk/A (sky130_fd_sc_hd__clkbuf_16)
    13    0.045331    0.064568    0.172593   10.472564 ^ clkbuf_3_1__f_clk/X (sky130_fd_sc_hd__clkbuf_16)
                                                         clknet_3_1__leaf_clk (net)
                      0.064568    0.000301   10.472865 ^ _1390_/CLK (sky130_fd_sc_hd__dfxtp_1)
                                 -0.250000   10.222864   clock uncertainty
                                  0.000000   10.222864   clock reconvergence pessimism
                                 -0.100204   10.122662   library setup time
                                             10.122662   data required time
---------------------------------------------------------------------------------------------
                                             10.122662   data required time
                                             -4.246332   data arrival time
---------------------------------------------------------------------------------------------
                                              5.876329   slack (MET)


Startpoint: addr[5] (input port clocked by clk)
Endpoint: _1389_ (rising edge-triggered flip-flop clocked by clk)
Path Group: clk
Path Type: max

Fanout         Cap        Slew       Delay        Time   Description
---------------------------------------------------------------------------------------------
                                  0.000000    0.000000   clock clk (rise edge)
                                  0.000000    0.000000   clock network delay (propagated)
                                  2.000000    2.000000 v input external delay
     1    0.002570    0.008100    0.004029    2.004030 v addr[5] (in)
                                                         addr[5] (net)
                      0.008100    0.000000    2.004030 v input6/A (sky130_fd_sc_hd__clkbuf_1)
     1    0.002216    0.023493    0.068784    2.072813 v input6/X (sky130_fd_sc_hd__clkbuf_1)
                                                         net6 (net)
                      0.023493    0.000024    2.072837 v _0697_/A (sky130_fd_sc_hd__or4_1)
     2    0.004136    0.092387    0.521124    2.593961 v _0697_/X (sky130_fd_sc_hd__or4_1)
                                                         _0086_ (net)
                      0.092387    0.000051    2.594012 v _0700_/B (sky130_fd_sc_hd__or2_1)
     2    0.012031    0.088504    0.270017    2.864029 v _0700_/X (sky130_fd_sc_hd__or2_1)
                                                         _0088_ (net)
                      0.088504    0.000147    2.864176 v _0701_/D (sky130_fd_sc_hd__nor4_1)
     2    0.009293    0.443514    0.355294    3.219470 ^ _0701_/Y (sky130_fd_sc_hd__nor4_1)
                                                         _0089_ (net)
                      0.443514    0.000221    3.219691 ^ max_cap64/A (sky130_fd_sc_hd__clkbuf_2)
     5    0.023462    0.135610    0.262485    3.482176 ^ max_cap64/X (sky130_fd_sc_hd__clkbuf_2)
                                                         net64 (net)
                      0.135612    0.000732    3.482908 ^ _0702_/C (sky130_fd_sc_hd__and3_4)
     8    0.042532    0.142574    0.285556    3.768464 ^ _0702_/X (sky130_fd_sc_hd__and3_4)
                                                         _0090_ (net)
                      0.142579    0.001064    3.769528 ^ _0711_/S (sky130_fd_sc_hd__mux2_1)
     1    0.002199    0.051844    0.327006    4.096533 v _0711_/X (sky130_fd_sc_hd__mux2_1)
                                                         _0095_ (net)
                      0.051844    0.000016    4.096549 v _0712_/B (sky130_fd_sc_hd__and2_1)
     1    0.001862    0.031277    0.147474    4.244023 v _0712_/X (sky130_fd_sc_hd__and2_1)
                                                         _0005_ (net)
                      0.031277    0.000015    4.244038 v _1389_/D (sky130_fd_sc_hd__dfxtp_1)
                                              4.244038   data arrival time

                                 10.000000   10.000000   clock clk (rise edge)
                                  0.000000   10.000000   clock source latency
     1    0.024950    0.117791    0.081531   10.081532 ^ clk (in)
                                                         clk (net)
                      0.117803    0.000000   10.081532 ^ clkbuf_0_clk/A (sky130_fd_sc_hd__clkbuf_16)
     8    0.101812    0.118042    0.212409   10.293941 ^ clkbuf_0_clk/X (sky130_fd_sc_hd__clkbuf_16)
                                                         clknet_0_clk (net)
                      0.118516    0.006031   10.299971 ^ clkbuf_3_1__f_clk/A (sky130_fd_sc_hd__clkbuf_16)
    13    0.045331    0.064568    0.172593   10.472564 ^ clkbuf_3_1__f_clk/X (sky130_fd_sc_hd__clkbuf_16)
                                                         clknet_3_1__leaf_clk (net)
                      0.064581    0.000910   10.473474 ^ _1389_/CLK (sky130_fd_sc_hd__dfxtp_1)
                                 -0.250000   10.223474   clock uncertainty
                                  0.000000   10.223474   clock reconvergence pessimism
                                 -0.099937   10.123537   library setup time
                                             10.123537   data required time
---------------------------------------------------------------------------------------------
                                             10.123537   data required time
                                             -4.244038   data arrival time
---------------------------------------------------------------------------------------------
                                              5.879499   slack (MET)


Startpoint: addr[5] (input port clocked by clk)
Endpoint: _1388_ (rising edge-triggered flip-flop clocked by clk)
Path Group: clk
Path Type: max

Fanout         Cap        Slew       Delay        Time   Description
---------------------------------------------------------------------------------------------
                                  0.000000    0.000000   clock clk (rise edge)
                                  0.000000    0.000000   clock network delay (propagated)
                                  2.000000    2.000000 v input external delay
     1    0.002570    0.008100    0.004029    2.004030 v addr[5] (in)
                                                         addr[5] (net)
                      0.008100    0.000000    2.004030 v input6/A (sky130_fd_sc_hd__clkbuf_1)
     1    0.002216    0.023493    0.068784    2.072813 v input6/X (sky130_fd_sc_hd__clkbuf_1)
                                                         net6 (net)
                      0.023493    0.000024    2.072837 v _0697_/A (sky130_fd_sc_hd__or4_1)
     2    0.004136    0.092387    0.521124    2.593961 v _0697_/X (sky130_fd_sc_hd__or4_1)
                                                         _0086_ (net)
                      0.092387    0.000051    2.594012 v _0700_/B (sky130_fd_sc_hd__or2_1)
     2    0.012031    0.088504    0.270017    2.864029 v _0700_/X (sky130_fd_sc_hd__or2_1)
                                                         _0088_ (net)
                      0.088504    0.000147    2.864176 v _0701_/D (sky130_fd_sc_hd__nor4_1)
     2    0.009293    0.443514    0.355294    3.219470 ^ _0701_/Y (sky130_fd_sc_hd__nor4_1)
                                                         _0089_ (net)
                      0.443514    0.000221    3.219691 ^ max_cap64/A (sky130_fd_sc_hd__clkbuf_2)
     5    0.023462    0.135610    0.262485    3.482176 ^ max_cap64/X (sky130_fd_sc_hd__clkbuf_2)
                                                         net64 (net)
                      0.135612    0.000732    3.482908 ^ _0702_/C (sky130_fd_sc_hd__and3_4)
     8    0.042532    0.142574    0.285556    3.768464 ^ _0702_/X (sky130_fd_sc_hd__and3_4)
                                                         _0090_ (net)
                      0.142576    0.000865    3.769329 ^ _0709_/S (sky130_fd_sc_hd__mux2_1)
     1    0.002133    0.051634    0.326379    4.095707 v _0709_/X (sky130_fd_sc_hd__mux2_1)
                                                         _0094_ (net)
                      0.051634    0.000020    4.095728 v _0710_/B (sky130_fd_sc_hd__and2_1)
     1    0.001975    0.031717    0.148049    4.243777 v _0710_/X (sky130_fd_sc_hd__and2_1)
                                                         _0004_ (net)
                      0.031717    0.000009    4.243786 v _1388_/D (sky130_fd_sc_hd__dfxtp_1)
                                              4.243786   data arrival time

                                 10.000000   10.000000   clock clk (rise edge)
                                  0.000000   10.000000   clock source latency
     1    0.024950    0.117791    0.081531   10.081532 ^ clk (in)
                                                         clk (net)
                      0.117803    0.000000   10.081532 ^ clkbuf_0_clk/A (sky130_fd_sc_hd__clkbuf_16)
     8    0.101812    0.118042    0.212409   10.293941 ^ clkbuf_0_clk/X (sky130_fd_sc_hd__clkbuf_16)
                                                         clknet_0_clk (net)
                      0.118516    0.006031   10.299971 ^ clkbuf_3_1__f_clk/A (sky130_fd_sc_hd__clkbuf_16)
    13    0.045331    0.064568    0.172593   10.472564 ^ clkbuf_3_1__f_clk/X (sky130_fd_sc_hd__clkbuf_16)
                                                         clknet_3_1__leaf_clk (net)
                      0.064591    0.001139   10.473702 ^ _1388_/CLK (sky130_fd_sc_hd__dfxtp_1)
                                 -0.250000   10.223702   clock uncertainty
                                  0.000000   10.223702   clock reconvergence pessimism
                                 -0.100128   10.123574   library setup time
                                             10.123574   data required time
---------------------------------------------------------------------------------------------
                                             10.123574   data required time
                                             -4.243786   data arrival time
---------------------------------------------------------------------------------------------
                                              5.879788   slack (MET)


Startpoint: addr[5] (input port clocked by clk)
Endpoint: _1392_ (rising edge-triggered flip-flop clocked by clk)
Path Group: clk
Path Type: max

Fanout         Cap        Slew       Delay        Time   Description
---------------------------------------------------------------------------------------------
                                  0.000000    0.000000   clock clk (rise edge)
                                  0.000000    0.000000   clock network delay (propagated)
                                  2.000000    2.000000 v input external delay
     1    0.002570    0.008100    0.004029    2.004030 v addr[5] (in)
                                                         addr[5] (net)
                      0.008100    0.000000    2.004030 v input6/A (sky130_fd_sc_hd__clkbuf_1)
     1    0.002216    0.023493    0.068784    2.072813 v input6/X (sky130_fd_sc_hd__clkbuf_1)
                                                         net6 (net)
                      0.023493    0.000024    2.072837 v _0697_/A (sky130_fd_sc_hd__or4_1)
     2    0.004136    0.092387    0.521124    2.593961 v _0697_/X (sky130_fd_sc_hd__or4_1)
                                                         _0086_ (net)
                      0.092387    0.000051    2.594012 v _0700_/B (sky130_fd_sc_hd__or2_1)
     2    0.012031    0.088504    0.270017    2.864029 v _0700_/X (sky130_fd_sc_hd__or2_1)
                                                         _0088_ (net)
                      0.088504    0.000147    2.864176 v _0701_/D (sky130_fd_sc_hd__nor4_1)
     2    0.009293    0.443514    0.355294    3.219470 ^ _0701_/Y (sky130_fd_sc_hd__nor4_1)
                                                         _0089_ (net)
                      0.443514    0.000221    3.219691 ^ max_cap64/A (sky130_fd_sc_hd__clkbuf_2)
     5    0.023462    0.135610    0.262485    3.482176 ^ max_cap64/X (sky130_fd_sc_hd__clkbuf_2)
                                                         net64 (net)
                      0.135612    0.000732    3.482908 ^ _0702_/C (sky130_fd_sc_hd__and3_4)
     8    0.042532    0.142574    0.285556    3.768464 ^ _0702_/X (sky130_fd_sc_hd__and3_4)
                                                         _0090_ (net)
                      0.142584    0.001324    3.769788 ^ _0717_/S (sky130_fd_sc_hd__mux2_1)
     1    0.001849    0.051283    0.323705    4.093493 v _0717_/X (sky130_fd_sc_hd__mux2_1)
                                                         _0098_ (net)
                      0.051283    0.000010    4.093503 v _0718_/B (sky130_fd_sc_hd__and2_1)
     1    0.001870    0.031306    0.147275    4.240778 v _0718_/X (sky130_fd_sc_hd__and2_1)
                                                         _0008_ (net)
                      0.031306    0.000015    4.240793 v _1392_/D (sky130_fd_sc_hd__dfxtp_2)
                                              4.240793   data arrival time

                                 10.000000   10.000000   clock clk (rise edge)
                                  0.000000   10.000000   clock source latency
     1    0.024950    0.117791    0.081531   10.081532 ^ clk (in)
                                                         clk (net)
                      0.117803    0.000000   10.081532 ^ clkbuf_0_clk/A (sky130_fd_sc_hd__clkbuf_16)
     8    0.101812    0.118042    0.212409   10.293941 ^ clkbuf_0_clk/X (sky130_fd_sc_hd__clkbuf_16)
                                                         clknet_0_clk (net)
                      0.118516    0.006031   10.299971 ^ clkbuf_3_1__f_clk/A (sky130_fd_sc_hd__clkbuf_16)
    13    0.045331    0.064568    0.172593   10.472564 ^ clkbuf_3_1__f_clk/X (sky130_fd_sc_hd__clkbuf_16)
                                                         clknet_3_1__leaf_clk (net)
                      0.064600    0.001287   10.473850 ^ _1392_/CLK (sky130_fd_sc_hd__dfxtp_2)
                                 -0.250000   10.223850   clock uncertainty
                                  0.000000   10.223850   clock reconvergence pessimism
                                 -0.102334   10.121516   library setup time
                                             10.121516   data required time
---------------------------------------------------------------------------------------------
                                             10.121516   data required time
                                             -4.240793   data arrival time
---------------------------------------------------------------------------------------------
                                              5.880723   slack (MET)


Startpoint: addr[5] (input port clocked by clk)
Endpoint: _1387_ (rising edge-triggered flip-flop clocked by clk)
Path Group: clk
Path Type: max

Fanout         Cap        Slew       Delay        Time   Description
---------------------------------------------------------------------------------------------
                                  0.000000    0.000000   clock clk (rise edge)
                                  0.000000    0.000000   clock network delay (propagated)
                                  2.000000    2.000000 v input external delay
     1    0.002570    0.008100    0.004029    2.004030 v addr[5] (in)
                                                         addr[5] (net)
                      0.008100    0.000000    2.004030 v input6/A (sky130_fd_sc_hd__clkbuf_1)
     1    0.002216    0.023493    0.068784    2.072813 v input6/X (sky130_fd_sc_hd__clkbuf_1)
                                                         net6 (net)
                      0.023493    0.000024    2.072837 v _0697_/A (sky130_fd_sc_hd__or4_1)
     2    0.004136    0.092387    0.521124    2.593961 v _0697_/X (sky130_fd_sc_hd__or4_1)
                                                         _0086_ (net)
                      0.092387    0.000051    2.594012 v _0700_/B (sky130_fd_sc_hd__or2_1)
     2    0.012031    0.088504    0.270017    2.864029 v _0700_/X (sky130_fd_sc_hd__or2_1)
                                                         _0088_ (net)
                      0.088504    0.000147    2.864176 v _0701_/D (sky130_fd_sc_hd__nor4_1)
     2    0.009293    0.443514    0.355294    3.219470 ^ _0701_/Y (sky130_fd_sc_hd__nor4_1)
                                                         _0089_ (net)
                      0.443514    0.000221    3.219691 ^ max_cap64/A (sky130_fd_sc_hd__clkbuf_2)
     5    0.023462    0.135610    0.262485    3.482176 ^ max_cap64/X (sky130_fd_sc_hd__clkbuf_2)
                                                         net64 (net)
                      0.135612    0.000732    3.482908 ^ _0702_/C (sky130_fd_sc_hd__and3_4)
     8    0.042532    0.142574    0.285556    3.768464 ^ _0702_/X (sky130_fd_sc_hd__and3_4)
                                                         _0090_ (net)
                      0.142574    0.000425    3.768889 ^ _0707_/S (sky130_fd_sc_hd__mux2_1)
     1    0.001847    0.051271    0.323683    4.092572 v _0707_/X (sky130_fd_sc_hd__mux2_1)
                                                         _0093_ (net)
                      0.051271    0.000010    4.092582 v _0708_/B (sky130_fd_sc_hd__and2_1)
     1    0.001862    0.031275    0.147223    4.239806 v _0708_/X (sky130_fd_sc_hd__and2_1)
                                                         _0003_ (net)
                      0.031275    0.000015    4.239820 v _1387_/D (sky130_fd_sc_hd__dfxtp_1)
                                              4.239820   data arrival time

                                 10.000000   10.000000   clock clk (rise edge)
                                  0.000000   10.000000   clock source latency
     1    0.024950    0.117791    0.081531   10.081532 ^ clk (in)
                                                         clk (net)
                      0.117803    0.000000   10.081532 ^ clkbuf_0_clk/A (sky130_fd_sc_hd__clkbuf_16)
     8    0.101812    0.118042    0.212409   10.293941 ^ clkbuf_0_clk/X (sky130_fd_sc_hd__clkbuf_16)
                                                         clknet_0_clk (net)
                      0.118516    0.006031   10.299971 ^ clkbuf_3_1__f_clk/A (sky130_fd_sc_hd__clkbuf_16)
    13    0.045331    0.064568    0.172593   10.472564 ^ clkbuf_3_1__f_clk/X (sky130_fd_sc_hd__clkbuf_16)
                                                         clknet_3_1__leaf_clk (net)
                      0.064575    0.000721   10.473285 ^ _1387_/CLK (sky130_fd_sc_hd__dfxtp_1)
                                 -0.250000   10.223285   clock uncertainty
                                  0.000000   10.223285   clock reconvergence pessimism
                                 -0.099938   10.123347   library setup time
                                             10.123347   data required time
---------------------------------------------------------------------------------------------
                                             10.123347   data required time
                                             -4.239820   data arrival time
---------------------------------------------------------------------------------------------
                                              5.883526   slack (MET)


Startpoint: addr[5] (input port clocked by clk)
Endpoint: _1391_ (rising edge-triggered flip-flop clocked by clk)
Path Group: clk
Path Type: max

Fanout         Cap        Slew       Delay        Time   Description
---------------------------------------------------------------------------------------------
                                  0.000000    0.000000   clock clk (rise edge)
                                  0.000000    0.000000   clock network delay (propagated)
                                  2.000000    2.000000 v input external delay
     1    0.002570    0.008100    0.004029    2.004030 v addr[5] (in)
                                                         addr[5] (net)
                      0.008100    0.000000    2.004030 v input6/A (sky130_fd_sc_hd__clkbuf_1)
     1    0.002216    0.023493    0.068784    2.072813 v input6/X (sky130_fd_sc_hd__clkbuf_1)
                                                         net6 (net)
                      0.023493    0.000024    2.072837 v _0697_/A (sky130_fd_sc_hd__or4_1)
     2    0.004136    0.092387    0.521124    2.593961 v _0697_/X (sky130_fd_sc_hd__or4_1)
                                                         _0086_ (net)
                      0.092387    0.000051    2.594012 v _0700_/B (sky130_fd_sc_hd__or2_1)
     2    0.012031    0.088504    0.270017    2.864029 v _0700_/X (sky130_fd_sc_hd__or2_1)
                                                         _0088_ (net)
                      0.088504    0.000147    2.864176 v _0701_/D (sky130_fd_sc_hd__nor4_1)
     2    0.009293    0.443514    0.355294    3.219470 ^ _0701_/Y (sky130_fd_sc_hd__nor4_1)
                                                         _0089_ (net)
                      0.443514    0.000221    3.219691 ^ max_cap64/A (sky130_fd_sc_hd__clkbuf_2)
     5    0.023462    0.135610    0.262485    3.482176 ^ max_cap64/X (sky130_fd_sc_hd__clkbuf_2)
                                                         net64 (net)
                      0.135612    0.000732    3.482908 ^ _0702_/C (sky130_fd_sc_hd__and3_4)
     8    0.042532    0.142574    0.285556    3.768464 ^ _0702_/X (sky130_fd_sc_hd__and3_4)
                                                         _0090_ (net)
                      0.142585    0.001350    3.769814 ^ _0715_/S (sky130_fd_sc_hd__mux2_1)
     1    0.001750    0.049825    0.322772    4.092586 v _0715_/X (sky130_fd_sc_hd__mux2_1)
                                                         _0097_ (net)
                      0.049825    0.000015    4.092601 v _0716_/B (sky130_fd_sc_hd__and2_1)
     1    0.002009    0.031842    0.147456    4.240057 v _0716_/X (sky130_fd_sc_hd__and2_1)
                                                         _0007_ (net)
                      0.031842    0.000009    4.240066 v _1391_/D (sky130_fd_sc_hd__dfxtp_1)
                                              4.240066   data arrival time

                                 10.000000   10.000000   clock clk (rise edge)
                                  0.000000   10.000000   clock source latency
     1    0.024950    0.117791    0.081531   10.081532 ^ clk (in)
                                                         clk (net)
                      0.117803    0.000000   10.081532 ^ clkbuf_0_clk/A (sky130_fd_sc_hd__clkbuf_16)
     8    0.101812    0.118042    0.212409   10.293941 ^ clkbuf_0_clk/X (sky130_fd_sc_hd__clkbuf_16)
                                                         clknet_0_clk (net)
                      0.118516    0.006031   10.299971 ^ clkbuf_3_1__f_clk/A (sky130_fd_sc_hd__clkbuf_16)
    13    0.045331    0.064568    0.172593   10.472564 ^ clkbuf_3_1__f_clk/X (sky130_fd_sc_hd__clkbuf_16)
                                                         clknet_3_1__leaf_clk (net)
                      0.064612    0.001475   10.474039 ^ _1391_/CLK (sky130_fd_sc_hd__dfxtp_1)
                                 -0.250000   10.224039   clock uncertainty
                                  0.000000   10.224039   clock reconvergence pessimism
                                 -0.100178   10.123861   library setup time
                                             10.123861   data required time
---------------------------------------------------------------------------------------------
                                             10.123861   data required time
                                             -4.240066   data arrival time
---------------------------------------------------------------------------------------------
                                              5.883795   slack (MET)


Startpoint: _1425_ (rising edge-triggered flip-flop clocked by clk)
Endpoint: _1440_ (rising edge-triggered flip-flop clocked by clk)
Path Group: clk
Path Type: max

Fanout         Cap        Slew       Delay        Time   Description
---------------------------------------------------------------------------------------------
                                  0.000000    0.000000   clock clk (rise edge)
                                  0.000000    0.000000   clock source latency
     1    0.024950    0.117791    0.081531    0.081531 ^ clk (in)
                                                         clk (net)
                      0.117803    0.000000    0.081531 ^ clkbuf_0_clk/A (sky130_fd_sc_hd__clkbuf_16)
     8    0.101812    0.118042    0.212408    0.293940 ^ clkbuf_0_clk/X (sky130_fd_sc_hd__clkbuf_16)
                                                         clknet_0_clk (net)
                      0.118516    0.006031    0.299970 ^ clkbuf_3_1__f_clk/A (sky130_fd_sc_hd__clkbuf_16)
    13    0.045331    0.064568    0.172593    0.472564 ^ clkbuf_3_1__f_clk/X (sky130_fd_sc_hd__clkbuf_16)
                                                         clknet_3_1__leaf_clk (net)
                      0.064574    0.000684    0.473248 ^ _1425_/CLK (sky130_fd_sc_hd__dfxtp_4)
     3    0.012863    0.054143    0.356303    0.829551 ^ _1425_/Q (sky130_fd_sc_hd__dfxtp_4)
                                                         core_b[0] (net)
                      0.054143    0.000120    0.829671 ^ fanout79/A (sky130_fd_sc_hd__buf_8)
     5    0.021562    0.046949    0.104401    0.934072 ^ fanout79/X (sky130_fd_sc_hd__buf_8)
                                                         net79 (net)
                      0.046950    0.000256    0.934328 ^ fanout78/A (sky130_fd_sc_hd__buf_2)
    10    0.033426    0.166287    0.195901    1.130229 ^ fanout78/X (sky130_fd_sc_hd__buf_2)
                                                         net78 (net)
                      0.166287    0.000353    1.130582 ^ _0930_/A (sky130_fd_sc_hd__and4_1)
     4    0.009171    0.107858    0.246177    1.376759 ^ _0930_/X (sky130_fd_sc_hd__and4_1)
                                                         _0264_ (net)
                      0.107858    0.000046    1.376806 ^ rebuffer9/A (sky130_fd_sc_hd__dlygate4sd1_1)
     1    0.002884    0.040702    0.207653    1.584458 ^ rebuffer9/X (sky130_fd_sc_hd__dlygate4sd1_1)
                                                         net125 (net)
                      0.040702    0.000026    1.584484 ^ _0934_/A1 (sky130_fd_sc_hd__o21ai_1)
     2    0.006305    0.069643    0.081315    1.665799 v _0934_/Y (sky130_fd_sc_hd__o21ai_1)
                                                         _0268_ (net)
                      0.069643    0.000065    1.665864 v _0937_/A2 (sky130_fd_sc_hd__a21o_1)
     3    0.013086    0.074858    0.225880    1.891744 v _0937_/X (sky130_fd_sc_hd__a21o_1)
                                                         _0271_ (net)
                      0.074858    0.000399    1.892143 v _0939_/A2 (sky130_fd_sc_hd__a21o_1)
     2    0.007792    0.054648    0.207050    2.099193 v _0939_/X (sky130_fd_sc_hd__a21o_1)
                                                         _0273_ (net)
                      0.054648    0.000097    2.099290 v _0942_/A2 (sky130_fd_sc_hd__a21o_1)
     3    0.008223    0.056638    0.201120    2.300410 v _0942_/X (sky130_fd_sc_hd__a21o_1)
                                                         _0276_ (net)
                      0.056638    0.000104    2.300515 v _0943_/C (sky130_fd_sc_hd__and3_1)
     2    0.006990    0.054987    0.199876    2.500391 v _0943_/X (sky130_fd_sc_hd__and3_1)
                                                         _0277_ (net)
                      0.054987    0.000048    2.500439 v _0947_/A1 (sky130_fd_sc_hd__o211a_1)
     2    0.005423    0.050220    0.234830    2.735269 v _0947_/X (sky130_fd_sc_hd__o211a_1)
                                                         _0281_ (net)
                      0.050220    0.000047    2.735315 v _0948_/C (sky130_fd_sc_hd__or3_1)
     3    0.007758    0.093272    0.341916    3.077231 v _0948_/X (sky130_fd_sc_hd__or3_1)
                                                         _0282_ (net)
                      0.093272    0.000054    3.077285 v _0959_/B1_N (sky130_fd_sc_hd__a21bo_1)
     3    0.009700    0.089897    0.230960    3.308245 ^ _0959_/X (sky130_fd_sc_hd__a21bo_1)
                                                         _0292_ (net)
                      0.089897    0.000072    3.308318 ^ _0995_/A (sky130_fd_sc_hd__nand3_1)
     2    0.004954    0.072610    0.088078    3.396395 v _0995_/Y (sky130_fd_sc_hd__nand3_1)
                                                         _0328_ (net)
                      0.072610    0.000027    3.396422 v _0997_/B (sky130_fd_sc_hd__and3_1)
     3    0.007534    0.057518    0.194464    3.590886 v _0997_/X (sky130_fd_sc_hd__and3_1)
                                                         _0330_ (net)
                      0.057518    0.000076    3.590962 v _1000_/A (sky130_fd_sc_hd__or3_1)
     1    0.003084    0.066661    0.368001    3.958963 v _1000_/X (sky130_fd_sc_hd__or3_1)
                                                         _0333_ (net)
                      0.066661    0.000035    3.958997 v _1002_/A1 (sky130_fd_sc_hd__a21bo_1)
     1    0.003736    0.038631    0.175242    4.134239 v _1002_/X (sky130_fd_sc_hd__a21bo_1)
                                                         _0335_ (net)
                      0.038631    0.000052    4.134292 v _1003_/C1 (sky130_fd_sc_hd__o211a_1)
     1    0.001864    0.034182    0.095360    4.229652 v _1003_/X (sky130_fd_sc_hd__o211a_1)
                                                         _0056_ (net)
                      0.034182    0.000015    4.229667 v _1440_/D (sky130_fd_sc_hd__dfxtp_1)
                                              4.229667   data arrival time

                                 10.000000   10.000000   clock clk (rise edge)
                                  0.000000   10.000000   clock source latency
     1    0.024950    0.117791    0.081531   10.081532 ^ clk (in)
                                                         clk (net)
                      0.117803    0.000000   10.081532 ^ clkbuf_0_clk/A (sky130_fd_sc_hd__clkbuf_16)
     8    0.101812    0.118042    0.212409   10.293941 ^ clkbuf_0_clk/X (sky130_fd_sc_hd__clkbuf_16)
                                                         clknet_0_clk (net)
                      0.118177    0.003282   10.297222 ^ clkbuf_3_6__f_clk/A (sky130_fd_sc_hd__clkbuf_16)
    14    0.045743    0.064948    0.172760   10.469982 ^ clkbuf_3_6__f_clk/X (sky130_fd_sc_hd__clkbuf_16)
                                                         clknet_3_6__leaf_clk (net)
                      0.064952    0.000600   10.470583 ^ _1440_/CLK (sky130_fd_sc_hd__dfxtp_1)
                                 -0.250000   10.220583   clock uncertainty
                                  0.000000   10.220583   clock reconvergence pessimism
                                 -0.101125   10.119458   library setup time
                                             10.119458   data required time
---------------------------------------------------------------------------------------------
                                             10.119458   data required time
                                             -4.229667   data arrival time
---------------------------------------------------------------------------------------------
                                              5.889791   slack (MET)


Startpoint: addr[5] (input port clocked by clk)
Endpoint: _1399_ (rising edge-triggered flip-flop clocked by clk)
Path Group: clk
Path Type: max

Fanout         Cap        Slew       Delay        Time   Description
---------------------------------------------------------------------------------------------
                                  0.000000    0.000000   clock clk (rise edge)
                                  0.000000    0.000000   clock network delay (propagated)
                                  2.000000    2.000000 v input external delay
     1    0.002570    0.008100    0.004029    2.004030 v addr[5] (in)
                                                         addr[5] (net)
                      0.008100    0.000000    2.004030 v input6/A (sky130_fd_sc_hd__clkbuf_1)
     1    0.002216    0.023493    0.068784    2.072813 v input6/X (sky130_fd_sc_hd__clkbuf_1)
                                                         net6 (net)
                      0.023493    0.000024    2.072837 v _0697_/A (sky130_fd_sc_hd__or4_1)
     2    0.004136    0.092387    0.521124    2.593961 v _0697_/X (sky130_fd_sc_hd__or4_1)
                                                         _0086_ (net)
                      0.092387    0.000051    2.594012 v _0700_/B (sky130_fd_sc_hd__or2_1)
     2    0.012031    0.088504    0.270017    2.864029 v _0700_/X (sky130_fd_sc_hd__or2_1)
                                                         _0088_ (net)
                      0.088504    0.000147    2.864176 v _0701_/D (sky130_fd_sc_hd__nor4_1)
     2    0.009293    0.443514    0.355294    3.219470 ^ _0701_/Y (sky130_fd_sc_hd__nor4_1)
                                                         _0089_ (net)
                      0.443514    0.000221    3.219691 ^ max_cap64/A (sky130_fd_sc_hd__clkbuf_2)
     5    0.023462    0.135610    0.262485    3.482176 ^ max_cap64/X (sky130_fd_sc_hd__clkbuf_2)
                                                         net64 (net)
                      0.135610    0.000060    3.482235 ^ max_cap63/A (sky130_fd_sc_hd__clkbuf_2)
     4    0.020684    0.118476    0.189259    3.671494 ^ max_cap63/X (sky130_fd_sc_hd__clkbuf_2)
                                                         net63 (net)
                      0.118479    0.000763    3.672257 ^ _0742_/A2 (sky130_fd_sc_hd__a22o_1)
     1    0.008249    0.093400    0.185929    3.858187 ^ _0742_/X (sky130_fd_sc_hd__a22o_1)
                                                         _0116_ (net)
                      0.093400    0.000293    3.858479 ^ _0743_/B1 (sky130_fd_sc_hd__a211o_1)
     1    0.003181    0.043466    0.107522    3.966002 ^ _0743_/X (sky130_fd_sc_hd__a211o_1)
                                                         _0117_ (net)
                      0.043466    0.000033    3.966035 ^ _0744_/B1 (sky130_fd_sc_hd__o211a_1)
     1    0.002149    0.038673    0.129973    4.096008 ^ _0744_/X (sky130_fd_sc_hd__o211a_1)
                                                         _0015_ (net)
                      0.038673    0.000021    4.096029 ^ _1399_/D (sky130_fd_sc_hd__dfxtp_1)
                                              4.096029   data arrival time

                                 10.000000   10.000000   clock clk (rise edge)
                                  0.000000   10.000000   clock source latency
     1    0.024950    0.117791    0.081531   10.081532 ^ clk (in)
                                                         clk (net)
                      0.117803    0.000000   10.081532 ^ clkbuf_0_clk/A (sky130_fd_sc_hd__clkbuf_16)
     8    0.101812    0.118042    0.212409   10.293941 ^ clkbuf_0_clk/X (sky130_fd_sc_hd__clkbuf_16)
                                                         clknet_0_clk (net)
                      0.118327    0.004708   10.298649 ^ clkbuf_3_3__f_clk/A (sky130_fd_sc_hd__clkbuf_16)
     7    0.039218    0.059125    0.168133   10.466782 ^ clkbuf_3_3__f_clk/X (sky130_fd_sc_hd__clkbuf_16)
                                                         clknet_3_3__leaf_clk (net)
                      0.059131    0.000608   10.467390 ^ _1399_/CLK (sky130_fd_sc_hd__dfxtp_1)
                                 -0.250000   10.217390   clock uncertainty
                                  0.000000   10.217390   clock reconvergence pessimism
                                 -0.050520   10.166869   library setup time
                                             10.166869   data required time
---------------------------------------------------------------------------------------------
                                             10.166869   data required time
                                             -4.096029   data arrival time
---------------------------------------------------------------------------------------------
                                              6.070840   slack (MET)


Startpoint: addr[5] (input port clocked by clk)
Endpoint: _1398_ (rising edge-triggered flip-flop clocked by clk)
Path Group: clk
Path Type: max

Fanout         Cap        Slew       Delay        Time   Description
---------------------------------------------------------------------------------------------
                                  0.000000    0.000000   clock clk (rise edge)
                                  0.000000    0.000000   clock network delay (propagated)
                                  2.000000    2.000000 v input external delay
     1    0.002570    0.008100    0.004029    2.004030 v addr[5] (in)
                                                         addr[5] (net)
                      0.008100    0.000000    2.004030 v input6/A (sky130_fd_sc_hd__clkbuf_1)
     1    0.002216    0.023493    0.068784    2.072813 v input6/X (sky130_fd_sc_hd__clkbuf_1)
                                                         net6 (net)
                      0.023493    0.000024    2.072837 v _0697_/A (sky130_fd_sc_hd__or4_1)
     2    0.004136    0.092387    0.521124    2.593961 v _0697_/X (sky130_fd_sc_hd__or4_1)
                                                         _0086_ (net)
                      0.092387    0.000051    2.594012 v _0700_/B (sky130_fd_sc_hd__or2_1)
     2    0.012031    0.088504    0.270017    2.864029 v _0700_/X (sky130_fd_sc_hd__or2_1)
                                                         _0088_ (net)
                      0.088504    0.000147    2.864176 v _0701_/D (sky130_fd_sc_hd__nor4_1)
     2    0.009293    0.443514    0.355294    3.219470 ^ _0701_/Y (sky130_fd_sc_hd__nor4_1)
                                                         _0089_ (net)
                      0.443514    0.000221    3.219691 ^ max_cap64/A (sky130_fd_sc_hd__clkbuf_2)
     5    0.023462    0.135610    0.262485    3.482176 ^ max_cap64/X (sky130_fd_sc_hd__clkbuf_2)
                                                         net64 (net)
                      0.135610    0.000060    3.482235 ^ max_cap63/A (sky130_fd_sc_hd__clkbuf_2)
     4    0.020684    0.118476    0.189259    3.671494 ^ max_cap63/X (sky130_fd_sc_hd__clkbuf_2)
                                                         net63 (net)
                      0.118478    0.000711    3.672205 ^ _0739_/A2 (sky130_fd_sc_hd__a22o_1)
     1    0.007095    0.083716    0.178173    3.850378 ^ _0739_/X (sky130_fd_sc_hd__a22o_1)
                                                         _0114_ (net)
                      0.083716    0.000195    3.850573 ^ _0740_/B1 (sky130_fd_sc_hd__a211o_1)
     1    0.004566    0.053938    0.112892    3.963465 ^ _0740_/X (sky130_fd_sc_hd__a211o_1)
                                                         _0115_ (net)
                      0.053938    0.000056    3.963522 ^ _0741_/B1 (sky130_fd_sc_hd__o211a_1)
     1    0.001902    0.036971    0.131051    4.094573 ^ _0741_/X (sky130_fd_sc_hd__o211a_1)
                                                         _0014_ (net)
                      0.036971    0.000016    4.094588 ^ _1398_/D (sky130_fd_sc_hd__dfxtp_1)
                                              4.094588   data arrival time

                                 10.000000   10.000000   clock clk (rise edge)
                                  0.000000   10.000000   clock source latency
     1    0.024950    0.117791    0.081531   10.081532 ^ clk (in)
                                                         clk (net)
                      0.117803    0.000000   10.081532 ^ clkbuf_0_clk/A (sky130_fd_sc_hd__clkbuf_16)
     8    0.101812    0.118042    0.212409   10.293941 ^ clkbuf_0_clk/X (sky130_fd_sc_hd__clkbuf_16)
                                                         clknet_0_clk (net)
                      0.118388    0.005176   10.299116 ^ clkbuf_3_2__f_clk/A (sky130_fd_sc_hd__clkbuf_16)
     9    0.038967    0.058895    0.167950   10.467067 ^ clkbuf_3_2__f_clk/X (sky130_fd_sc_hd__clkbuf_16)
                                                         clknet_3_2__leaf_clk (net)
                      0.058899    0.000546   10.467613 ^ _1398_/CLK (sky130_fd_sc_hd__dfxtp_1)
                                 -0.250000   10.217613   clock uncertainty
                                  0.000000   10.217613   clock reconvergence pessimism
                                 -0.050161   10.167452   library setup time
                                             10.167452   data required time
---------------------------------------------------------------------------------------------
                                             10.167452   data required time
                                             -4.094588   data arrival time
---------------------------------------------------------------------------------------------
                                              6.072864   slack (MET)


Startpoint: addr[5] (input port clocked by clk)
Endpoint: _1397_ (rising edge-triggered flip-flop clocked by clk)
Path Group: clk
Path Type: max

Fanout         Cap        Slew       Delay        Time   Description
---------------------------------------------------------------------------------------------
                                  0.000000    0.000000   clock clk (rise edge)
                                  0.000000    0.000000   clock network delay (propagated)
                                  2.000000    2.000000 v input external delay
     1    0.002570    0.008100    0.004029    2.004030 v addr[5] (in)
                                                         addr[5] (net)
                      0.008100    0.000000    2.004030 v input6/A (sky130_fd_sc_hd__clkbuf_1)
     1    0.002216    0.023493    0.068784    2.072813 v input6/X (sky130_fd_sc_hd__clkbuf_1)
                                                         net6 (net)
                      0.023493    0.000024    2.072837 v _0697_/A (sky130_fd_sc_hd__or4_1)
     2    0.004136    0.092387    0.521124    2.593961 v _0697_/X (sky130_fd_sc_hd__or4_1)
                                                         _0086_ (net)
                      0.092387    0.000051    2.594012 v _0700_/B (sky130_fd_sc_hd__or2_1)
     2    0.012031    0.088504    0.270017    2.864029 v _0700_/X (sky130_fd_sc_hd__or2_1)
                                                         _0088_ (net)
                      0.088504    0.000147    2.864176 v _0701_/D (sky130_fd_sc_hd__nor4_1)
     2    0.009293    0.443514    0.355294    3.219470 ^ _0701_/Y (sky130_fd_sc_hd__nor4_1)
                                                         _0089_ (net)
                      0.443514    0.000221    3.219691 ^ max_cap64/A (sky130_fd_sc_hd__clkbuf_2)
     5    0.023462    0.135610    0.262485    3.482176 ^ max_cap64/X (sky130_fd_sc_hd__clkbuf_2)
                                                         net64 (net)
                      0.135610    0.000060    3.482235 ^ max_cap63/A (sky130_fd_sc_hd__clkbuf_2)
     4    0.020684    0.118476    0.189259    3.671494 ^ max_cap63/X (sky130_fd_sc_hd__clkbuf_2)
                                                         net63 (net)
                      0.118476    0.000207    3.671701 ^ _0736_/A2 (sky130_fd_sc_hd__a22o_1)
     1    0.004929    0.065392    0.163573    3.835275 ^ _0736_/X (sky130_fd_sc_hd__a22o_1)
                                                         _0112_ (net)
                      0.065392    0.000094    3.835369 ^ _0737_/B1 (sky130_fd_sc_hd__a211o_1)
     1    0.003531    0.046003    0.100546    3.935915 ^ _0737_/X (sky130_fd_sc_hd__a211o_1)
                                                         _0113_ (net)
                      0.046003    0.000040    3.935955 ^ _0738_/B1 (sky130_fd_sc_hd__o211a_1)
     1    0.002018    0.037766    0.129680    4.065635 ^ _0738_/X (sky130_fd_sc_hd__o211a_1)
                                                         _0013_ (net)
                      0.037766    0.000017    4.065652 ^ _1397_/D (sky130_fd_sc_hd__dfxtp_1)
                                              4.065652   data arrival time

                                 10.000000   10.000000   clock clk (rise edge)
                                  0.000000   10.000000   clock source latency
     1    0.024950    0.117791    0.081531   10.081532 ^ clk (in)
                                                         clk (net)
                      0.117803    0.000000   10.081532 ^ clkbuf_0_clk/A (sky130_fd_sc_hd__clkbuf_16)
     8    0.101812    0.118042    0.212409   10.293941 ^ clkbuf_0_clk/X (sky130_fd_sc_hd__clkbuf_16)
                                                         clknet_0_clk (net)
                      0.118388    0.005176   10.299116 ^ clkbuf_3_2__f_clk/A (sky130_fd_sc_hd__clkbuf_16)
     9    0.038967    0.058895    0.167950   10.467067 ^ clkbuf_3_2__f_clk/X (sky130_fd_sc_hd__clkbuf_16)
                                                         clknet_3_2__leaf_clk (net)
                      0.058909    0.000834   10.467900 ^ _1397_/CLK (sky130_fd_sc_hd__dfxtp_1)
                                 -0.250000   10.217900   clock uncertainty
                                  0.000000   10.217900   clock reconvergence pessimism
                                 -0.050343   10.167558   library setup time
                                             10.167558   data required time
---------------------------------------------------------------------------------------------
                                             10.167558   data required time
                                             -4.065652   data arrival time
---------------------------------------------------------------------------------------------
                                              6.101906   slack (MET)


Startpoint: addr[5] (input port clocked by clk)
Endpoint: _1428_ (rising edge-triggered flip-flop clocked by clk)
Path Group: clk
Path Type: max

Fanout         Cap        Slew       Delay        Time   Description
---------------------------------------------------------------------------------------------
                                  0.000000    0.000000   clock clk (rise edge)
                                  0.000000    0.000000   clock network delay (propagated)
                                  2.000000    2.000000 v input external delay
     1    0.002570    0.008100    0.004029    2.004030 v addr[5] (in)
                                                         addr[5] (net)
                      0.008100    0.000000    2.004030 v input6/A (sky130_fd_sc_hd__clkbuf_1)
     1    0.002216    0.023493    0.068784    2.072813 v input6/X (sky130_fd_sc_hd__clkbuf_1)
                                                         net6 (net)
                      0.023493    0.000024    2.072837 v _0697_/A (sky130_fd_sc_hd__or4_1)
     2    0.004136    0.092387    0.521124    2.593961 v _0697_/X (sky130_fd_sc_hd__or4_1)
                                                         _0086_ (net)
                      0.092387    0.000051    2.594012 v _0700_/B (sky130_fd_sc_hd__or2_1)
     2    0.012031    0.088504    0.270017    2.864029 v _0700_/X (sky130_fd_sc_hd__or2_1)
                                                         _0088_ (net)
                      0.088504    0.000144    2.864173 v _0720_/A (sky130_fd_sc_hd__nor2_4)
     9    0.042626    0.275729    0.271353    3.135526 ^ _0720_/Y (sky130_fd_sc_hd__nor2_4)
                                                         _0100_ (net)
                      0.275758    0.002342    3.137867 ^ _0796_/C (sky130_fd_sc_hd__and3_4)
     8    0.043162    0.144960    0.317137    3.455004 ^ _0796_/X (sky130_fd_sc_hd__and3_4)
                                                         _0144_ (net)
                      0.144974    0.001507    3.456511 ^ _0803_/S (sky130_fd_sc_hd__mux2_1)
     1    0.002665    0.054289    0.331734    3.788245 v _0803_/X (sky130_fd_sc_hd__mux2_1)
                                                         _0148_ (net)
                      0.054289    0.000034    3.788279 v _0804_/B (sky130_fd_sc_hd__and2_1)
     1    0.001997    0.031807    0.149365    3.937644 v _0804_/X (sky130_fd_sc_hd__and2_1)
                                                         _0044_ (net)
                      0.031807    0.000009    3.937654 v _1428_/D (sky130_fd_sc_hd__dfxtp_2)
                                              3.937654   data arrival time

                                 10.000000   10.000000   clock clk (rise edge)
                                  0.000000   10.000000   clock source latency
     1    0.024950    0.117791    0.081531   10.081532 ^ clk (in)
                                                         clk (net)
                      0.117803    0.000000   10.081532 ^ clkbuf_0_clk/A (sky130_fd_sc_hd__clkbuf_16)
     8    0.101812    0.118042    0.212409   10.293941 ^ clkbuf_0_clk/X (sky130_fd_sc_hd__clkbuf_16)
                                                         clknet_0_clk (net)
                      0.118508    0.005977   10.299917 ^ clkbuf_3_0__f_clk/A (sky130_fd_sc_hd__clkbuf_16)
     9    0.037838    0.057925    0.167263   10.467180 ^ clkbuf_3_0__f_clk/X (sky130_fd_sc_hd__clkbuf_16)
                                                         clknet_3_0__leaf_clk (net)
                      0.057931    0.000541   10.467721 ^ _1428_/CLK (sky130_fd_sc_hd__dfxtp_2)
                                 -0.250000   10.217721   clock uncertainty
                                  0.000000   10.217721   clock reconvergence pessimism
                                 -0.104108   10.113612   library setup time
                                             10.113612   data required time
---------------------------------------------------------------------------------------------
                                             10.113612   data required time
                                             -3.937654   data arrival time
---------------------------------------------------------------------------------------------
                                              6.175959   slack (MET)


Startpoint: addr[5] (input port clocked by clk)
Endpoint: _1427_ (rising edge-triggered flip-flop clocked by clk)
Path Group: clk
Path Type: max

Fanout         Cap        Slew       Delay        Time   Description
---------------------------------------------------------------------------------------------
                                  0.000000    0.000000   clock clk (rise edge)
                                  0.000000    0.000000   clock network delay (propagated)
                                  2.000000    2.000000 v input external delay
     1    0.002570    0.008100    0.004029    2.004030 v addr[5] (in)
                                                         addr[5] (net)
                      0.008100    0.000000    2.004030 v input6/A (sky130_fd_sc_hd__clkbuf_1)
     1    0.002216    0.023493    0.068784    2.072813 v input6/X (sky130_fd_sc_hd__clkbuf_1)
                                                         net6 (net)
                      0.023493    0.000024    2.072837 v _0697_/A (sky130_fd_sc_hd__or4_1)
     2    0.004136    0.092387    0.521124    2.593961 v _0697_/X (sky130_fd_sc_hd__or4_1)
                                                         _0086_ (net)
                      0.092387    0.000051    2.594012 v _0700_/B (sky130_fd_sc_hd__or2_1)
     2    0.012031    0.088504    0.270017    2.864029 v _0700_/X (sky130_fd_sc_hd__or2_1)
                                                         _0088_ (net)
                      0.088504    0.000144    2.864173 v _0720_/A (sky130_fd_sc_hd__nor2_4)
     9    0.042626    0.275729    0.271353    3.135526 ^ _0720_/Y (sky130_fd_sc_hd__nor2_4)
                                                         _0100_ (net)
                      0.275758    0.002342    3.137867 ^ _0796_/C (sky130_fd_sc_hd__and3_4)
     8    0.043162    0.144960    0.317137    3.455004 ^ _0796_/X (sky130_fd_sc_hd__and3_4)
                                                         _0144_ (net)
                      0.144962    0.000798    3.455803 ^ _0801_/S (sky130_fd_sc_hd__mux2_1)
     1    0.001660    0.049396    0.322266    3.778069 v _0801_/X (sky130_fd_sc_hd__mux2_1)
                                                         _0147_ (net)
                      0.049396    0.000014    3.778083 v _0802_/B (sky130_fd_sc_hd__and2_1)
     1    0.002075    0.032100    0.147660    3.925743 v _0802_/X (sky130_fd_sc_hd__and2_1)
                                                         _0043_ (net)
                      0.032100    0.000011    3.925753 v _1427_/D (sky130_fd_sc_hd__dfxtp_1)
                                              3.925753   data arrival time

                                 10.000000   10.000000   clock clk (rise edge)
                                  0.000000   10.000000   clock source latency
     1    0.024950    0.117791    0.081531   10.081532 ^ clk (in)
                                                         clk (net)
                      0.117803    0.000000   10.081532 ^ clkbuf_0_clk/A (sky130_fd_sc_hd__clkbuf_16)
     8    0.101812    0.118042    0.212409   10.293941 ^ clkbuf_0_clk/X (sky130_fd_sc_hd__clkbuf_16)
                                                         clknet_0_clk (net)
                      0.118508    0.005977   10.299917 ^ clkbuf_3_0__f_clk/A (sky130_fd_sc_hd__clkbuf_16)
     9    0.037838    0.057925    0.167263   10.467180 ^ clkbuf_3_0__f_clk/X (sky130_fd_sc_hd__clkbuf_16)
                                                         clknet_3_0__leaf_clk (net)
                      0.057930    0.000499   10.467679 ^ _1427_/CLK (sky130_fd_sc_hd__dfxtp_1)
                                 -0.250000   10.217679   clock uncertainty
                                  0.000000   10.217679   clock reconvergence pessimism
                                 -0.101850   10.115829   library setup time
                                             10.115829   data required time
---------------------------------------------------------------------------------------------
                                             10.115829   data required time
                                             -3.925753   data arrival time
---------------------------------------------------------------------------------------------
                                              6.190076   slack (MET)


Startpoint: addr[5] (input port clocked by clk)
Endpoint: _1429_ (rising edge-triggered flip-flop clocked by clk)
Path Group: clk
Path Type: max

Fanout         Cap        Slew       Delay        Time   Description
---------------------------------------------------------------------------------------------
                                  0.000000    0.000000   clock clk (rise edge)
                                  0.000000    0.000000   clock network delay (propagated)
                                  2.000000    2.000000 v input external delay
     1    0.002570    0.008100    0.004029    2.004030 v addr[5] (in)
                                                         addr[5] (net)
                      0.008100    0.000000    2.004030 v input6/A (sky130_fd_sc_hd__clkbuf_1)
     1    0.002216    0.023493    0.068784    2.072813 v input6/X (sky130_fd_sc_hd__clkbuf_1)
                                                         net6 (net)
                      0.023493    0.000024    2.072837 v _0697_/A (sky130_fd_sc_hd__or4_1)
     2    0.004136    0.092387    0.521124    2.593961 v _0697_/X (sky130_fd_sc_hd__or4_1)
                                                         _0086_ (net)
                      0.092387    0.000051    2.594012 v _0700_/B (sky130_fd_sc_hd__or2_1)
     2    0.012031    0.088504    0.270017    2.864029 v _0700_/X (sky130_fd_sc_hd__or2_1)
                                                         _0088_ (net)
                      0.088504    0.000144    2.864173 v _0720_/A (sky130_fd_sc_hd__nor2_4)
     9    0.042626    0.275729    0.271353    3.135526 ^ _0720_/Y (sky130_fd_sc_hd__nor2_4)
                                                         _0100_ (net)
                      0.275758    0.002342    3.137867 ^ _0796_/C (sky130_fd_sc_hd__and3_4)
     8    0.043162    0.144960    0.317137    3.455004 ^ _0796_/X (sky130_fd_sc_hd__and3_4)
                                                         _0144_ (net)
                      0.144971    0.001390    3.456394 ^ _0805_/S (sky130_fd_sc_hd__mux2_1)
     1    0.002140    0.051651    0.326784    3.783177 v _0805_/X (sky130_fd_sc_hd__mux2_1)
                                                         _0149_ (net)
                      0.051651    0.000020    3.783198 v _0806_/B (sky130_fd_sc_hd__and2_1)
     1    0.002007    0.031841    0.148243    3.931441 v _0806_/X (sky130_fd_sc_hd__and2_1)
                                                         _0045_ (net)
                      0.031841    0.000009    3.931449 v _1429_/D (sky130_fd_sc_hd__dfxtp_1)
                                              3.931449   data arrival time

                                 10.000000   10.000000   clock clk (rise edge)
                                  0.000000   10.000000   clock source latency
     1    0.024950    0.117791    0.081531   10.081532 ^ clk (in)
                                                         clk (net)
                      0.117803    0.000000   10.081532 ^ clkbuf_0_clk/A (sky130_fd_sc_hd__clkbuf_16)
     8    0.101812    0.118042    0.212409   10.293941 ^ clkbuf_0_clk/X (sky130_fd_sc_hd__clkbuf_16)
                                                         clknet_0_clk (net)
                      0.118516    0.006031   10.299971 ^ clkbuf_3_1__f_clk/A (sky130_fd_sc_hd__clkbuf_16)
    13    0.045331    0.064568    0.172593   10.472564 ^ clkbuf_3_1__f_clk/X (sky130_fd_sc_hd__clkbuf_16)
                                                         clknet_3_1__leaf_clk (net)
                      0.064592    0.001146   10.473709 ^ _1429_/CLK (sky130_fd_sc_hd__dfxtp_1)
                                 -0.250000   10.223709   clock uncertainty
                                  0.000000   10.223709   clock reconvergence pessimism
                                 -0.100182   10.123528   library setup time
                                             10.123528   data required time
---------------------------------------------------------------------------------------------
                                             10.123528   data required time
                                             -3.931449   data arrival time
---------------------------------------------------------------------------------------------
                                              6.192078   slack (MET)


Startpoint: addr[5] (input port clocked by clk)
Endpoint: _1430_ (rising edge-triggered flip-flop clocked by clk)
Path Group: clk
Path Type: max

Fanout         Cap        Slew       Delay        Time   Description
---------------------------------------------------------------------------------------------
                                  0.000000    0.000000   clock clk (rise edge)
                                  0.000000    0.000000   clock network delay (propagated)
                                  2.000000    2.000000 v input external delay
     1    0.002570    0.008100    0.004029    2.004030 v addr[5] (in)
                                                         addr[5] (net)
                      0.008100    0.000000    2.004030 v input6/A (sky130_fd_sc_hd__clkbuf_1)
     1    0.002216    0.023493    0.068784    2.072813 v input6/X (sky130_fd_sc_hd__clkbuf_1)
                                                         net6 (net)
                      0.023493    0.000024    2.072837 v _0697_/A (sky130_fd_sc_hd__or4_1)
     2    0.004136    0.092387    0.521124    2.593961 v _0697_/X (sky130_fd_sc_hd__or4_1)
                                                         _0086_ (net)
                      0.092387    0.000051    2.594012 v _0700_/B (sky130_fd_sc_hd__or2_1)
     2    0.012031    0.088504    0.270017    2.864029 v _0700_/X (sky130_fd_sc_hd__or2_1)
                                                         _0088_ (net)
                      0.088504    0.000144    2.864173 v _0720_/A (sky130_fd_sc_hd__nor2_4)
     9    0.042626    0.275729    0.271353    3.135526 ^ _0720_/Y (sky130_fd_sc_hd__nor2_4)
                                                         _0100_ (net)
                      0.275758    0.002342    3.137867 ^ _0796_/C (sky130_fd_sc_hd__and3_4)
     8    0.043162    0.144960    0.317137    3.455004 ^ _0796_/X (sky130_fd_sc_hd__and3_4)
                                                         _0144_ (net)
                      0.144968    0.001255    3.456260 ^ _0807_/S (sky130_fd_sc_hd__mux2_1)
     1    0.001900    0.050533    0.324525    3.780785 v _0807_/X (sky130_fd_sc_hd__mux2_1)
                                                         _0150_ (net)
                      0.050533    0.000017    3.780802 v _0808_/B (sky130_fd_sc_hd__and2_1)
     1    0.002031    0.031933    0.147895    3.928697 v _0808_/X (sky130_fd_sc_hd__and2_1)
                                                         _0046_ (net)
                      0.031933    0.000018    3.928715 v _1430_/D (sky130_fd_sc_hd__dfxtp_1)
                                              3.928715   data arrival time

                                 10.000000   10.000000   clock clk (rise edge)
                                  0.000000   10.000000   clock source latency
     1    0.024950    0.117791    0.081531   10.081532 ^ clk (in)
                                                         clk (net)
                      0.117803    0.000000   10.081532 ^ clkbuf_0_clk/A (sky130_fd_sc_hd__clkbuf_16)
     8    0.101812    0.118042    0.212409   10.293941 ^ clkbuf_0_clk/X (sky130_fd_sc_hd__clkbuf_16)
                                                         clknet_0_clk (net)
                      0.118516    0.006031   10.299971 ^ clkbuf_3_1__f_clk/A (sky130_fd_sc_hd__clkbuf_16)
    13    0.045331    0.064568    0.172593   10.472564 ^ clkbuf_3_1__f_clk/X (sky130_fd_sc_hd__clkbuf_16)
                                                         clknet_3_1__leaf_clk (net)
                      0.064568    0.000280   10.472843 ^ _1430_/CLK (sky130_fd_sc_hd__dfxtp_1)
                                 -0.250000   10.222843   clock uncertainty
                                  0.000000   10.222843   clock reconvergence pessimism
                                 -0.100228   10.122615   library setup time
                                             10.122615   data required time
---------------------------------------------------------------------------------------------
                                             10.122615   data required time
                                             -3.928715   data arrival time
---------------------------------------------------------------------------------------------
                                              6.193900   slack (MET)


Startpoint: addr[5] (input port clocked by clk)
Endpoint: _1425_ (rising edge-triggered flip-flop clocked by clk)
Path Group: clk
Path Type: max

Fanout         Cap        Slew       Delay        Time   Description
---------------------------------------------------------------------------------------------
                                  0.000000    0.000000   clock clk (rise edge)
                                  0.000000    0.000000   clock network delay (propagated)
                                  2.000000    2.000000 v input external delay
     1    0.002570    0.008100    0.004029    2.004030 v addr[5] (in)
                                                         addr[5] (net)
                      0.008100    0.000000    2.004030 v input6/A (sky130_fd_sc_hd__clkbuf_1)
     1    0.002216    0.023493    0.068784    2.072813 v input6/X (sky130_fd_sc_hd__clkbuf_1)
                                                         net6 (net)
                      0.023493    0.000024    2.072837 v _0697_/A (sky130_fd_sc_hd__or4_1)
     2    0.004136    0.092387    0.521124    2.593961 v _0697_/X (sky130_fd_sc_hd__or4_1)
                                                         _0086_ (net)
                      0.092387    0.000051    2.594012 v _0700_/B (sky130_fd_sc_hd__or2_1)
     2    0.012031    0.088504    0.270017    2.864029 v _0700_/X (sky130_fd_sc_hd__or2_1)
                                                         _0088_ (net)
                      0.088504    0.000144    2.864173 v _0720_/A (sky130_fd_sc_hd__nor2_4)
     9    0.042626    0.275729    0.271353    3.135526 ^ _0720_/Y (sky130_fd_sc_hd__nor2_4)
                                                         _0100_ (net)
                      0.275758    0.002342    3.137867 ^ _0796_/C (sky130_fd_sc_hd__and3_4)
     8    0.043162    0.144960    0.317137    3.455004 ^ _0796_/X (sky130_fd_sc_hd__and3_4)
                                                         _0144_ (net)
                      0.144962    0.000817    3.455822 ^ _0797_/S (sky130_fd_sc_hd__mux2_1)
     1    0.001963    0.050832    0.325119    3.780940 v _0797_/X (sky130_fd_sc_hd__mux2_1)
                                                         _0145_ (net)
                      0.050832    0.000017    3.780957 v _0798_/B (sky130_fd_sc_hd__and2_1)
     1    0.001820    0.031108    0.146784    3.927741 v _0798_/X (sky130_fd_sc_hd__and2_1)
                                                         _0041_ (net)
                      0.031108    0.000008    3.927750 v _1425_/D (sky130_fd_sc_hd__dfxtp_4)
                                              3.927750   data arrival time

                                 10.000000   10.000000   clock clk (rise edge)
                                  0.000000   10.000000   clock source latency
     1    0.024950    0.117791    0.081531   10.081532 ^ clk (in)
                                                         clk (net)
                      0.117803    0.000000   10.081532 ^ clkbuf_0_clk/A (sky130_fd_sc_hd__clkbuf_16)
     8    0.101812    0.118042    0.212409   10.293941 ^ clkbuf_0_clk/X (sky130_fd_sc_hd__clkbuf_16)
                                                         clknet_0_clk (net)
                      0.118516    0.006031   10.299971 ^ clkbuf_3_1__f_clk/A (sky130_fd_sc_hd__clkbuf_16)
    13    0.045331    0.064568    0.172593   10.472564 ^ clkbuf_3_1__f_clk/X (sky130_fd_sc_hd__clkbuf_16)
                                                         clknet_3_1__leaf_clk (net)
                      0.064574    0.000685   10.473248 ^ _1425_/CLK (sky130_fd_sc_hd__dfxtp_4)
                                 -0.250000   10.223248   clock uncertainty
                                  0.000000   10.223248   clock reconvergence pessimism
                                 -0.101435   10.121813   library setup time
                                             10.121813   data required time
---------------------------------------------------------------------------------------------
                                             10.121813   data required time
                                             -3.927750   data arrival time
---------------------------------------------------------------------------------------------
                                              6.194063   slack (MET)


Startpoint: _1425_ (rising edge-triggered flip-flop clocked by clk)
Endpoint: _1439_ (rising edge-triggered flip-flop clocked by clk)
Path Group: clk
Path Type: max

Fanout         Cap        Slew       Delay        Time   Description
---------------------------------------------------------------------------------------------
                                  0.000000    0.000000   clock clk (rise edge)
                                  0.000000    0.000000   clock source latency
     1    0.024950    0.117791    0.081531    0.081531 ^ clk (in)
                                                         clk (net)
                      0.117803    0.000000    0.081531 ^ clkbuf_0_clk/A (sky130_fd_sc_hd__clkbuf_16)
     8    0.101812    0.118042    0.212408    0.293940 ^ clkbuf_0_clk/X (sky130_fd_sc_hd__clkbuf_16)
                                                         clknet_0_clk (net)
                      0.118516    0.006031    0.299970 ^ clkbuf_3_1__f_clk/A (sky130_fd_sc_hd__clkbuf_16)
    13    0.045331    0.064568    0.172593    0.472564 ^ clkbuf_3_1__f_clk/X (sky130_fd_sc_hd__clkbuf_16)
                                                         clknet_3_1__leaf_clk (net)
                      0.064574    0.000684    0.473248 ^ _1425_/CLK (sky130_fd_sc_hd__dfxtp_4)
     3    0.012863    0.054143    0.356303    0.829551 ^ _1425_/Q (sky130_fd_sc_hd__dfxtp_4)
                                                         core_b[0] (net)
                      0.054143    0.000120    0.829671 ^ fanout79/A (sky130_fd_sc_hd__buf_8)
     5    0.021562    0.046949    0.104401    0.934072 ^ fanout79/X (sky130_fd_sc_hd__buf_8)
                                                         net79 (net)
                      0.046950    0.000256    0.934328 ^ fanout78/A (sky130_fd_sc_hd__buf_2)
    10    0.033426    0.166287    0.195901    1.130229 ^ fanout78/X (sky130_fd_sc_hd__buf_2)
                                                         net78 (net)
                      0.166287    0.000353    1.130582 ^ _0930_/A (sky130_fd_sc_hd__and4_1)
     4    0.009171    0.107858    0.246177    1.376759 ^ _0930_/X (sky130_fd_sc_hd__and4_1)
                                                         _0264_ (net)
                      0.107858    0.000046    1.376806 ^ rebuffer9/A (sky130_fd_sc_hd__dlygate4sd1_1)
     1    0.002884    0.040702    0.207653    1.584458 ^ rebuffer9/X (sky130_fd_sc_hd__dlygate4sd1_1)
                                                         net125 (net)
                      0.040702    0.000026    1.584484 ^ _0934_/A1 (sky130_fd_sc_hd__o21ai_1)
     2    0.006305    0.069643    0.081315    1.665799 v _0934_/Y (sky130_fd_sc_hd__o21ai_1)
                                                         _0268_ (net)
                      0.069643    0.000065    1.665864 v _0937_/A2 (sky130_fd_sc_hd__a21o_1)
     3    0.013086    0.074858    0.225880    1.891744 v _0937_/X (sky130_fd_sc_hd__a21o_1)
                                                         _0271_ (net)
                      0.074858    0.000399    1.892143 v _0939_/A2 (sky130_fd_sc_hd__a21o_1)
     2    0.007792    0.054648    0.207050    2.099193 v _0939_/X (sky130_fd_sc_hd__a21o_1)
                                                         _0273_ (net)
                      0.054648    0.000097    2.099290 v _0942_/A2 (sky130_fd_sc_hd__a21o_1)
     3    0.008223    0.056638    0.201120    2.300410 v _0942_/X (sky130_fd_sc_hd__a21o_1)
                                                         _0276_ (net)
                      0.056638    0.000104    2.300515 v _0943_/C (sky130_fd_sc_hd__and3_1)
     2    0.006990    0.054987    0.199876    2.500391 v _0943_/X (sky130_fd_sc_hd__and3_1)
                                                         _0277_ (net)
                      0.054987    0.000048    2.500439 v _0947_/A1 (sky130_fd_sc_hd__o211a_1)
     2    0.005423    0.050220    0.234830    2.735269 v _0947_/X (sky130_fd_sc_hd__o211a_1)
                                                         _0281_ (net)
                      0.050220    0.000047    2.735315 v _0948_/C (sky130_fd_sc_hd__or3_1)
     3    0.007758    0.093272    0.341916    3.077231 v _0948_/X (sky130_fd_sc_hd__or3_1)
                                                         _0282_ (net)
                      0.093272    0.000064    3.077295 v _0950_/A1 (sky130_fd_sc_hd__a21o_1)
     2    0.004869    0.041694    0.179924    3.257219 v _0950_/X (sky130_fd_sc_hd__a21o_1)
                                                         _0284_ (net)
                      0.041694    0.000046    3.257264 v _0952_/B (sky130_fd_sc_hd__and3_1)
     2    0.006884    0.054526    0.177641    3.434906 v _0952_/X (sky130_fd_sc_hd__and3_1)
                                                         _0286_ (net)
                      0.054526    0.000043    3.434949 v _0954_/A_N (sky130_fd_sc_hd__and2b_1)
     1    0.005487    0.063049    0.203564    3.638513 ^ _0954_/X (sky130_fd_sc_hd__and2b_1)
                                                         _0288_ (net)
                      0.063049    0.000064    3.638577 ^ _0956_/A (sky130_fd_sc_hd__xnor2_1)
     1    0.002645    0.115208    0.109408    3.747985 ^ _0956_/Y (sky130_fd_sc_hd__xnor2_1)
                                                         _0290_ (net)
                      0.115208    0.000022    3.748007 ^ _0957_/B (sky130_fd_sc_hd__nand2_1)
     1    0.002522    0.061492    0.063445    3.811453 v _0957_/Y (sky130_fd_sc_hd__nand2_1)
                                                         _0291_ (net)
                      0.061492    0.000011    3.811463 v _0958_/C1 (sky130_fd_sc_hd__o211a_1)
     1    0.002378    0.036471    0.108338    3.919801 v _0958_/X (sky130_fd_sc_hd__o211a_1)
                                                         _0055_ (net)
                      0.036471    0.000024    3.919826 v _1439_/D (sky130_fd_sc_hd__dfxtp_1)
                                              3.919826   data arrival time

                                 10.000000   10.000000   clock clk (rise edge)
                                  0.000000   10.000000   clock source latency
     1    0.024950    0.117791    0.081531   10.081532 ^ clk (in)
                                                         clk (net)
                      0.117803    0.000000   10.081532 ^ clkbuf_0_clk/A (sky130_fd_sc_hd__clkbuf_16)
     8    0.101812    0.118042    0.212409   10.293941 ^ clkbuf_0_clk/X (sky130_fd_sc_hd__clkbuf_16)
                                                         clknet_0_clk (net)
                      0.118327    0.004708   10.298649 ^ clkbuf_3_3__f_clk/A (sky130_fd_sc_hd__clkbuf_16)
     7    0.039218    0.059125    0.168133   10.466782 ^ clkbuf_3_3__f_clk/X (sky130_fd_sc_hd__clkbuf_16)
                                                         clknet_3_3__leaf_clk (net)
                      0.059133    0.000673   10.467455 ^ _1439_/CLK (sky130_fd_sc_hd__dfxtp_1)
                                 -0.250000   10.217455   clock uncertainty
                                  0.000000   10.217455   clock reconvergence pessimism
                                 -0.103487   10.113968   library setup time
                                             10.113968   data required time
---------------------------------------------------------------------------------------------
                                             10.113968   data required time
                                             -3.919826   data arrival time
---------------------------------------------------------------------------------------------
                                              6.194142   slack (MET)


Startpoint: addr[5] (input port clocked by clk)
Endpoint: _1432_ (rising edge-triggered flip-flop clocked by clk)
Path Group: clk
Path Type: max

Fanout         Cap        Slew       Delay        Time   Description
---------------------------------------------------------------------------------------------
                                  0.000000    0.000000   clock clk (rise edge)
                                  0.000000    0.000000   clock network delay (propagated)
                                  2.000000    2.000000 v input external delay
     1    0.002570    0.008100    0.004029    2.004030 v addr[5] (in)
                                                         addr[5] (net)
                      0.008100    0.000000    2.004030 v input6/A (sky130_fd_sc_hd__clkbuf_1)
     1    0.002216    0.023493    0.068784    2.072813 v input6/X (sky130_fd_sc_hd__clkbuf_1)
                                                         net6 (net)
                      0.023493    0.000024    2.072837 v _0697_/A (sky130_fd_sc_hd__or4_1)
     2    0.004136    0.092387    0.521124    2.593961 v _0697_/X (sky130_fd_sc_hd__or4_1)
                                                         _0086_ (net)
                      0.092387    0.000051    2.594012 v _0700_/B (sky130_fd_sc_hd__or2_1)
     2    0.012031    0.088504    0.270017    2.864029 v _0700_/X (sky130_fd_sc_hd__or2_1)
                                                         _0088_ (net)
                      0.088504    0.000144    2.864173 v _0720_/A (sky130_fd_sc_hd__nor2_4)
     9    0.042626    0.275729    0.271353    3.135526 ^ _0720_/Y (sky130_fd_sc_hd__nor2_4)
                                                         _0100_ (net)
                      0.275758    0.002342    3.137867 ^ _0796_/C (sky130_fd_sc_hd__and3_4)
     8    0.043162    0.144960    0.317137    3.455004 ^ _0796_/X (sky130_fd_sc_hd__and3_4)
                                                         _0144_ (net)
                      0.144977    0.001618    3.456622 ^ _0811_/S (sky130_fd_sc_hd__mux2_1)
     1    0.001689    0.050363    0.322542    3.779164 v _0811_/X (sky130_fd_sc_hd__mux2_1)
                                                         _0152_ (net)
                      0.050363    0.000008    3.779172 v _0812_/B (sky130_fd_sc_hd__and2_1)
     1    0.002005    0.031829    0.147665    3.926837 v _0812_/X (sky130_fd_sc_hd__and2_1)
                                                         _0048_ (net)
                      0.031829    0.000017    3.926855 v _1432_/D (sky130_fd_sc_hd__dfxtp_2)
                                              3.926855   data arrival time

                                 10.000000   10.000000   clock clk (rise edge)
                                  0.000000   10.000000   clock source latency
     1    0.024950    0.117791    0.081531   10.081532 ^ clk (in)
                                                         clk (net)
                      0.117803    0.000000   10.081532 ^ clkbuf_0_clk/A (sky130_fd_sc_hd__clkbuf_16)
     8    0.101812    0.118042    0.212409   10.293941 ^ clkbuf_0_clk/X (sky130_fd_sc_hd__clkbuf_16)
                                                         clknet_0_clk (net)
                      0.118516    0.006031   10.299971 ^ clkbuf_3_1__f_clk/A (sky130_fd_sc_hd__clkbuf_16)
    13    0.045331    0.064568    0.172593   10.472564 ^ clkbuf_3_1__f_clk/X (sky130_fd_sc_hd__clkbuf_16)
                                                         clknet_3_1__leaf_clk (net)
                      0.064605    0.001378   10.473941 ^ _1432_/CLK (sky130_fd_sc_hd__dfxtp_2)
                                 -0.250000   10.223941   clock uncertainty
                                  0.000000   10.223941   clock reconvergence pessimism
                                 -0.102561   10.121381   library setup time
                                             10.121381   data required time
---------------------------------------------------------------------------------------------
                                             10.121381   data required time
                                             -3.926855   data arrival time
---------------------------------------------------------------------------------------------
                                              6.194526   slack (MET)


Startpoint: addr[5] (input port clocked by clk)
Endpoint: _1426_ (rising edge-triggered flip-flop clocked by clk)
Path Group: clk
Path Type: max

Fanout         Cap        Slew       Delay        Time   Description
---------------------------------------------------------------------------------------------
                                  0.000000    0.000000   clock clk (rise edge)
                                  0.000000    0.000000   clock network delay (propagated)
                                  2.000000    2.000000 v input external delay
     1    0.002570    0.008100    0.004029    2.004030 v addr[5] (in)
                                                         addr[5] (net)
                      0.008100    0.000000    2.004030 v input6/A (sky130_fd_sc_hd__clkbuf_1)
     1    0.002216    0.023493    0.068784    2.072813 v input6/X (sky130_fd_sc_hd__clkbuf_1)
                                                         net6 (net)
                      0.023493    0.000024    2.072837 v _0697_/A (sky130_fd_sc_hd__or4_1)
     2    0.004136    0.092387    0.521124    2.593961 v _0697_/X (sky130_fd_sc_hd__or4_1)
                                                         _0086_ (net)
                      0.092387    0.000051    2.594012 v _0700_/B (sky130_fd_sc_hd__or2_1)
     2    0.012031    0.088504    0.270017    2.864029 v _0700_/X (sky130_fd_sc_hd__or2_1)
                                                         _0088_ (net)
                      0.088504    0.000144    2.864173 v _0720_/A (sky130_fd_sc_hd__nor2_4)
     9    0.042626    0.275729    0.271353    3.135526 ^ _0720_/Y (sky130_fd_sc_hd__nor2_4)
                                                         _0100_ (net)
                      0.275758    0.002342    3.137867 ^ _0796_/C (sky130_fd_sc_hd__and3_4)
     8    0.043162    0.144960    0.317137    3.455004 ^ _0796_/X (sky130_fd_sc_hd__and3_4)
                                                         _0144_ (net)
                      0.144964    0.000956    3.455960 ^ _0799_/S (sky130_fd_sc_hd__mux2_1)
     1    0.001745    0.049801    0.323068    3.779029 v _0799_/X (sky130_fd_sc_hd__mux2_1)
                                                         _0146_ (net)
                      0.049801    0.000015    3.779043 v _0800_/B (sky130_fd_sc_hd__and2_1)
     1    0.001957    0.031640    0.147140    3.926183 v _0800_/X (sky130_fd_sc_hd__and2_1)
                                                         _0042_ (net)
                      0.031640    0.000009    3.926192 v _1426_/D (sky130_fd_sc_hd__dfxtp_1)
                                              3.926192   data arrival time

                                 10.000000   10.000000   clock clk (rise edge)
                                  0.000000   10.000000   clock source latency
     1    0.024950    0.117791    0.081531   10.081532 ^ clk (in)
                                                         clk (net)
                      0.117803    0.000000   10.081532 ^ clkbuf_0_clk/A (sky130_fd_sc_hd__clkbuf_16)
     8    0.101812    0.118042    0.212409   10.293941 ^ clkbuf_0_clk/X (sky130_fd_sc_hd__clkbuf_16)
                                                         clknet_0_clk (net)
                      0.118516    0.006031   10.299971 ^ clkbuf_3_1__f_clk/A (sky130_fd_sc_hd__clkbuf_16)
    13    0.045331    0.064568    0.172593   10.472564 ^ clkbuf_3_1__f_clk/X (sky130_fd_sc_hd__clkbuf_16)
                                                         clknet_3_1__leaf_clk (net)
                      0.064570    0.000515   10.473079 ^ _1426_/CLK (sky130_fd_sc_hd__dfxtp_1)
                                 -0.250000   10.223079   clock uncertainty
                                  0.000000   10.223079   clock reconvergence pessimism
                                 -0.100099   10.122979   library setup time
                                             10.122979   data required time
---------------------------------------------------------------------------------------------
                                             10.122979   data required time
                                             -3.926192   data arrival time
---------------------------------------------------------------------------------------------
                                              6.196787   slack (MET)


Startpoint: addr[5] (input port clocked by clk)
Endpoint: _1431_ (rising edge-triggered flip-flop clocked by clk)
Path Group: clk
Path Type: max

Fanout         Cap        Slew       Delay        Time   Description
---------------------------------------------------------------------------------------------
                                  0.000000    0.000000   clock clk (rise edge)
                                  0.000000    0.000000   clock network delay (propagated)
                                  2.000000    2.000000 v input external delay
     1    0.002570    0.008100    0.004029    2.004030 v addr[5] (in)
                                                         addr[5] (net)
                      0.008100    0.000000    2.004030 v input6/A (sky130_fd_sc_hd__clkbuf_1)
     1    0.002216    0.023493    0.068784    2.072813 v input6/X (sky130_fd_sc_hd__clkbuf_1)
                                                         net6 (net)
                      0.023493    0.000024    2.072837 v _0697_/A (sky130_fd_sc_hd__or4_1)
     2    0.004136    0.092387    0.521124    2.593961 v _0697_/X (sky130_fd_sc_hd__or4_1)
                                                         _0086_ (net)
                      0.092387    0.000051    2.594012 v _0700_/B (sky130_fd_sc_hd__or2_1)
     2    0.012031    0.088504    0.270017    2.864029 v _0700_/X (sky130_fd_sc_hd__or2_1)
                                                         _0088_ (net)
                      0.088504    0.000144    2.864173 v _0720_/A (sky130_fd_sc_hd__nor2_4)
     9    0.042626    0.275729    0.271353    3.135526 ^ _0720_/Y (sky130_fd_sc_hd__nor2_4)
                                                         _0100_ (net)
                      0.275758    0.002342    3.137867 ^ _0796_/C (sky130_fd_sc_hd__and3_4)
     8    0.043162    0.144960    0.317137    3.455004 ^ _0796_/X (sky130_fd_sc_hd__and3_4)
                                                         _0144_ (net)
                      0.144976    0.001602    3.456606 ^ _0809_/S (sky130_fd_sc_hd__mux2_1)
     1    0.001661    0.049401    0.322277    3.778883 v _0809_/X (sky130_fd_sc_hd__mux2_1)
                                                         _0151_ (net)
                      0.049401    0.000014    3.778897 v _0810_/B (sky130_fd_sc_hd__and2_1)
     1    0.002014    0.031862    0.147298    3.926195 v _0810_/X (sky130_fd_sc_hd__and2_1)
                                                         _0047_ (net)
                      0.031862    0.000017    3.926212 v _1431_/D (sky130_fd_sc_hd__dfxtp_1)
                                              3.926212   data arrival time

                                 10.000000   10.000000   clock clk (rise edge)
                                  0.000000   10.000000   clock source latency
     1    0.024950    0.117791    0.081531   10.081532 ^ clk (in)
                                                         clk (net)
                      0.117803    0.000000   10.081532 ^ clkbuf_0_clk/A (sky130_fd_sc_hd__clkbuf_16)
     8    0.101812    0.118042    0.212409   10.293941 ^ clkbuf_0_clk/X (sky130_fd_sc_hd__clkbuf_16)
                                                         clknet_0_clk (net)
                      0.118516    0.006031   10.299971 ^ clkbuf_3_1__f_clk/A (sky130_fd_sc_hd__clkbuf_16)
    13    0.045331    0.064568    0.172593   10.472564 ^ clkbuf_3_1__f_clk/X (sky130_fd_sc_hd__clkbuf_16)
                                                         clknet_3_1__leaf_clk (net)
                      0.064609    0.001442   10.474006 ^ _1431_/CLK (sky130_fd_sc_hd__dfxtp_1)
                                 -0.250000   10.224006   clock uncertainty
                                  0.000000   10.224006   clock reconvergence pessimism
                                 -0.100187   10.123818   library setup time
                                             10.123818   data required time
---------------------------------------------------------------------------------------------
                                             10.123818   data required time
                                             -3.926212   data arrival time
---------------------------------------------------------------------------------------------
                                              6.197606   slack (MET)


Startpoint: addr[5] (input port clocked by clk)
Endpoint: _1396_ (rising edge-triggered flip-flop clocked by clk)
Path Group: clk
Path Type: max

Fanout         Cap        Slew       Delay        Time   Description
---------------------------------------------------------------------------------------------
                                  0.000000    0.000000   clock clk (rise edge)
                                  0.000000    0.000000   clock network delay (propagated)
                                  2.000000    2.000000 v input external delay
     1    0.002570    0.008100    0.004029    2.004030 v addr[5] (in)
                                                         addr[5] (net)
                      0.008100    0.000000    2.004030 v input6/A (sky130_fd_sc_hd__clkbuf_1)
     1    0.002216    0.023493    0.068784    2.072813 v input6/X (sky130_fd_sc_hd__clkbuf_1)
                                                         net6 (net)
                      0.023493    0.000024    2.072837 v _0697_/A (sky130_fd_sc_hd__or4_1)
     2    0.004136    0.092387    0.521124    2.593961 v _0697_/X (sky130_fd_sc_hd__or4_1)
                                                         _0086_ (net)
                      0.092387    0.000048    2.594009 v _0698_/B (sky130_fd_sc_hd__or2_1)
     2    0.007067    0.067300    0.245634    2.839643 v _0698_/X (sky130_fd_sc_hd__or2_1)
                                                         _0087_ (net)
                      0.067300    0.000060    2.839703 v _0723_/A (sky130_fd_sc_hd__nor2_2)
     5    0.040441    0.440903    0.379920    3.219623 ^ _0723_/Y (sky130_fd_sc_hd__nor2_2)
                                                         _0103_ (net)
                      0.440905    0.000898    3.220521 ^ fanout62/A (sky130_fd_sc_hd__clkbuf_4)
    10    0.046650    0.150148    0.327124    3.547645 ^ fanout62/X (sky130_fd_sc_hd__clkbuf_4)
                                                         net62 (net)
                      0.150149    0.000619    3.548264 ^ _0733_/B1 (sky130_fd_sc_hd__a22o_1)
     1    0.002672    0.045966    0.141846    3.690110 ^ _0733_/X (sky130_fd_sc_hd__a22o_1)
                                                         _0110_ (net)
                      0.045966    0.000012    3.690121 ^ _0734_/C1 (sky130_fd_sc_hd__a211o_1)
     1    0.003896    0.051934    0.092094    3.782215 ^ _0734_/X (sky130_fd_sc_hd__a211o_1)
                                                         _0111_ (net)
                      0.051934    0.000049    3.782264 ^ _0735_/B1 (sky130_fd_sc_hd__o211a_1)
     1    0.002340    0.039996    0.133882    3.916147 ^ _0735_/X (sky130_fd_sc_hd__o211a_1)
                                                         _0012_ (net)
                      0.039996    0.000024    3.916171 ^ _1396_/D (sky130_fd_sc_hd__dfxtp_1)
                                              3.916171   data arrival time

                                 10.000000   10.000000   clock clk (rise edge)
                                  0.000000   10.000000   clock source latency
     1    0.024950    0.117791    0.081531   10.081532 ^ clk (in)
                                                         clk (net)
                      0.117803    0.000000   10.081532 ^ clkbuf_0_clk/A (sky130_fd_sc_hd__clkbuf_16)
     8    0.101812    0.118042    0.212409   10.293941 ^ clkbuf_0_clk/X (sky130_fd_sc_hd__clkbuf_16)
                                                         clknet_0_clk (net)
                      0.118388    0.005176   10.299116 ^ clkbuf_3_2__f_clk/A (sky130_fd_sc_hd__clkbuf_16)
     9    0.038967    0.058895    0.167950   10.467067 ^ clkbuf_3_2__f_clk/X (sky130_fd_sc_hd__clkbuf_16)
                                                         clknet_3_2__leaf_clk (net)
                      0.058904    0.000711   10.467778 ^ _1396_/CLK (sky130_fd_sc_hd__dfxtp_1)
                                 -0.250000   10.217778   clock uncertainty
                                  0.000000   10.217778   clock reconvergence pessimism
                                 -0.050857   10.166921   library setup time
                                             10.166921   data required time
---------------------------------------------------------------------------------------------
                                             10.166921   data required time
                                             -3.916171   data arrival time
---------------------------------------------------------------------------------------------
                                              6.250751   slack (MET)


Startpoint: addr[5] (input port clocked by clk)
Endpoint: _1393_ (rising edge-triggered flip-flop clocked by clk)
Path Group: clk
Path Type: max

Fanout         Cap        Slew       Delay        Time   Description
---------------------------------------------------------------------------------------------
                                  0.000000    0.000000   clock clk (rise edge)
                                  0.000000    0.000000   clock network delay (propagated)
                                  2.000000    2.000000 v input external delay
     1    0.002570    0.008100    0.004029    2.004030 v addr[5] (in)
                                                         addr[5] (net)
                      0.008100    0.000000    2.004030 v input6/A (sky130_fd_sc_hd__clkbuf_1)
     1    0.002216    0.023493    0.068784    2.072813 v input6/X (sky130_fd_sc_hd__clkbuf_1)
                                                         net6 (net)
                      0.023493    0.000024    2.072837 v _0697_/A (sky130_fd_sc_hd__or4_1)
     2    0.004136    0.092387    0.521124    2.593961 v _0697_/X (sky130_fd_sc_hd__or4_1)
                                                         _0086_ (net)
                      0.092387    0.000048    2.594009 v _0698_/B (sky130_fd_sc_hd__or2_1)
     2    0.007067    0.067300    0.245634    2.839643 v _0698_/X (sky130_fd_sc_hd__or2_1)
                                                         _0087_ (net)
                      0.067300    0.000060    2.839703 v _0723_/A (sky130_fd_sc_hd__nor2_2)
     5    0.040441    0.440903    0.379920    3.219623 ^ _0723_/Y (sky130_fd_sc_hd__nor2_2)
                                                         _0103_ (net)
                      0.440905    0.000898    3.220521 ^ fanout62/A (sky130_fd_sc_hd__clkbuf_4)
    10    0.046650    0.150148    0.327124    3.547645 ^ fanout62/X (sky130_fd_sc_hd__clkbuf_4)
                                                         net62 (net)
                      0.150154    0.001096    3.548741 ^ _0724_/B1 (sky130_fd_sc_hd__a22o_1)
     1    0.002692    0.047127    0.142015    3.690755 ^ _0724_/X (sky130_fd_sc_hd__a22o_1)
                                                         _0104_ (net)
                      0.047127    0.000011    3.690767 ^ _0725_/C1 (sky130_fd_sc_hd__a211o_1)
     1    0.003437    0.046524    0.089674    3.780441 ^ _0725_/X (sky130_fd_sc_hd__a211o_1)
                                                         _0105_ (net)
                      0.046524    0.000040    3.780481 ^ _0726_/B1 (sky130_fd_sc_hd__o211a_1)
     1    0.001866    0.036415    0.128651    3.909132 ^ _0726_/X (sky130_fd_sc_hd__o211a_1)
                                                         _0009_ (net)
                      0.036415    0.000015    3.909147 ^ _1393_/D (sky130_fd_sc_hd__dfxtp_1)
                                              3.909147   data arrival time

                                 10.000000   10.000000   clock clk (rise edge)
                                  0.000000   10.000000   clock source latency
     1    0.024950    0.117791    0.081531   10.081532 ^ clk (in)
                                                         clk (net)
                      0.117803    0.000000   10.081532 ^ clkbuf_0_clk/A (sky130_fd_sc_hd__clkbuf_16)
     8    0.101812    0.118042    0.212409   10.293941 ^ clkbuf_0_clk/X (sky130_fd_sc_hd__clkbuf_16)
                                                         clknet_0_clk (net)
                      0.118508    0.005977   10.299917 ^ clkbuf_3_0__f_clk/A (sky130_fd_sc_hd__clkbuf_16)
     9    0.037838    0.057925    0.167263   10.467180 ^ clkbuf_3_0__f_clk/X (sky130_fd_sc_hd__clkbuf_16)
                                                         clknet_3_0__leaf_clk (net)
                      0.057927    0.000389   10.467569 ^ _1393_/CLK (sky130_fd_sc_hd__dfxtp_1)
                                 -0.250000   10.217569   clock uncertainty
                                  0.000000   10.217569   clock reconvergence pessimism
                                 -0.050171   10.167398   library setup time
                                             10.167398   data required time
---------------------------------------------------------------------------------------------
                                             10.167398   data required time
                                             -3.909147   data arrival time
---------------------------------------------------------------------------------------------
                                              6.258251   slack (MET)


Startpoint: addr[5] (input port clocked by clk)
Endpoint: _1394_ (rising edge-triggered flip-flop clocked by clk)
Path Group: clk
Path Type: max

Fanout         Cap        Slew       Delay        Time   Description
---------------------------------------------------------------------------------------------
                                  0.000000    0.000000   clock clk (rise edge)
                                  0.000000    0.000000   clock network delay (propagated)
                                  2.000000    2.000000 v input external delay
     1    0.002570    0.008100    0.004029    2.004030 v addr[5] (in)
                                                         addr[5] (net)
                      0.008100    0.000000    2.004030 v input6/A (sky130_fd_sc_hd__clkbuf_1)
     1    0.002216    0.023493    0.068784    2.072813 v input6/X (sky130_fd_sc_hd__clkbuf_1)
                                                         net6 (net)
                      0.023493    0.000024    2.072837 v _0697_/A (sky130_fd_sc_hd__or4_1)
     2    0.004136    0.092387    0.521124    2.593961 v _0697_/X (sky130_fd_sc_hd__or4_1)
                                                         _0086_ (net)
                      0.092387    0.000051    2.594012 v _0700_/B (sky130_fd_sc_hd__or2_1)
     2    0.012031    0.088504    0.270017    2.864029 v _0700_/X (sky130_fd_sc_hd__or2_1)
                                                         _0088_ (net)
                      0.088504    0.000147    2.864176 v _0701_/D (sky130_fd_sc_hd__nor4_1)
     2    0.009293    0.443514    0.355294    3.219470 ^ _0701_/Y (sky130_fd_sc_hd__nor4_1)
                                                         _0089_ (net)
                      0.443514    0.000221    3.219691 ^ max_cap64/A (sky130_fd_sc_hd__clkbuf_2)
     5    0.023462    0.135610    0.262485    3.482176 ^ max_cap64/X (sky130_fd_sc_hd__clkbuf_2)
                                                         net64 (net)
                      0.135611    0.000618    3.482794 ^ _0727_/A2 (sky130_fd_sc_hd__a22o_1)
     1    0.003419    0.053201    0.157770    3.640564 ^ _0727_/X (sky130_fd_sc_hd__a22o_1)
                                                         _0106_ (net)
                      0.053201    0.000037    3.640601 ^ _0728_/B1 (sky130_fd_sc_hd__a211o_1)
     1    0.002653    0.040715    0.090742    3.731343 ^ _0728_/X (sky130_fd_sc_hd__a211o_1)
                                                         _0107_ (net)
                      0.040715    0.000012    3.731355 ^ _0729_/B1 (sky130_fd_sc_hd__o211a_1)
     1    0.001938    0.037923    0.127558    3.858913 ^ _0729_/X (sky130_fd_sc_hd__o211a_1)
                                                         _0010_ (net)
                      0.037923    0.000008    3.858921 ^ _1394_/D (sky130_fd_sc_hd__dfxtp_1)
                                              3.858921   data arrival time

                                 10.000000   10.000000   clock clk (rise edge)
                                  0.000000   10.000000   clock source latency
     1    0.024950    0.117791    0.081531   10.081532 ^ clk (in)
                                                         clk (net)
                      0.117803    0.000000   10.081532 ^ clkbuf_0_clk/A (sky130_fd_sc_hd__clkbuf_16)
     8    0.101812    0.118042    0.212409   10.293941 ^ clkbuf_0_clk/X (sky130_fd_sc_hd__clkbuf_16)
                                                         clknet_0_clk (net)
                      0.118508    0.005977   10.299917 ^ clkbuf_3_0__f_clk/A (sky130_fd_sc_hd__clkbuf_16)
     9    0.037838    0.057925    0.167263   10.467180 ^ clkbuf_3_0__f_clk/X (sky130_fd_sc_hd__clkbuf_16)
                                                         clknet_3_0__leaf_clk (net)
                      0.057929    0.000454   10.467634 ^ _1394_/CLK (sky130_fd_sc_hd__dfxtp_1)
                                 -0.250000   10.217634   clock uncertainty
                                  0.000000   10.217634   clock reconvergence pessimism
                                 -0.050518   10.167115   library setup time
                                             10.167115   data required time
---------------------------------------------------------------------------------------------
                                             10.167115   data required time
                                             -3.858921   data arrival time
---------------------------------------------------------------------------------------------
                                              6.308194   slack (MET)


Startpoint: _1425_ (rising edge-triggered flip-flop clocked by clk)
Endpoint: _1438_ (rising edge-triggered flip-flop clocked by clk)
Path Group: clk
Path Type: max

Fanout         Cap        Slew       Delay        Time   Description
---------------------------------------------------------------------------------------------
                                  0.000000    0.000000   clock clk (rise edge)
                                  0.000000    0.000000   clock source latency
     1    0.024950    0.117791    0.081531    0.081531 ^ clk (in)
                                                         clk (net)
                      0.117803    0.000000    0.081531 ^ clkbuf_0_clk/A (sky130_fd_sc_hd__clkbuf_16)
     8    0.101812    0.118042    0.212408    0.293940 ^ clkbuf_0_clk/X (sky130_fd_sc_hd__clkbuf_16)
                                                         clknet_0_clk (net)
                      0.118516    0.006031    0.299970 ^ clkbuf_3_1__f_clk/A (sky130_fd_sc_hd__clkbuf_16)
    13    0.045331    0.064568    0.172593    0.472564 ^ clkbuf_3_1__f_clk/X (sky130_fd_sc_hd__clkbuf_16)
                                                         clknet_3_1__leaf_clk (net)
                      0.064574    0.000684    0.473248 ^ _1425_/CLK (sky130_fd_sc_hd__dfxtp_4)
     3    0.012863    0.054143    0.356303    0.829551 ^ _1425_/Q (sky130_fd_sc_hd__dfxtp_4)
                                                         core_b[0] (net)
                      0.054143    0.000094    0.829645 ^ clone16/A (sky130_fd_sc_hd__clkbuf_1)
     5    0.021807    0.259244    0.234121    1.063766 ^ clone16/X (sky130_fd_sc_hd__clkbuf_1)
                                                         net132 (net)
                      0.259244    0.000130    1.063896 ^ rebuffer15/A (sky130_fd_sc_hd__dlygate4sd1_1)
     1    0.008155    0.087735    0.269913    1.333809 ^ rebuffer15/X (sky130_fd_sc_hd__dlygate4sd1_1)
                                                         net131 (net)
                      0.087735    0.000215    1.334024 ^ _0866_/A1 (sky130_fd_sc_hd__a22oi_2)
     3    0.007463    0.071658    0.089217    1.423240 v _0866_/Y (sky130_fd_sc_hd__a22oi_2)
                                                         _0202_ (net)
                      0.071658    0.000080    1.423320 v _0867_/C (sky130_fd_sc_hd__or3_1)
     2    0.005689    0.080786    0.332948    1.756269 v _0867_/X (sky130_fd_sc_hd__or3_1)
                                                         _0203_ (net)
                      0.080786    0.000060    1.756328 v _0871_/A1 (sky130_fd_sc_hd__a21o_1)
     3    0.009174    0.059415    0.194366    1.950694 v _0871_/X (sky130_fd_sc_hd__a21o_1)
                                                         _0207_ (net)
                      0.059415    0.000087    1.950781 v _0873_/A2 (sky130_fd_sc_hd__a21o_1)
     2    0.004894    0.041853    0.187401    2.138182 v _0873_/X (sky130_fd_sc_hd__a21o_1)
                                                         _0209_ (net)
                      0.041853    0.000019    2.138201 v _0875_/B (sky130_fd_sc_hd__and3_1)
     4    0.010712    0.069815    0.194378    2.332579 v _0875_/X (sky130_fd_sc_hd__and3_1)
                                                         _0211_ (net)
                      0.069815    0.000090    2.332669 v _0877_/A (sky130_fd_sc_hd__or3b_2)
     5    0.015835    0.117364    0.532762    2.865430 v _0877_/X (sky130_fd_sc_hd__or3b_2)
                                                         _0213_ (net)
                      0.117426    0.000157    2.865587 v _0911_/A (sky130_fd_sc_hd__or2_1)
     2    0.004753    0.056968    0.259436    3.125023 v _0911_/X (sky130_fd_sc_hd__or2_1)
                                                         _0246_ (net)
                      0.056968    0.000036    3.125059 v _0912_/D (sky130_fd_sc_hd__and4_1)
     2    0.004523    0.045679    0.206973    3.332032 v _0912_/X (sky130_fd_sc_hd__and4_1)
                                                         _0247_ (net)
                      0.045679    0.000035    3.332067 v _0914_/A_N (sky130_fd_sc_hd__nand2b_1)
     1    0.005224    0.056583    0.150633    3.482700 v _0914_/Y (sky130_fd_sc_hd__nand2b_1)
                                                         _0249_ (net)
                      0.056583    0.000064    3.482764 v _0916_/A (sky130_fd_sc_hd__xor2_1)
     1    0.003038    0.115683    0.149295    3.632059 ^ _0916_/X (sky130_fd_sc_hd__xor2_1)
                                                         _0251_ (net)
                      0.115683    0.000031    3.632090 ^ _0917_/B (sky130_fd_sc_hd__nand2_1)
     1    0.002508    0.061081    0.063461    3.695551 v _0917_/Y (sky130_fd_sc_hd__nand2_1)
                                                         _0252_ (net)
                      0.061081    0.000011    3.695562 v _0918_/C1 (sky130_fd_sc_hd__o211a_1)
     1    0.002520    0.037099    0.108996    3.804559 v _0918_/X (sky130_fd_sc_hd__o211a_1)
                                                         _0054_ (net)
                      0.037099    0.000026    3.804584 v _1438_/D (sky130_fd_sc_hd__dfxtp_1)
                                              3.804584   data arrival time

                                 10.000000   10.000000   clock clk (rise edge)
                                  0.000000   10.000000   clock source latency
     1    0.024950    0.117791    0.081531   10.081532 ^ clk (in)
                                                         clk (net)
                      0.117803    0.000000   10.081532 ^ clkbuf_0_clk/A (sky130_fd_sc_hd__clkbuf_16)
     8    0.101812    0.118042    0.212409   10.293941 ^ clkbuf_0_clk/X (sky130_fd_sc_hd__clkbuf_16)
                                                         clknet_0_clk (net)
                      0.118327    0.004708   10.298649 ^ clkbuf_3_3__f_clk/A (sky130_fd_sc_hd__clkbuf_16)
     7    0.039218    0.059125    0.168133   10.466782 ^ clkbuf_3_3__f_clk/X (sky130_fd_sc_hd__clkbuf_16)
                                                         clknet_3_3__leaf_clk (net)
                      0.059130    0.000585   10.467367 ^ _1438_/CLK (sky130_fd_sc_hd__dfxtp_1)
                                 -0.250000   10.217367   clock uncertainty
                                  0.000000   10.217367   clock reconvergence pessimism
                                 -0.103763   10.113604   library setup time
                                             10.113604   data required time
---------------------------------------------------------------------------------------------
                                             10.113604   data required time
                                             -3.804584   data arrival time
---------------------------------------------------------------------------------------------
                                              6.309019   slack (MET)


Startpoint: addr[5] (input port clocked by clk)
Endpoint: _1395_ (rising edge-triggered flip-flop clocked by clk)
Path Group: clk
Path Type: max

Fanout         Cap        Slew       Delay        Time   Description
---------------------------------------------------------------------------------------------
                                  0.000000    0.000000   clock clk (rise edge)
                                  0.000000    0.000000   clock network delay (propagated)
                                  2.000000    2.000000 v input external delay
     1    0.002570    0.008100    0.004029    2.004030 v addr[5] (in)
                                                         addr[5] (net)
                      0.008100    0.000000    2.004030 v input6/A (sky130_fd_sc_hd__clkbuf_1)
     1    0.002216    0.023493    0.068784    2.072813 v input6/X (sky130_fd_sc_hd__clkbuf_1)
                                                         net6 (net)
                      0.023493    0.000024    2.072837 v _0697_/A (sky130_fd_sc_hd__or4_1)
     2    0.004136    0.092387    0.521124    2.593961 v _0697_/X (sky130_fd_sc_hd__or4_1)
                                                         _0086_ (net)
                      0.092387    0.000051    2.594012 v _0700_/B (sky130_fd_sc_hd__or2_1)
     2    0.012031    0.088504    0.270017    2.864029 v _0700_/X (sky130_fd_sc_hd__or2_1)
                                                         _0088_ (net)
                      0.088504    0.000147    2.864176 v _0701_/D (sky130_fd_sc_hd__nor4_1)
     2    0.009293    0.443514    0.355294    3.219470 ^ _0701_/Y (sky130_fd_sc_hd__nor4_1)
                                                         _0089_ (net)
                      0.443514    0.000221    3.219691 ^ max_cap64/A (sky130_fd_sc_hd__clkbuf_2)
     5    0.023462    0.135610    0.262485    3.482176 ^ max_cap64/X (sky130_fd_sc_hd__clkbuf_2)
                                                         net64 (net)
                      0.135610    0.000424    3.482600 ^ _0730_/A2 (sky130_fd_sc_hd__a22o_1)
     1    0.002768    0.049735    0.152830    3.635430 ^ _0730_/X (sky130_fd_sc_hd__a22o_1)
                                                         _0108_ (net)
                      0.049735    0.000013    3.635443 ^ _0731_/B1 (sky130_fd_sc_hd__a211o_1)
     1    0.002672    0.039479    0.089597    3.725040 ^ _0731_/X (sky130_fd_sc_hd__a211o_1)
                                                         _0109_ (net)
                      0.039479    0.000013    3.725053 ^ _0732_/B1 (sky130_fd_sc_hd__o211a_1)
     1    0.002214    0.039119    0.129334    3.854387 ^ _0732_/X (sky130_fd_sc_hd__o211a_1)
                                                         _0011_ (net)
                      0.039119    0.000022    3.854409 ^ _1395_/D (sky130_fd_sc_hd__dfxtp_1)
                                              3.854409   data arrival time

                                 10.000000   10.000000   clock clk (rise edge)
                                  0.000000   10.000000   clock source latency
     1    0.024950    0.117791    0.081531   10.081532 ^ clk (in)
                                                         clk (net)
                      0.117803    0.000000   10.081532 ^ clkbuf_0_clk/A (sky130_fd_sc_hd__clkbuf_16)
     8    0.101812    0.118042    0.212409   10.293941 ^ clkbuf_0_clk/X (sky130_fd_sc_hd__clkbuf_16)
                                                         clknet_0_clk (net)
                      0.118388    0.005176   10.299116 ^ clkbuf_3_2__f_clk/A (sky130_fd_sc_hd__clkbuf_16)
     9    0.038967    0.058895    0.167950   10.467067 ^ clkbuf_3_2__f_clk/X (sky130_fd_sc_hd__clkbuf_16)
                                                         clknet_3_2__leaf_clk (net)
                      0.058907    0.000782   10.467849 ^ _1395_/CLK (sky130_fd_sc_hd__dfxtp_1)
                                 -0.250000   10.217849   clock uncertainty
                                  0.000000   10.217849   clock reconvergence pessimism
                                 -0.050655   10.167194   library setup time
                                             10.167194   data required time
---------------------------------------------------------------------------------------------
                                             10.167194   data required time
                                             -3.854409   data arrival time
---------------------------------------------------------------------------------------------
                                              6.312786   slack (MET)


Startpoint: _1425_ (rising edge-triggered flip-flop clocked by clk)
Endpoint: _1437_ (rising edge-triggered flip-flop clocked by clk)
Path Group: clk
Path Type: max

Fanout         Cap        Slew       Delay        Time   Description
---------------------------------------------------------------------------------------------
                                  0.000000    0.000000   clock clk (rise edge)
                                  0.000000    0.000000   clock source latency
     1    0.024950    0.117791    0.081531    0.081531 ^ clk (in)
                                                         clk (net)
                      0.117803    0.000000    0.081531 ^ clkbuf_0_clk/A (sky130_fd_sc_hd__clkbuf_16)
     8    0.101812    0.118042    0.212408    0.293940 ^ clkbuf_0_clk/X (sky130_fd_sc_hd__clkbuf_16)
                                                         clknet_0_clk (net)
                      0.118516    0.006031    0.299970 ^ clkbuf_3_1__f_clk/A (sky130_fd_sc_hd__clkbuf_16)
    13    0.045331    0.064568    0.172593    0.472564 ^ clkbuf_3_1__f_clk/X (sky130_fd_sc_hd__clkbuf_16)
                                                         clknet_3_1__leaf_clk (net)
                      0.064574    0.000684    0.473248 ^ _1425_/CLK (sky130_fd_sc_hd__dfxtp_4)
     3    0.012863    0.054143    0.356303    0.829551 ^ _1425_/Q (sky130_fd_sc_hd__dfxtp_4)
                                                         core_b[0] (net)
                      0.054143    0.000094    0.829645 ^ clone16/A (sky130_fd_sc_hd__clkbuf_1)
     5    0.021807    0.259244    0.234121    1.063766 ^ clone16/X (sky130_fd_sc_hd__clkbuf_1)
                                                         net132 (net)
                      0.259244    0.000130    1.063896 ^ rebuffer15/A (sky130_fd_sc_hd__dlygate4sd1_1)
     1    0.008155    0.087735    0.269913    1.333809 ^ rebuffer15/X (sky130_fd_sc_hd__dlygate4sd1_1)
                                                         net131 (net)
                      0.087735    0.000215    1.334024 ^ _0866_/A1 (sky130_fd_sc_hd__a22oi_2)
     3    0.007463    0.071658    0.089217    1.423240 v _0866_/Y (sky130_fd_sc_hd__a22oi_2)
                                                         _0202_ (net)
                      0.071658    0.000080    1.423320 v _0867_/C (sky130_fd_sc_hd__or3_1)
     2    0.005689    0.080786    0.332948    1.756269 v _0867_/X (sky130_fd_sc_hd__or3_1)
                                                         _0203_ (net)
                      0.080786    0.000060    1.756328 v _0871_/A1 (sky130_fd_sc_hd__a21o_1)
     3    0.009174    0.059415    0.194366    1.950694 v _0871_/X (sky130_fd_sc_hd__a21o_1)
                                                         _0207_ (net)
                      0.059415    0.000087    1.950781 v _0873_/A2 (sky130_fd_sc_hd__a21o_1)
     2    0.004894    0.041853    0.187401    2.138182 v _0873_/X (sky130_fd_sc_hd__a21o_1)
                                                         _0209_ (net)
                      0.041853    0.000019    2.138201 v _0875_/B (sky130_fd_sc_hd__and3_1)
     4    0.010712    0.069815    0.194378    2.332579 v _0875_/X (sky130_fd_sc_hd__and3_1)
                                                         _0211_ (net)
                      0.069815    0.000090    2.332669 v _0877_/A (sky130_fd_sc_hd__or3b_2)
     5    0.015835    0.117364    0.532762    2.865430 v _0877_/X (sky130_fd_sc_hd__or3b_2)
                                                         _0213_ (net)
                      0.117364    0.000066    2.865496 v _0879_/B (sky130_fd_sc_hd__and3_1)
     2    0.005339    0.047584    0.204001    3.069497 v _0879_/X (sky130_fd_sc_hd__and3_1)
                                                         _0215_ (net)
                      0.047584    0.000069    3.069566 v _0881_/A_N (sky130_fd_sc_hd__nand2b_1)
     1    0.005228    0.056608    0.151472    3.221038 v _0881_/Y (sky130_fd_sc_hd__nand2b_1)
                                                         _0217_ (net)
                      0.056608    0.000065    3.221102 v _0883_/A (sky130_fd_sc_hd__xnor2_1)
     1    0.002505    0.043475    0.122271    3.343374 v _0883_/Y (sky130_fd_sc_hd__xnor2_1)
                                                         _0219_ (net)
                      0.043475    0.000026    3.343399 v _0884_/A1 (sky130_fd_sc_hd__mux2_1)
     1    0.001847    0.050243    0.278079    3.621478 v _0884_/X (sky130_fd_sc_hd__mux2_1)
                                                         _0220_ (net)
                      0.050243    0.000016    3.621494 v _0885_/B (sky130_fd_sc_hd__and2_1)
     1    0.001967    0.031680    0.147392    3.768886 v _0885_/X (sky130_fd_sc_hd__and2_1)
                                                         _0053_ (net)
                      0.031680    0.000009    3.768895 v _1437_/D (sky130_fd_sc_hd__dfxtp_1)
                                              3.768895   data arrival time

                                 10.000000   10.000000   clock clk (rise edge)
                                  0.000000   10.000000   clock source latency
     1    0.024950    0.117791    0.081531   10.081532 ^ clk (in)
                                                         clk (net)
                      0.117803    0.000000   10.081532 ^ clkbuf_0_clk/A (sky130_fd_sc_hd__clkbuf_16)
     8    0.101812    0.118042    0.212409   10.293941 ^ clkbuf_0_clk/X (sky130_fd_sc_hd__clkbuf_16)
                                                         clknet_0_clk (net)
                      0.118388    0.005176   10.299116 ^ clkbuf_3_2__f_clk/A (sky130_fd_sc_hd__clkbuf_16)
     9    0.038967    0.058895    0.167950   10.467067 ^ clkbuf_3_2__f_clk/X (sky130_fd_sc_hd__clkbuf_16)
                                                         clknet_3_2__leaf_clk (net)
                      0.058910    0.000848   10.467915 ^ _1437_/CLK (sky130_fd_sc_hd__dfxtp_1)
                                 -0.250000   10.217915   clock uncertainty
                                  0.000000   10.217915   clock reconvergence pessimism
                                 -0.101438   10.116477   library setup time
                                             10.116477   data required time
---------------------------------------------------------------------------------------------
                                             10.116477   data required time
                                             -3.768895   data arrival time
---------------------------------------------------------------------------------------------
                                              6.347582   slack (MET)


Startpoint: _1399_ (rising edge-triggered flip-flop clocked by clk)
Endpoint: rdata[6] (output port clocked by clk)
Path Group: clk
Path Type: max

Fanout         Cap        Slew       Delay        Time   Description
---------------------------------------------------------------------------------------------
                                  0.000000    0.000000   clock clk (rise edge)
                                  0.000000    0.000000   clock source latency
     1    0.024950    0.117791    0.081531    0.081531 ^ clk (in)
                                                         clk (net)
                      0.117803    0.000000    0.081531 ^ clkbuf_0_clk/A (sky130_fd_sc_hd__clkbuf_16)
     8    0.101812    0.118042    0.212408    0.293940 ^ clkbuf_0_clk/X (sky130_fd_sc_hd__clkbuf_16)
                                                         clknet_0_clk (net)
                      0.118327    0.004709    0.298648 ^ clkbuf_3_3__f_clk/A (sky130_fd_sc_hd__clkbuf_16)
     7    0.039218    0.059125    0.168133    0.466781 ^ clkbuf_3_3__f_clk/X (sky130_fd_sc_hd__clkbuf_16)
                                                         clknet_3_3__leaf_clk (net)
                      0.059131    0.000608    0.467389 ^ _1399_/CLK (sky130_fd_sc_hd__dfxtp_1)
     2    0.007248    0.078734    0.334401    0.801790 ^ _1399_/Q (sky130_fd_sc_hd__dfxtp_1)
                                                         net48 (net)
                      0.078734    0.000130    0.801920 ^ output48/A (sky130_fd_sc_hd__buf_2)
     1    0.034675    0.172199    0.212026    1.013946 ^ output48/X (sky130_fd_sc_hd__buf_2)
                                                         rdata[6] (net)
                      0.172199    0.000438    1.014384 ^ rdata[6] (out)
                                              1.014384   data arrival time

                                 10.000000   10.000000   clock clk (rise edge)
                                  0.000000   10.000000   clock network delay (propagated)
                                 -0.250000    9.750000   clock uncertainty
                                  0.000000    9.750000   clock reconvergence pessimism
                                 -2.000000    7.750000   output external delay
                                              7.750000   data required time
---------------------------------------------------------------------------------------------
                                              7.750000   data required time
                                             -1.014384   data arrival time
---------------------------------------------------------------------------------------------
                                              6.735616   slack (MET)


Startpoint: _1418_ (rising edge-triggered flip-flop clocked by clk)
Endpoint: rdata[25] (output port clocked by clk)
Path Group: clk
Path Type: max

Fanout         Cap        Slew       Delay        Time   Description
---------------------------------------------------------------------------------------------
                                  0.000000    0.000000   clock clk (rise edge)
                                  0.000000    0.000000   clock source latency
     1    0.024950    0.117791    0.081531    0.081531 ^ clk (in)
                                                         clk (net)
                      0.117803    0.000000    0.081531 ^ clkbuf_0_clk/A (sky130_fd_sc_hd__clkbuf_16)
     8    0.101812    0.118042    0.212408    0.293940 ^ clkbuf_0_clk/X (sky130_fd_sc_hd__clkbuf_16)
                                                         clknet_0_clk (net)
                      0.118177    0.003282    0.297222 ^ clkbuf_3_6__f_clk/A (sky130_fd_sc_hd__clkbuf_16)
    14    0.045743    0.064948    0.172761    0.469983 ^ clkbuf_3_6__f_clk/X (sky130_fd_sc_hd__clkbuf_16)
                                                         clknet_3_6__leaf_clk (net)
                      0.064962    0.000924    0.470906 ^ _1418_/CLK (sky130_fd_sc_hd__dfxtp_1)
     2    0.005990    0.067730    0.328303    0.799210 ^ _1418_/Q (sky130_fd_sc_hd__dfxtp_1)
                                                         net37 (net)
                      0.067730    0.000065    0.799274 ^ output37/A (sky130_fd_sc_hd__buf_2)
     1    0.034901    0.173204    0.208677    1.007951 ^ output37/X (sky130_fd_sc_hd__buf_2)
                                                         rdata[25] (net)
                      0.173204    0.000505    1.008456 ^ rdata[25] (out)
                                              1.008456   data arrival time

                                 10.000000   10.000000   clock clk (rise edge)
                                  0.000000   10.000000   clock network delay (propagated)
                                 -0.250000    9.750000   clock uncertainty
                                  0.000000    9.750000   clock reconvergence pessimism
                                 -2.000000    7.750000   output external delay
                                              7.750000   data required time
---------------------------------------------------------------------------------------------
                                              7.750000   data required time
                                             -1.008456   data arrival time
---------------------------------------------------------------------------------------------
                                              6.741543   slack (MET)


Startpoint: _1404_ (rising edge-triggered flip-flop clocked by clk)
Endpoint: rdata[11] (output port clocked by clk)
Path Group: clk
Path Type: max

Fanout         Cap        Slew       Delay        Time   Description
---------------------------------------------------------------------------------------------
                                  0.000000    0.000000   clock clk (rise edge)
                                  0.000000    0.000000   clock source latency
     1    0.024950    0.117791    0.081531    0.081531 ^ clk (in)
                                                         clk (net)
                      0.117803    0.000000    0.081531 ^ clkbuf_0_clk/A (sky130_fd_sc_hd__clkbuf_16)
     8    0.101812    0.118042    0.212408    0.293940 ^ clkbuf_0_clk/X (sky130_fd_sc_hd__clkbuf_16)
                                                         clknet_0_clk (net)
                      0.118078    0.001717    0.295657 ^ clkbuf_3_5__f_clk/A (sky130_fd_sc_hd__clkbuf_16)
    14    0.044834    0.064104    0.171899    0.467556 ^ clkbuf_3_5__f_clk/X (sky130_fd_sc_hd__clkbuf_16)
                                                         clknet_3_5__leaf_clk (net)
                      0.064125    0.001081    0.468637 ^ _1404_/CLK (sky130_fd_sc_hd__dfxtp_1)
     2    0.005742    0.065571    0.326358    0.794995 ^ _1404_/Q (sky130_fd_sc_hd__dfxtp_1)
                                                         net22 (net)
                      0.065571    0.000075    0.795070 ^ output22/A (sky130_fd_sc_hd__buf_2)
     1    0.034582    0.171667    0.206943    1.002013 ^ output22/X (sky130_fd_sc_hd__buf_2)
                                                         rdata[11] (net)
                      0.171667    0.000330    1.002343 ^ rdata[11] (out)
                                              1.002343   data arrival time

                                 10.000000   10.000000   clock clk (rise edge)
                                  0.000000   10.000000   clock network delay (propagated)
                                 -0.250000    9.750000   clock uncertainty
                                  0.000000    9.750000   clock reconvergence pessimism
                                 -2.000000    7.750000   output external delay
                                              7.750000   data required time
---------------------------------------------------------------------------------------------
                                              7.750000   data required time
                                             -1.002343   data arrival time
---------------------------------------------------------------------------------------------
                                              6.747657   slack (MET)


Startpoint: _1420_ (rising edge-triggered flip-flop clocked by clk)
Endpoint: rdata[27] (output port clocked by clk)
Path Group: clk
Path Type: max

Fanout         Cap        Slew       Delay        Time   Description
---------------------------------------------------------------------------------------------
                                  0.000000    0.000000   clock clk (rise edge)
                                  0.000000    0.000000   clock source latency
     1    0.024950    0.117791    0.081531    0.081531 ^ clk (in)
                                                         clk (net)
                      0.117803    0.000000    0.081531 ^ clkbuf_0_clk/A (sky130_fd_sc_hd__clkbuf_16)
     8    0.101812    0.118042    0.212408    0.293940 ^ clkbuf_0_clk/X (sky130_fd_sc_hd__clkbuf_16)
                                                         clknet_0_clk (net)
                      0.118177    0.003282    0.297222 ^ clkbuf_3_6__f_clk/A (sky130_fd_sc_hd__clkbuf_16)
    14    0.045743    0.064948    0.172761    0.469983 ^ clkbuf_3_6__f_clk/X (sky130_fd_sc_hd__clkbuf_16)
                                                         clknet_3_6__leaf_clk (net)
                      0.064956    0.000767    0.470750 ^ _1420_/CLK (sky130_fd_sc_hd__dfxtp_1)
     2    0.005384    0.062468    0.324324    0.795074 ^ _1420_/Q (sky130_fd_sc_hd__dfxtp_1)
                                                         net39 (net)
                      0.062468    0.000047    0.795121 ^ output39/A (sky130_fd_sc_hd__buf_2)
     1    0.034503    0.171297    0.205470    1.000591 ^ output39/X (sky130_fd_sc_hd__buf_2)
                                                         rdata[27] (net)
                      0.171297    0.000424    1.001015 ^ rdata[27] (out)
                                              1.001015   data arrival time

                                 10.000000   10.000000   clock clk (rise edge)
                                  0.000000   10.000000   clock network delay (propagated)
                                 -0.250000    9.750000   clock uncertainty
                                  0.000000    9.750000   clock reconvergence pessimism
                                 -2.000000    7.750000   output external delay
                                              7.750000   data required time
---------------------------------------------------------------------------------------------
                                              7.750000   data required time
                                             -1.001015   data arrival time
---------------------------------------------------------------------------------------------
                                              6.748985   slack (MET)


Startpoint: _1424_ (rising edge-triggered flip-flop clocked by clk)
Endpoint: rdata[31] (output port clocked by clk)
Path Group: clk
Path Type: max

Fanout         Cap        Slew       Delay        Time   Description
---------------------------------------------------------------------------------------------
                                  0.000000    0.000000   clock clk (rise edge)
                                  0.000000    0.000000   clock source latency
     1    0.024950    0.117791    0.081531    0.081531 ^ clk (in)
                                                         clk (net)
                      0.117803    0.000000    0.081531 ^ clkbuf_0_clk/A (sky130_fd_sc_hd__clkbuf_16)
     8    0.101812    0.118042    0.212408    0.293940 ^ clkbuf_0_clk/X (sky130_fd_sc_hd__clkbuf_16)
                                                         clknet_0_clk (net)
                      0.118327    0.004709    0.298648 ^ clkbuf_3_3__f_clk/A (sky130_fd_sc_hd__clkbuf_16)
     7    0.039218    0.059125    0.168133    0.466781 ^ clkbuf_3_3__f_clk/X (sky130_fd_sc_hd__clkbuf_16)
                                                         clknet_3_3__leaf_clk (net)
                      0.059136    0.000746    0.467527 ^ _1424_/CLK (sky130_fd_sc_hd__dfxtp_1)
     2    0.005793    0.066022    0.324829    0.792356 ^ _1424_/Q (sky130_fd_sc_hd__dfxtp_1)
                                                         net44 (net)
                      0.066022    0.000066    0.792422 ^ output44/A (sky130_fd_sc_hd__buf_2)
     1    0.034503    0.171317    0.206779    0.999201 ^ output44/X (sky130_fd_sc_hd__buf_2)
                                                         rdata[31] (net)
                      0.171317    0.000424    0.999625 ^ rdata[31] (out)
                                              0.999625   data arrival time

                                 10.000000   10.000000   clock clk (rise edge)
                                  0.000000   10.000000   clock network delay (propagated)
                                 -0.250000    9.750000   clock uncertainty
                                  0.000000    9.750000   clock reconvergence pessimism
                                 -2.000000    7.750000   output external delay
                                              7.750000   data required time
---------------------------------------------------------------------------------------------
                                              7.750000   data required time
                                             -0.999625   data arrival time
---------------------------------------------------------------------------------------------
                                              6.750375   slack (MET)


Startpoint: _1397_ (rising edge-triggered flip-flop clocked by clk)
Endpoint: rdata[4] (output port clocked by clk)
Path Group: clk
Path Type: max

Fanout         Cap        Slew       Delay        Time   Description
---------------------------------------------------------------------------------------------
                                  0.000000    0.000000   clock clk (rise edge)
                                  0.000000    0.000000   clock source latency
     1    0.024950    0.117791    0.081531    0.081531 ^ clk (in)
                                                         clk (net)
                      0.117803    0.000000    0.081531 ^ clkbuf_0_clk/A (sky130_fd_sc_hd__clkbuf_16)
     8    0.101812    0.118042    0.212408    0.293940 ^ clkbuf_0_clk/X (sky130_fd_sc_hd__clkbuf_16)
                                                         clknet_0_clk (net)
                      0.118388    0.005176    0.299116 ^ clkbuf_3_2__f_clk/A (sky130_fd_sc_hd__clkbuf_16)
     9    0.038967    0.058895    0.167951    0.467067 ^ clkbuf_3_2__f_clk/X (sky130_fd_sc_hd__clkbuf_16)
                                                         clknet_3_2__leaf_clk (net)
                      0.058909    0.000833    0.467900 ^ _1397_/CLK (sky130_fd_sc_hd__dfxtp_1)
     2    0.005727    0.065445    0.324316    0.792216 ^ _1397_/Q (sky130_fd_sc_hd__dfxtp_1)
                                                         net46 (net)
                      0.065445    0.000046    0.792262 ^ output46/A (sky130_fd_sc_hd__buf_2)
     1    0.034043    0.169132    0.205166    0.997428 ^ output46/X (sky130_fd_sc_hd__buf_2)
                                                         rdata[4] (net)
                      0.169132    0.000242    0.997671 ^ rdata[4] (out)
                                              0.997671   data arrival time

                                 10.000000   10.000000   clock clk (rise edge)
                                  0.000000   10.000000   clock network delay (propagated)
                                 -0.250000    9.750000   clock uncertainty
                                  0.000000    9.750000   clock reconvergence pessimism
                                 -2.000000    7.750000   output external delay
                                              7.750000   data required time
---------------------------------------------------------------------------------------------
                                              7.750000   data required time
                                             -0.997671   data arrival time
---------------------------------------------------------------------------------------------
                                              6.752329   slack (MET)


Startpoint: _1403_ (rising edge-triggered flip-flop clocked by clk)
Endpoint: rdata[10] (output port clocked by clk)
Path Group: clk
Path Type: max

Fanout         Cap        Slew       Delay        Time   Description
---------------------------------------------------------------------------------------------
                                  0.000000    0.000000   clock clk (rise edge)
                                  0.000000    0.000000   clock source latency
     1    0.024950    0.117791    0.081531    0.081531 ^ clk (in)
                                                         clk (net)
                      0.117803    0.000000    0.081531 ^ clkbuf_0_clk/A (sky130_fd_sc_hd__clkbuf_16)
     8    0.101812    0.118042    0.212408    0.293940 ^ clkbuf_0_clk/X (sky130_fd_sc_hd__clkbuf_16)
                                                         clknet_0_clk (net)
                      0.118078    0.001717    0.295657 ^ clkbuf_3_5__f_clk/A (sky130_fd_sc_hd__clkbuf_16)
    14    0.044834    0.064104    0.171899    0.467556 ^ clkbuf_3_5__f_clk/X (sky130_fd_sc_hd__clkbuf_16)
                                                         clknet_3_5__leaf_clk (net)
                      0.064163    0.001682    0.469237 ^ _1403_/CLK (sky130_fd_sc_hd__dfxtp_1)
     2    0.005027    0.059327    0.321664    0.790901 ^ _1403_/Q (sky130_fd_sc_hd__dfxtp_1)
                                                         net21 (net)
                      0.059327    0.000044    0.790946 ^ output21/A (sky130_fd_sc_hd__buf_2)
     1    0.034846    0.172867    0.205500    0.996445 ^ output21/X (sky130_fd_sc_hd__buf_2)
                                                         rdata[10] (net)
                      0.172867    0.000358    0.996803 ^ rdata[10] (out)
                                              0.996803   data arrival time

                                 10.000000   10.000000   clock clk (rise edge)
                                  0.000000   10.000000   clock network delay (propagated)
                                 -0.250000    9.750000   clock uncertainty
                                  0.000000    9.750000   clock reconvergence pessimism
                                 -2.000000    7.750000   output external delay
                                              7.750000   data required time
---------------------------------------------------------------------------------------------
                                              7.750000   data required time
                                             -0.996803   data arrival time
---------------------------------------------------------------------------------------------
                                              6.753197   slack (MET)


Startpoint: _1400_ (rising edge-triggered flip-flop clocked by clk)
Endpoint: rdata[7] (output port clocked by clk)
Path Group: clk
Path Type: max

Fanout         Cap        Slew       Delay        Time   Description
---------------------------------------------------------------------------------------------
                                  0.000000    0.000000   clock clk (rise edge)
                                  0.000000    0.000000   clock source latency
     1    0.024950    0.117791    0.081531    0.081531 ^ clk (in)
                                                         clk (net)
                      0.117803    0.000000    0.081531 ^ clkbuf_0_clk/A (sky130_fd_sc_hd__clkbuf_16)
     8    0.101812    0.118042    0.212408    0.293940 ^ clkbuf_0_clk/X (sky130_fd_sc_hd__clkbuf_16)
                                                         clknet_0_clk (net)
                      0.118177    0.003282    0.297222 ^ clkbuf_3_6__f_clk/A (sky130_fd_sc_hd__clkbuf_16)
    14    0.045743    0.064948    0.172761    0.469983 ^ clkbuf_3_6__f_clk/X (sky130_fd_sc_hd__clkbuf_16)
                                                         clknet_3_6__leaf_clk (net)
                      0.064978    0.001255    0.471238 ^ _1400_/CLK (sky130_fd_sc_hd__dfxtp_1)
     2    0.004845    0.057761    0.320771    0.792009 ^ _1400_/Q (sky130_fd_sc_hd__dfxtp_1)
                                                         net49 (net)
                      0.057761    0.000035    0.792044 ^ output49/A (sky130_fd_sc_hd__buf_2)
     1    0.034603    0.171741    0.204061    0.996105 ^ output49/X (sky130_fd_sc_hd__buf_2)
                                                         rdata[7] (net)
                      0.171741    0.000437    0.996541 ^ rdata[7] (out)
                                              0.996541   data arrival time

                                 10.000000   10.000000   clock clk (rise edge)
                                  0.000000   10.000000   clock network delay (propagated)
                                 -0.250000    9.750000   clock uncertainty
                                  0.000000    9.750000   clock reconvergence pessimism
                                 -2.000000    7.750000   output external delay
                                              7.750000   data required time
---------------------------------------------------------------------------------------------
                                              7.750000   data required time
                                             -0.996541   data arrival time
---------------------------------------------------------------------------------------------
                                              6.753458   slack (MET)


Startpoint: _1423_ (rising edge-triggered flip-flop clocked by clk)
Endpoint: rdata[30] (output port clocked by clk)
Path Group: clk
Path Type: max

Fanout         Cap        Slew       Delay        Time   Description
---------------------------------------------------------------------------------------------
                                  0.000000    0.000000   clock clk (rise edge)
                                  0.000000    0.000000   clock source latency
     1    0.024950    0.117791    0.081531    0.081531 ^ clk (in)
                                                         clk (net)
                      0.117803    0.000000    0.081531 ^ clkbuf_0_clk/A (sky130_fd_sc_hd__clkbuf_16)
     8    0.101812    0.118042    0.212408    0.293940 ^ clkbuf_0_clk/X (sky130_fd_sc_hd__clkbuf_16)
                                                         clknet_0_clk (net)
                      0.118327    0.004709    0.298648 ^ clkbuf_3_3__f_clk/A (sky130_fd_sc_hd__clkbuf_16)
     7    0.039218    0.059125    0.168133    0.466781 ^ clkbuf_3_3__f_clk/X (sky130_fd_sc_hd__clkbuf_16)
                                                         clknet_3_3__leaf_clk (net)
                      0.059139    0.000812    0.467593 ^ _1423_/CLK (sky130_fd_sc_hd__dfxtp_1)
     2    0.005470    0.063215    0.322700    0.790294 ^ _1423_/Q (sky130_fd_sc_hd__dfxtp_1)
                                                         net43 (net)
                      0.063215    0.000053    0.790347 ^ output43/A (sky130_fd_sc_hd__buf_2)
     1    0.034503    0.171301    0.205745    0.996092 ^ output43/X (sky130_fd_sc_hd__buf_2)
                                                         rdata[30] (net)
                      0.171301    0.000424    0.996516 ^ rdata[30] (out)
                                              0.996516   data arrival time

                                 10.000000   10.000000   clock clk (rise edge)
                                  0.000000   10.000000   clock network delay (propagated)
                                 -0.250000    9.750000   clock uncertainty
                                  0.000000    9.750000   clock reconvergence pessimism
                                 -2.000000    7.750000   output external delay
                                              7.750000   data required time
---------------------------------------------------------------------------------------------
                                              7.750000   data required time
                                             -0.996516   data arrival time
---------------------------------------------------------------------------------------------
                                              6.753484   slack (MET)


Startpoint: _1398_ (rising edge-triggered flip-flop clocked by clk)
Endpoint: rdata[5] (output port clocked by clk)
Path Group: clk
Path Type: max

Fanout         Cap        Slew       Delay        Time   Description
---------------------------------------------------------------------------------------------
                                  0.000000    0.000000   clock clk (rise edge)
                                  0.000000    0.000000   clock source latency
     1    0.024950    0.117791    0.081531    0.081531 ^ clk (in)
                                                         clk (net)
                      0.117803    0.000000    0.081531 ^ clkbuf_0_clk/A (sky130_fd_sc_hd__clkbuf_16)
     8    0.101812    0.118042    0.212408    0.293940 ^ clkbuf_0_clk/X (sky130_fd_sc_hd__clkbuf_16)
                                                         clknet_0_clk (net)
                      0.118388    0.005176    0.299116 ^ clkbuf_3_2__f_clk/A (sky130_fd_sc_hd__clkbuf_16)
     9    0.038967    0.058895    0.167951    0.467067 ^ clkbuf_3_2__f_clk/X (sky130_fd_sc_hd__clkbuf_16)
                                                         clknet_3_2__leaf_clk (net)
                      0.058899    0.000546    0.467612 ^ _1398_/CLK (sky130_fd_sc_hd__dfxtp_1)
     2    0.005535    0.063779    0.323030    0.790642 ^ _1398_/Q (sky130_fd_sc_hd__dfxtp_1)
                                                         net47 (net)
                      0.063779    0.000069    0.790711 ^ output47/A (sky130_fd_sc_hd__buf_2)
     1    0.034178    0.169755    0.204988    0.995699 ^ output47/X (sky130_fd_sc_hd__buf_2)
                                                         rdata[5] (net)
                      0.169755    0.000260    0.995959 ^ rdata[5] (out)
                                              0.995959   data arrival time

                                 10.000000   10.000000   clock clk (rise edge)
                                  0.000000   10.000000   clock network delay (propagated)
                                 -0.250000    9.750000   clock uncertainty
                                  0.000000    9.750000   clock reconvergence pessimism
                                 -2.000000    7.750000   output external delay
                                              7.750000   data required time
---------------------------------------------------------------------------------------------
                                              7.750000   data required time
                                             -0.995959   data arrival time
---------------------------------------------------------------------------------------------
                                              6.754041   slack (MET)


Startpoint: _1419_ (rising edge-triggered flip-flop clocked by clk)
Endpoint: rdata[26] (output port clocked by clk)
Path Group: clk
Path Type: max

Fanout         Cap        Slew       Delay        Time   Description
---------------------------------------------------------------------------------------------
                                  0.000000    0.000000   clock clk (rise edge)
                                  0.000000    0.000000   clock source latency
     1    0.024950    0.117791    0.081531    0.081531 ^ clk (in)
                                                         clk (net)
                      0.117803    0.000000    0.081531 ^ clkbuf_0_clk/A (sky130_fd_sc_hd__clkbuf_16)
     8    0.101812    0.118042    0.212408    0.293940 ^ clkbuf_0_clk/X (sky130_fd_sc_hd__clkbuf_16)
                                                         clknet_0_clk (net)
                      0.118177    0.003282    0.297222 ^ clkbuf_3_6__f_clk/A (sky130_fd_sc_hd__clkbuf_16)
    14    0.045743    0.064948    0.172761    0.469983 ^ clkbuf_3_6__f_clk/X (sky130_fd_sc_hd__clkbuf_16)
                                                         clknet_3_6__leaf_clk (net)
                      0.064962    0.000926    0.470908 ^ _1419_/CLK (sky130_fd_sc_hd__dfxtp_1)
     2    0.004751    0.056958    0.320154    0.791063 ^ _1419_/Q (sky130_fd_sc_hd__dfxtp_1)
                                                         net38 (net)
                      0.056958    0.000031    0.791093 ^ output38/A (sky130_fd_sc_hd__buf_2)
     1    0.034503    0.171265    0.203439    0.994533 ^ output38/X (sky130_fd_sc_hd__buf_2)
                                                         rdata[26] (net)
                      0.171265    0.000424    0.994957 ^ rdata[26] (out)
                                              0.994957   data arrival time

                                 10.000000   10.000000   clock clk (rise edge)
                                  0.000000   10.000000   clock network delay (propagated)
                                 -0.250000    9.750000   clock uncertainty
                                  0.000000    9.750000   clock reconvergence pessimism
                                 -2.000000    7.750000   output external delay
                                              7.750000   data required time
---------------------------------------------------------------------------------------------
                                              7.750000   data required time
                                             -0.994957   data arrival time
---------------------------------------------------------------------------------------------
                                              6.755044   slack (MET)


Startpoint: _1422_ (rising edge-triggered flip-flop clocked by clk)
Endpoint: rdata[29] (output port clocked by clk)
Path Group: clk
Path Type: max

Fanout         Cap        Slew       Delay        Time   Description
---------------------------------------------------------------------------------------------
                                  0.000000    0.000000   clock clk (rise edge)
                                  0.000000    0.000000   clock source latency
     1    0.024950    0.117791    0.081531    0.081531 ^ clk (in)
                                                         clk (net)
                      0.117803    0.000000    0.081531 ^ clkbuf_0_clk/A (sky130_fd_sc_hd__clkbuf_16)
     8    0.101812    0.118042    0.212408    0.293940 ^ clkbuf_0_clk/X (sky130_fd_sc_hd__clkbuf_16)
                                                         clknet_0_clk (net)
                      0.118177    0.003282    0.297222 ^ clkbuf_3_6__f_clk/A (sky130_fd_sc_hd__clkbuf_16)
    14    0.045743    0.064948    0.172761    0.469983 ^ clkbuf_3_6__f_clk/X (sky130_fd_sc_hd__clkbuf_16)
                                                         clknet_3_6__leaf_clk (net)
                      0.064979    0.001275    0.471257 ^ _1422_/CLK (sky130_fd_sc_hd__dfxtp_1)
     2    0.004669    0.056258    0.319612    0.790869 ^ _1422_/Q (sky130_fd_sc_hd__dfxtp_1)
                                                         net41 (net)
                      0.056258    0.000050    0.790919 ^ output41/A (sky130_fd_sc_hd__buf_2)
     1    0.034538    0.171425    0.203298    0.994217 ^ output41/X (sky130_fd_sc_hd__buf_2)
                                                         rdata[29] (net)
                      0.171425    0.000425    0.994641 ^ rdata[29] (out)
                                              0.994641   data arrival time

                                 10.000000   10.000000   clock clk (rise edge)
                                  0.000000   10.000000   clock network delay (propagated)
                                 -0.250000    9.750000   clock uncertainty
                                  0.000000    9.750000   clock reconvergence pessimism
                                 -2.000000    7.750000   output external delay
                                              7.750000   data required time
---------------------------------------------------------------------------------------------
                                              7.750000   data required time
                                             -0.994641   data arrival time
---------------------------------------------------------------------------------------------
                                              6.755359   slack (MET)


Startpoint: _1406_ (rising edge-triggered flip-flop clocked by clk)
Endpoint: rdata[13] (output port clocked by clk)
Path Group: clk
Path Type: max

Fanout         Cap        Slew       Delay        Time   Description
---------------------------------------------------------------------------------------------
                                  0.000000    0.000000   clock clk (rise edge)
                                  0.000000    0.000000   clock source latency
     1    0.024950    0.117791    0.081531    0.081531 ^ clk (in)
                                                         clk (net)
                      0.117803    0.000000    0.081531 ^ clkbuf_0_clk/A (sky130_fd_sc_hd__clkbuf_16)
     8    0.101812    0.118042    0.212408    0.293940 ^ clkbuf_0_clk/X (sky130_fd_sc_hd__clkbuf_16)
                                                         clknet_0_clk (net)
                      0.118078    0.001717    0.295657 ^ clkbuf_3_5__f_clk/A (sky130_fd_sc_hd__clkbuf_16)
    14    0.044834    0.064104    0.171899    0.467556 ^ clkbuf_3_5__f_clk/X (sky130_fd_sc_hd__clkbuf_16)
                                                         clknet_3_5__leaf_clk (net)
                      0.064152    0.001535    0.469091 ^ _1406_/CLK (sky130_fd_sc_hd__dfxtp_1)
     2    0.004856    0.057857    0.320522    0.789613 ^ _1406_/Q (sky130_fd_sc_hd__dfxtp_1)
                                                         net24 (net)
                      0.057857    0.000068    0.789682 ^ output24/A (sky130_fd_sc_hd__buf_2)
     1    0.034627    0.171805    0.204327    0.994008 ^ output24/X (sky130_fd_sc_hd__buf_2)
                                                         rdata[13] (net)
                      0.171805    0.000220    0.994228 ^ rdata[13] (out)
                                              0.994228   data arrival time

                                 10.000000   10.000000   clock clk (rise edge)
                                  0.000000   10.000000   clock network delay (propagated)
                                 -0.250000    9.750000   clock uncertainty
                                  0.000000    9.750000   clock reconvergence pessimism
                                 -2.000000    7.750000   output external delay
                                              7.750000   data required time
---------------------------------------------------------------------------------------------
                                              7.750000   data required time
                                             -0.994228   data arrival time
---------------------------------------------------------------------------------------------
                                              6.755772   slack (MET)


Startpoint: _1417_ (rising edge-triggered flip-flop clocked by clk)
Endpoint: rdata[24] (output port clocked by clk)
Path Group: clk
Path Type: max

Fanout         Cap        Slew       Delay        Time   Description
---------------------------------------------------------------------------------------------
                                  0.000000    0.000000   clock clk (rise edge)
                                  0.000000    0.000000   clock source latency
     1    0.024950    0.117791    0.081531    0.081531 ^ clk (in)
                                                         clk (net)
                      0.117803    0.000000    0.081531 ^ clkbuf_0_clk/A (sky130_fd_sc_hd__clkbuf_16)
     8    0.101812    0.118042    0.212408    0.293940 ^ clkbuf_0_clk/X (sky130_fd_sc_hd__clkbuf_16)
                                                         clknet_0_clk (net)
                      0.118081    0.001788    0.295728 ^ clkbuf_3_4__f_clk/A (sky130_fd_sc_hd__clkbuf_16)
    11    0.040866    0.060539    0.169002    0.464730 ^ clkbuf_3_4__f_clk/X (sky130_fd_sc_hd__clkbuf_16)
                                                         clknet_3_4__leaf_clk (net)
                      0.060581    0.001384    0.466114 ^ _1417_/CLK (sky130_fd_sc_hd__dfxtp_1)
     2    0.005345    0.062127    0.322424    0.788538 ^ _1417_/Q (sky130_fd_sc_hd__dfxtp_1)
                                                         net36 (net)
                      0.062127    0.000034    0.788572 ^ output36/A (sky130_fd_sc_hd__buf_2)
     1    0.034060    0.169185    0.204024    0.992595 ^ output36/X (sky130_fd_sc_hd__buf_2)
                                                         rdata[24] (net)
                      0.169185    0.000209    0.992804 ^ rdata[24] (out)
                                              0.992804   data arrival time

                                 10.000000   10.000000   clock clk (rise edge)
                                  0.000000   10.000000   clock network delay (propagated)
                                 -0.250000    9.750000   clock uncertainty
                                  0.000000    9.750000   clock reconvergence pessimism
                                 -2.000000    7.750000   output external delay
                                              7.750000   data required time
---------------------------------------------------------------------------------------------
                                              7.750000   data required time
                                             -0.992804   data arrival time
---------------------------------------------------------------------------------------------
                                              6.757195   slack (MET)


Startpoint: _1416_ (rising edge-triggered flip-flop clocked by clk)
Endpoint: rdata[23] (output port clocked by clk)
Path Group: clk
Path Type: max

Fanout         Cap        Slew       Delay        Time   Description
---------------------------------------------------------------------------------------------
                                  0.000000    0.000000   clock clk (rise edge)
                                  0.000000    0.000000   clock source latency
     1    0.024950    0.117791    0.081531    0.081531 ^ clk (in)
                                                         clk (net)
                      0.117803    0.000000    0.081531 ^ clkbuf_0_clk/A (sky130_fd_sc_hd__clkbuf_16)
     8    0.101812    0.118042    0.212408    0.293940 ^ clkbuf_0_clk/X (sky130_fd_sc_hd__clkbuf_16)
                                                         clknet_0_clk (net)
                      0.118180    0.003316    0.297256 ^ clkbuf_3_7__f_clk/A (sky130_fd_sc_hd__clkbuf_16)
    10    0.044183    0.063534    0.171616    0.468872 ^ clkbuf_3_7__f_clk/X (sky130_fd_sc_hd__clkbuf_16)
                                                         clknet_3_7__leaf_clk (net)
                      0.063552    0.001022    0.469894 ^ _1416_/CLK (sky130_fd_sc_hd__dfxtp_1)
     2    0.004653    0.056115    0.318969    0.788863 ^ _1416_/Q (sky130_fd_sc_hd__dfxtp_1)
                                                         net35 (net)
                      0.056115    0.000039    0.788902 ^ output35/A (sky130_fd_sc_hd__buf_2)
     1    0.034503    0.171260    0.203129    0.992030 ^ output35/X (sky130_fd_sc_hd__buf_2)
                                                         rdata[23] (net)
                      0.171260    0.000424    0.992454 ^ rdata[23] (out)
                                              0.992454   data arrival time

                                 10.000000   10.000000   clock clk (rise edge)
                                  0.000000   10.000000   clock network delay (propagated)
                                 -0.250000    9.750000   clock uncertainty
                                  0.000000    9.750000   clock reconvergence pessimism
                                 -2.000000    7.750000   output external delay
                                              7.750000   data required time
---------------------------------------------------------------------------------------------
                                              7.750000   data required time
                                             -0.992454   data arrival time
---------------------------------------------------------------------------------------------
                                              6.757546   slack (MET)


Startpoint: _1409_ (rising edge-triggered flip-flop clocked by clk)
Endpoint: rdata[16] (output port clocked by clk)
Path Group: clk
Path Type: max

Fanout         Cap        Slew       Delay        Time   Description
---------------------------------------------------------------------------------------------
                                  0.000000    0.000000   clock clk (rise edge)
                                  0.000000    0.000000   clock source latency
     1    0.024950    0.117791    0.081531    0.081531 ^ clk (in)
                                                         clk (net)
                      0.117803    0.000000    0.081531 ^ clkbuf_0_clk/A (sky130_fd_sc_hd__clkbuf_16)
     8    0.101812    0.118042    0.212408    0.293940 ^ clkbuf_0_clk/X (sky130_fd_sc_hd__clkbuf_16)
                                                         clknet_0_clk (net)
                      0.118078    0.001717    0.295657 ^ clkbuf_3_5__f_clk/A (sky130_fd_sc_hd__clkbuf_16)
    14    0.044834    0.064104    0.171899    0.467556 ^ clkbuf_3_5__f_clk/X (sky130_fd_sc_hd__clkbuf_16)
                                                         clknet_3_5__leaf_clk (net)
                      0.064168    0.001734    0.469290 ^ _1409_/CLK (sky130_fd_sc_hd__dfxtp_1)
     2    0.004594    0.055612    0.318815    0.788105 ^ _1409_/Q (sky130_fd_sc_hd__dfxtp_1)
                                                         net27 (net)
                      0.055612    0.000037    0.788142 ^ output27/A (sky130_fd_sc_hd__buf_2)
     1    0.034559    0.171467    0.203295    0.991437 ^ output27/X (sky130_fd_sc_hd__buf_2)
                                                         rdata[16] (net)
                      0.171467    0.000189    0.991626 ^ rdata[16] (out)
                                              0.991626   data arrival time

                                 10.000000   10.000000   clock clk (rise edge)
                                  0.000000   10.000000   clock network delay (propagated)
                                 -0.250000    9.750000   clock uncertainty
                                  0.000000    9.750000   clock reconvergence pessimism
                                 -2.000000    7.750000   output external delay
                                              7.750000   data required time
---------------------------------------------------------------------------------------------
                                              7.750000   data required time
                                             -0.991626   data arrival time
---------------------------------------------------------------------------------------------
                                              6.758374   slack (MET)


Startpoint: _1421_ (rising edge-triggered flip-flop clocked by clk)
Endpoint: rdata[28] (output port clocked by clk)
Path Group: clk
Path Type: max

Fanout         Cap        Slew       Delay        Time   Description
---------------------------------------------------------------------------------------------
                                  0.000000    0.000000   clock clk (rise edge)
                                  0.000000    0.000000   clock source latency
     1    0.024950    0.117791    0.081531    0.081531 ^ clk (in)
                                                         clk (net)
                      0.117803    0.000000    0.081531 ^ clkbuf_0_clk/A (sky130_fd_sc_hd__clkbuf_16)
     8    0.101812    0.118042    0.212408    0.293940 ^ clkbuf_0_clk/X (sky130_fd_sc_hd__clkbuf_16)
                                                         clknet_0_clk (net)
                      0.118177    0.003282    0.297222 ^ clkbuf_3_6__f_clk/A (sky130_fd_sc_hd__clkbuf_16)
    14    0.045743    0.064948    0.172761    0.469983 ^ clkbuf_3_6__f_clk/X (sky130_fd_sc_hd__clkbuf_16)
                                                         clknet_3_6__leaf_clk (net)
                      0.064969    0.001074    0.471056 ^ _1421_/CLK (sky130_fd_sc_hd__dfxtp_1)
     2    0.004387    0.053838    0.317754    0.788811 ^ _1421_/Q (sky130_fd_sc_hd__dfxtp_1)
                                                         net40 (net)
                      0.053838    0.000023    0.788834 ^ output40/A (sky130_fd_sc_hd__buf_2)
     1    0.034503    0.171248    0.202291    0.991124 ^ output40/X (sky130_fd_sc_hd__buf_2)
                                                         rdata[28] (net)
                      0.171248    0.000424    0.991548 ^ rdata[28] (out)
                                              0.991548   data arrival time

                                 10.000000   10.000000   clock clk (rise edge)
                                  0.000000   10.000000   clock network delay (propagated)
                                 -0.250000    9.750000   clock uncertainty
                                  0.000000    9.750000   clock reconvergence pessimism
                                 -2.000000    7.750000   output external delay
                                              7.750000   data required time
---------------------------------------------------------------------------------------------
                                              7.750000   data required time
                                             -0.991548   data arrival time
---------------------------------------------------------------------------------------------
                                              6.758452   slack (MET)


Startpoint: _1402_ (rising edge-triggered flip-flop clocked by clk)
Endpoint: rdata[9] (output port clocked by clk)
Path Group: clk
Path Type: max

Fanout         Cap        Slew       Delay        Time   Description
---------------------------------------------------------------------------------------------
                                  0.000000    0.000000   clock clk (rise edge)
                                  0.000000    0.000000   clock source latency
     1    0.024950    0.117791    0.081531    0.081531 ^ clk (in)
                                                         clk (net)
                      0.117803    0.000000    0.081531 ^ clkbuf_0_clk/A (sky130_fd_sc_hd__clkbuf_16)
     8    0.101812    0.118042    0.212408    0.293940 ^ clkbuf_0_clk/X (sky130_fd_sc_hd__clkbuf_16)
                                                         clknet_0_clk (net)
                      0.118081    0.001788    0.295728 ^ clkbuf_3_4__f_clk/A (sky130_fd_sc_hd__clkbuf_16)
    11    0.040866    0.060539    0.169002    0.464730 ^ clkbuf_3_4__f_clk/X (sky130_fd_sc_hd__clkbuf_16)
                                                         clknet_3_4__leaf_clk (net)
                      0.060542    0.000601    0.465331 ^ _1402_/CLK (sky130_fd_sc_hd__dfxtp_1)
     2    0.005332    0.062021    0.322313    0.787645 ^ _1402_/Q (sky130_fd_sc_hd__dfxtp_1)
                                                         net51 (net)
                      0.062021    0.000065    0.787710 ^ output51/A (sky130_fd_sc_hd__buf_2)
     1    0.033912    0.168484    0.203523    0.991233 ^ output51/X (sky130_fd_sc_hd__buf_2)
                                                         rdata[9] (net)
                      0.168484    0.000165    0.991399 ^ rdata[9] (out)
                                              0.991399   data arrival time

                                 10.000000   10.000000   clock clk (rise edge)
                                  0.000000   10.000000   clock network delay (propagated)
                                 -0.250000    9.750000   clock uncertainty
                                  0.000000    9.750000   clock reconvergence pessimism
                                 -2.000000    7.750000   output external delay
                                              7.750000   data required time
---------------------------------------------------------------------------------------------
                                              7.750000   data required time
                                             -0.991399   data arrival time
---------------------------------------------------------------------------------------------
                                              6.758601   slack (MET)


Startpoint: _1401_ (rising edge-triggered flip-flop clocked by clk)
Endpoint: rdata[8] (output port clocked by clk)
Path Group: clk
Path Type: max

Fanout         Cap        Slew       Delay        Time   Description
---------------------------------------------------------------------------------------------
                                  0.000000    0.000000   clock clk (rise edge)
                                  0.000000    0.000000   clock source latency
     1    0.024950    0.117791    0.081531    0.081531 ^ clk (in)
                                                         clk (net)
                      0.117803    0.000000    0.081531 ^ clkbuf_0_clk/A (sky130_fd_sc_hd__clkbuf_16)
     8    0.101812    0.118042    0.212408    0.293940 ^ clkbuf_0_clk/X (sky130_fd_sc_hd__clkbuf_16)
                                                         clknet_0_clk (net)
                      0.118177    0.003282    0.297222 ^ clkbuf_3_6__f_clk/A (sky130_fd_sc_hd__clkbuf_16)
    14    0.045743    0.064948    0.172761    0.469983 ^ clkbuf_3_6__f_clk/X (sky130_fd_sc_hd__clkbuf_16)
                                                         clknet_3_6__leaf_clk (net)
                      0.064962    0.000924    0.470906 ^ _1401_/CLK (sky130_fd_sc_hd__dfxtp_1)
     2    0.004291    0.053023    0.317121    0.788027 ^ _1401_/Q (sky130_fd_sc_hd__dfxtp_1)
                                                         net50 (net)
                      0.053023    0.000022    0.788049 ^ output50/A (sky130_fd_sc_hd__buf_2)
     1    0.034682    0.172084    0.202562    0.990611 ^ output50/X (sky130_fd_sc_hd__buf_2)
                                                         rdata[8] (net)
                      0.172084    0.000453    0.991064 ^ rdata[8] (out)
                                              0.991064   data arrival time

                                 10.000000   10.000000   clock clk (rise edge)
                                  0.000000   10.000000   clock network delay (propagated)
                                 -0.250000    9.750000   clock uncertainty
                                  0.000000    9.750000   clock reconvergence pessimism
                                 -2.000000    7.750000   output external delay
                                              7.750000   data required time
---------------------------------------------------------------------------------------------
                                              7.750000   data required time
                                             -0.991064   data arrival time
---------------------------------------------------------------------------------------------
                                              6.758936   slack (MET)


Startpoint: _1405_ (rising edge-triggered flip-flop clocked by clk)
Endpoint: rdata[12] (output port clocked by clk)
Path Group: clk
Path Type: max

Fanout         Cap        Slew       Delay        Time   Description
---------------------------------------------------------------------------------------------
                                  0.000000    0.000000   clock clk (rise edge)
                                  0.000000    0.000000   clock source latency
     1    0.024950    0.117791    0.081531    0.081531 ^ clk (in)
                                                         clk (net)
                      0.117803    0.000000    0.081531 ^ clkbuf_0_clk/A (sky130_fd_sc_hd__clkbuf_16)
     8    0.101812    0.118042    0.212408    0.293940 ^ clkbuf_0_clk/X (sky130_fd_sc_hd__clkbuf_16)
                                                         clknet_0_clk (net)
                      0.118078    0.001717    0.295657 ^ clkbuf_3_5__f_clk/A (sky130_fd_sc_hd__clkbuf_16)
    14    0.044834    0.064104    0.171899    0.467556 ^ clkbuf_3_5__f_clk/X (sky130_fd_sc_hd__clkbuf_16)
                                                         clknet_3_5__leaf_clk (net)
                      0.064142    0.001385    0.468940 ^ _1405_/CLK (sky130_fd_sc_hd__dfxtp_1)
     2    0.004426    0.054173    0.317702    0.786642 ^ _1405_/Q (sky130_fd_sc_hd__dfxtp_1)
                                                         net23 (net)
                      0.054173    0.000021    0.786663 ^ output23/A (sky130_fd_sc_hd__buf_2)
     1    0.034358    0.170540    0.202039    0.988702 ^ output23/X (sky130_fd_sc_hd__buf_2)
                                                         rdata[12] (net)
                      0.170540    0.000271    0.988972 ^ rdata[12] (out)
                                              0.988972   data arrival time

                                 10.000000   10.000000   clock clk (rise edge)
                                  0.000000   10.000000   clock network delay (propagated)
                                 -0.250000    9.750000   clock uncertainty
                                  0.000000    9.750000   clock reconvergence pessimism
                                 -2.000000    7.750000   output external delay
                                              7.750000   data required time
---------------------------------------------------------------------------------------------
                                              7.750000   data required time
                                             -0.988972   data arrival time
---------------------------------------------------------------------------------------------
                                              6.761027   slack (MET)


Startpoint: _1407_ (rising edge-triggered flip-flop clocked by clk)
Endpoint: rdata[14] (output port clocked by clk)
Path Group: clk
Path Type: max

Fanout         Cap        Slew       Delay        Time   Description
---------------------------------------------------------------------------------------------
                                  0.000000    0.000000   clock clk (rise edge)
                                  0.000000    0.000000   clock source latency
     1    0.024950    0.117791    0.081531    0.081531 ^ clk (in)
                                                         clk (net)
                      0.117803    0.000000    0.081531 ^ clkbuf_0_clk/A (sky130_fd_sc_hd__clkbuf_16)
     8    0.101812    0.118042    0.212408    0.293940 ^ clkbuf_0_clk/X (sky130_fd_sc_hd__clkbuf_16)
                                                         clknet_0_clk (net)
                      0.118078    0.001717    0.295657 ^ clkbuf_3_5__f_clk/A (sky130_fd_sc_hd__clkbuf_16)
    14    0.044834    0.064104    0.171899    0.467556 ^ clkbuf_3_5__f_clk/X (sky130_fd_sc_hd__clkbuf_16)
                                                         clknet_3_5__leaf_clk (net)
                      0.064161    0.001646    0.469202 ^ _1407_/CLK (sky130_fd_sc_hd__dfxtp_1)
     2    0.004354    0.053561    0.317231    0.786432 ^ _1407_/Q (sky130_fd_sc_hd__dfxtp_1)
                                                         net25 (net)
                      0.053561    0.000033    0.786466 ^ output25/A (sky130_fd_sc_hd__buf_2)
     1    0.034468    0.171049    0.202186    0.988651 ^ output25/X (sky130_fd_sc_hd__buf_2)
                                                         rdata[14] (net)
                      0.171049    0.000262    0.988913 ^ rdata[14] (out)
                                              0.988913   data arrival time

                                 10.000000   10.000000   clock clk (rise edge)
                                  0.000000   10.000000   clock network delay (propagated)
                                 -0.250000    9.750000   clock uncertainty
                                  0.000000    9.750000   clock reconvergence pessimism
                                 -2.000000    7.750000   output external delay
                                              7.750000   data required time
---------------------------------------------------------------------------------------------
                                              7.750000   data required time
                                             -0.988913   data arrival time
---------------------------------------------------------------------------------------------
                                              6.761086   slack (MET)


Startpoint: _1394_ (rising edge-triggered flip-flop clocked by clk)
Endpoint: rdata[1] (output port clocked by clk)
Path Group: clk
Path Type: max

Fanout         Cap        Slew       Delay        Time   Description
---------------------------------------------------------------------------------------------
                                  0.000000    0.000000   clock clk (rise edge)
                                  0.000000    0.000000   clock source latency
     1    0.024950    0.117791    0.081531    0.081531 ^ clk (in)
                                                         clk (net)
                      0.117803    0.000000    0.081531 ^ clkbuf_0_clk/A (sky130_fd_sc_hd__clkbuf_16)
     8    0.101812    0.118042    0.212408    0.293940 ^ clkbuf_0_clk/X (sky130_fd_sc_hd__clkbuf_16)
                                                         clknet_0_clk (net)
                      0.118508    0.005978    0.299917 ^ clkbuf_3_0__f_clk/A (sky130_fd_sc_hd__clkbuf_16)
     9    0.037838    0.057925    0.167263    0.467180 ^ clkbuf_3_0__f_clk/X (sky130_fd_sc_hd__clkbuf_16)
                                                         clknet_3_0__leaf_clk (net)
                      0.057929    0.000453    0.467634 ^ _1394_/CLK (sky130_fd_sc_hd__dfxtp_1)
     2    0.004818    0.057542    0.317957    0.785590 ^ _1394_/Q (sky130_fd_sc_hd__dfxtp_1)
                                                         net31 (net)
                      0.057542    0.000030    0.785621 ^ output31/A (sky130_fd_sc_hd__buf_2)
     1    0.034049    0.169107    0.202301    0.987921 ^ output31/X (sky130_fd_sc_hd__buf_2)
                                                         rdata[1] (net)
                      0.169107    0.000206    0.988127 ^ rdata[1] (out)
                                              0.988127   data arrival time

                                 10.000000   10.000000   clock clk (rise edge)
                                  0.000000   10.000000   clock network delay (propagated)
                                 -0.250000    9.750000   clock uncertainty
                                  0.000000    9.750000   clock reconvergence pessimism
                                 -2.000000    7.750000   output external delay
                                              7.750000   data required time
---------------------------------------------------------------------------------------------
                                              7.750000   data required time
                                             -0.988127   data arrival time
---------------------------------------------------------------------------------------------
                                              6.761873   slack (MET)


Startpoint: _1395_ (rising edge-triggered flip-flop clocked by clk)
Endpoint: rdata[2] (output port clocked by clk)
Path Group: clk
Path Type: max

Fanout         Cap        Slew       Delay        Time   Description
---------------------------------------------------------------------------------------------
                                  0.000000    0.000000   clock clk (rise edge)
                                  0.000000    0.000000   clock source latency
     1    0.024950    0.117791    0.081531    0.081531 ^ clk (in)
                                                         clk (net)
                      0.117803    0.000000    0.081531 ^ clkbuf_0_clk/A (sky130_fd_sc_hd__clkbuf_16)
     8    0.101812    0.118042    0.212408    0.293940 ^ clkbuf_0_clk/X (sky130_fd_sc_hd__clkbuf_16)
                                                         clknet_0_clk (net)
                      0.118388    0.005176    0.299116 ^ clkbuf_3_2__f_clk/A (sky130_fd_sc_hd__clkbuf_16)
     9    0.038967    0.058895    0.167951    0.467067 ^ clkbuf_3_2__f_clk/X (sky130_fd_sc_hd__clkbuf_16)
                                                         clknet_3_2__leaf_clk (net)
                      0.058907    0.000782    0.467849 ^ _1395_/CLK (sky130_fd_sc_hd__dfxtp_1)
     2    0.004728    0.056764    0.317720    0.785568 ^ _1395_/Q (sky130_fd_sc_hd__dfxtp_1)
                                                         net42 (net)
                      0.056764    0.000047    0.785615 ^ output42/A (sky130_fd_sc_hd__buf_2)
     1    0.034103    0.169353    0.202197    0.987813 ^ output42/X (sky130_fd_sc_hd__buf_2)
                                                         rdata[2] (net)
                      0.169353    0.000200    0.988013 ^ rdata[2] (out)
                                              0.988013   data arrival time

                                 10.000000   10.000000   clock clk (rise edge)
                                  0.000000   10.000000   clock network delay (propagated)
                                 -0.250000    9.750000   clock uncertainty
                                  0.000000    9.750000   clock reconvergence pessimism
                                 -2.000000    7.750000   output external delay
                                              7.750000   data required time
---------------------------------------------------------------------------------------------
                                              7.750000   data required time
                                             -0.988013   data arrival time
---------------------------------------------------------------------------------------------
                                              6.761987   slack (MET)


Startpoint: _1414_ (rising edge-triggered flip-flop clocked by clk)
Endpoint: rdata[21] (output port clocked by clk)
Path Group: clk
Path Type: max

Fanout         Cap        Slew       Delay        Time   Description
---------------------------------------------------------------------------------------------
                                  0.000000    0.000000   clock clk (rise edge)
                                  0.000000    0.000000   clock source latency
     1    0.024950    0.117791    0.081531    0.081531 ^ clk (in)
                                                         clk (net)
                      0.117803    0.000000    0.081531 ^ clkbuf_0_clk/A (sky130_fd_sc_hd__clkbuf_16)
     8    0.101812    0.118042    0.212408    0.293940 ^ clkbuf_0_clk/X (sky130_fd_sc_hd__clkbuf_16)
                                                         clknet_0_clk (net)
                      0.118180    0.003316    0.297256 ^ clkbuf_3_7__f_clk/A (sky130_fd_sc_hd__clkbuf_16)
    10    0.044183    0.063534    0.171616    0.468872 ^ clkbuf_3_7__f_clk/X (sky130_fd_sc_hd__clkbuf_16)
                                                         clknet_3_7__leaf_clk (net)
                      0.063580    0.001506    0.470378 ^ _1414_/CLK (sky130_fd_sc_hd__dfxtp_1)
     2    0.004160    0.051907    0.315731    0.786109 ^ _1414_/Q (sky130_fd_sc_hd__dfxtp_1)
                                                         net33 (net)
                      0.051907    0.000030    0.786140 ^ output33/A (sky130_fd_sc_hd__buf_2)
     1    0.034243    0.169998    0.200816    0.986956 ^ output33/X (sky130_fd_sc_hd__buf_2)
                                                         rdata[21] (net)
                      0.169998    0.000253    0.987209 ^ rdata[21] (out)
                                              0.987209   data arrival time

                                 10.000000   10.000000   clock clk (rise edge)
                                  0.000000   10.000000   clock network delay (propagated)
                                 -0.250000    9.750000   clock uncertainty
                                  0.000000    9.750000   clock reconvergence pessimism
                                 -2.000000    7.750000   output external delay
                                              7.750000   data required time
---------------------------------------------------------------------------------------------
                                              7.750000   data required time
                                             -0.987209   data arrival time
---------------------------------------------------------------------------------------------
                                              6.762791   slack (MET)


Startpoint: _1413_ (rising edge-triggered flip-flop clocked by clk)
Endpoint: rdata[20] (output port clocked by clk)
Path Group: clk
Path Type: max

Fanout         Cap        Slew       Delay        Time   Description
---------------------------------------------------------------------------------------------
                                  0.000000    0.000000   clock clk (rise edge)
                                  0.000000    0.000000   clock source latency
     1    0.024950    0.117791    0.081531    0.081531 ^ clk (in)
                                                         clk (net)
                      0.117803    0.000000    0.081531 ^ clkbuf_0_clk/A (sky130_fd_sc_hd__clkbuf_16)
     8    0.101812    0.118042    0.212408    0.293940 ^ clkbuf_0_clk/X (sky130_fd_sc_hd__clkbuf_16)
                                                         clknet_0_clk (net)
                      0.118081    0.001788    0.295728 ^ clkbuf_3_4__f_clk/A (sky130_fd_sc_hd__clkbuf_16)
    11    0.040866    0.060539    0.169002    0.464730 ^ clkbuf_3_4__f_clk/X (sky130_fd_sc_hd__clkbuf_16)
                                                         clknet_3_4__leaf_clk (net)
                      0.060584    0.001433    0.466164 ^ _1413_/CLK (sky130_fd_sc_hd__dfxtp_1)
     2    0.004587    0.055554    0.317423    0.783587 ^ _1413_/Q (sky130_fd_sc_hd__dfxtp_1)
                                                         net32 (net)
                      0.055554    0.000037    0.783624 ^ output32/A (sky130_fd_sc_hd__buf_2)
     1    0.034568    0.171510    0.203304    0.986928 ^ output32/X (sky130_fd_sc_hd__buf_2)
                                                         rdata[20] (net)
                      0.171510    0.000189    0.987117 ^ rdata[20] (out)
                                              0.987117   data arrival time

                                 10.000000   10.000000   clock clk (rise edge)
                                  0.000000   10.000000   clock network delay (propagated)
                                 -0.250000    9.750000   clock uncertainty
                                  0.000000    9.750000   clock reconvergence pessimism
                                 -2.000000    7.750000   output external delay
                                              7.750000   data required time
---------------------------------------------------------------------------------------------
                                              7.750000   data required time
                                             -0.987117   data arrival time
---------------------------------------------------------------------------------------------
                                              6.762883   slack (MET)


Startpoint: _1408_ (rising edge-triggered flip-flop clocked by clk)
Endpoint: rdata[15] (output port clocked by clk)
Path Group: clk
Path Type: max

Fanout         Cap        Slew       Delay        Time   Description
---------------------------------------------------------------------------------------------
                                  0.000000    0.000000   clock clk (rise edge)
                                  0.000000    0.000000   clock source latency
     1    0.024950    0.117791    0.081531    0.081531 ^ clk (in)
                                                         clk (net)
                      0.117803    0.000000    0.081531 ^ clkbuf_0_clk/A (sky130_fd_sc_hd__clkbuf_16)
     8    0.101812    0.118042    0.212408    0.293940 ^ clkbuf_0_clk/X (sky130_fd_sc_hd__clkbuf_16)
                                                         clknet_0_clk (net)
                      0.118078    0.001717    0.295657 ^ clkbuf_3_5__f_clk/A (sky130_fd_sc_hd__clkbuf_16)
    14    0.044834    0.064104    0.171899    0.467556 ^ clkbuf_3_5__f_clk/X (sky130_fd_sc_hd__clkbuf_16)
                                                         clknet_3_5__leaf_clk (net)
                      0.064165    0.001704    0.469260 ^ _1408_/CLK (sky130_fd_sc_hd__dfxtp_1)
     2    0.004165    0.051953    0.315986    0.785246 ^ _1408_/Q (sky130_fd_sc_hd__dfxtp_1)
                                                         net26 (net)
                      0.051953    0.000035    0.785282 ^ output26/A (sky130_fd_sc_hd__buf_2)
     1    0.033910    0.168430    0.199792    0.985074 ^ output26/X (sky130_fd_sc_hd__buf_2)
                                                         rdata[15] (net)
                      0.168430    0.000165    0.985239 ^ rdata[15] (out)
                                              0.985239   data arrival time

                                 10.000000   10.000000   clock clk (rise edge)
                                  0.000000   10.000000   clock network delay (propagated)
                                 -0.250000    9.750000   clock uncertainty
                                  0.000000    9.750000   clock reconvergence pessimism
                                 -2.000000    7.750000   output external delay
                                              7.750000   data required time
---------------------------------------------------------------------------------------------
                                              7.750000   data required time
                                             -0.985239   data arrival time
---------------------------------------------------------------------------------------------
                                              6.764760   slack (MET)


Startpoint: _1393_ (rising edge-triggered flip-flop clocked by clk)
Endpoint: rdata[0] (output port clocked by clk)
Path Group: clk
Path Type: max

Fanout         Cap        Slew       Delay        Time   Description
---------------------------------------------------------------------------------------------
                                  0.000000    0.000000   clock clk (rise edge)
                                  0.000000    0.000000   clock source latency
     1    0.024950    0.117791    0.081531    0.081531 ^ clk (in)
                                                         clk (net)
                      0.117803    0.000000    0.081531 ^ clkbuf_0_clk/A (sky130_fd_sc_hd__clkbuf_16)
     8    0.101812    0.118042    0.212408    0.293940 ^ clkbuf_0_clk/X (sky130_fd_sc_hd__clkbuf_16)
                                                         clknet_0_clk (net)
                      0.118508    0.005978    0.299917 ^ clkbuf_3_0__f_clk/A (sky130_fd_sc_hd__clkbuf_16)
     9    0.037838    0.057925    0.167263    0.467180 ^ clkbuf_3_0__f_clk/X (sky130_fd_sc_hd__clkbuf_16)
                                                         clknet_3_0__leaf_clk (net)
                      0.057927    0.000389    0.467569 ^ _1393_/CLK (sky130_fd_sc_hd__dfxtp_1)
     2    0.004302    0.053126    0.314547    0.782116 ^ _1393_/Q (sky130_fd_sc_hd__dfxtp_1)
                                                         net20 (net)
                      0.053126    0.000036    0.782152 ^ output20/A (sky130_fd_sc_hd__buf_2)
     1    0.034103    0.169341    0.200827    0.982979 ^ output20/X (sky130_fd_sc_hd__buf_2)
                                                         rdata[0] (net)
                      0.169341    0.000243    0.983222 ^ rdata[0] (out)
                                              0.983222   data arrival time

                                 10.000000   10.000000   clock clk (rise edge)
                                  0.000000   10.000000   clock network delay (propagated)
                                 -0.250000    9.750000   clock uncertainty
                                  0.000000    9.750000   clock reconvergence pessimism
                                 -2.000000    7.750000   output external delay
                                              7.750000   data required time
---------------------------------------------------------------------------------------------
                                              7.750000   data required time
                                             -0.983222   data arrival time
---------------------------------------------------------------------------------------------
                                              6.766778   slack (MET)


Startpoint: _1415_ (rising edge-triggered flip-flop clocked by clk)
Endpoint: rdata[22] (output port clocked by clk)
Path Group: clk
Path Type: max

Fanout         Cap        Slew       Delay        Time   Description
---------------------------------------------------------------------------------------------
                                  0.000000    0.000000   clock clk (rise edge)
                                  0.000000    0.000000   clock source latency
     1    0.024950    0.117791    0.081531    0.081531 ^ clk (in)
                                                         clk (net)
                      0.117803    0.000000    0.081531 ^ clkbuf_0_clk/A (sky130_fd_sc_hd__clkbuf_16)
     8    0.101812    0.118042    0.212408    0.293940 ^ clkbuf_0_clk/X (sky130_fd_sc_hd__clkbuf_16)
                                                         clknet_0_clk (net)
                      0.118180    0.003316    0.297256 ^ clkbuf_3_7__f_clk/A (sky130_fd_sc_hd__clkbuf_16)
    10    0.044183    0.063534    0.171616    0.468872 ^ clkbuf_3_7__f_clk/X (sky130_fd_sc_hd__clkbuf_16)
                                                         clknet_3_7__leaf_clk (net)
                      0.063579    0.001491    0.470363 ^ _1415_/CLK (sky130_fd_sc_hd__dfxtp_1)
     2    0.003846    0.049254    0.313666    0.784029 ^ _1415_/Q (sky130_fd_sc_hd__dfxtp_1)
                                                         net34 (net)
                      0.049254    0.000031    0.784059 ^ output34/A (sky130_fd_sc_hd__buf_2)
     1    0.033922    0.168492    0.198791    0.982851 ^ output34/X (sky130_fd_sc_hd__buf_2)
                                                         rdata[22] (net)
                      0.168492    0.000174    0.983024 ^ rdata[22] (out)
                                              0.983024   data arrival time

                                 10.000000   10.000000   clock clk (rise edge)
                                  0.000000   10.000000   clock network delay (propagated)
                                 -0.250000    9.750000   clock uncertainty
                                  0.000000    9.750000   clock reconvergence pessimism
                                 -2.000000    7.750000   output external delay
                                              7.750000   data required time
---------------------------------------------------------------------------------------------
                                              7.750000   data required time
                                             -0.983024   data arrival time
---------------------------------------------------------------------------------------------
                                              6.766975   slack (MET)


Startpoint: _1410_ (rising edge-triggered flip-flop clocked by clk)
Endpoint: rdata[17] (output port clocked by clk)
Path Group: clk
Path Type: max

Fanout         Cap        Slew       Delay        Time   Description
---------------------------------------------------------------------------------------------
                                  0.000000    0.000000   clock clk (rise edge)
                                  0.000000    0.000000   clock source latency
     1    0.024950    0.117791    0.081531    0.081531 ^ clk (in)
                                                         clk (net)
                      0.117803    0.000000    0.081531 ^ clkbuf_0_clk/A (sky130_fd_sc_hd__clkbuf_16)
     8    0.101812    0.118042    0.212408    0.293940 ^ clkbuf_0_clk/X (sky130_fd_sc_hd__clkbuf_16)
                                                         clknet_0_clk (net)
                      0.118081    0.001788    0.295728 ^ clkbuf_3_4__f_clk/A (sky130_fd_sc_hd__clkbuf_16)
    11    0.040866    0.060539    0.169002    0.464730 ^ clkbuf_3_4__f_clk/X (sky130_fd_sc_hd__clkbuf_16)
                                                         clknet_3_4__leaf_clk (net)
                      0.060552    0.000886    0.465617 ^ _1410_/CLK (sky130_fd_sc_hd__dfxtp_1)
     2    0.004397    0.053932    0.316163    0.781780 ^ _1410_/Q (sky130_fd_sc_hd__dfxtp_1)
                                                         net28 (net)
                      0.053932    0.000029    0.781810 ^ output28/A (sky130_fd_sc_hd__buf_2)
     1    0.033904    0.168403    0.200517    0.982327 ^ output28/X (sky130_fd_sc_hd__buf_2)
                                                         rdata[17] (net)
                      0.168403    0.000166    0.982493 ^ rdata[17] (out)
                                              0.982493   data arrival time

                                 10.000000   10.000000   clock clk (rise edge)
                                  0.000000   10.000000   clock network delay (propagated)
                                 -0.250000    9.750000   clock uncertainty
                                  0.000000    9.750000   clock reconvergence pessimism
                                 -2.000000    7.750000   output external delay
                                              7.750000   data required time
---------------------------------------------------------------------------------------------
                                              7.750000   data required time
                                             -0.982493   data arrival time
---------------------------------------------------------------------------------------------
                                              6.767508   slack (MET)


Startpoint: _1412_ (rising edge-triggered flip-flop clocked by clk)
Endpoint: rdata[19] (output port clocked by clk)
Path Group: clk
Path Type: max

Fanout         Cap        Slew       Delay        Time   Description
---------------------------------------------------------------------------------------------
                                  0.000000    0.000000   clock clk (rise edge)
                                  0.000000    0.000000   clock source latency
     1    0.024950    0.117791    0.081531    0.081531 ^ clk (in)
                                                         clk (net)
                      0.117803    0.000000    0.081531 ^ clkbuf_0_clk/A (sky130_fd_sc_hd__clkbuf_16)
     8    0.101812    0.118042    0.212408    0.293940 ^ clkbuf_0_clk/X (sky130_fd_sc_hd__clkbuf_16)
                                                         clknet_0_clk (net)
                      0.118081    0.001788    0.295728 ^ clkbuf_3_4__f_clk/A (sky130_fd_sc_hd__clkbuf_16)
    11    0.040866    0.060539    0.169002    0.464730 ^ clkbuf_3_4__f_clk/X (sky130_fd_sc_hd__clkbuf_16)
                                                         clknet_3_4__leaf_clk (net)
                      0.060546    0.000735    0.465465 ^ _1412_/CLK (sky130_fd_sc_hd__dfxtp_1)
     2    0.004278    0.052920    0.315375    0.780841 ^ _1412_/Q (sky130_fd_sc_hd__dfxtp_1)
                                                         net30 (net)
                      0.052920    0.000030    0.780870 ^ output30/A (sky130_fd_sc_hd__buf_2)
     1    0.033982    0.168766    0.200389    0.981259 ^ output30/X (sky130_fd_sc_hd__buf_2)
                                                         rdata[19] (net)
                      0.168766    0.000183    0.981442 ^ rdata[19] (out)
                                              0.981442   data arrival time

                                 10.000000   10.000000   clock clk (rise edge)
                                  0.000000   10.000000   clock network delay (propagated)
                                 -0.250000    9.750000   clock uncertainty
                                  0.000000    9.750000   clock reconvergence pessimism
                                 -2.000000    7.750000   output external delay
                                              7.750000   data required time
---------------------------------------------------------------------------------------------
                                              7.750000   data required time
                                             -0.981442   data arrival time
---------------------------------------------------------------------------------------------
                                              6.768558   slack (MET)


Startpoint: _1396_ (rising edge-triggered flip-flop clocked by clk)
Endpoint: rdata[3] (output port clocked by clk)
Path Group: clk
Path Type: max

Fanout         Cap        Slew       Delay        Time   Description
---------------------------------------------------------------------------------------------
                                  0.000000    0.000000   clock clk (rise edge)
                                  0.000000    0.000000   clock source latency
     1    0.024950    0.117791    0.081531    0.081531 ^ clk (in)
                                                         clk (net)
                      0.117803    0.000000    0.081531 ^ clkbuf_0_clk/A (sky130_fd_sc_hd__clkbuf_16)
     8    0.101812    0.118042    0.212408    0.293940 ^ clkbuf_0_clk/X (sky130_fd_sc_hd__clkbuf_16)
                                                         clknet_0_clk (net)
                      0.118388    0.005176    0.299116 ^ clkbuf_3_2__f_clk/A (sky130_fd_sc_hd__clkbuf_16)
     9    0.038967    0.058895    0.167951    0.467067 ^ clkbuf_3_2__f_clk/X (sky130_fd_sc_hd__clkbuf_16)
                                                         clknet_3_2__leaf_clk (net)
                      0.058904    0.000711    0.467778 ^ _1396_/CLK (sky130_fd_sc_hd__dfxtp_1)
     2    0.003978    0.050370    0.312777    0.780556 ^ _1396_/Q (sky130_fd_sc_hd__dfxtp_1)
                                                         net45 (net)
                      0.050370    0.000032    0.780587 ^ output45/A (sky130_fd_sc_hd__buf_2)
     1    0.034032    0.169008    0.199566    0.980153 ^ output45/X (sky130_fd_sc_hd__buf_2)
                                                         rdata[3] (net)
                      0.169008    0.000200    0.980353 ^ rdata[3] (out)
                                              0.980353   data arrival time

                                 10.000000   10.000000   clock clk (rise edge)
                                  0.000000   10.000000   clock network delay (propagated)
                                 -0.250000    9.750000   clock uncertainty
                                  0.000000    9.750000   clock reconvergence pessimism
                                 -2.000000    7.750000   output external delay
                                              7.750000   data required time
---------------------------------------------------------------------------------------------
                                              7.750000   data required time
                                             -0.980353   data arrival time
---------------------------------------------------------------------------------------------
                                              6.769647   slack (MET)


Startpoint: _1411_ (rising edge-triggered flip-flop clocked by clk)
Endpoint: rdata[18] (output port clocked by clk)
Path Group: clk
Path Type: max

Fanout         Cap        Slew       Delay        Time   Description
---------------------------------------------------------------------------------------------
                                  0.000000    0.000000   clock clk (rise edge)
                                  0.000000    0.000000   clock source latency
     1    0.024950    0.117791    0.081531    0.081531 ^ clk (in)
                                                         clk (net)
                      0.117803    0.000000    0.081531 ^ clkbuf_0_clk/A (sky130_fd_sc_hd__clkbuf_16)
     8    0.101812    0.118042    0.212408    0.293940 ^ clkbuf_0_clk/X (sky130_fd_sc_hd__clkbuf_16)
                                                         clknet_0_clk (net)
                      0.118081    0.001788    0.295728 ^ clkbuf_3_4__f_clk/A (sky130_fd_sc_hd__clkbuf_16)
    11    0.040866    0.060539    0.169002    0.464730 ^ clkbuf_3_4__f_clk/X (sky130_fd_sc_hd__clkbuf_16)
                                                         clknet_3_4__leaf_clk (net)
                      0.060542    0.000609    0.465340 ^ _1411_/CLK (sky130_fd_sc_hd__dfxtp_1)
     2    0.004129    0.051652    0.314390    0.779730 ^ _1411_/Q (sky130_fd_sc_hd__dfxtp_1)
                                                         net29 (net)
                      0.051652    0.000034    0.779764 ^ output29/A (sky130_fd_sc_hd__buf_2)
     1    0.033932    0.168534    0.199743    0.979507 ^ output29/X (sky130_fd_sc_hd__buf_2)
                                                         rdata[18] (net)
                      0.168534    0.000174    0.979681 ^ rdata[18] (out)
                                              0.979681   data arrival time

                                 10.000000   10.000000   clock clk (rise edge)
                                  0.000000   10.000000   clock network delay (propagated)
                                 -0.250000    9.750000   clock uncertainty
                                  0.000000    9.750000   clock reconvergence pessimism
                                 -2.000000    7.750000   output external delay
                                              7.750000   data required time
---------------------------------------------------------------------------------------------
                                              7.750000   data required time
                                             -0.979681   data arrival time
---------------------------------------------------------------------------------------------
                                              6.770319   slack (MET)


Startpoint: write (input port clocked by clk)
Endpoint: _1384_ (rising edge-triggered flip-flop clocked by clk)
Path Group: clk
Path Type: max

Fanout         Cap        Slew       Delay        Time   Description
---------------------------------------------------------------------------------------------
                                  0.000000    0.000000   clock clk (rise edge)
                                  0.000000    0.000000   clock network delay (propagated)
                                  2.000000    2.000000 ^ input external delay
     1    0.002806    0.019758    0.010320    2.010320 ^ write (in)
                                                         write (net)
                      0.019758    0.000000    2.010320 ^ input19/A (sky130_fd_sc_hd__buf_1)
     5    0.013355    0.162706    0.155379    2.165699 ^ input19/X (sky130_fd_sc_hd__buf_1)
                                                         net19 (net)
                      0.162706    0.000136    2.165835 ^ _0695_/C (sky130_fd_sc_hd__and3_1)
     1    0.007688    0.091999    0.209082    2.374917 ^ _0695_/X (sky130_fd_sc_hd__and3_1)
                                                         _0084_ (net)
                      0.091999    0.000281    2.375197 ^ _0696_/D_N (sky130_fd_sc_hd__or4b_1)
     1    0.003682    0.089397    0.445177    2.820374 v _0696_/X (sky130_fd_sc_hd__or4b_1)
                                                         _0085_ (net)
                      0.089397    0.000050    2.820424 v _0699_/B (sky130_fd_sc_hd__nor3_1)
     1    0.001913    0.125852    0.159220    2.979644 ^ _0699_/Y (sky130_fd_sc_hd__nor3_1)
                                                         _0000_ (net)
                      0.125852    0.000016    2.979660 ^ _1384_/D (sky130_fd_sc_hd__dfxtp_1)
                                              2.979660   data arrival time

                                 10.000000   10.000000   clock clk (rise edge)
                                  0.000000   10.000000   clock source latency
     1    0.024950    0.117791    0.081531   10.081532 ^ clk (in)
                                                         clk (net)
                      0.117803    0.000000   10.081532 ^ clkbuf_0_clk/A (sky130_fd_sc_hd__clkbuf_16)
     8    0.101812    0.118042    0.212409   10.293941 ^ clkbuf_0_clk/X (sky130_fd_sc_hd__clkbuf_16)
                                                         clknet_0_clk (net)
                      0.118388    0.005176   10.299116 ^ clkbuf_3_2__f_clk/A (sky130_fd_sc_hd__clkbuf_16)
     9    0.038967    0.058895    0.167950   10.467067 ^ clkbuf_3_2__f_clk/X (sky130_fd_sc_hd__clkbuf_16)
                                                         clknet_3_2__leaf_clk (net)
                      0.058908    0.000794   10.467860 ^ _1384_/CLK (sky130_fd_sc_hd__dfxtp_1)
                                 -0.250000   10.217860   clock uncertainty
                                  0.000000   10.217860   clock reconvergence pessimism
                                 -0.070640   10.147221   library setup time
                                             10.147221   data required time
---------------------------------------------------------------------------------------------
                                             10.147221   data required time
                                             -2.979660   data arrival time
---------------------------------------------------------------------------------------------
                                              7.167560   slack (MET)


Startpoint: _1425_ (rising edge-triggered flip-flop clocked by clk)
Endpoint: _1436_ (rising edge-triggered flip-flop clocked by clk)
Path Group: clk
Path Type: max

Fanout         Cap        Slew       Delay        Time   Description
---------------------------------------------------------------------------------------------
                                  0.000000    0.000000   clock clk (rise edge)
                                  0.000000    0.000000   clock source latency
     1    0.024950    0.117791    0.081531    0.081531 ^ clk (in)
                                                         clk (net)
                      0.117803    0.000000    0.081531 ^ clkbuf_0_clk/A (sky130_fd_sc_hd__clkbuf_16)
     8    0.101812    0.118042    0.212408    0.293940 ^ clkbuf_0_clk/X (sky130_fd_sc_hd__clkbuf_16)
                                                         clknet_0_clk (net)
                      0.118516    0.006031    0.299970 ^ clkbuf_3_1__f_clk/A (sky130_fd_sc_hd__clkbuf_16)
    13    0.045331    0.064568    0.172593    0.472564 ^ clkbuf_3_1__f_clk/X (sky130_fd_sc_hd__clkbuf_16)
                                                         clknet_3_1__leaf_clk (net)
                      0.064574    0.000684    0.473248 ^ _1425_/CLK (sky130_fd_sc_hd__dfxtp_4)
     3    0.011874    0.040038    0.350202    0.823451 v _1425_/Q (sky130_fd_sc_hd__dfxtp_4)
                                                         core_b[0] (net)
                      0.040038    0.000111    0.823561 v fanout79/A (sky130_fd_sc_hd__buf_8)
     5    0.020330    0.030797    0.121719    0.945280 v fanout79/X (sky130_fd_sc_hd__buf_8)
                                                         net79 (net)
                      0.030799    0.000243    0.945522 v fanout78/A (sky130_fd_sc_hd__buf_2)
    10    0.032236    0.085254    0.170188    1.115711 v fanout78/X (sky130_fd_sc_hd__buf_2)
                                                         net78 (net)
                      0.085260    0.000776    1.116487 v _0842_/B (sky130_fd_sc_hd__and4_1)
     3    0.007580    0.058828    0.209541    1.326028 v _0842_/X (sky130_fd_sc_hd__and4_1)
                                                         _0179_ (net)
                      0.058828    0.000103    1.326131 v _0844_/B (sky130_fd_sc_hd__or3_1)
     2    0.006041    0.082821    0.368965    1.695096 v _0844_/X (sky130_fd_sc_hd__or3_1)
                                                         _0181_ (net)
                      0.082821    0.000080    1.695176 v _0848_/A1 (sky130_fd_sc_hd__a21o_1)
     2    0.006878    0.050468    0.184748    1.879924 v _0848_/X (sky130_fd_sc_hd__a21o_1)
                                                         _0185_ (net)
                      0.050468    0.000086    1.880010 v _0850_/B2 (sky130_fd_sc_hd__a22o_1)
     2    0.004958    0.049937    0.206280    2.086289 v _0850_/X (sky130_fd_sc_hd__a22o_1)
                                                         _0187_ (net)
                      0.049937    0.000051    2.086340 v _0851_/C (sky130_fd_sc_hd__and3_1)
     3    0.007437    0.057066    0.199066    2.285407 v _0851_/X (sky130_fd_sc_hd__and3_1)
                                                         _0188_ (net)
                      0.057066    0.000056    2.285462 v _0853_/A (sky130_fd_sc_hd__nor2_1)
     2    0.005533    0.119868    0.134557    2.420019 ^ _0853_/Y (sky130_fd_sc_hd__nor2_1)
                                                         _0190_ (net)
                      0.119868    0.000033    2.420053 ^ _0855_/B (sky130_fd_sc_hd__or2_1)
     2    0.006197    0.069045    0.134867    2.554919 ^ _0855_/X (sky130_fd_sc_hd__or2_1)
                                                         _0192_ (net)
                      0.069045    0.000035    2.554954 ^ _0856_/B (sky130_fd_sc_hd__nand2_1)
     1    0.004823    0.044575    0.065318    2.620272 v _0856_/Y (sky130_fd_sc_hd__nand2_1)
                                                         _0193_ (net)
                      0.044575    0.000050    2.620322 v _0858_/A (sky130_fd_sc_hd__xor2_1)
     1    0.003596    0.125347    0.151890    2.772212 ^ _0858_/X (sky130_fd_sc_hd__xor2_1)
                                                         _0195_ (net)
                      0.125347    0.000044    2.772256 ^ _0859_/B (sky130_fd_sc_hd__nand2_1)
     1    0.002477    0.061130    0.065221    2.837477 v _0859_/Y (sky130_fd_sc_hd__nand2_1)
                                                         _0196_ (net)
                      0.061130    0.000010    2.837488 v _0860_/C1 (sky130_fd_sc_hd__o211a_1)
     1    0.002298    0.036126    0.107701    2.945189 v _0860_/X (sky130_fd_sc_hd__o211a_1)
                                                         _0052_ (net)
                      0.036126    0.000022    2.945211 v _1436_/D (sky130_fd_sc_hd__dfxtp_1)
                                              2.945211   data arrival time

                                 10.000000   10.000000   clock clk (rise edge)
                                  0.000000   10.000000   clock source latency
     1    0.024950    0.117791    0.081531   10.081532 ^ clk (in)
                                                         clk (net)
                      0.117803    0.000000   10.081532 ^ clkbuf_0_clk/A (sky130_fd_sc_hd__clkbuf_16)
     8    0.101812    0.118042    0.212409   10.293941 ^ clkbuf_0_clk/X (sky130_fd_sc_hd__clkbuf_16)
                                                         clknet_0_clk (net)
                      0.118388    0.005176   10.299116 ^ clkbuf_3_2__f_clk/A (sky130_fd_sc_hd__clkbuf_16)
     9    0.038967    0.058895    0.167950   10.467067 ^ clkbuf_3_2__f_clk/X (sky130_fd_sc_hd__clkbuf_16)
                                                         clknet_3_2__leaf_clk (net)
                      0.058904    0.000712   10.467779 ^ _1436_/CLK (sky130_fd_sc_hd__dfxtp_1)
                                 -0.250000   10.217779   clock uncertainty
                                  0.000000   10.217779   clock reconvergence pessimism
                                 -0.103389   10.114389   library setup time
                                             10.114389   data required time
---------------------------------------------------------------------------------------------
                                             10.114389   data required time
                                             -2.945211   data arrival time
---------------------------------------------------------------------------------------------
                                              7.169179   slack (MET)


Startpoint: rst (input port clocked by clk)
Endpoint: _1435_ (rising edge-triggered flip-flop clocked by clk)
Path Group: clk
Path Type: max

Fanout         Cap        Slew       Delay        Time   Description
---------------------------------------------------------------------------------------------
                                  0.000000    0.000000   clock clk (rise edge)
                                  0.000000    0.000000   clock network delay (propagated)
                                  2.000000    2.000000 v input external delay
     1    0.002950    0.008980    0.004677    2.004677 v rst (in)
                                                         rst (net)
                      0.008980    0.000000    2.004677 v input9/A (sky130_fd_sc_hd__clkbuf_4)
     8    0.051241    0.107730    0.191130    2.195806 v input9/X (sky130_fd_sc_hd__clkbuf_4)
                                                         net9 (net)
                      0.108034    0.004214    2.200020 v _0694_/A (sky130_fd_sc_hd__inv_2)
     2    0.016998    0.085998    0.113630    2.313650 ^ _0694_/Y (sky130_fd_sc_hd__inv_2)
                                                         _0083_ (net)
                      0.086031    0.000266    2.313916 ^ fanout111/A (sky130_fd_sc_hd__buf_2)
     6    0.040238    0.197928    0.232696    2.546612 ^ fanout111/X (sky130_fd_sc_hd__buf_2)
                                                         net111 (net)
                      0.197928    0.000263    2.546875 ^ fanout110/A (sky130_fd_sc_hd__buf_2)
    10    0.041430    0.203916    0.270663    2.817538 ^ fanout110/X (sky130_fd_sc_hd__buf_2)
                                                         net110 (net)
                      0.203918    0.001039    2.818577 ^ _0840_/B1 (sky130_fd_sc_hd__o211a_1)
     1    0.002274    0.039654    0.172309    2.990886 ^ _0840_/X (sky130_fd_sc_hd__o211a_1)
                                                         _0051_ (net)
                      0.039654    0.000022    2.990907 ^ _1435_/D (sky130_fd_sc_hd__dfxtp_1)
                                              2.990907   data arrival time

                                 10.000000   10.000000   clock clk (rise edge)
                                  0.000000   10.000000   clock source latency
     1    0.024950    0.117791    0.081531   10.081532 ^ clk (in)
                                                         clk (net)
                      0.117803    0.000000   10.081532 ^ clkbuf_0_clk/A (sky130_fd_sc_hd__clkbuf_16)
     8    0.101812    0.118042    0.212409   10.293941 ^ clkbuf_0_clk/X (sky130_fd_sc_hd__clkbuf_16)
                                                         clknet_0_clk (net)
                      0.118388    0.005176   10.299116 ^ clkbuf_3_2__f_clk/A (sky130_fd_sc_hd__clkbuf_16)
     9    0.038967    0.058895    0.167950   10.467067 ^ clkbuf_3_2__f_clk/X (sky130_fd_sc_hd__clkbuf_16)
                                                         clknet_3_2__leaf_clk (net)
                      0.058907    0.000770   10.467836 ^ _1435_/CLK (sky130_fd_sc_hd__dfxtp_1)
                                 -0.250000   10.217836   clock uncertainty
                                  0.000000   10.217836   clock reconvergence pessimism
                                 -0.050778   10.167059   library setup time
                                             10.167059   data required time
---------------------------------------------------------------------------------------------
                                             10.167059   data required time
                                             -2.990907   data arrival time
---------------------------------------------------------------------------------------------
                                              7.176151   slack (MET)


Startpoint: rst (input port clocked by clk)
Endpoint: _1433_ (rising edge-triggered flip-flop clocked by clk)
Path Group: clk
Path Type: max

Fanout         Cap        Slew       Delay        Time   Description
---------------------------------------------------------------------------------------------
                                  0.000000    0.000000   clock clk (rise edge)
                                  0.000000    0.000000   clock network delay (propagated)
                                  2.000000    2.000000 v input external delay
     1    0.002950    0.008980    0.004677    2.004677 v rst (in)
                                                         rst (net)
                      0.008980    0.000000    2.004677 v input9/A (sky130_fd_sc_hd__clkbuf_4)
     8    0.051241    0.107730    0.191130    2.195806 v input9/X (sky130_fd_sc_hd__clkbuf_4)
                                                         net9 (net)
                      0.108034    0.004214    2.200020 v _0694_/A (sky130_fd_sc_hd__inv_2)
     2    0.016998    0.085998    0.113630    2.313650 ^ _0694_/Y (sky130_fd_sc_hd__inv_2)
                                                         _0083_ (net)
                      0.086031    0.000266    2.313916 ^ fanout111/A (sky130_fd_sc_hd__buf_2)
     6    0.040238    0.197928    0.232696    2.546612 ^ fanout111/X (sky130_fd_sc_hd__buf_2)
                                                         net111 (net)
                      0.197992    0.000932    2.547544 ^ fanout109/A (sky130_fd_sc_hd__buf_2)
    10    0.036001    0.178771    0.252387    2.799931 ^ fanout109/X (sky130_fd_sc_hd__buf_2)
                                                         net109 (net)
                      0.178782    0.001568    2.801499 ^ _0816_/A (sky130_fd_sc_hd__and3_1)
     1    0.001982    0.043750    0.166396    2.967895 ^ _0816_/X (sky130_fd_sc_hd__and3_1)
                                                         _0049_ (net)
                      0.043750    0.000017    2.967912 ^ _1433_/D (sky130_fd_sc_hd__dfxtp_1)
                                              2.967912   data arrival time

                                 10.000000   10.000000   clock clk (rise edge)
                                  0.000000   10.000000   clock source latency
     1    0.024950    0.117791    0.081531   10.081532 ^ clk (in)
                                                         clk (net)
                      0.117803    0.000000   10.081532 ^ clkbuf_0_clk/A (sky130_fd_sc_hd__clkbuf_16)
     8    0.101812    0.118042    0.212409   10.293941 ^ clkbuf_0_clk/X (sky130_fd_sc_hd__clkbuf_16)
                                                         clknet_0_clk (net)
                      0.118508    0.005977   10.299917 ^ clkbuf_3_0__f_clk/A (sky130_fd_sc_hd__clkbuf_16)
     9    0.037838    0.057925    0.167263   10.467180 ^ clkbuf_3_0__f_clk/X (sky130_fd_sc_hd__clkbuf_16)
                                                         clknet_3_0__leaf_clk (net)
                      0.057925    0.000097   10.467278 ^ _1433_/CLK (sky130_fd_sc_hd__dfxtp_1)
                                 -0.250000   10.217278   clock uncertainty
                                  0.000000   10.217278   clock reconvergence pessimism
                                 -0.051862   10.165416   library setup time
                                             10.165416   data required time
---------------------------------------------------------------------------------------------
                                             10.165416   data required time
                                             -2.967912   data arrival time
---------------------------------------------------------------------------------------------
                                              7.197503   slack (MET)


Startpoint: rst (input port clocked by clk)
Endpoint: _1434_ (rising edge-triggered flip-flop clocked by clk)
Path Group: clk
Path Type: max

Fanout         Cap        Slew       Delay        Time   Description
---------------------------------------------------------------------------------------------
                                  0.000000    0.000000   clock clk (rise edge)
                                  0.000000    0.000000   clock network delay (propagated)
                                  2.000000    2.000000 v input external delay
     1    0.002950    0.008980    0.004677    2.004677 v rst (in)
                                                         rst (net)
                      0.008980    0.000000    2.004677 v input9/A (sky130_fd_sc_hd__clkbuf_4)
     8    0.051241    0.107730    0.191130    2.195806 v input9/X (sky130_fd_sc_hd__clkbuf_4)
                                                         net9 (net)
                      0.108034    0.004214    2.200020 v _0694_/A (sky130_fd_sc_hd__inv_2)
     2    0.016998    0.085998    0.113630    2.313650 ^ _0694_/Y (sky130_fd_sc_hd__inv_2)
                                                         _0083_ (net)
                      0.086031    0.000266    2.313916 ^ fanout111/A (sky130_fd_sc_hd__buf_2)
     6    0.040238    0.197928    0.232696    2.546612 ^ fanout111/X (sky130_fd_sc_hd__buf_2)
                                                         net111 (net)
                      0.197992    0.000932    2.547544 ^ fanout109/A (sky130_fd_sc_hd__buf_2)
    10    0.036001    0.178771    0.252387    2.799931 ^ fanout109/X (sky130_fd_sc_hd__buf_2)
                                                         net109 (net)
                      0.178771    0.000487    2.800417 ^ _0825_/B1 (sky130_fd_sc_hd__o211a_1)
     1    0.002334    0.040046    0.166942    2.967359 ^ _0825_/X (sky130_fd_sc_hd__o211a_1)
                                                         _0050_ (net)
                      0.040046    0.000023    2.967382 ^ _1434_/D (sky130_fd_sc_hd__dfxtp_1)
                                              2.967382   data arrival time

                                 10.000000   10.000000   clock clk (rise edge)
                                  0.000000   10.000000   clock source latency
     1    0.024950    0.117791    0.081531   10.081532 ^ clk (in)
                                                         clk (net)
                      0.117803    0.000000   10.081532 ^ clkbuf_0_clk/A (sky130_fd_sc_hd__clkbuf_16)
     8    0.101812    0.118042    0.212409   10.293941 ^ clkbuf_0_clk/X (sky130_fd_sc_hd__clkbuf_16)
                                                         clknet_0_clk (net)
                      0.118508    0.005977   10.299917 ^ clkbuf_3_0__f_clk/A (sky130_fd_sc_hd__clkbuf_16)
     9    0.037838    0.057925    0.167263   10.467180 ^ clkbuf_3_0__f_clk/X (sky130_fd_sc_hd__clkbuf_16)
                                                         clknet_3_0__leaf_clk (net)
                      0.057930    0.000480   10.467660 ^ _1434_/CLK (sky130_fd_sc_hd__dfxtp_1)
                                 -0.250000   10.217660   clock uncertainty
                                  0.000000   10.217660   clock reconvergence pessimism
                                 -0.051008   10.166653   library setup time
                                             10.166653   data required time
---------------------------------------------------------------------------------------------
                                             10.166653   data required time
                                             -2.967382   data arrival time
---------------------------------------------------------------------------------------------
                                              7.199270   slack (MET)



