
===========================================================================
report_checks -path_delay min (Hold)
============================================================================
======================= nom_ff_n40C_1v95 Corner ===================================

Startpoint: _1463_ (rising edge-triggered flip-flop clocked by clk)
Endpoint: _1463_ (rising edge-triggered flip-flop clocked by clk)
Path Group: clk
Path Type: min

Fanout         Cap        Slew       Delay        Time   Description
---------------------------------------------------------------------------------------------
                      0.150000    0.000000    0.000000   clock clk (rise edge)
                                  0.000000    0.000000   clock network delay (ideal)
                      0.150000    0.000000    0.000000 ^ _1463_/CLK (sky130_fd_sc_hd__dfxtp_2)
     4    0.011340    0.030670    0.234524    0.234524 v _1463_/Q (sky130_fd_sc_hd__dfxtp_2)
                                                         core_out[30] (net)
                      0.030670    0.000000    0.234524 v _1377_/B (sky130_fd_sc_hd__nor2_2)
     1    0.004684    0.058248    0.056659    0.291183 ^ _1377_/Y (sky130_fd_sc_hd__nor2_2)
                                                         _0687_ (net)
                      0.058248    0.000000    0.291183 ^ _1378_/B1 (sky130_fd_sc_hd__a211oi_2)
     1    0.001783    0.020712    0.024369    0.315552 v _1378_/Y (sky130_fd_sc_hd__a211oi_2)
                                                         _0079_ (net)
                      0.020712    0.000000    0.315552 v _1463_/D (sky130_fd_sc_hd__dfxtp_2)
                                              0.315552   data arrival time

                      0.150000    0.000000    0.000000   clock clk (rise edge)
                                  0.000000    0.000000   clock network delay (ideal)
                                  0.250000    0.250000   clock uncertainty
                                  0.000000    0.250000   clock reconvergence pessimism
                                              0.250000 ^ _1463_/CLK (sky130_fd_sc_hd__dfxtp_2)
                                 -0.019534    0.230466   library hold time
                                              0.230466   data required time
---------------------------------------------------------------------------------------------
                                              0.230466   data required time
                                             -0.315552   data arrival time
---------------------------------------------------------------------------------------------
                                              0.085086   slack (MET)


Startpoint: _1439_ (rising edge-triggered flip-flop clocked by clk)
Endpoint: _1439_ (rising edge-triggered flip-flop clocked by clk)
Path Group: clk
Path Type: min

Fanout         Cap        Slew       Delay        Time   Description
---------------------------------------------------------------------------------------------
                      0.150000    0.000000    0.000000   clock clk (rise edge)
                                  0.000000    0.000000   clock network delay (ideal)
                      0.150000    0.000000    0.000000 ^ _1439_/CLK (sky130_fd_sc_hd__dfxtp_2)
     4    0.009155    0.043810    0.233192    0.233192 ^ _1439_/Q (sky130_fd_sc_hd__dfxtp_2)
                                                         core_out[6] (net)
                      0.043810    0.000000    0.233192 ^ _0958_/A2 (sky130_fd_sc_hd__o211a_2)
     1    0.001748    0.022366    0.088693    0.321885 ^ _0958_/X (sky130_fd_sc_hd__o211a_2)
                                                         _0055_ (net)
                      0.022366    0.000000    0.321885 ^ _1439_/D (sky130_fd_sc_hd__dfxtp_2)
                                              0.321885   data arrival time

                      0.150000    0.000000    0.000000   clock clk (rise edge)
                                  0.000000    0.000000   clock network delay (ideal)
                                  0.250000    0.250000   clock uncertainty
                                  0.000000    0.250000   clock reconvergence pessimism
                                              0.250000 ^ _1439_/CLK (sky130_fd_sc_hd__dfxtp_2)
                                 -0.013860    0.236140   library hold time
                                              0.236140   data required time
---------------------------------------------------------------------------------------------
                                              0.236140   data required time
                                             -0.321885   data arrival time
---------------------------------------------------------------------------------------------
                                              0.085744   slack (MET)


Startpoint: _1438_ (rising edge-triggered flip-flop clocked by clk)
Endpoint: _1438_ (rising edge-triggered flip-flop clocked by clk)
Path Group: clk
Path Type: min

Fanout         Cap        Slew       Delay        Time   Description
---------------------------------------------------------------------------------------------
                      0.150000    0.000000    0.000000   clock clk (rise edge)
                                  0.000000    0.000000   clock network delay (ideal)
                      0.150000    0.000000    0.000000 ^ _1438_/CLK (sky130_fd_sc_hd__dfxtp_2)
     4    0.009160    0.043827    0.233205    0.233205 ^ _1438_/Q (sky130_fd_sc_hd__dfxtp_2)
                                                         core_out[5] (net)
                      0.043827    0.000000    0.233205 ^ _0918_/A2 (sky130_fd_sc_hd__o211a_2)
     1    0.001748    0.022366    0.088696    0.321901 ^ _0918_/X (sky130_fd_sc_hd__o211a_2)
                                                         _0054_ (net)
                      0.022366    0.000000    0.321901 ^ _1438_/D (sky130_fd_sc_hd__dfxtp_2)
                                              0.321901   data arrival time

                      0.150000    0.000000    0.000000   clock clk (rise edge)
                                  0.000000    0.000000   clock network delay (ideal)
                                  0.250000    0.250000   clock uncertainty
                                  0.000000    0.250000   clock reconvergence pessimism
                                              0.250000 ^ _1438_/CLK (sky130_fd_sc_hd__dfxtp_2)
                                 -0.013860    0.236140   library hold time
                                              0.236140   data required time
---------------------------------------------------------------------------------------------
                                              0.236140   data required time
                                             -0.321901   data arrival time
---------------------------------------------------------------------------------------------
                                              0.085761   slack (MET)


Startpoint: _1448_ (rising edge-triggered flip-flop clocked by clk)
Endpoint: _1448_ (rising edge-triggered flip-flop clocked by clk)
Path Group: clk
Path Type: min

Fanout         Cap        Slew       Delay        Time   Description
---------------------------------------------------------------------------------------------
                      0.150000    0.000000    0.000000   clock clk (rise edge)
                                  0.000000    0.000000   clock network delay (ideal)
                      0.150000    0.000000    0.000000 ^ _1448_/CLK (sky130_fd_sc_hd__dfxtp_2)
     4    0.010345    0.047915    0.236373    0.236373 ^ _1448_/Q (sky130_fd_sc_hd__dfxtp_2)
                                                         core_out[15] (net)
                      0.047915    0.000000    0.236373 ^ _1272_/A2 (sky130_fd_sc_hd__o221a_2)
     1    0.001748    0.021902    0.089311    0.325684 ^ _1272_/X (sky130_fd_sc_hd__o221a_2)
                                                         _0064_ (net)
                      0.021902    0.000000    0.325684 ^ _1448_/D (sky130_fd_sc_hd__dfxtp_2)
                                              0.325684   data arrival time

                      0.150000    0.000000    0.000000   clock clk (rise edge)
                                  0.000000    0.000000   clock network delay (ideal)
                                  0.250000    0.250000   clock uncertainty
                                  0.000000    0.250000   clock reconvergence pessimism
                                              0.250000 ^ _1448_/CLK (sky130_fd_sc_hd__dfxtp_2)
                                 -0.013827    0.236173   library hold time
                                              0.236173   data required time
---------------------------------------------------------------------------------------------
                                              0.236173   data required time
                                             -0.325684   data arrival time
---------------------------------------------------------------------------------------------
                                              0.089511   slack (MET)


Startpoint: _1440_ (rising edge-triggered flip-flop clocked by clk)
Endpoint: _1440_ (rising edge-triggered flip-flop clocked by clk)
Path Group: clk
Path Type: min

Fanout         Cap        Slew       Delay        Time   Description
---------------------------------------------------------------------------------------------
                      0.150000    0.000000    0.000000   clock clk (rise edge)
                                  0.000000    0.000000   clock network delay (ideal)
                      0.150000    0.000000    0.000000 ^ _1440_/CLK (sky130_fd_sc_hd__dfxtp_2)
     4    0.010393    0.048081    0.236502    0.236502 ^ _1440_/Q (sky130_fd_sc_hd__dfxtp_2)
                                                         core_out[7] (net)
                      0.048081    0.000000    0.236502 ^ _1003_/A2 (sky130_fd_sc_hd__o211a_2)
     1    0.001748    0.022366    0.089425    0.325927 ^ _1003_/X (sky130_fd_sc_hd__o211a_2)
                                                         _0056_ (net)
                      0.022366    0.000000    0.325927 ^ _1440_/D (sky130_fd_sc_hd__dfxtp_2)
                                              0.325927   data arrival time

                      0.150000    0.000000    0.000000   clock clk (rise edge)
                                  0.000000    0.000000   clock network delay (ideal)
                                  0.250000    0.250000   clock uncertainty
                                  0.000000    0.250000   clock reconvergence pessimism
                                              0.250000 ^ _1440_/CLK (sky130_fd_sc_hd__dfxtp_2)
                                 -0.013860    0.236140   library hold time
                                              0.236140   data required time
---------------------------------------------------------------------------------------------
                                              0.236140   data required time
                                             -0.325927   data arrival time
---------------------------------------------------------------------------------------------
                                              0.089787   slack (MET)


Startpoint: _1435_ (rising edge-triggered flip-flop clocked by clk)
Endpoint: _1435_ (rising edge-triggered flip-flop clocked by clk)
Path Group: clk
Path Type: min

Fanout         Cap        Slew       Delay        Time   Description
---------------------------------------------------------------------------------------------
                      0.150000    0.000000    0.000000   clock clk (rise edge)
                                  0.000000    0.000000   clock network delay (ideal)
                      0.150000    0.000000    0.000000 ^ _1435_/CLK (sky130_fd_sc_hd__dfxtp_2)
     4    0.011238    0.050996    0.238761    0.238761 ^ _1435_/Q (sky130_fd_sc_hd__dfxtp_2)
                                                         core_out[2] (net)
                      0.050996    0.000000    0.238761 ^ _0840_/A2 (sky130_fd_sc_hd__o211a_2)
     1    0.001748    0.022366    0.089925    0.328686 ^ _0840_/X (sky130_fd_sc_hd__o211a_2)
                                                         _0051_ (net)
                      0.022366    0.000000    0.328686 ^ _1435_/D (sky130_fd_sc_hd__dfxtp_2)
                                              0.328686   data arrival time

                      0.150000    0.000000    0.000000   clock clk (rise edge)
                                  0.000000    0.000000   clock network delay (ideal)
                                  0.250000    0.250000   clock uncertainty
                                  0.000000    0.250000   clock reconvergence pessimism
                                              0.250000 ^ _1435_/CLK (sky130_fd_sc_hd__dfxtp_2)
                                 -0.013860    0.236140   library hold time
                                              0.236140   data required time
---------------------------------------------------------------------------------------------
                                              0.236140   data required time
                                             -0.328686   data arrival time
---------------------------------------------------------------------------------------------
                                              0.092546   slack (MET)


Startpoint: _1436_ (rising edge-triggered flip-flop clocked by clk)
Endpoint: _1436_ (rising edge-triggered flip-flop clocked by clk)
Path Group: clk
Path Type: min

Fanout         Cap        Slew       Delay        Time   Description
---------------------------------------------------------------------------------------------
                      0.150000    0.000000    0.000000   clock clk (rise edge)
                                  0.000000    0.000000   clock network delay (ideal)
                      0.150000    0.000000    0.000000 ^ _1436_/CLK (sky130_fd_sc_hd__dfxtp_2)
     4    0.011269    0.051102    0.238844    0.238844 ^ _1436_/Q (sky130_fd_sc_hd__dfxtp_2)
                                                         core_out[3] (net)
                      0.051102    0.000000    0.238844 ^ _0860_/A2 (sky130_fd_sc_hd__o211a_2)
     1    0.001748    0.022366    0.089943    0.328787 ^ _0860_/X (sky130_fd_sc_hd__o211a_2)
                                                         _0052_ (net)
                      0.022366    0.000000    0.328787 ^ _1436_/D (sky130_fd_sc_hd__dfxtp_2)
                                              0.328787   data arrival time

                      0.150000    0.000000    0.000000   clock clk (rise edge)
                                  0.000000    0.000000   clock network delay (ideal)
                                  0.250000    0.250000   clock uncertainty
                                  0.000000    0.250000   clock reconvergence pessimism
                                              0.250000 ^ _1436_/CLK (sky130_fd_sc_hd__dfxtp_2)
                                 -0.013860    0.236140   library hold time
                                              0.236140   data required time
---------------------------------------------------------------------------------------------
                                              0.236140   data required time
                                             -0.328787   data arrival time
---------------------------------------------------------------------------------------------
                                              0.092647   slack (MET)


Startpoint: _1434_ (rising edge-triggered flip-flop clocked by clk)
Endpoint: _1434_ (rising edge-triggered flip-flop clocked by clk)
Path Group: clk
Path Type: min

Fanout         Cap        Slew       Delay        Time   Description
---------------------------------------------------------------------------------------------
                      0.150000    0.000000    0.000000   clock clk (rise edge)
                                  0.000000    0.000000   clock network delay (ideal)
                      0.150000    0.000000    0.000000 ^ _1434_/CLK (sky130_fd_sc_hd__dfxtp_2)
     4    0.011303    0.051220    0.238935    0.238935 ^ _1434_/Q (sky130_fd_sc_hd__dfxtp_2)
                                                         core_out[1] (net)
                      0.051220    0.000000    0.238935 ^ _0825_/A2 (sky130_fd_sc_hd__o211a_2)
     1    0.001748    0.022366    0.089964    0.328898 ^ _0825_/X (sky130_fd_sc_hd__o211a_2)
                                                         _0050_ (net)
                      0.022366    0.000000    0.328898 ^ _1434_/D (sky130_fd_sc_hd__dfxtp_2)
                                              0.328898   data arrival time

                      0.150000    0.000000    0.000000   clock clk (rise edge)
                                  0.000000    0.000000   clock network delay (ideal)
                                  0.250000    0.250000   clock uncertainty
                                  0.000000    0.250000   clock reconvergence pessimism
                                              0.250000 ^ _1434_/CLK (sky130_fd_sc_hd__dfxtp_2)
                                 -0.013860    0.236140   library hold time
                                              0.236140   data required time
---------------------------------------------------------------------------------------------
                                              0.236140   data required time
                                             -0.328898   data arrival time
---------------------------------------------------------------------------------------------
                                              0.092758   slack (MET)


Startpoint: _1460_ (rising edge-triggered flip-flop clocked by clk)
Endpoint: _1460_ (rising edge-triggered flip-flop clocked by clk)
Path Group: clk
Path Type: min

Fanout         Cap        Slew       Delay        Time   Description
---------------------------------------------------------------------------------------------
                      0.150000    0.000000    0.000000   clock clk (rise edge)
                                  0.000000    0.000000   clock network delay (ideal)
                      0.150000    0.000000    0.000000 ^ _1460_/CLK (sky130_fd_sc_hd__dfxtp_2)
     4    0.016175    0.037647    0.242121    0.242121 v _1460_/Q (sky130_fd_sc_hd__dfxtp_2)
                                                         core_out[27] (net)
                      0.037647    0.000000    0.242121 v _1350_/B (sky130_fd_sc_hd__nor2_2)
     1    0.004684    0.058323    0.059230    0.301351 ^ _1350_/Y (sky130_fd_sc_hd__nor2_2)
                                                         _0663_ (net)
                      0.058323    0.000000    0.301351 ^ _1351_/B1 (sky130_fd_sc_hd__a211oi_2)
     1    0.001783    0.020723    0.024371    0.325722 v _1351_/Y (sky130_fd_sc_hd__a211oi_2)
                                                         _0076_ (net)
                      0.020723    0.000000    0.325722 v _1460_/D (sky130_fd_sc_hd__dfxtp_2)
                                              0.325722   data arrival time

                      0.150000    0.000000    0.000000   clock clk (rise edge)
                                  0.000000    0.000000   clock network delay (ideal)
                                  0.250000    0.250000   clock uncertainty
                                  0.000000    0.250000   clock reconvergence pessimism
                                              0.250000 ^ _1460_/CLK (sky130_fd_sc_hd__dfxtp_2)
                                 -0.019538    0.230462   library hold time
                                              0.230462   data required time
---------------------------------------------------------------------------------------------
                                              0.230462   data required time
                                             -0.325722   data arrival time
---------------------------------------------------------------------------------------------
                                              0.095260   slack (MET)


Startpoint: _1459_ (rising edge-triggered flip-flop clocked by clk)
Endpoint: _1459_ (rising edge-triggered flip-flop clocked by clk)
Path Group: clk
Path Type: min

Fanout         Cap        Slew       Delay        Time   Description
---------------------------------------------------------------------------------------------
                      0.150000    0.000000    0.000000   clock clk (rise edge)
                                  0.000000    0.000000   clock network delay (ideal)
                      0.150000    0.000000    0.000000 ^ _1459_/CLK (sky130_fd_sc_hd__dfxtp_2)
     5    0.012866    0.056612    0.243113    0.243113 ^ _1459_/Q (sky130_fd_sc_hd__dfxtp_2)
                                                         core_out[26] (net)
                      0.056612    0.000000    0.243113 ^ _1346_/A2 (sky130_fd_sc_hd__o211a_2)
     1    0.001748    0.022366    0.090778    0.333892 ^ _1346_/X (sky130_fd_sc_hd__o211a_2)
                                                         _0075_ (net)
                      0.022366    0.000000    0.333892 ^ _1459_/D (sky130_fd_sc_hd__dfxtp_2)
                                              0.333892   data arrival time

                      0.150000    0.000000    0.000000   clock clk (rise edge)
                                  0.000000    0.000000   clock network delay (ideal)
                                  0.250000    0.250000   clock uncertainty
                                  0.000000    0.250000   clock reconvergence pessimism
                                              0.250000 ^ _1459_/CLK (sky130_fd_sc_hd__dfxtp_2)
                                 -0.013860    0.236140   library hold time
                                              0.236140   data required time
---------------------------------------------------------------------------------------------
                                              0.236140   data required time
                                             -0.333892   data arrival time
---------------------------------------------------------------------------------------------
                                              0.097751   slack (MET)


Startpoint: _1456_ (rising edge-triggered flip-flop clocked by clk)
Endpoint: _1456_ (rising edge-triggered flip-flop clocked by clk)
Path Group: clk
Path Type: min

Fanout         Cap        Slew       Delay        Time   Description
---------------------------------------------------------------------------------------------
                      0.150000    0.000000    0.000000   clock clk (rise edge)
                                  0.000000    0.000000   clock network delay (ideal)
                      0.150000    0.000000    0.000000 ^ _1456_/CLK (sky130_fd_sc_hd__dfxtp_2)
     4    0.018139    0.040376    0.244680    0.244680 v _1456_/Q (sky130_fd_sc_hd__dfxtp_2)
                                                         core_out[23] (net)
                      0.040376    0.000000    0.244680 v _1324_/B (sky130_fd_sc_hd__nor2_2)
     1    0.004684    0.058352    0.060235    0.304916 ^ _1324_/Y (sky130_fd_sc_hd__nor2_2)
                                                         _0641_ (net)
                      0.058352    0.000000    0.304916 ^ _1325_/B1 (sky130_fd_sc_hd__a211oi_2)
     1    0.001783    0.020728    0.024372    0.329287 v _1325_/Y (sky130_fd_sc_hd__a211oi_2)
                                                         _0072_ (net)
                      0.020728    0.000000    0.329287 v _1456_/D (sky130_fd_sc_hd__dfxtp_2)
                                              0.329287   data arrival time

                      0.150000    0.000000    0.000000   clock clk (rise edge)
                                  0.000000    0.000000   clock network delay (ideal)
                                  0.250000    0.250000   clock uncertainty
                                  0.000000    0.250000   clock reconvergence pessimism
                                              0.250000 ^ _1456_/CLK (sky130_fd_sc_hd__dfxtp_2)
                                 -0.019539    0.230461   library hold time
                                              0.230461   data required time
---------------------------------------------------------------------------------------------
                                              0.230461   data required time
                                             -0.329287   data arrival time
---------------------------------------------------------------------------------------------
                                              0.098827   slack (MET)


Startpoint: _1442_ (rising edge-triggered flip-flop clocked by clk)
Endpoint: _1442_ (rising edge-triggered flip-flop clocked by clk)
Path Group: clk
Path Type: min

Fanout         Cap        Slew       Delay        Time   Description
---------------------------------------------------------------------------------------------
                      0.150000    0.000000    0.000000   clock clk (rise edge)
                                  0.000000    0.000000   clock network delay (ideal)
                      0.150000    0.000000    0.000000 ^ _1442_/CLK (sky130_fd_sc_hd__dfxtp_2)
     4    0.013281    0.058043    0.244223    0.244223 ^ _1442_/Q (sky130_fd_sc_hd__dfxtp_2)
                                                         core_out[9] (net)
                      0.058043    0.000000    0.244223 ^ _1092_/A2 (sky130_fd_sc_hd__o211a_2)
     1    0.001748    0.022465    0.090978    0.335201 ^ _1092_/X (sky130_fd_sc_hd__o211a_2)
                                                         _0058_ (net)
                      0.022465    0.000000    0.335201 ^ _1442_/D (sky130_fd_sc_hd__dfxtp_2)
                                              0.335201   data arrival time

                      0.150000    0.000000    0.000000   clock clk (rise edge)
                                  0.000000    0.000000   clock network delay (ideal)
                                  0.250000    0.250000   clock uncertainty
                                  0.000000    0.250000   clock reconvergence pessimism
                                              0.250000 ^ _1442_/CLK (sky130_fd_sc_hd__dfxtp_2)
                                 -0.013867    0.236133   library hold time
                                              0.236133   data required time
---------------------------------------------------------------------------------------------
                                              0.236133   data required time
                                             -0.335201   data arrival time
---------------------------------------------------------------------------------------------
                                              0.099068   slack (MET)


Startpoint: _1447_ (rising edge-triggered flip-flop clocked by clk)
Endpoint: _1447_ (rising edge-triggered flip-flop clocked by clk)
Path Group: clk
Path Type: min

Fanout         Cap        Slew       Delay        Time   Description
---------------------------------------------------------------------------------------------
                      0.150000    0.000000    0.000000   clock clk (rise edge)
                                  0.000000    0.000000   clock network delay (ideal)
                      0.150000    0.000000    0.000000 ^ _1447_/CLK (sky130_fd_sc_hd__dfxtp_2)
     4    0.013281    0.058043    0.244223    0.244223 ^ _1447_/Q (sky130_fd_sc_hd__dfxtp_2)
                                                         core_out[14] (net)
                      0.058043    0.000000    0.244223 ^ _1260_/A2 (sky130_fd_sc_hd__o211a_2)
     1    0.001748    0.022465    0.090978    0.335201 ^ _1260_/X (sky130_fd_sc_hd__o211a_2)
                                                         _0063_ (net)
                      0.022465    0.000000    0.335201 ^ _1447_/D (sky130_fd_sc_hd__dfxtp_2)
                                              0.335201   data arrival time

                      0.150000    0.000000    0.000000   clock clk (rise edge)
                                  0.000000    0.000000   clock network delay (ideal)
                                  0.250000    0.250000   clock uncertainty
                                  0.000000    0.250000   clock reconvergence pessimism
                                              0.250000 ^ _1447_/CLK (sky130_fd_sc_hd__dfxtp_2)
                                 -0.013867    0.236133   library hold time
                                              0.236133   data required time
---------------------------------------------------------------------------------------------
                                              0.236133   data required time
                                             -0.335201   data arrival time
---------------------------------------------------------------------------------------------
                                              0.099068   slack (MET)


Startpoint: _1462_ (rising edge-triggered flip-flop clocked by clk)
Endpoint: _1462_ (rising edge-triggered flip-flop clocked by clk)
Path Group: clk
Path Type: min

Fanout         Cap        Slew       Delay        Time   Description
---------------------------------------------------------------------------------------------
                      0.150000    0.000000    0.000000   clock clk (rise edge)
                                  0.000000    0.000000   clock network delay (ideal)
                      0.150000    0.000000    0.000000 ^ _1462_/CLK (sky130_fd_sc_hd__dfxtp_2)
     4    0.018806    0.041303    0.245549    0.245549 v _1462_/Q (sky130_fd_sc_hd__dfxtp_2)
                                                         core_out[29] (net)
                      0.041303    0.000000    0.245549 v _1366_/B (sky130_fd_sc_hd__nor2_2)
     1    0.004684    0.058362    0.060577    0.306126 ^ _1366_/Y (sky130_fd_sc_hd__nor2_2)
                                                         _0677_ (net)
                      0.058362    0.000000    0.306126 ^ _1367_/B1 (sky130_fd_sc_hd__a211oi_2)
     1    0.001783    0.020730    0.024372    0.330498 v _1367_/Y (sky130_fd_sc_hd__a211oi_2)
                                                         _0078_ (net)
                      0.020730    0.000000    0.330498 v _1462_/D (sky130_fd_sc_hd__dfxtp_2)
                                              0.330498   data arrival time

                      0.150000    0.000000    0.000000   clock clk (rise edge)
                                  0.000000    0.000000   clock network delay (ideal)
                                  0.250000    0.250000   clock uncertainty
                                  0.000000    0.250000   clock reconvergence pessimism
                                              0.250000 ^ _1462_/CLK (sky130_fd_sc_hd__dfxtp_2)
                                 -0.019540    0.230460   library hold time
                                              0.230460   data required time
---------------------------------------------------------------------------------------------
                                              0.230460   data required time
                                             -0.330498   data arrival time
---------------------------------------------------------------------------------------------
                                              0.100038   slack (MET)


Startpoint: _1445_ (rising edge-triggered flip-flop clocked by clk)
Endpoint: _1445_ (rising edge-triggered flip-flop clocked by clk)
Path Group: clk
Path Type: min

Fanout         Cap        Slew       Delay        Time   Description
---------------------------------------------------------------------------------------------
                      0.150000    0.000000    0.000000   clock clk (rise edge)
                                  0.000000    0.000000   clock network delay (ideal)
                      0.150000    0.000000    0.000000 ^ _1445_/CLK (sky130_fd_sc_hd__dfxtp_2)
     4    0.014632    0.062815    0.247785    0.247785 ^ _1445_/Q (sky130_fd_sc_hd__dfxtp_2)
                                                         core_out[12] (net)
                      0.062815    0.000000    0.247785 ^ _1203_/A2 (sky130_fd_sc_hd__o211a_2)
     1    0.001748    0.022366    0.091646    0.339431 ^ _1203_/X (sky130_fd_sc_hd__o211a_2)
                                                         _0061_ (net)
                      0.022366    0.000000    0.339431 ^ _1445_/D (sky130_fd_sc_hd__dfxtp_2)
                                              0.339431   data arrival time

                      0.150000    0.000000    0.000000   clock clk (rise edge)
                                  0.000000    0.000000   clock network delay (ideal)
                                  0.250000    0.250000   clock uncertainty
                                  0.000000    0.250000   clock reconvergence pessimism
                                              0.250000 ^ _1445_/CLK (sky130_fd_sc_hd__dfxtp_2)
                                 -0.013860    0.236140   library hold time
                                              0.236140   data required time
---------------------------------------------------------------------------------------------
                                              0.236140   data required time
                                             -0.339431   data arrival time
---------------------------------------------------------------------------------------------
                                              0.103291   slack (MET)


Startpoint: _1444_ (rising edge-triggered flip-flop clocked by clk)
Endpoint: _1444_ (rising edge-triggered flip-flop clocked by clk)
Path Group: clk
Path Type: min

Fanout         Cap        Slew       Delay        Time   Description
---------------------------------------------------------------------------------------------
                      0.150000    0.000000    0.000000   clock clk (rise edge)
                                  0.000000    0.000000   clock network delay (ideal)
                      0.150000    0.000000    0.000000 ^ _1444_/CLK (sky130_fd_sc_hd__dfxtp_2)
     4    0.014632    0.062815    0.247785    0.247785 ^ _1444_/Q (sky130_fd_sc_hd__dfxtp_2)
                                                         core_out[11] (net)
                      0.062815    0.000000    0.247785 ^ _1168_/A2 (sky130_fd_sc_hd__o211a_2)
     1    0.001748    0.022465    0.091646    0.339431 ^ _1168_/X (sky130_fd_sc_hd__o211a_2)
                                                         _0060_ (net)
                      0.022465    0.000000    0.339431 ^ _1444_/D (sky130_fd_sc_hd__dfxtp_2)
                                              0.339431   data arrival time

                      0.150000    0.000000    0.000000   clock clk (rise edge)
                                  0.000000    0.000000   clock network delay (ideal)
                                  0.250000    0.250000   clock uncertainty
                                  0.000000    0.250000   clock reconvergence pessimism
                                              0.250000 ^ _1444_/CLK (sky130_fd_sc_hd__dfxtp_2)
                                 -0.013867    0.236133   library hold time
                                              0.236133   data required time
---------------------------------------------------------------------------------------------
                                              0.236133   data required time
                                             -0.339431   data arrival time
---------------------------------------------------------------------------------------------
                                              0.103298   slack (MET)


Startpoint: _1455_ (rising edge-triggered flip-flop clocked by clk)
Endpoint: _1455_ (rising edge-triggered flip-flop clocked by clk)
Path Group: clk
Path Type: min

Fanout         Cap        Slew       Delay        Time   Description
---------------------------------------------------------------------------------------------
                      0.150000    0.000000    0.000000   clock clk (rise edge)
                                  0.000000    0.000000   clock network delay (ideal)
                      0.150000    0.000000    0.000000 ^ _1455_/CLK (sky130_fd_sc_hd__dfxtp_2)
     5    0.014894    0.063780    0.248458    0.248458 ^ _1455_/Q (sky130_fd_sc_hd__dfxtp_2)
                                                         core_out[22] (net)
                      0.063780    0.000000    0.248458 ^ _1320_/A2 (sky130_fd_sc_hd__o211a_2)
     1    0.001748    0.022366    0.091781    0.340239 ^ _1320_/X (sky130_fd_sc_hd__o211a_2)
                                                         _0071_ (net)
                      0.022366    0.000000    0.340239 ^ _1455_/D (sky130_fd_sc_hd__dfxtp_2)
                                              0.340239   data arrival time

                      0.150000    0.000000    0.000000   clock clk (rise edge)
                                  0.000000    0.000000   clock network delay (ideal)
                                  0.250000    0.250000   clock uncertainty
                                  0.000000    0.250000   clock reconvergence pessimism
                                              0.250000 ^ _1455_/CLK (sky130_fd_sc_hd__dfxtp_2)
                                 -0.013860    0.236140   library hold time
                                              0.236140   data required time
---------------------------------------------------------------------------------------------
                                              0.236140   data required time
                                             -0.340239   data arrival time
---------------------------------------------------------------------------------------------
                                              0.104099   slack (MET)


Startpoint: _1461_ (rising edge-triggered flip-flop clocked by clk)
Endpoint: _1461_ (rising edge-triggered flip-flop clocked by clk)
Path Group: clk
Path Type: min

Fanout         Cap        Slew       Delay        Time   Description
---------------------------------------------------------------------------------------------
                      0.150000    0.000000    0.000000   clock clk (rise edge)
                                  0.000000    0.000000   clock network delay (ideal)
                      0.150000    0.000000    0.000000 ^ _1461_/CLK (sky130_fd_sc_hd__dfxtp_2)
     5    0.014998    0.064163    0.248726    0.248726 ^ _1461_/Q (sky130_fd_sc_hd__dfxtp_2)
                                                         core_out[28] (net)
                      0.064163    0.000000    0.248726 ^ _1362_/A2 (sky130_fd_sc_hd__o211a_2)
     1    0.001748    0.022366    0.091834    0.340560 ^ _1362_/X (sky130_fd_sc_hd__o211a_2)
                                                         _0077_ (net)
                      0.022366    0.000000    0.340560 ^ _1461_/D (sky130_fd_sc_hd__dfxtp_2)
                                              0.340560   data arrival time

                      0.150000    0.000000    0.000000   clock clk (rise edge)
                                  0.000000    0.000000   clock network delay (ideal)
                                  0.250000    0.250000   clock uncertainty
                                  0.000000    0.250000   clock reconvergence pessimism
                                              0.250000 ^ _1461_/CLK (sky130_fd_sc_hd__dfxtp_2)
                                 -0.013860    0.236140   library hold time
                                              0.236140   data required time
---------------------------------------------------------------------------------------------
                                              0.236140   data required time
                                             -0.340560   data arrival time
---------------------------------------------------------------------------------------------
                                              0.104420   slack (MET)


Startpoint: _1452_ (rising edge-triggered flip-flop clocked by clk)
Endpoint: _1452_ (rising edge-triggered flip-flop clocked by clk)
Path Group: clk
Path Type: min

Fanout         Cap        Slew       Delay        Time   Description
---------------------------------------------------------------------------------------------
                      0.150000    0.000000    0.000000   clock clk (rise edge)
                                  0.000000    0.000000   clock network delay (ideal)
                      0.150000    0.000000    0.000000 ^ _1452_/CLK (sky130_fd_sc_hd__dfxtp_2)
     4    0.015541    0.066164    0.250121    0.250121 ^ _1452_/Q (sky130_fd_sc_hd__dfxtp_2)
                                                         core_out[19] (net)
                      0.066164    0.000000    0.250121 ^ _1297_/A2 (sky130_fd_sc_hd__o211a_2)
     1    0.001748    0.022366    0.092114    0.342235 ^ _1297_/X (sky130_fd_sc_hd__o211a_2)
                                                         _0068_ (net)
                      0.022366    0.000000    0.342235 ^ _1452_/D (sky130_fd_sc_hd__dfxtp_2)
                                              0.342235   data arrival time

                      0.150000    0.000000    0.000000   clock clk (rise edge)
                                  0.000000    0.000000   clock network delay (ideal)
                                  0.250000    0.250000   clock uncertainty
                                  0.000000    0.250000   clock reconvergence pessimism
                                              0.250000 ^ _1452_/CLK (sky130_fd_sc_hd__dfxtp_2)
                                 -0.013860    0.236140   library hold time
                                              0.236140   data required time
---------------------------------------------------------------------------------------------
                                              0.236140   data required time
                                             -0.342235   data arrival time
---------------------------------------------------------------------------------------------
                                              0.106094   slack (MET)


Startpoint: _1458_ (rising edge-triggered flip-flop clocked by clk)
Endpoint: _1458_ (rising edge-triggered flip-flop clocked by clk)
Path Group: clk
Path Type: min

Fanout         Cap        Slew       Delay        Time   Description
---------------------------------------------------------------------------------------------
                      0.150000    0.000000    0.000000   clock clk (rise edge)
                                  0.000000    0.000000   clock network delay (ideal)
                      0.150000    0.000000    0.000000 ^ _1458_/CLK (sky130_fd_sc_hd__dfxtp_2)
     6    0.022353    0.046230    0.250171    0.250171 v _1458_/Q (sky130_fd_sc_hd__dfxtp_2)
                                                         core_out[25] (net)
                      0.046230    0.000000    0.250171 v _1337_/B (sky130_fd_sc_hd__nor2_2)
     1    0.004684    0.058414    0.062392    0.312564 ^ _1337_/Y (sky130_fd_sc_hd__nor2_2)
                                                         _0652_ (net)
                      0.058414    0.000000    0.312564 ^ _1338_/B1 (sky130_fd_sc_hd__a211oi_2)
     1    0.001783    0.020738    0.024374    0.336937 v _1338_/Y (sky130_fd_sc_hd__a211oi_2)
                                                         _0074_ (net)
                      0.020738    0.000000    0.336937 v _1458_/D (sky130_fd_sc_hd__dfxtp_2)
                                              0.336937   data arrival time

                      0.150000    0.000000    0.000000   clock clk (rise edge)
                                  0.000000    0.000000   clock network delay (ideal)
                                  0.250000    0.250000   clock uncertainty
                                  0.000000    0.250000   clock reconvergence pessimism
                                              0.250000 ^ _1458_/CLK (sky130_fd_sc_hd__dfxtp_2)
                                 -0.019543    0.230457   library hold time
                                              0.230457   data required time
---------------------------------------------------------------------------------------------
                                              0.230457   data required time
                                             -0.336937   data arrival time
---------------------------------------------------------------------------------------------
                                              0.106480   slack (MET)


Startpoint: _1464_ (rising edge-triggered flip-flop clocked by clk)
Endpoint: _1464_ (rising edge-triggered flip-flop clocked by clk)
Path Group: clk
Path Type: min

Fanout         Cap        Slew       Delay        Time   Description
---------------------------------------------------------------------------------------------
                      0.150000    0.000000    0.000000   clock clk (rise edge)
                                  0.000000    0.000000   clock network delay (ideal)
                      0.150000    0.000000    0.000000 ^ _1464_/CLK (sky130_fd_sc_hd__dfxtp_2)
     3    0.013965    0.034559    0.239152    0.239152 v _1464_/Q (sky130_fd_sc_hd__dfxtp_2)
                                                         core_out[31] (net)
                      0.034559    0.000000    0.239152 v _1382_/A (sky130_fd_sc_hd__nor2_2)
     1    0.004684    0.058481    0.073764    0.312916 ^ _1382_/Y (sky130_fd_sc_hd__nor2_2)
                                                         _0691_ (net)
                      0.058481    0.000000    0.312916 ^ _1383_/B1 (sky130_fd_sc_hd__a211oi_2)
     1    0.001783    0.020748    0.024375    0.337292 v _1383_/Y (sky130_fd_sc_hd__a211oi_2)
                                                         _0080_ (net)
                      0.020748    0.000000    0.337292 v _1464_/D (sky130_fd_sc_hd__dfxtp_2)
                                              0.337292   data arrival time

                      0.150000    0.000000    0.000000   clock clk (rise edge)
                                  0.000000    0.000000   clock network delay (ideal)
                                  0.250000    0.250000   clock uncertainty
                                  0.000000    0.250000   clock reconvergence pessimism
                                              0.250000 ^ _1464_/CLK (sky130_fd_sc_hd__dfxtp_2)
                                 -0.019546    0.230454   library hold time
                                              0.230454   data required time
---------------------------------------------------------------------------------------------
                                              0.230454   data required time
                                             -0.337292   data arrival time
---------------------------------------------------------------------------------------------
                                              0.106838   slack (MET)


Startpoint: _1443_ (rising edge-triggered flip-flop clocked by clk)
Endpoint: _1443_ (rising edge-triggered flip-flop clocked by clk)
Path Group: clk
Path Type: min

Fanout         Cap        Slew       Delay        Time   Description
---------------------------------------------------------------------------------------------
                      0.150000    0.000000    0.000000   clock clk (rise edge)
                                  0.000000    0.000000   clock network delay (ideal)
                      0.150000    0.000000    0.000000 ^ _1443_/CLK (sky130_fd_sc_hd__dfxtp_2)
     4    0.017636    0.073884    0.255503    0.255503 ^ _1443_/Q (sky130_fd_sc_hd__dfxtp_2)
                                                         core_out[10] (net)
                      0.073884    0.000000    0.255503 ^ _1135_/A2 (sky130_fd_sc_hd__o211a_2)
     1    0.001748    0.022366    0.093194    0.348697 ^ _1135_/X (sky130_fd_sc_hd__o211a_2)
                                                         _0059_ (net)
                      0.022366    0.000000    0.348697 ^ _1443_/D (sky130_fd_sc_hd__dfxtp_2)
                                              0.348697   data arrival time

                      0.150000    0.000000    0.000000   clock clk (rise edge)
                                  0.000000    0.000000   clock network delay (ideal)
                                  0.250000    0.250000   clock uncertainty
                                  0.000000    0.250000   clock reconvergence pessimism
                                              0.250000 ^ _1443_/CLK (sky130_fd_sc_hd__dfxtp_2)
                                 -0.013860    0.236140   library hold time
                                              0.236140   data required time
---------------------------------------------------------------------------------------------
                                              0.236140   data required time
                                             -0.348697   data arrival time
---------------------------------------------------------------------------------------------
                                              0.112556   slack (MET)


Startpoint: _1451_ (rising edge-triggered flip-flop clocked by clk)
Endpoint: _1451_ (rising edge-triggered flip-flop clocked by clk)
Path Group: clk
Path Type: min

Fanout         Cap        Slew       Delay        Time   Description
---------------------------------------------------------------------------------------------
                      0.150000    0.000000    0.000000   clock clk (rise edge)
                                  0.000000    0.000000   clock network delay (ideal)
                      0.150000    0.000000    0.000000 ^ _1451_/CLK (sky130_fd_sc_hd__dfxtp_2)
     5    0.020174    0.083235    0.262023    0.262023 ^ _1451_/Q (sky130_fd_sc_hd__dfxtp_2)
                                                         core_out[18] (net)
                      0.083235    0.000000    0.262023 ^ _1292_/A2 (sky130_fd_sc_hd__o211a_2)
     1    0.001748    0.022366    0.094502    0.356525 ^ _1292_/X (sky130_fd_sc_hd__o211a_2)
                                                         _0067_ (net)
                      0.022366    0.000000    0.356525 ^ _1451_/D (sky130_fd_sc_hd__dfxtp_2)
                                              0.356525   data arrival time

                      0.150000    0.000000    0.000000   clock clk (rise edge)
                                  0.000000    0.000000   clock network delay (ideal)
                                  0.250000    0.250000   clock uncertainty
                                  0.000000    0.250000   clock reconvergence pessimism
                                              0.250000 ^ _1451_/CLK (sky130_fd_sc_hd__dfxtp_2)
                                 -0.013860    0.236140   library hold time
                                              0.236140   data required time
---------------------------------------------------------------------------------------------
                                              0.236140   data required time
                                             -0.356525   data arrival time
---------------------------------------------------------------------------------------------
                                              0.120384   slack (MET)


Startpoint: _1446_ (rising edge-triggered flip-flop clocked by clk)
Endpoint: _1446_ (rising edge-triggered flip-flop clocked by clk)
Path Group: clk
Path Type: min

Fanout         Cap        Slew       Delay        Time   Description
---------------------------------------------------------------------------------------------
                      0.150000    0.000000    0.000000   clock clk (rise edge)
                                  0.000000    0.000000   clock network delay (ideal)
                      0.150000    0.000000    0.000000 ^ _1446_/CLK (sky130_fd_sc_hd__dfxtp_2)
     5    0.020969    0.086165    0.264065    0.264065 ^ _1446_/Q (sky130_fd_sc_hd__dfxtp_2)
                                                         core_out[13] (net)
                      0.086165    0.000000    0.264065 ^ _1232_/A2 (sky130_fd_sc_hd__o211a_2)
     1    0.001748    0.022366    0.094912    0.358977 ^ _1232_/X (sky130_fd_sc_hd__o211a_2)
                                                         _0062_ (net)
                      0.022366    0.000000    0.358977 ^ _1446_/D (sky130_fd_sc_hd__dfxtp_2)
                                              0.358977   data arrival time

                      0.150000    0.000000    0.000000   clock clk (rise edge)
                                  0.000000    0.000000   clock network delay (ideal)
                                  0.250000    0.250000   clock uncertainty
                                  0.000000    0.250000   clock reconvergence pessimism
                                              0.250000 ^ _1446_/CLK (sky130_fd_sc_hd__dfxtp_2)
                                 -0.013860    0.236140   library hold time
                                              0.236140   data required time
---------------------------------------------------------------------------------------------
                                              0.236140   data required time
                                             -0.358977   data arrival time
---------------------------------------------------------------------------------------------
                                              0.122836   slack (MET)


Startpoint: _1433_ (rising edge-triggered flip-flop clocked by clk)
Endpoint: _1433_ (rising edge-triggered flip-flop clocked by clk)
Path Group: clk
Path Type: min

Fanout         Cap        Slew       Delay        Time   Description
---------------------------------------------------------------------------------------------
                      0.150000    0.000000    0.000000   clock clk (rise edge)
                                  0.000000    0.000000   clock network delay (ideal)
                      0.150000    0.000000    0.000000 ^ _1433_/CLK (sky130_fd_sc_hd__dfxtp_2)
     3    0.006626    0.035086    0.226431    0.226431 ^ _1433_/Q (sky130_fd_sc_hd__dfxtp_2)
                                                         core_out[0] (net)
                      0.035086    0.000000    0.226431 ^ _0813_/B1 (sky130_fd_sc_hd__a31o_2)
     1    0.001620    0.016497    0.049927    0.276358 ^ _0813_/X (sky130_fd_sc_hd__a31o_2)
                                                         _0153_ (net)
                      0.016497    0.000000    0.276358 ^ _0816_/B (sky130_fd_sc_hd__and3_2)
     1    0.001748    0.024138    0.085790    0.362149 ^ _0816_/X (sky130_fd_sc_hd__and3_2)
                                                         _0049_ (net)
                      0.024138    0.000000    0.362149 ^ _1433_/D (sky130_fd_sc_hd__dfxtp_2)
                                              0.362149   data arrival time

                      0.150000    0.000000    0.000000   clock clk (rise edge)
                                  0.000000    0.000000   clock network delay (ideal)
                                  0.250000    0.250000   clock uncertainty
                                  0.000000    0.250000   clock reconvergence pessimism
                                              0.250000 ^ _1433_/CLK (sky130_fd_sc_hd__dfxtp_2)
                                 -0.013983    0.236017   library hold time
                                              0.236017   data required time
---------------------------------------------------------------------------------------------
                                              0.236017   data required time
                                             -0.362149   data arrival time
---------------------------------------------------------------------------------------------
                                              0.126132   slack (MET)


Startpoint: _1450_ (rising edge-triggered flip-flop clocked by clk)
Endpoint: _1450_ (rising edge-triggered flip-flop clocked by clk)
Path Group: clk
Path Type: min

Fanout         Cap        Slew       Delay        Time   Description
---------------------------------------------------------------------------------------------
                      0.150000    0.000000    0.000000   clock clk (rise edge)
                                  0.000000    0.000000   clock network delay (ideal)
                      0.150000    0.000000    0.000000 ^ _1450_/CLK (sky130_fd_sc_hd__dfxtp_2)
     6    0.022418    0.091504    0.267787    0.267787 ^ _1450_/Q (sky130_fd_sc_hd__dfxtp_2)
                                                         core_out[17] (net)
                      0.091504    0.000000    0.267787 ^ _1285_/A2 (sky130_fd_sc_hd__o211a_2)
     1    0.001748    0.022365    0.095658    0.363446 ^ _1285_/X (sky130_fd_sc_hd__o211a_2)
                                                         _0066_ (net)
                      0.022365    0.000000    0.363446 ^ _1450_/D (sky130_fd_sc_hd__dfxtp_2)
                                              0.363446   data arrival time

                      0.150000    0.000000    0.000000   clock clk (rise edge)
                                  0.000000    0.000000   clock network delay (ideal)
                                  0.250000    0.250000   clock uncertainty
                                  0.000000    0.250000   clock reconvergence pessimism
                                              0.250000 ^ _1450_/CLK (sky130_fd_sc_hd__dfxtp_2)
                                 -0.013860    0.236140   library hold time
                                              0.236140   data required time
---------------------------------------------------------------------------------------------
                                              0.236140   data required time
                                             -0.363446   data arrival time
---------------------------------------------------------------------------------------------
                                              0.127305   slack (MET)


Startpoint: _1449_ (rising edge-triggered flip-flop clocked by clk)
Endpoint: _1449_ (rising edge-triggered flip-flop clocked by clk)
Path Group: clk
Path Type: min

Fanout         Cap        Slew       Delay        Time   Description
---------------------------------------------------------------------------------------------
                      0.150000    0.000000    0.000000   clock clk (rise edge)
                                  0.000000    0.000000   clock network delay (ideal)
                      0.150000    0.000000    0.000000 ^ _1449_/CLK (sky130_fd_sc_hd__dfxtp_2)
     6    0.022776    0.092823    0.268707    0.268707 ^ _1449_/Q (sky130_fd_sc_hd__dfxtp_2)
                                                         core_out[16] (net)
                      0.092823    0.000000    0.268707 ^ _1280_/A2 (sky130_fd_sc_hd__o211a_2)
     1    0.001748    0.022366    0.095843    0.364550 ^ _1280_/X (sky130_fd_sc_hd__o211a_2)
                                                         _0065_ (net)
                      0.022366    0.000000    0.364550 ^ _1449_/D (sky130_fd_sc_hd__dfxtp_2)
                                              0.364550   data arrival time

                      0.150000    0.000000    0.000000   clock clk (rise edge)
                                  0.000000    0.000000   clock network delay (ideal)
                                  0.250000    0.250000   clock uncertainty
                                  0.000000    0.250000   clock reconvergence pessimism
                                              0.250000 ^ _1449_/CLK (sky130_fd_sc_hd__dfxtp_2)
                                 -0.013860    0.236140   library hold time
                                              0.236140   data required time
---------------------------------------------------------------------------------------------
                                              0.236140   data required time
                                             -0.364550   data arrival time
---------------------------------------------------------------------------------------------
                                              0.128410   slack (MET)


Startpoint: _1441_ (rising edge-triggered flip-flop clocked by clk)
Endpoint: _1441_ (rising edge-triggered flip-flop clocked by clk)
Path Group: clk
Path Type: min

Fanout         Cap        Slew       Delay        Time   Description
---------------------------------------------------------------------------------------------
                      0.150000    0.000000    0.000000   clock clk (rise edge)
                                  0.000000    0.000000   clock network delay (ideal)
                      0.150000    0.000000    0.000000 ^ _1441_/CLK (sky130_fd_sc_hd__dfxtp_2)
     4    0.006518    0.034713    0.226142    0.226142 ^ _1441_/Q (sky130_fd_sc_hd__dfxtp_2)
                                                         core_out[8] (net)
                      0.034713    0.000000    0.226142 ^ _1049_/A0 (sky130_fd_sc_hd__mux2_1)
     1    0.001632    0.022769    0.066258    0.292400 ^ _1049_/X (sky130_fd_sc_hd__mux2_1)
                                                         _0381_ (net)
                      0.022769    0.000000    0.292400 ^ _1050_/B (sky130_fd_sc_hd__and2_2)
     1    0.001748    0.021780    0.072672    0.365072 ^ _1050_/X (sky130_fd_sc_hd__and2_2)
                                                         _0057_ (net)
                      0.021780    0.000000    0.365072 ^ _1441_/D (sky130_fd_sc_hd__dfxtp_2)
                                              0.365072   data arrival time

                      0.150000    0.000000    0.000000   clock clk (rise edge)
                                  0.000000    0.000000   clock network delay (ideal)
                                  0.250000    0.250000   clock uncertainty
                                  0.000000    0.250000   clock reconvergence pessimism
                                              0.250000 ^ _1441_/CLK (sky130_fd_sc_hd__dfxtp_2)
                                 -0.013819    0.236181   library hold time
                                              0.236181   data required time
---------------------------------------------------------------------------------------------
                                              0.236181   data required time
                                             -0.365072   data arrival time
---------------------------------------------------------------------------------------------
                                              0.128891   slack (MET)


Startpoint: _1454_ (rising edge-triggered flip-flop clocked by clk)
Endpoint: _1454_ (rising edge-triggered flip-flop clocked by clk)
Path Group: clk
Path Type: min

Fanout         Cap        Slew       Delay        Time   Description
---------------------------------------------------------------------------------------------
                      0.150000    0.000000    0.000000   clock clk (rise edge)
                                  0.000000    0.000000   clock network delay (ideal)
                      0.150000    0.000000    0.000000 ^ _1454_/CLK (sky130_fd_sc_hd__dfxtp_2)
     6    0.024534    0.099301    0.273223    0.273223 ^ _1454_/Q (sky130_fd_sc_hd__dfxtp_2)
                                                         core_out[21] (net)
                      0.099301    0.000000    0.273223 ^ _1312_/A2 (sky130_fd_sc_hd__o211a_2)
     1    0.001748    0.022365    0.096749    0.369972 ^ _1312_/X (sky130_fd_sc_hd__o211a_2)
                                                         _0070_ (net)
                      0.022365    0.000000    0.369972 ^ _1454_/D (sky130_fd_sc_hd__dfxtp_2)
                                              0.369972   data arrival time

                      0.150000    0.000000    0.000000   clock clk (rise edge)
                                  0.000000    0.000000   clock network delay (ideal)
                                  0.250000    0.250000   clock uncertainty
                                  0.000000    0.250000   clock reconvergence pessimism
                                              0.250000 ^ _1454_/CLK (sky130_fd_sc_hd__dfxtp_2)
                                 -0.013860    0.236140   library hold time
                                              0.236140   data required time
---------------------------------------------------------------------------------------------
                                              0.236140   data required time
                                             -0.369972   data arrival time
---------------------------------------------------------------------------------------------
                                              0.133832   slack (MET)


Startpoint: _1457_ (rising edge-triggered flip-flop clocked by clk)
Endpoint: _1457_ (rising edge-triggered flip-flop clocked by clk)
Path Group: clk
Path Type: min

Fanout         Cap        Slew       Delay        Time   Description
---------------------------------------------------------------------------------------------
                      0.150000    0.000000    0.000000   clock clk (rise edge)
                                  0.000000    0.000000   clock network delay (ideal)
                      0.150000    0.000000    0.000000 ^ _1457_/CLK (sky130_fd_sc_hd__dfxtp_2)
     6    0.024894    0.100627    0.274148    0.274148 ^ _1457_/Q (sky130_fd_sc_hd__dfxtp_2)
                                                         core_out[24] (net)
                      0.100627    0.000000    0.274148 ^ _1333_/A2 (sky130_fd_sc_hd__o211a_2)
     1    0.001748    0.022366    0.096934    0.371083 ^ _1333_/X (sky130_fd_sc_hd__o211a_2)
                                                         _0073_ (net)
                      0.022366    0.000000    0.371083 ^ _1457_/D (sky130_fd_sc_hd__dfxtp_2)
                                              0.371083   data arrival time

                      0.150000    0.000000    0.000000   clock clk (rise edge)
                                  0.000000    0.000000   clock network delay (ideal)
                                  0.250000    0.250000   clock uncertainty
                                  0.000000    0.250000   clock reconvergence pessimism
                                              0.250000 ^ _1457_/CLK (sky130_fd_sc_hd__dfxtp_2)
                                 -0.013860    0.236140   library hold time
                                              0.236140   data required time
---------------------------------------------------------------------------------------------
                                              0.236140   data required time
                                             -0.371083   data arrival time
---------------------------------------------------------------------------------------------
                                              0.134942   slack (MET)


Startpoint: _1437_ (rising edge-triggered flip-flop clocked by clk)
Endpoint: _1397_ (rising edge-triggered flip-flop clocked by clk)
Path Group: clk
Path Type: min

Fanout         Cap        Slew       Delay        Time   Description
---------------------------------------------------------------------------------------------
                      0.150000    0.000000    0.000000   clock clk (rise edge)
                                  0.000000    0.000000   clock network delay (ideal)
                      0.150000    0.000000    0.000000 ^ _1437_/CLK (sky130_fd_sc_hd__dfxtp_2)
     4    0.008349    0.041030    0.231037    0.231037 ^ _1437_/Q (sky130_fd_sc_hd__dfxtp_2)
                                                         core_out[4] (net)
                      0.041030    0.000000    0.231037 ^ _0737_/A1 (sky130_fd_sc_hd__a211o_2)
     1    0.002470    0.017002    0.068150    0.299187 ^ _0737_/X (sky130_fd_sc_hd__a211o_2)
                                                         _0113_ (net)
                      0.017002    0.000000    0.299187 ^ _0738_/B1 (sky130_fd_sc_hd__o211a_2)
     1    0.001748    0.022372    0.071955    0.371143 ^ _0738_/X (sky130_fd_sc_hd__o211a_2)
                                                         _0013_ (net)
                      0.022372    0.000000    0.371143 ^ _1397_/D (sky130_fd_sc_hd__dfxtp_2)
                                              0.371143   data arrival time

                      0.150000    0.000000    0.000000   clock clk (rise edge)
                                  0.000000    0.000000   clock network delay (ideal)
                                  0.250000    0.250000   clock uncertainty
                                  0.000000    0.250000   clock reconvergence pessimism
                                              0.250000 ^ _1397_/CLK (sky130_fd_sc_hd__dfxtp_2)
                                 -0.013860    0.236140   library hold time
                                              0.236140   data required time
---------------------------------------------------------------------------------------------
                                              0.236140   data required time
                                             -0.371143   data arrival time
---------------------------------------------------------------------------------------------
                                              0.135003   slack (MET)


Startpoint: _1453_ (rising edge-triggered flip-flop clocked by clk)
Endpoint: _1453_ (rising edge-triggered flip-flop clocked by clk)
Path Group: clk
Path Type: min

Fanout         Cap        Slew       Delay        Time   Description
---------------------------------------------------------------------------------------------
                      0.150000    0.000000    0.000000   clock clk (rise edge)
                                  0.000000    0.000000   clock network delay (ideal)
                      0.150000    0.000000    0.000000 ^ _1453_/CLK (sky130_fd_sc_hd__dfxtp_2)
     6    0.025004    0.101033    0.274431    0.274431 ^ _1453_/Q (sky130_fd_sc_hd__dfxtp_2)
                                                         core_out[20] (net)
                      0.101033    0.000000    0.274431 ^ _1307_/A2 (sky130_fd_sc_hd__o211a_2)
     1    0.001748    0.022366    0.096991    0.371422 ^ _1307_/X (sky130_fd_sc_hd__o211a_2)
                                                         _0069_ (net)
                      0.022366    0.000000    0.371422 ^ _1453_/D (sky130_fd_sc_hd__dfxtp_2)
                                              0.371422   data arrival time

                      0.150000    0.000000    0.000000   clock clk (rise edge)
                                  0.000000    0.000000   clock network delay (ideal)
                                  0.250000    0.250000   clock uncertainty
                                  0.000000    0.250000   clock reconvergence pessimism
                                              0.250000 ^ _1453_/CLK (sky130_fd_sc_hd__dfxtp_2)
                                 -0.013860    0.236140   library hold time
                                              0.236140   data required time
---------------------------------------------------------------------------------------------
                                              0.236140   data required time
                                             -0.371422   data arrival time
---------------------------------------------------------------------------------------------
                                              0.135282   slack (MET)


Startpoint: _1437_ (rising edge-triggered flip-flop clocked by clk)
Endpoint: _1437_ (rising edge-triggered flip-flop clocked by clk)
Path Group: clk
Path Type: min

Fanout         Cap        Slew       Delay        Time   Description
---------------------------------------------------------------------------------------------
                      0.150000    0.000000    0.000000   clock clk (rise edge)
                                  0.000000    0.000000   clock network delay (ideal)
                      0.150000    0.000000    0.000000 ^ _1437_/CLK (sky130_fd_sc_hd__dfxtp_2)
     4    0.008349    0.041030    0.231037    0.231037 ^ _1437_/Q (sky130_fd_sc_hd__dfxtp_2)
                                                         core_out[4] (net)
                      0.041030    0.000000    0.231037 ^ _0884_/A0 (sky130_fd_sc_hd__mux2_1)
     1    0.001632    0.022763    0.068031    0.299068 ^ _0884_/X (sky130_fd_sc_hd__mux2_1)
                                                         _0220_ (net)
                      0.022763    0.000000    0.299068 ^ _0885_/B (sky130_fd_sc_hd__and2_2)
     1    0.001748    0.021780    0.072670    0.371738 ^ _0885_/X (sky130_fd_sc_hd__and2_2)
                                                         _0053_ (net)
                      0.021780    0.000000    0.371738 ^ _1437_/D (sky130_fd_sc_hd__dfxtp_2)
                                              0.371738   data arrival time

                      0.150000    0.000000    0.000000   clock clk (rise edge)
                                  0.000000    0.000000   clock network delay (ideal)
                                  0.250000    0.250000   clock uncertainty
                                  0.000000    0.250000   clock reconvergence pessimism
                                              0.250000 ^ _1437_/CLK (sky130_fd_sc_hd__dfxtp_2)
                                 -0.013819    0.236181   library hold time
                                              0.236181   data required time
---------------------------------------------------------------------------------------------
                                              0.236181   data required time
                                             -0.371738   data arrival time
---------------------------------------------------------------------------------------------
                                              0.135557   slack (MET)


Startpoint: _1439_ (rising edge-triggered flip-flop clocked by clk)
Endpoint: _1399_ (rising edge-triggered flip-flop clocked by clk)
Path Group: clk
Path Type: min

Fanout         Cap        Slew       Delay        Time   Description
---------------------------------------------------------------------------------------------
                      0.150000    0.000000    0.000000   clock clk (rise edge)
                                  0.000000    0.000000   clock network delay (ideal)
                      0.150000    0.000000    0.000000 ^ _1439_/CLK (sky130_fd_sc_hd__dfxtp_2)
     4    0.009155    0.043810    0.233192    0.233192 ^ _1439_/Q (sky130_fd_sc_hd__dfxtp_2)
                                                         core_out[6] (net)
                      0.043810    0.000000    0.233192 ^ _0743_/A1 (sky130_fd_sc_hd__a211o_2)
     1    0.002470    0.017000    0.068877    0.302069 ^ _0743_/X (sky130_fd_sc_hd__a211o_2)
                                                         _0117_ (net)
                      0.017000    0.000000    0.302069 ^ _0744_/B1 (sky130_fd_sc_hd__o211a_2)
     1    0.001748    0.022372    0.071955    0.374024 ^ _0744_/X (sky130_fd_sc_hd__o211a_2)
                                                         _0015_ (net)
                      0.022372    0.000000    0.374024 ^ _1399_/D (sky130_fd_sc_hd__dfxtp_2)
                                              0.374024   data arrival time

                      0.150000    0.000000    0.000000   clock clk (rise edge)
                                  0.000000    0.000000   clock network delay (ideal)
                                  0.250000    0.250000   clock uncertainty
                                  0.000000    0.250000   clock reconvergence pessimism
                                              0.250000 ^ _1399_/CLK (sky130_fd_sc_hd__dfxtp_2)
                                 -0.013860    0.236140   library hold time
                                              0.236140   data required time
---------------------------------------------------------------------------------------------
                                              0.236140   data required time
                                             -0.374024   data arrival time
---------------------------------------------------------------------------------------------
                                              0.137884   slack (MET)


Startpoint: _1438_ (rising edge-triggered flip-flop clocked by clk)
Endpoint: _1398_ (rising edge-triggered flip-flop clocked by clk)
Path Group: clk
Path Type: min

Fanout         Cap        Slew       Delay        Time   Description
---------------------------------------------------------------------------------------------
                      0.150000    0.000000    0.000000   clock clk (rise edge)
                                  0.000000    0.000000   clock network delay (ideal)
                      0.150000    0.000000    0.000000 ^ _1438_/CLK (sky130_fd_sc_hd__dfxtp_2)
     4    0.009160    0.043827    0.233205    0.233205 ^ _1438_/Q (sky130_fd_sc_hd__dfxtp_2)
                                                         core_out[5] (net)
                      0.043827    0.000000    0.233205 ^ _0740_/A1 (sky130_fd_sc_hd__a211o_2)
     1    0.002470    0.017003    0.068882    0.302087 ^ _0740_/X (sky130_fd_sc_hd__a211o_2)
                                                         _0115_ (net)
                      0.017003    0.000000    0.302087 ^ _0741_/B1 (sky130_fd_sc_hd__o211a_2)
     1    0.001748    0.022372    0.071956    0.374043 ^ _0741_/X (sky130_fd_sc_hd__o211a_2)
                                                         _0014_ (net)
                      0.022372    0.000000    0.374043 ^ _1398_/D (sky130_fd_sc_hd__dfxtp_2)
                                              0.374043   data arrival time

                      0.150000    0.000000    0.000000   clock clk (rise edge)
                                  0.000000    0.000000   clock network delay (ideal)
                                  0.250000    0.250000   clock uncertainty
                                  0.000000    0.250000   clock reconvergence pessimism
                                              0.250000 ^ _1398_/CLK (sky130_fd_sc_hd__dfxtp_2)
                                 -0.013860    0.236140   library hold time
                                              0.236140   data required time
---------------------------------------------------------------------------------------------
                                              0.236140   data required time
                                             -0.374043   data arrival time
---------------------------------------------------------------------------------------------
                                              0.137903   slack (MET)


Startpoint: _1441_ (rising edge-triggered flip-flop clocked by clk)
Endpoint: _1401_ (rising edge-triggered flip-flop clocked by clk)
Path Group: clk
Path Type: min

Fanout         Cap        Slew       Delay        Time   Description
---------------------------------------------------------------------------------------------
                      0.150000    0.000000    0.000000   clock clk (rise edge)
                                  0.000000    0.000000   clock network delay (ideal)
                      0.150000    0.000000    0.000000 ^ _1441_/CLK (sky130_fd_sc_hd__dfxtp_2)
     4    0.006518    0.034713    0.226142    0.226142 ^ _1441_/Q (sky130_fd_sc_hd__dfxtp_2)
                                                         core_out[8] (net)
                      0.034713    0.000000    0.226142 ^ _0748_/A (sky130_fd_sc_hd__and2_2)
     1    0.002519    0.024446    0.074818    0.300960 ^ _0748_/X (sky130_fd_sc_hd__and2_2)
                                                         _0120_ (net)
                      0.024446    0.000000    0.300960 ^ _0749_/B2 (sky130_fd_sc_hd__o221a_2)
     1    0.001748    0.022813    0.078946    0.379906 ^ _0749_/X (sky130_fd_sc_hd__o221a_2)
                                                         _0017_ (net)
                      0.022813    0.000000    0.379906 ^ _1401_/D (sky130_fd_sc_hd__dfxtp_2)
                                              0.379906   data arrival time

                      0.150000    0.000000    0.000000   clock clk (rise edge)
                                  0.000000    0.000000   clock network delay (ideal)
                                  0.250000    0.250000   clock uncertainty
                                  0.000000    0.250000   clock reconvergence pessimism
                                              0.250000 ^ _1401_/CLK (sky130_fd_sc_hd__dfxtp_2)
                                 -0.013891    0.236109   library hold time
                                              0.236109   data required time
---------------------------------------------------------------------------------------------
                                              0.236109   data required time
                                             -0.379906   data arrival time
---------------------------------------------------------------------------------------------
                                              0.143797   slack (MET)


Startpoint: _1435_ (rising edge-triggered flip-flop clocked by clk)
Endpoint: _1395_ (rising edge-triggered flip-flop clocked by clk)
Path Group: clk
Path Type: min

Fanout         Cap        Slew       Delay        Time   Description
---------------------------------------------------------------------------------------------
                      0.150000    0.000000    0.000000   clock clk (rise edge)
                                  0.000000    0.000000   clock network delay (ideal)
                      0.150000    0.000000    0.000000 ^ _1435_/CLK (sky130_fd_sc_hd__dfxtp_2)
     4    0.011238    0.050996    0.238761    0.238761 ^ _1435_/Q (sky130_fd_sc_hd__dfxtp_2)
                                                         core_out[2] (net)
                      0.050996    0.000000    0.238761 ^ _0731_/A1 (sky130_fd_sc_hd__a211o_2)
     1    0.002470    0.017002    0.070757    0.309518 ^ _0731_/X (sky130_fd_sc_hd__a211o_2)
                                                         _0109_ (net)
                      0.017002    0.000000    0.309518 ^ _0732_/B1 (sky130_fd_sc_hd__o211a_2)
     1    0.001748    0.022372    0.071956    0.381473 ^ _0732_/X (sky130_fd_sc_hd__o211a_2)
                                                         _0011_ (net)
                      0.022372    0.000000    0.381473 ^ _1395_/D (sky130_fd_sc_hd__dfxtp_2)
                                              0.381473   data arrival time

                      0.150000    0.000000    0.000000   clock clk (rise edge)
                                  0.000000    0.000000   clock network delay (ideal)
                                  0.250000    0.250000   clock uncertainty
                                  0.000000    0.250000   clock reconvergence pessimism
                                              0.250000 ^ _1395_/CLK (sky130_fd_sc_hd__dfxtp_2)
                                 -0.013860    0.236140   library hold time
                                              0.236140   data required time
---------------------------------------------------------------------------------------------
                                              0.236140   data required time
                                             -0.381473   data arrival time
---------------------------------------------------------------------------------------------
                                              0.145333   slack (MET)


Startpoint: _1434_ (rising edge-triggered flip-flop clocked by clk)
Endpoint: _1394_ (rising edge-triggered flip-flop clocked by clk)
Path Group: clk
Path Type: min

Fanout         Cap        Slew       Delay        Time   Description
---------------------------------------------------------------------------------------------
                      0.150000    0.000000    0.000000   clock clk (rise edge)
                                  0.000000    0.000000   clock network delay (ideal)
                      0.150000    0.000000    0.000000 ^ _1434_/CLK (sky130_fd_sc_hd__dfxtp_2)
     4    0.011303    0.051220    0.238935    0.238935 ^ _1434_/Q (sky130_fd_sc_hd__dfxtp_2)
                                                         core_out[1] (net)
                      0.051220    0.000000    0.238935 ^ _0728_/A1 (sky130_fd_sc_hd__a211o_2)
     1    0.002470    0.017003    0.070816    0.309750 ^ _0728_/X (sky130_fd_sc_hd__a211o_2)
                                                         _0107_ (net)
                      0.017003    0.000000    0.309750 ^ _0729_/B1 (sky130_fd_sc_hd__o211a_2)
     1    0.001748    0.022372    0.071956    0.381706 ^ _0729_/X (sky130_fd_sc_hd__o211a_2)
                                                         _0010_ (net)
                      0.022372    0.000000    0.381706 ^ _1394_/D (sky130_fd_sc_hd__dfxtp_2)
                                              0.381706   data arrival time

                      0.150000    0.000000    0.000000   clock clk (rise edge)
                                  0.000000    0.000000   clock network delay (ideal)
                                  0.250000    0.250000   clock uncertainty
                                  0.000000    0.250000   clock reconvergence pessimism
                                              0.250000 ^ _1394_/CLK (sky130_fd_sc_hd__dfxtp_2)
                                 -0.013860    0.236140   library hold time
                                              0.236140   data required time
---------------------------------------------------------------------------------------------
                                              0.236140   data required time
                                             -0.381706   data arrival time
---------------------------------------------------------------------------------------------
                                              0.145566   slack (MET)


Startpoint: _1448_ (rising edge-triggered flip-flop clocked by clk)
Endpoint: _1408_ (rising edge-triggered flip-flop clocked by clk)
Path Group: clk
Path Type: min

Fanout         Cap        Slew       Delay        Time   Description
---------------------------------------------------------------------------------------------
                      0.150000    0.000000    0.000000   clock clk (rise edge)
                                  0.000000    0.000000   clock network delay (ideal)
                      0.150000    0.000000    0.000000 ^ _1448_/CLK (sky130_fd_sc_hd__dfxtp_2)
     4    0.010345    0.047915    0.236373    0.236373 ^ _1448_/Q (sky130_fd_sc_hd__dfxtp_2)
                                                         core_out[15] (net)
                      0.047915    0.000000    0.236373 ^ _0762_/A (sky130_fd_sc_hd__and2_2)
     1    0.002519    0.024444    0.078500    0.314873 ^ _0762_/X (sky130_fd_sc_hd__and2_2)
                                                         _0127_ (net)
                      0.024444    0.000000    0.314873 ^ _0763_/B2 (sky130_fd_sc_hd__o221a_2)
     1    0.001748    0.022813    0.078945    0.393819 ^ _0763_/X (sky130_fd_sc_hd__o221a_2)
                                                         _0024_ (net)
                      0.022813    0.000000    0.393819 ^ _1408_/D (sky130_fd_sc_hd__dfxtp_2)
                                              0.393819   data arrival time

                      0.150000    0.000000    0.000000   clock clk (rise edge)
                                  0.000000    0.000000   clock network delay (ideal)
                                  0.250000    0.250000   clock uncertainty
                                  0.000000    0.250000   clock reconvergence pessimism
                                              0.250000 ^ _1408_/CLK (sky130_fd_sc_hd__dfxtp_2)
                                 -0.013891    0.236109   library hold time
                                              0.236109   data required time
---------------------------------------------------------------------------------------------
                                              0.236109   data required time
                                             -0.393819   data arrival time
---------------------------------------------------------------------------------------------
                                              0.157709   slack (MET)


Startpoint: _1440_ (rising edge-triggered flip-flop clocked by clk)
Endpoint: _1400_ (rising edge-triggered flip-flop clocked by clk)
Path Group: clk
Path Type: min

Fanout         Cap        Slew       Delay        Time   Description
---------------------------------------------------------------------------------------------
                      0.150000    0.000000    0.000000   clock clk (rise edge)
                                  0.000000    0.000000   clock network delay (ideal)
                      0.150000    0.000000    0.000000 ^ _1440_/CLK (sky130_fd_sc_hd__dfxtp_2)
     4    0.010393    0.048081    0.236502    0.236502 ^ _1440_/Q (sky130_fd_sc_hd__dfxtp_2)
                                                         core_out[7] (net)
                      0.048081    0.000000    0.236502 ^ _0745_/A (sky130_fd_sc_hd__and2_2)
     1    0.002460    0.024239    0.078343    0.314845 ^ _0745_/X (sky130_fd_sc_hd__and2_2)
                                                         _0118_ (net)
                      0.024239    0.000000    0.314845 ^ _0747_/B1 (sky130_fd_sc_hd__o221a_2)
     1    0.001748    0.021901    0.080373    0.395218 ^ _0747_/X (sky130_fd_sc_hd__o221a_2)
                                                         _0016_ (net)
                      0.021901    0.000000    0.395218 ^ _1400_/D (sky130_fd_sc_hd__dfxtp_2)
                                              0.395218   data arrival time

                      0.150000    0.000000    0.000000   clock clk (rise edge)
                                  0.000000    0.000000   clock network delay (ideal)
                                  0.250000    0.250000   clock uncertainty
                                  0.000000    0.250000   clock reconvergence pessimism
                                              0.250000 ^ _1400_/CLK (sky130_fd_sc_hd__dfxtp_2)
                                 -0.013827    0.236173   library hold time
                                              0.236173   data required time
---------------------------------------------------------------------------------------------
                                              0.236173   data required time
                                             -0.395218   data arrival time
---------------------------------------------------------------------------------------------
                                              0.159045   slack (MET)


Startpoint: _1463_ (rising edge-triggered flip-flop clocked by clk)
Endpoint: _1423_ (rising edge-triggered flip-flop clocked by clk)
Path Group: clk
Path Type: min

Fanout         Cap        Slew       Delay        Time   Description
---------------------------------------------------------------------------------------------
                      0.150000    0.000000    0.000000   clock clk (rise edge)
                                  0.000000    0.000000   clock network delay (ideal)
                      0.150000    0.000000    0.000000 ^ _1463_/CLK (sky130_fd_sc_hd__dfxtp_2)
     4    0.012549    0.055518    0.242266    0.242266 ^ _1463_/Q (sky130_fd_sc_hd__dfxtp_2)
                                                         core_out[30] (net)
                      0.055518    0.000000    0.242266 ^ _0792_/A (sky130_fd_sc_hd__and2_2)
     1    0.002519    0.024501    0.080551    0.322817 ^ _0792_/X (sky130_fd_sc_hd__and2_2)
                                                         _0142_ (net)
                      0.024501    0.000000    0.322817 ^ _0793_/B2 (sky130_fd_sc_hd__o221a_2)
     1    0.001748    0.022813    0.078959    0.401776 ^ _0793_/X (sky130_fd_sc_hd__o221a_2)
                                                         _0039_ (net)
                      0.022813    0.000000    0.401776 ^ _1423_/D (sky130_fd_sc_hd__dfxtp_2)
                                              0.401776   data arrival time

                      0.150000    0.000000    0.000000   clock clk (rise edge)
                                  0.000000    0.000000   clock network delay (ideal)
                                  0.250000    0.250000   clock uncertainty
                                  0.000000    0.250000   clock reconvergence pessimism
                                              0.250000 ^ _1423_/CLK (sky130_fd_sc_hd__dfxtp_2)
                                 -0.013891    0.236109   library hold time
                                              0.236109   data required time
---------------------------------------------------------------------------------------------
                                              0.236109   data required time
                                             -0.401776   data arrival time
---------------------------------------------------------------------------------------------
                                              0.165666   slack (MET)


Startpoint: _1459_ (rising edge-triggered flip-flop clocked by clk)
Endpoint: _1419_ (rising edge-triggered flip-flop clocked by clk)
Path Group: clk
Path Type: min

Fanout         Cap        Slew       Delay        Time   Description
---------------------------------------------------------------------------------------------
                      0.150000    0.000000    0.000000   clock clk (rise edge)
                                  0.000000    0.000000   clock network delay (ideal)
                      0.150000    0.000000    0.000000 ^ _1459_/CLK (sky130_fd_sc_hd__dfxtp_2)
     5    0.012866    0.056612    0.243113    0.243113 ^ _1459_/Q (sky130_fd_sc_hd__dfxtp_2)
                                                         core_out[26] (net)
                      0.056612    0.000000    0.243113 ^ _0784_/A (sky130_fd_sc_hd__and2_2)
     1    0.002519    0.024528    0.080825    0.323938 ^ _0784_/X (sky130_fd_sc_hd__and2_2)
                                                         _0138_ (net)
                      0.024528    0.000000    0.323938 ^ _0785_/B2 (sky130_fd_sc_hd__o221a_2)
     1    0.001748    0.022813    0.078965    0.402903 ^ _0785_/X (sky130_fd_sc_hd__o221a_2)
                                                         _0035_ (net)
                      0.022813    0.000000    0.402903 ^ _1419_/D (sky130_fd_sc_hd__dfxtp_2)
                                              0.402903   data arrival time

                      0.150000    0.000000    0.000000   clock clk (rise edge)
                                  0.000000    0.000000   clock network delay (ideal)
                                  0.250000    0.250000   clock uncertainty
                                  0.000000    0.250000   clock reconvergence pessimism
                                              0.250000 ^ _1419_/CLK (sky130_fd_sc_hd__dfxtp_2)
                                 -0.013891    0.236109   library hold time
                                              0.236109   data required time
---------------------------------------------------------------------------------------------
                                              0.236109   data required time
                                             -0.402903   data arrival time
---------------------------------------------------------------------------------------------
                                              0.166793   slack (MET)


Startpoint: _1442_ (rising edge-triggered flip-flop clocked by clk)
Endpoint: _1402_ (rising edge-triggered flip-flop clocked by clk)
Path Group: clk
Path Type: min

Fanout         Cap        Slew       Delay        Time   Description
---------------------------------------------------------------------------------------------
                      0.150000    0.000000    0.000000   clock clk (rise edge)
                                  0.000000    0.000000   clock network delay (ideal)
                      0.150000    0.000000    0.000000 ^ _1442_/CLK (sky130_fd_sc_hd__dfxtp_2)
     4    0.013281    0.058043    0.244223    0.244223 ^ _1442_/Q (sky130_fd_sc_hd__dfxtp_2)
                                                         core_out[9] (net)
                      0.058043    0.000000    0.244223 ^ _0750_/A (sky130_fd_sc_hd__and2_2)
     1    0.002519    0.024564    0.081182    0.325405 ^ _0750_/X (sky130_fd_sc_hd__and2_2)
                                                         _0121_ (net)
                      0.024564    0.000000    0.325405 ^ _0751_/B2 (sky130_fd_sc_hd__o221a_2)
     1    0.001748    0.022813    0.078973    0.404378 ^ _0751_/X (sky130_fd_sc_hd__o221a_2)
                                                         _0018_ (net)
                      0.022813    0.000000    0.404378 ^ _1402_/D (sky130_fd_sc_hd__dfxtp_2)
                                              0.404378   data arrival time

                      0.150000    0.000000    0.000000   clock clk (rise edge)
                                  0.000000    0.000000   clock network delay (ideal)
                                  0.250000    0.250000   clock uncertainty
                                  0.000000    0.250000   clock reconvergence pessimism
                                              0.250000 ^ _1402_/CLK (sky130_fd_sc_hd__dfxtp_2)
                                 -0.013891    0.236109   library hold time
                                              0.236109   data required time
---------------------------------------------------------------------------------------------
                                              0.236109   data required time
                                             -0.404378   data arrival time
---------------------------------------------------------------------------------------------
                                              0.168269   slack (MET)


Startpoint: _1447_ (rising edge-triggered flip-flop clocked by clk)
Endpoint: _1407_ (rising edge-triggered flip-flop clocked by clk)
Path Group: clk
Path Type: min

Fanout         Cap        Slew       Delay        Time   Description
---------------------------------------------------------------------------------------------
                      0.150000    0.000000    0.000000   clock clk (rise edge)
                                  0.000000    0.000000   clock network delay (ideal)
                      0.150000    0.000000    0.000000 ^ _1447_/CLK (sky130_fd_sc_hd__dfxtp_2)
     4    0.013281    0.058043    0.244223    0.244223 ^ _1447_/Q (sky130_fd_sc_hd__dfxtp_2)
                                                         core_out[14] (net)
                      0.058043    0.000000    0.244223 ^ _0760_/A (sky130_fd_sc_hd__and2_2)
     1    0.002519    0.024564    0.081182    0.325405 ^ _0760_/X (sky130_fd_sc_hd__and2_2)
                                                         _0126_ (net)
                      0.024564    0.000000    0.325405 ^ _0761_/B2 (sky130_fd_sc_hd__o221a_2)
     1    0.001748    0.022813    0.078973    0.404378 ^ _0761_/X (sky130_fd_sc_hd__o221a_2)
                                                         _0023_ (net)
                      0.022813    0.000000    0.404378 ^ _1407_/D (sky130_fd_sc_hd__dfxtp_2)
                                              0.404378   data arrival time

                      0.150000    0.000000    0.000000   clock clk (rise edge)
                                  0.000000    0.000000   clock network delay (ideal)
                                  0.250000    0.250000   clock uncertainty
                                  0.000000    0.250000   clock reconvergence pessimism
                                              0.250000 ^ _1407_/CLK (sky130_fd_sc_hd__dfxtp_2)
                                 -0.013891    0.236109   library hold time
                                              0.236109   data required time
---------------------------------------------------------------------------------------------
                                              0.236109   data required time
                                             -0.404378   data arrival time
---------------------------------------------------------------------------------------------
                                              0.168269   slack (MET)


Startpoint: _1393_ (rising edge-triggered flip-flop clocked by clk)
Endpoint: _1393_ (rising edge-triggered flip-flop clocked by clk)
Path Group: clk
Path Type: min

Fanout         Cap        Slew       Delay        Time   Description
---------------------------------------------------------------------------------------------
                      0.150000    0.000000    0.000000   clock clk (rise edge)
                                  0.000000    0.000000   clock network delay (ideal)
                      0.150000    0.000000    0.000000 ^ _1393_/CLK (sky130_fd_sc_hd__dfxtp_2)
     2    0.036005    0.141568    0.302692    0.302692 ^ _1393_/Q (sky130_fd_sc_hd__dfxtp_2)
                                                         rdata[0] (net)
                      0.141568    0.000000    0.302692 ^ _0726_/A1 (sky130_fd_sc_hd__o211a_2)
     1    0.001748    0.022372    0.106363    0.409056 ^ _0726_/X (sky130_fd_sc_hd__o211a_2)
                                                         _0009_ (net)
                      0.022372    0.000000    0.409056 ^ _1393_/D (sky130_fd_sc_hd__dfxtp_2)
                                              0.409056   data arrival time

                      0.150000    0.000000    0.000000   clock clk (rise edge)
                                  0.000000    0.000000   clock network delay (ideal)
                                  0.250000    0.250000   clock uncertainty
                                  0.000000    0.250000   clock reconvergence pessimism
                                              0.250000 ^ _1393_/CLK (sky130_fd_sc_hd__dfxtp_2)
                                 -0.013860    0.236140   library hold time
                                              0.236140   data required time
---------------------------------------------------------------------------------------------
                                              0.236140   data required time
                                             -0.409056   data arrival time
---------------------------------------------------------------------------------------------
                                              0.172916   slack (MET)


Startpoint: _1396_ (rising edge-triggered flip-flop clocked by clk)
Endpoint: _1396_ (rising edge-triggered flip-flop clocked by clk)
Path Group: clk
Path Type: min

Fanout         Cap        Slew       Delay        Time   Description
---------------------------------------------------------------------------------------------
                      0.150000    0.000000    0.000000   clock clk (rise edge)
                                  0.000000    0.000000   clock network delay (ideal)
                      0.150000    0.000000    0.000000 ^ _1396_/CLK (sky130_fd_sc_hd__dfxtp_2)
     2    0.036005    0.141568    0.302692    0.302692 ^ _1396_/Q (sky130_fd_sc_hd__dfxtp_2)
                                                         rdata[3] (net)
                      0.141568    0.000000    0.302692 ^ _0735_/A1 (sky130_fd_sc_hd__o211a_2)
     1    0.001748    0.022372    0.106363    0.409056 ^ _0735_/X (sky130_fd_sc_hd__o211a_2)
                                                         _0012_ (net)
                      0.022372    0.000000    0.409056 ^ _1396_/D (sky130_fd_sc_hd__dfxtp_2)
                                              0.409056   data arrival time

                      0.150000    0.000000    0.000000   clock clk (rise edge)
                                  0.000000    0.000000   clock network delay (ideal)
                                  0.250000    0.250000   clock uncertainty
                                  0.000000    0.250000   clock reconvergence pessimism
                                              0.250000 ^ _1396_/CLK (sky130_fd_sc_hd__dfxtp_2)
                                 -0.013860    0.236140   library hold time
                                              0.236140   data required time
---------------------------------------------------------------------------------------------
                                              0.236140   data required time
                                             -0.409056   data arrival time
---------------------------------------------------------------------------------------------
                                              0.172916   slack (MET)


Startpoint: _1444_ (rising edge-triggered flip-flop clocked by clk)
Endpoint: _1404_ (rising edge-triggered flip-flop clocked by clk)
Path Group: clk
Path Type: min

Fanout         Cap        Slew       Delay        Time   Description
---------------------------------------------------------------------------------------------
                      0.150000    0.000000    0.000000   clock clk (rise edge)
                                  0.000000    0.000000   clock network delay (ideal)
                      0.150000    0.000000    0.000000 ^ _1444_/CLK (sky130_fd_sc_hd__dfxtp_2)
     4    0.014632    0.062815    0.247785    0.247785 ^ _1444_/Q (sky130_fd_sc_hd__dfxtp_2)
                                                         core_out[11] (net)
                      0.062815    0.000000    0.247785 ^ _0754_/A (sky130_fd_sc_hd__and2_2)
     1    0.002519    0.024681    0.082375    0.330161 ^ _0754_/X (sky130_fd_sc_hd__and2_2)
                                                         _0123_ (net)
                      0.024681    0.000000    0.330161 ^ _0755_/B2 (sky130_fd_sc_hd__o221a_2)
     1    0.001748    0.022813    0.079000    0.409161 ^ _0755_/X (sky130_fd_sc_hd__o221a_2)
                                                         _0020_ (net)
                      0.022813    0.000000    0.409161 ^ _1404_/D (sky130_fd_sc_hd__dfxtp_2)
                                              0.409161   data arrival time

                      0.150000    0.000000    0.000000   clock clk (rise edge)
                                  0.000000    0.000000   clock network delay (ideal)
                                  0.250000    0.250000   clock uncertainty
                                  0.000000    0.250000   clock reconvergence pessimism
                                              0.250000 ^ _1404_/CLK (sky130_fd_sc_hd__dfxtp_2)
                                 -0.013891    0.236109   library hold time
                                              0.236109   data required time
---------------------------------------------------------------------------------------------
                                              0.236109   data required time
                                             -0.409161   data arrival time
---------------------------------------------------------------------------------------------
                                              0.173051   slack (MET)


Startpoint: _1445_ (rising edge-triggered flip-flop clocked by clk)
Endpoint: _1405_ (rising edge-triggered flip-flop clocked by clk)
Path Group: clk
Path Type: min

Fanout         Cap        Slew       Delay        Time   Description
---------------------------------------------------------------------------------------------
                      0.150000    0.000000    0.000000   clock clk (rise edge)
                                  0.000000    0.000000   clock network delay (ideal)
                      0.150000    0.000000    0.000000 ^ _1445_/CLK (sky130_fd_sc_hd__dfxtp_2)
     4    0.014632    0.062815    0.247785    0.247785 ^ _1445_/Q (sky130_fd_sc_hd__dfxtp_2)
                                                         core_out[12] (net)
                      0.062815    0.000000    0.247785 ^ _0756_/A (sky130_fd_sc_hd__and2_2)
     1    0.002519    0.024681    0.082375    0.330161 ^ _0756_/X (sky130_fd_sc_hd__and2_2)
                                                         _0124_ (net)
                      0.024681    0.000000    0.330161 ^ _0757_/B2 (sky130_fd_sc_hd__o221a_2)
     1    0.001748    0.022813    0.079000    0.409161 ^ _0757_/X (sky130_fd_sc_hd__o221a_2)
                                                         _0021_ (net)
                      0.022813    0.000000    0.409161 ^ _1405_/D (sky130_fd_sc_hd__dfxtp_2)
                                              0.409161   data arrival time

                      0.150000    0.000000    0.000000   clock clk (rise edge)
                                  0.000000    0.000000   clock network delay (ideal)
                                  0.250000    0.250000   clock uncertainty
                                  0.000000    0.250000   clock reconvergence pessimism
                                              0.250000 ^ _1405_/CLK (sky130_fd_sc_hd__dfxtp_2)
                                 -0.013891    0.236109   library hold time
                                              0.236109   data required time
---------------------------------------------------------------------------------------------
                                              0.236109   data required time
                                             -0.409161   data arrival time
---------------------------------------------------------------------------------------------
                                              0.173051   slack (MET)


Startpoint: _1403_ (rising edge-triggered flip-flop clocked by clk)
Endpoint: _1403_ (rising edge-triggered flip-flop clocked by clk)
Path Group: clk
Path Type: min

Fanout         Cap        Slew       Delay        Time   Description
---------------------------------------------------------------------------------------------
                      0.150000    0.000000    0.000000   clock clk (rise edge)
                                  0.000000    0.000000   clock network delay (ideal)
                      0.150000    0.000000    0.000000 ^ _1403_/CLK (sky130_fd_sc_hd__dfxtp_2)
     2    0.035963    0.141413    0.302584    0.302584 ^ _1403_/Q (sky130_fd_sc_hd__dfxtp_2)
                                                         rdata[10] (net)
                      0.141413    0.000000    0.302584 ^ _0753_/A1 (sky130_fd_sc_hd__o221a_2)
     1    0.001748    0.022812    0.106610    0.409195 ^ _0753_/X (sky130_fd_sc_hd__o221a_2)
                                                         _0019_ (net)
                      0.022812    0.000000    0.409195 ^ _1403_/D (sky130_fd_sc_hd__dfxtp_2)
                                              0.409195   data arrival time

                      0.150000    0.000000    0.000000   clock clk (rise edge)
                                  0.000000    0.000000   clock network delay (ideal)
                                  0.250000    0.250000   clock uncertainty
                                  0.000000    0.250000   clock reconvergence pessimism
                                              0.250000 ^ _1403_/CLK (sky130_fd_sc_hd__dfxtp_2)
                                 -0.013891    0.236109   library hold time
                                              0.236109   data required time
---------------------------------------------------------------------------------------------
                                              0.236109   data required time
                                             -0.409195   data arrival time
---------------------------------------------------------------------------------------------
                                              0.173085   slack (MET)


Startpoint: _1406_ (rising edge-triggered flip-flop clocked by clk)
Endpoint: _1406_ (rising edge-triggered flip-flop clocked by clk)
Path Group: clk
Path Type: min

Fanout         Cap        Slew       Delay        Time   Description
---------------------------------------------------------------------------------------------
                      0.150000    0.000000    0.000000   clock clk (rise edge)
                                  0.000000    0.000000   clock network delay (ideal)
                      0.150000    0.000000    0.000000 ^ _1406_/CLK (sky130_fd_sc_hd__dfxtp_2)
     2    0.035963    0.141413    0.302584    0.302584 ^ _1406_/Q (sky130_fd_sc_hd__dfxtp_2)
                                                         rdata[13] (net)
                      0.141413    0.000000    0.302584 ^ _0759_/A1 (sky130_fd_sc_hd__o221a_2)
     1    0.001748    0.022811    0.106610    0.409195 ^ _0759_/X (sky130_fd_sc_hd__o221a_2)
                                                         _0022_ (net)
                      0.022811    0.000000    0.409195 ^ _1406_/D (sky130_fd_sc_hd__dfxtp_2)
                                              0.409195   data arrival time

                      0.150000    0.000000    0.000000   clock clk (rise edge)
                                  0.000000    0.000000   clock network delay (ideal)
                                  0.250000    0.250000   clock uncertainty
                                  0.000000    0.250000   clock reconvergence pessimism
                                              0.250000 ^ _1406_/CLK (sky130_fd_sc_hd__dfxtp_2)
                                 -0.013891    0.236109   library hold time
                                              0.236109   data required time
---------------------------------------------------------------------------------------------
                                              0.236109   data required time
                                             -0.409195   data arrival time
---------------------------------------------------------------------------------------------
                                              0.173085   slack (MET)


Startpoint: _1409_ (rising edge-triggered flip-flop clocked by clk)
Endpoint: _1409_ (rising edge-triggered flip-flop clocked by clk)
Path Group: clk
Path Type: min

Fanout         Cap        Slew       Delay        Time   Description
---------------------------------------------------------------------------------------------
                      0.150000    0.000000    0.000000   clock clk (rise edge)
                                  0.000000    0.000000   clock network delay (ideal)
                      0.150000    0.000000    0.000000 ^ _1409_/CLK (sky130_fd_sc_hd__dfxtp_2)
     2    0.035963    0.141413    0.302584    0.302584 ^ _1409_/Q (sky130_fd_sc_hd__dfxtp_2)
                                                         rdata[16] (net)
                      0.141413    0.000000    0.302584 ^ _0765_/A1 (sky130_fd_sc_hd__o221a_2)
     1    0.001748    0.022811    0.106610    0.409195 ^ _0765_/X (sky130_fd_sc_hd__o221a_2)
                                                         _0025_ (net)
                      0.022811    0.000000    0.409195 ^ _1409_/D (sky130_fd_sc_hd__dfxtp_2)
                                              0.409195   data arrival time

                      0.150000    0.000000    0.000000   clock clk (rise edge)
                                  0.000000    0.000000   clock network delay (ideal)
                                  0.250000    0.250000   clock uncertainty
                                  0.000000    0.250000   clock reconvergence pessimism
                                              0.250000 ^ _1409_/CLK (sky130_fd_sc_hd__dfxtp_2)
                                 -0.013891    0.236109   library hold time
                                              0.236109   data required time
---------------------------------------------------------------------------------------------
                                              0.236109   data required time
                                             -0.409195   data arrival time
---------------------------------------------------------------------------------------------
                                              0.173085   slack (MET)


Startpoint: _1410_ (rising edge-triggered flip-flop clocked by clk)
Endpoint: _1410_ (rising edge-triggered flip-flop clocked by clk)
Path Group: clk
Path Type: min

Fanout         Cap        Slew       Delay        Time   Description
---------------------------------------------------------------------------------------------
                      0.150000    0.000000    0.000000   clock clk (rise edge)
                                  0.000000    0.000000   clock network delay (ideal)
                      0.150000    0.000000    0.000000 ^ _1410_/CLK (sky130_fd_sc_hd__dfxtp_2)
     2    0.035963    0.141413    0.302584    0.302584 ^ _1410_/Q (sky130_fd_sc_hd__dfxtp_2)
                                                         rdata[17] (net)
                      0.141413    0.000000    0.302584 ^ _0767_/A1 (sky130_fd_sc_hd__o221a_2)
     1    0.001748    0.022811    0.106610    0.409195 ^ _0767_/X (sky130_fd_sc_hd__o221a_2)
                                                         _0026_ (net)
                      0.022811    0.000000    0.409195 ^ _1410_/D (sky130_fd_sc_hd__dfxtp_2)
                                              0.409195   data arrival time

                      0.150000    0.000000    0.000000   clock clk (rise edge)
                                  0.000000    0.000000   clock network delay (ideal)
                                  0.250000    0.250000   clock uncertainty
                                  0.000000    0.250000   clock reconvergence pessimism
                                              0.250000 ^ _1410_/CLK (sky130_fd_sc_hd__dfxtp_2)
                                 -0.013891    0.236109   library hold time
                                              0.236109   data required time
---------------------------------------------------------------------------------------------
                                              0.236109   data required time
                                             -0.409195   data arrival time
---------------------------------------------------------------------------------------------
                                              0.173085   slack (MET)


Startpoint: _1411_ (rising edge-triggered flip-flop clocked by clk)
Endpoint: _1411_ (rising edge-triggered flip-flop clocked by clk)
Path Group: clk
Path Type: min

Fanout         Cap        Slew       Delay        Time   Description
---------------------------------------------------------------------------------------------
                      0.150000    0.000000    0.000000   clock clk (rise edge)
                                  0.000000    0.000000   clock network delay (ideal)
                      0.150000    0.000000    0.000000 ^ _1411_/CLK (sky130_fd_sc_hd__dfxtp_2)
     2    0.035963    0.141413    0.302584    0.302584 ^ _1411_/Q (sky130_fd_sc_hd__dfxtp_2)
                                                         rdata[18] (net)
                      0.141413    0.000000    0.302584 ^ _0769_/A1 (sky130_fd_sc_hd__o221a_2)
     1    0.001748    0.022812    0.106610    0.409195 ^ _0769_/X (sky130_fd_sc_hd__o221a_2)
                                                         _0027_ (net)
                      0.022812    0.000000    0.409195 ^ _1411_/D (sky130_fd_sc_hd__dfxtp_2)
                                              0.409195   data arrival time

                      0.150000    0.000000    0.000000   clock clk (rise edge)
                                  0.000000    0.000000   clock network delay (ideal)
                                  0.250000    0.250000   clock uncertainty
                                  0.000000    0.250000   clock reconvergence pessimism
                                              0.250000 ^ _1411_/CLK (sky130_fd_sc_hd__dfxtp_2)
                                 -0.013891    0.236109   library hold time
                                              0.236109   data required time
---------------------------------------------------------------------------------------------
                                              0.236109   data required time
                                             -0.409195   data arrival time
---------------------------------------------------------------------------------------------
                                              0.173085   slack (MET)


Startpoint: _1412_ (rising edge-triggered flip-flop clocked by clk)
Endpoint: _1412_ (rising edge-triggered flip-flop clocked by clk)
Path Group: clk
Path Type: min

Fanout         Cap        Slew       Delay        Time   Description
---------------------------------------------------------------------------------------------
                      0.150000    0.000000    0.000000   clock clk (rise edge)
                                  0.000000    0.000000   clock network delay (ideal)
                      0.150000    0.000000    0.000000 ^ _1412_/CLK (sky130_fd_sc_hd__dfxtp_2)
     2    0.035963    0.141413    0.302584    0.302584 ^ _1412_/Q (sky130_fd_sc_hd__dfxtp_2)
                                                         rdata[19] (net)
                      0.141413    0.000000    0.302584 ^ _0771_/A1 (sky130_fd_sc_hd__o221a_2)
     1    0.001748    0.022813    0.106610    0.409195 ^ _0771_/X (sky130_fd_sc_hd__o221a_2)
                                                         _0028_ (net)
                      0.022813    0.000000    0.409195 ^ _1412_/D (sky130_fd_sc_hd__dfxtp_2)
                                              0.409195   data arrival time

                      0.150000    0.000000    0.000000   clock clk (rise edge)
                                  0.000000    0.000000   clock network delay (ideal)
                                  0.250000    0.250000   clock uncertainty
                                  0.000000    0.250000   clock reconvergence pessimism
                                              0.250000 ^ _1412_/CLK (sky130_fd_sc_hd__dfxtp_2)
                                 -0.013891    0.236109   library hold time
                                              0.236109   data required time
---------------------------------------------------------------------------------------------
                                              0.236109   data required time
                                             -0.409195   data arrival time
---------------------------------------------------------------------------------------------
                                              0.173085   slack (MET)


Startpoint: _1413_ (rising edge-triggered flip-flop clocked by clk)
Endpoint: _1413_ (rising edge-triggered flip-flop clocked by clk)
Path Group: clk
Path Type: min

Fanout         Cap        Slew       Delay        Time   Description
---------------------------------------------------------------------------------------------
                      0.150000    0.000000    0.000000   clock clk (rise edge)
                                  0.000000    0.000000   clock network delay (ideal)
                      0.150000    0.000000    0.000000 ^ _1413_/CLK (sky130_fd_sc_hd__dfxtp_2)
     2    0.035963    0.141413    0.302584    0.302584 ^ _1413_/Q (sky130_fd_sc_hd__dfxtp_2)
                                                         rdata[20] (net)
                      0.141413    0.000000    0.302584 ^ _0773_/A1 (sky130_fd_sc_hd__o221a_2)
     1    0.001748    0.022810    0.106610    0.409195 ^ _0773_/X (sky130_fd_sc_hd__o221a_2)
                                                         _0029_ (net)
                      0.022810    0.000000    0.409195 ^ _1413_/D (sky130_fd_sc_hd__dfxtp_2)
                                              0.409195   data arrival time

                      0.150000    0.000000    0.000000   clock clk (rise edge)
                                  0.000000    0.000000   clock network delay (ideal)
                                  0.250000    0.250000   clock uncertainty
                                  0.000000    0.250000   clock reconvergence pessimism
                                              0.250000 ^ _1413_/CLK (sky130_fd_sc_hd__dfxtp_2)
                                 -0.013891    0.236109   library hold time
                                              0.236109   data required time
---------------------------------------------------------------------------------------------
                                              0.236109   data required time
                                             -0.409195   data arrival time
---------------------------------------------------------------------------------------------
                                              0.173085   slack (MET)


Startpoint: _1414_ (rising edge-triggered flip-flop clocked by clk)
Endpoint: _1414_ (rising edge-triggered flip-flop clocked by clk)
Path Group: clk
Path Type: min

Fanout         Cap        Slew       Delay        Time   Description
---------------------------------------------------------------------------------------------
                      0.150000    0.000000    0.000000   clock clk (rise edge)
                                  0.000000    0.000000   clock network delay (ideal)
                      0.150000    0.000000    0.000000 ^ _1414_/CLK (sky130_fd_sc_hd__dfxtp_2)
     2    0.035963    0.141413    0.302584    0.302584 ^ _1414_/Q (sky130_fd_sc_hd__dfxtp_2)
                                                         rdata[21] (net)
                      0.141413    0.000000    0.302584 ^ _0775_/A1 (sky130_fd_sc_hd__o221a_2)
     1    0.001748    0.022810    0.106610    0.409195 ^ _0775_/X (sky130_fd_sc_hd__o221a_2)
                                                         _0030_ (net)
                      0.022810    0.000000    0.409195 ^ _1414_/D (sky130_fd_sc_hd__dfxtp_2)
                                              0.409195   data arrival time

                      0.150000    0.000000    0.000000   clock clk (rise edge)
                                  0.000000    0.000000   clock network delay (ideal)
                                  0.250000    0.250000   clock uncertainty
                                  0.000000    0.250000   clock reconvergence pessimism
                                              0.250000 ^ _1414_/CLK (sky130_fd_sc_hd__dfxtp_2)
                                 -0.013891    0.236109   library hold time
                                              0.236109   data required time
---------------------------------------------------------------------------------------------
                                              0.236109   data required time
                                             -0.409195   data arrival time
---------------------------------------------------------------------------------------------
                                              0.173085   slack (MET)


Startpoint: _1415_ (rising edge-triggered flip-flop clocked by clk)
Endpoint: _1415_ (rising edge-triggered flip-flop clocked by clk)
Path Group: clk
Path Type: min

Fanout         Cap        Slew       Delay        Time   Description
---------------------------------------------------------------------------------------------
                      0.150000    0.000000    0.000000   clock clk (rise edge)
                                  0.000000    0.000000   clock network delay (ideal)
                      0.150000    0.000000    0.000000 ^ _1415_/CLK (sky130_fd_sc_hd__dfxtp_2)
     2    0.035963    0.141413    0.302584    0.302584 ^ _1415_/Q (sky130_fd_sc_hd__dfxtp_2)
                                                         rdata[22] (net)
                      0.141413    0.000000    0.302584 ^ _0777_/A1 (sky130_fd_sc_hd__o221a_2)
     1    0.001748    0.022813    0.106610    0.409195 ^ _0777_/X (sky130_fd_sc_hd__o221a_2)
                                                         _0031_ (net)
                      0.022813    0.000000    0.409195 ^ _1415_/D (sky130_fd_sc_hd__dfxtp_2)
                                              0.409195   data arrival time

                      0.150000    0.000000    0.000000   clock clk (rise edge)
                                  0.000000    0.000000   clock network delay (ideal)
                                  0.250000    0.250000   clock uncertainty
                                  0.000000    0.250000   clock reconvergence pessimism
                                              0.250000 ^ _1415_/CLK (sky130_fd_sc_hd__dfxtp_2)
                                 -0.013891    0.236109   library hold time
                                              0.236109   data required time
---------------------------------------------------------------------------------------------
                                              0.236109   data required time
                                             -0.409195   data arrival time
---------------------------------------------------------------------------------------------
                                              0.173085   slack (MET)


Startpoint: _1416_ (rising edge-triggered flip-flop clocked by clk)
Endpoint: _1416_ (rising edge-triggered flip-flop clocked by clk)
Path Group: clk
Path Type: min

Fanout         Cap        Slew       Delay        Time   Description
---------------------------------------------------------------------------------------------
                      0.150000    0.000000    0.000000   clock clk (rise edge)
                                  0.000000    0.000000   clock network delay (ideal)
                      0.150000    0.000000    0.000000 ^ _1416_/CLK (sky130_fd_sc_hd__dfxtp_2)
     2    0.035963    0.141413    0.302584    0.302584 ^ _1416_/Q (sky130_fd_sc_hd__dfxtp_2)
                                                         rdata[23] (net)
                      0.141413    0.000000    0.302584 ^ _0779_/A1 (sky130_fd_sc_hd__o221a_2)
     1    0.001748    0.022812    0.106610    0.409195 ^ _0779_/X (sky130_fd_sc_hd__o221a_2)
                                                         _0032_ (net)
                      0.022812    0.000000    0.409195 ^ _1416_/D (sky130_fd_sc_hd__dfxtp_2)
                                              0.409195   data arrival time

                      0.150000    0.000000    0.000000   clock clk (rise edge)
                                  0.000000    0.000000   clock network delay (ideal)
                                  0.250000    0.250000   clock uncertainty
                                  0.000000    0.250000   clock reconvergence pessimism
                                              0.250000 ^ _1416_/CLK (sky130_fd_sc_hd__dfxtp_2)
                                 -0.013891    0.236109   library hold time
                                              0.236109   data required time
---------------------------------------------------------------------------------------------
                                              0.236109   data required time
                                             -0.409195   data arrival time
---------------------------------------------------------------------------------------------
                                              0.173085   slack (MET)


Startpoint: _1417_ (rising edge-triggered flip-flop clocked by clk)
Endpoint: _1417_ (rising edge-triggered flip-flop clocked by clk)
Path Group: clk
Path Type: min

Fanout         Cap        Slew       Delay        Time   Description
---------------------------------------------------------------------------------------------
                      0.150000    0.000000    0.000000   clock clk (rise edge)
                                  0.000000    0.000000   clock network delay (ideal)
                      0.150000    0.000000    0.000000 ^ _1417_/CLK (sky130_fd_sc_hd__dfxtp_2)
     2    0.035963    0.141413    0.302584    0.302584 ^ _1417_/Q (sky130_fd_sc_hd__dfxtp_2)
                                                         rdata[24] (net)
                      0.141413    0.000000    0.302584 ^ _0781_/A1 (sky130_fd_sc_hd__o221a_2)
     1    0.001748    0.022810    0.106610    0.409195 ^ _0781_/X (sky130_fd_sc_hd__o221a_2)
                                                         _0033_ (net)
                      0.022810    0.000000    0.409195 ^ _1417_/D (sky130_fd_sc_hd__dfxtp_2)
                                              0.409195   data arrival time

                      0.150000    0.000000    0.000000   clock clk (rise edge)
                                  0.000000    0.000000   clock network delay (ideal)
                                  0.250000    0.250000   clock uncertainty
                                  0.000000    0.250000   clock reconvergence pessimism
                                              0.250000 ^ _1417_/CLK (sky130_fd_sc_hd__dfxtp_2)
                                 -0.013891    0.236109   library hold time
                                              0.236109   data required time
---------------------------------------------------------------------------------------------
                                              0.236109   data required time
                                             -0.409195   data arrival time
---------------------------------------------------------------------------------------------
                                              0.173085   slack (MET)


Startpoint: _1418_ (rising edge-triggered flip-flop clocked by clk)
Endpoint: _1418_ (rising edge-triggered flip-flop clocked by clk)
Path Group: clk
Path Type: min

Fanout         Cap        Slew       Delay        Time   Description
---------------------------------------------------------------------------------------------
                      0.150000    0.000000    0.000000   clock clk (rise edge)
                                  0.000000    0.000000   clock network delay (ideal)
                      0.150000    0.000000    0.000000 ^ _1418_/CLK (sky130_fd_sc_hd__dfxtp_2)
     2    0.035963    0.141413    0.302584    0.302584 ^ _1418_/Q (sky130_fd_sc_hd__dfxtp_2)
                                                         rdata[25] (net)
                      0.141413    0.000000    0.302584 ^ _0783_/A1 (sky130_fd_sc_hd__o221a_2)
     1    0.001748    0.022810    0.106610    0.409195 ^ _0783_/X (sky130_fd_sc_hd__o221a_2)
                                                         _0034_ (net)
                      0.022810    0.000000    0.409195 ^ _1418_/D (sky130_fd_sc_hd__dfxtp_2)
                                              0.409195   data arrival time

                      0.150000    0.000000    0.000000   clock clk (rise edge)
                                  0.000000    0.000000   clock network delay (ideal)
                                  0.250000    0.250000   clock uncertainty
                                  0.000000    0.250000   clock reconvergence pessimism
                                              0.250000 ^ _1418_/CLK (sky130_fd_sc_hd__dfxtp_2)
                                 -0.013891    0.236109   library hold time
                                              0.236109   data required time
---------------------------------------------------------------------------------------------
                                              0.236109   data required time
                                             -0.409195   data arrival time
---------------------------------------------------------------------------------------------
                                              0.173085   slack (MET)


Startpoint: _1420_ (rising edge-triggered flip-flop clocked by clk)
Endpoint: _1420_ (rising edge-triggered flip-flop clocked by clk)
Path Group: clk
Path Type: min

Fanout         Cap        Slew       Delay        Time   Description
---------------------------------------------------------------------------------------------
                      0.150000    0.000000    0.000000   clock clk (rise edge)
                                  0.000000    0.000000   clock network delay (ideal)
                      0.150000    0.000000    0.000000 ^ _1420_/CLK (sky130_fd_sc_hd__dfxtp_2)
     2    0.035963    0.141413    0.302584    0.302584 ^ _1420_/Q (sky130_fd_sc_hd__dfxtp_2)
                                                         rdata[27] (net)
                      0.141413    0.000000    0.302584 ^ _0787_/A1 (sky130_fd_sc_hd__o221a_2)
     1    0.001748    0.022812    0.106610    0.409195 ^ _0787_/X (sky130_fd_sc_hd__o221a_2)
                                                         _0036_ (net)
                      0.022812    0.000000    0.409195 ^ _1420_/D (sky130_fd_sc_hd__dfxtp_2)
                                              0.409195   data arrival time

                      0.150000    0.000000    0.000000   clock clk (rise edge)
                                  0.000000    0.000000   clock network delay (ideal)
                                  0.250000    0.250000   clock uncertainty
                                  0.000000    0.250000   clock reconvergence pessimism
                                              0.250000 ^ _1420_/CLK (sky130_fd_sc_hd__dfxtp_2)
                                 -0.013891    0.236109   library hold time
                                              0.236109   data required time
---------------------------------------------------------------------------------------------
                                              0.236109   data required time
                                             -0.409195   data arrival time
---------------------------------------------------------------------------------------------
                                              0.173085   slack (MET)


Startpoint: _1421_ (rising edge-triggered flip-flop clocked by clk)
Endpoint: _1421_ (rising edge-triggered flip-flop clocked by clk)
Path Group: clk
Path Type: min

Fanout         Cap        Slew       Delay        Time   Description
---------------------------------------------------------------------------------------------
                      0.150000    0.000000    0.000000   clock clk (rise edge)
                                  0.000000    0.000000   clock network delay (ideal)
                      0.150000    0.000000    0.000000 ^ _1421_/CLK (sky130_fd_sc_hd__dfxtp_2)
     2    0.035963    0.141413    0.302584    0.302584 ^ _1421_/Q (sky130_fd_sc_hd__dfxtp_2)
                                                         rdata[28] (net)
                      0.141413    0.000000    0.302584 ^ _0789_/A1 (sky130_fd_sc_hd__o221a_2)
     1    0.001748    0.022813    0.106610    0.409195 ^ _0789_/X (sky130_fd_sc_hd__o221a_2)
                                                         _0037_ (net)
                      0.022813    0.000000    0.409195 ^ _1421_/D (sky130_fd_sc_hd__dfxtp_2)
                                              0.409195   data arrival time

                      0.150000    0.000000    0.000000   clock clk (rise edge)
                                  0.000000    0.000000   clock network delay (ideal)
                                  0.250000    0.250000   clock uncertainty
                                  0.000000    0.250000   clock reconvergence pessimism
                                              0.250000 ^ _1421_/CLK (sky130_fd_sc_hd__dfxtp_2)
                                 -0.013891    0.236109   library hold time
                                              0.236109   data required time
---------------------------------------------------------------------------------------------
                                              0.236109   data required time
                                             -0.409195   data arrival time
---------------------------------------------------------------------------------------------
                                              0.173085   slack (MET)


Startpoint: _1422_ (rising edge-triggered flip-flop clocked by clk)
Endpoint: _1422_ (rising edge-triggered flip-flop clocked by clk)
Path Group: clk
Path Type: min

Fanout         Cap        Slew       Delay        Time   Description
---------------------------------------------------------------------------------------------
                      0.150000    0.000000    0.000000   clock clk (rise edge)
                                  0.000000    0.000000   clock network delay (ideal)
                      0.150000    0.000000    0.000000 ^ _1422_/CLK (sky130_fd_sc_hd__dfxtp_2)
     2    0.035963    0.141413    0.302584    0.302584 ^ _1422_/Q (sky130_fd_sc_hd__dfxtp_2)
                                                         rdata[29] (net)
                      0.141413    0.000000    0.302584 ^ _0791_/A1 (sky130_fd_sc_hd__o221a_2)
     1    0.001748    0.022811    0.106610    0.409195 ^ _0791_/X (sky130_fd_sc_hd__o221a_2)
                                                         _0038_ (net)
                      0.022811    0.000000    0.409195 ^ _1422_/D (sky130_fd_sc_hd__dfxtp_2)
                                              0.409195   data arrival time

                      0.150000    0.000000    0.000000   clock clk (rise edge)
                                  0.000000    0.000000   clock network delay (ideal)
                                  0.250000    0.250000   clock uncertainty
                                  0.000000    0.250000   clock reconvergence pessimism
                                              0.250000 ^ _1422_/CLK (sky130_fd_sc_hd__dfxtp_2)
                                 -0.013891    0.236109   library hold time
                                              0.236109   data required time
---------------------------------------------------------------------------------------------
                                              0.236109   data required time
                                             -0.409195   data arrival time
---------------------------------------------------------------------------------------------
                                              0.173085   slack (MET)


Startpoint: _1424_ (rising edge-triggered flip-flop clocked by clk)
Endpoint: _1424_ (rising edge-triggered flip-flop clocked by clk)
Path Group: clk
Path Type: min

Fanout         Cap        Slew       Delay        Time   Description
---------------------------------------------------------------------------------------------
                      0.150000    0.000000    0.000000   clock clk (rise edge)
                                  0.000000    0.000000   clock network delay (ideal)
                      0.150000    0.000000    0.000000 ^ _1424_/CLK (sky130_fd_sc_hd__dfxtp_2)
     2    0.035963    0.141413    0.302584    0.302584 ^ _1424_/Q (sky130_fd_sc_hd__dfxtp_2)
                                                         rdata[31] (net)
                      0.141413    0.000000    0.302584 ^ _0795_/A1 (sky130_fd_sc_hd__o221a_2)
     1    0.001748    0.022813    0.106610    0.409195 ^ _0795_/X (sky130_fd_sc_hd__o221a_2)
                                                         _0040_ (net)
                      0.022813    0.000000    0.409195 ^ _1424_/D (sky130_fd_sc_hd__dfxtp_2)
                                              0.409195   data arrival time

                      0.150000    0.000000    0.000000   clock clk (rise edge)
                                  0.000000    0.000000   clock network delay (ideal)
                                  0.250000    0.250000   clock uncertainty
                                  0.000000    0.250000   clock reconvergence pessimism
                                              0.250000 ^ _1424_/CLK (sky130_fd_sc_hd__dfxtp_2)
                                 -0.013891    0.236109   library hold time
                                              0.236109   data required time
---------------------------------------------------------------------------------------------
                                              0.236109   data required time
                                             -0.409195   data arrival time
---------------------------------------------------------------------------------------------
                                              0.173085   slack (MET)


Startpoint: _1432_ (rising edge-triggered flip-flop clocked by clk)
Endpoint: _1432_ (rising edge-triggered flip-flop clocked by clk)
Path Group: clk
Path Type: min

Fanout         Cap        Slew       Delay        Time   Description
---------------------------------------------------------------------------------------------
                      0.150000    0.000000    0.000000   clock clk (rise edge)
                                  0.000000    0.000000   clock network delay (ideal)
                      0.150000    0.000000    0.000000 ^ _1432_/CLK (sky130_fd_sc_hd__dfxtp_2)
    13    0.028937    0.115525    0.284535    0.284535 ^ _1432_/Q (sky130_fd_sc_hd__dfxtp_2)
                                                         core_b[7] (net)
                      0.115525    0.000000    0.284535 ^ _0811_/A0 (sky130_fd_sc_hd__mux2_1)
     1    0.001632    0.023041    0.084274    0.368808 ^ _0811_/X (sky130_fd_sc_hd__mux2_1)
                                                         _0152_ (net)
                      0.023041    0.000000    0.368808 ^ _0812_/B (sky130_fd_sc_hd__and2_2)
     1    0.001748    0.021780    0.072744    0.441552 ^ _0812_/X (sky130_fd_sc_hd__and2_2)
                                                         _0048_ (net)
                      0.021780    0.000000    0.441552 ^ _1432_/D (sky130_fd_sc_hd__dfxtp_2)
                                              0.441552   data arrival time

                      0.150000    0.000000    0.000000   clock clk (rise edge)
                                  0.000000    0.000000   clock network delay (ideal)
                                  0.250000    0.250000   clock uncertainty
                                  0.000000    0.250000   clock reconvergence pessimism
                                              0.250000 ^ _1432_/CLK (sky130_fd_sc_hd__dfxtp_2)
                                 -0.013819    0.236181   library hold time
                                              0.236181   data required time
---------------------------------------------------------------------------------------------
                                              0.236181   data required time
                                             -0.441552   data arrival time
---------------------------------------------------------------------------------------------
                                              0.205371   slack (MET)


Startpoint: _1431_ (rising edge-triggered flip-flop clocked by clk)
Endpoint: _1431_ (rising edge-triggered flip-flop clocked by clk)
Path Group: clk
Path Type: min

Fanout         Cap        Slew       Delay        Time   Description
---------------------------------------------------------------------------------------------
                      0.150000    0.000000    0.000000   clock clk (rise edge)
                                  0.000000    0.000000   clock network delay (ideal)
                      0.150000    0.000000    0.000000 ^ _1431_/CLK (sky130_fd_sc_hd__dfxtp_2)
    19    0.037943    0.148709    0.307671    0.307671 ^ _1431_/Q (sky130_fd_sc_hd__dfxtp_2)
                                                         core_b[6] (net)
                      0.148709    0.000000    0.307671 ^ _0809_/A0 (sky130_fd_sc_hd__mux2_1)
     1    0.001632    0.023041    0.087661    0.395332 ^ _0809_/X (sky130_fd_sc_hd__mux2_1)
                                                         _0151_ (net)
                      0.023041    0.000000    0.395332 ^ _0810_/B (sky130_fd_sc_hd__and2_2)
     1    0.001748    0.021780    0.072744    0.468076 ^ _0810_/X (sky130_fd_sc_hd__and2_2)
                                                         _0047_ (net)
                      0.021780    0.000000    0.468076 ^ _1431_/D (sky130_fd_sc_hd__dfxtp_2)
                                              0.468076   data arrival time

                      0.150000    0.000000    0.000000   clock clk (rise edge)
                                  0.000000    0.000000   clock network delay (ideal)
                                  0.250000    0.250000   clock uncertainty
                                  0.000000    0.250000   clock reconvergence pessimism
                                              0.250000 ^ _1431_/CLK (sky130_fd_sc_hd__dfxtp_2)
                                 -0.013819    0.236181   library hold time
                                              0.236181   data required time
---------------------------------------------------------------------------------------------
                                              0.236181   data required time
                                             -0.468076   data arrival time
---------------------------------------------------------------------------------------------
                                              0.231895   slack (MET)


Startpoint: _1387_ (rising edge-triggered flip-flop clocked by clk)
Endpoint: _1387_ (rising edge-triggered flip-flop clocked by clk)
Path Group: clk
Path Type: min

Fanout         Cap        Slew       Delay        Time   Description
---------------------------------------------------------------------------------------------
                      0.150000    0.000000    0.000000   clock clk (rise edge)
                                  0.000000    0.000000   clock network delay (ideal)
                      0.150000    0.000000    0.000000 ^ _1387_/CLK (sky130_fd_sc_hd__dfxtp_2)
    17    0.042879    0.166897    0.320351    0.320351 ^ _1387_/Q (sky130_fd_sc_hd__dfxtp_2)
                                                         core_a[2] (net)
                      0.166897    0.000000    0.320351 ^ _0707_/A0 (sky130_fd_sc_hd__mux2_1)
     1    0.001632    0.023041    0.089017    0.409368 ^ _0707_/X (sky130_fd_sc_hd__mux2_1)
                                                         _0093_ (net)
                      0.023041    0.000000    0.409368 ^ _0708_/B (sky130_fd_sc_hd__and2_2)
     1    0.001748    0.021780    0.072744    0.482112 ^ _0708_/X (sky130_fd_sc_hd__and2_2)
                                                         _0003_ (net)
                      0.021780    0.000000    0.482112 ^ _1387_/D (sky130_fd_sc_hd__dfxtp_2)
                                              0.482112   data arrival time

                      0.150000    0.000000    0.000000   clock clk (rise edge)
                                  0.000000    0.000000   clock network delay (ideal)
                                  0.250000    0.250000   clock uncertainty
                                  0.000000    0.250000   clock reconvergence pessimism
                                              0.250000 ^ _1387_/CLK (sky130_fd_sc_hd__dfxtp_2)
                                 -0.013819    0.236181   library hold time
                                              0.236181   data required time
---------------------------------------------------------------------------------------------
                                              0.236181   data required time
                                             -0.482112   data arrival time
---------------------------------------------------------------------------------------------
                                              0.245931   slack (MET)


Startpoint: _1388_ (rising edge-triggered flip-flop clocked by clk)
Endpoint: _1388_ (rising edge-triggered flip-flop clocked by clk)
Path Group: clk
Path Type: min

Fanout         Cap        Slew       Delay        Time   Description
---------------------------------------------------------------------------------------------
                      0.150000    0.000000    0.000000   clock clk (rise edge)
                                  0.000000    0.000000   clock network delay (ideal)
                      0.150000    0.000000    0.000000 ^ _1388_/CLK (sky130_fd_sc_hd__dfxtp_2)
    16    0.044157    0.171639    0.323620    0.323620 ^ _1388_/Q (sky130_fd_sc_hd__dfxtp_2)
                                                         core_a[3] (net)
                      0.171639    0.000000    0.323620 ^ _0709_/A0 (sky130_fd_sc_hd__mux2_1)
     1    0.001632    0.023041    0.089370    0.412991 ^ _0709_/X (sky130_fd_sc_hd__mux2_1)
                                                         _0094_ (net)
                      0.023041    0.000000    0.412991 ^ _0710_/B (sky130_fd_sc_hd__and2_2)
     1    0.001748    0.021780    0.072744    0.485735 ^ _0710_/X (sky130_fd_sc_hd__and2_2)
                                                         _0004_ (net)
                      0.021780    0.000000    0.485735 ^ _1388_/D (sky130_fd_sc_hd__dfxtp_2)
                                              0.485735   data arrival time

                      0.150000    0.000000    0.000000   clock clk (rise edge)
                                  0.000000    0.000000   clock network delay (ideal)
                                  0.250000    0.250000   clock uncertainty
                                  0.000000    0.250000   clock reconvergence pessimism
                                              0.250000 ^ _1388_/CLK (sky130_fd_sc_hd__dfxtp_2)
                                 -0.013819    0.236181   library hold time
                                              0.236181   data required time
---------------------------------------------------------------------------------------------
                                              0.236181   data required time
                                             -0.485735   data arrival time
---------------------------------------------------------------------------------------------
                                              0.249554   slack (MET)


Startpoint: _1390_ (rising edge-triggered flip-flop clocked by clk)
Endpoint: _1390_ (rising edge-triggered flip-flop clocked by clk)
Path Group: clk
Path Type: min

Fanout         Cap        Slew       Delay        Time   Description
---------------------------------------------------------------------------------------------
                      0.150000    0.000000    0.000000   clock clk (rise edge)
                                  0.000000    0.000000   clock network delay (ideal)
                      0.150000    0.000000    0.000000 ^ _1390_/CLK (sky130_fd_sc_hd__dfxtp_2)
    18    0.046109    0.178895    0.328607    0.328607 ^ _1390_/Q (sky130_fd_sc_hd__dfxtp_2)
                                                         core_a[5] (net)
                      0.178895    0.000000    0.328607 ^ _0713_/A0 (sky130_fd_sc_hd__mux2_1)
     1    0.001632    0.023041    0.089911    0.418518 ^ _0713_/X (sky130_fd_sc_hd__mux2_1)
                                                         _0096_ (net)
                      0.023041    0.000000    0.418518 ^ _0714_/B (sky130_fd_sc_hd__and2_2)
     1    0.001748    0.021780    0.072744    0.491263 ^ _0714_/X (sky130_fd_sc_hd__and2_2)
                                                         _0006_ (net)
                      0.021780    0.000000    0.491263 ^ _1390_/D (sky130_fd_sc_hd__dfxtp_2)
                                              0.491263   data arrival time

                      0.150000    0.000000    0.000000   clock clk (rise edge)
                                  0.000000    0.000000   clock network delay (ideal)
                                  0.250000    0.250000   clock uncertainty
                                  0.000000    0.250000   clock reconvergence pessimism
                                              0.250000 ^ _1390_/CLK (sky130_fd_sc_hd__dfxtp_2)
                                 -0.013819    0.236181   library hold time
                                              0.236181   data required time
---------------------------------------------------------------------------------------------
                                              0.236181   data required time
                                             -0.491263   data arrival time
---------------------------------------------------------------------------------------------
                                              0.255081   slack (MET)


Startpoint: _1391_ (rising edge-triggered flip-flop clocked by clk)
Endpoint: _1391_ (rising edge-triggered flip-flop clocked by clk)
Path Group: clk
Path Type: min

Fanout         Cap        Slew       Delay        Time   Description
---------------------------------------------------------------------------------------------
                      0.150000    0.000000    0.000000   clock clk (rise edge)
                                  0.000000    0.000000   clock network delay (ideal)
                      0.150000    0.000000    0.000000 ^ _1391_/CLK (sky130_fd_sc_hd__dfxtp_2)
    18    0.046449    0.180159    0.329476    0.329476 ^ _1391_/Q (sky130_fd_sc_hd__dfxtp_2)
                                                         core_a[6] (net)
                      0.180159    0.000000    0.329476 ^ _0715_/A0 (sky130_fd_sc_hd__mux2_1)
     1    0.001632    0.023041    0.090006    0.419481 ^ _0715_/X (sky130_fd_sc_hd__mux2_1)
                                                         _0097_ (net)
                      0.023041    0.000000    0.419481 ^ _0716_/B (sky130_fd_sc_hd__and2_2)
     1    0.001748    0.021780    0.072744    0.492225 ^ _0716_/X (sky130_fd_sc_hd__and2_2)
                                                         _0007_ (net)
                      0.021780    0.000000    0.492225 ^ _1391_/D (sky130_fd_sc_hd__dfxtp_2)
                                              0.492225   data arrival time

                      0.150000    0.000000    0.000000   clock clk (rise edge)
                                  0.000000    0.000000   clock network delay (ideal)
                                  0.250000    0.250000   clock uncertainty
                                  0.000000    0.250000   clock reconvergence pessimism
                                              0.250000 ^ _1391_/CLK (sky130_fd_sc_hd__dfxtp_2)
                                 -0.013819    0.236181   library hold time
                                              0.236181   data required time
---------------------------------------------------------------------------------------------
                                              0.236181   data required time
                                             -0.492225   data arrival time
---------------------------------------------------------------------------------------------
                                              0.256044   slack (MET)


Startpoint: _1389_ (rising edge-triggered flip-flop clocked by clk)
Endpoint: _1389_ (rising edge-triggered flip-flop clocked by clk)
Path Group: clk
Path Type: min

Fanout         Cap        Slew       Delay        Time   Description
---------------------------------------------------------------------------------------------
                      0.150000    0.000000    0.000000   clock clk (rise edge)
                                  0.000000    0.000000   clock network delay (ideal)
                      0.150000    0.000000    0.000000 ^ _1389_/CLK (sky130_fd_sc_hd__dfxtp_2)
    17    0.046796    0.181449    0.330362    0.330362 ^ _1389_/Q (sky130_fd_sc_hd__dfxtp_2)
                                                         core_a[4] (net)
                      0.181449    0.000000    0.330362 ^ _0711_/A0 (sky130_fd_sc_hd__mux2_1)
     1    0.001632    0.023041    0.090102    0.420464 ^ _0711_/X (sky130_fd_sc_hd__mux2_1)
                                                         _0095_ (net)
                      0.023041    0.000000    0.420464 ^ _0712_/B (sky130_fd_sc_hd__and2_2)
     1    0.001748    0.021780    0.072744    0.493208 ^ _0712_/X (sky130_fd_sc_hd__and2_2)
                                                         _0005_ (net)
                      0.021780    0.000000    0.493208 ^ _1389_/D (sky130_fd_sc_hd__dfxtp_2)
                                              0.493208   data arrival time

                      0.150000    0.000000    0.000000   clock clk (rise edge)
                                  0.000000    0.000000   clock network delay (ideal)
                                  0.250000    0.250000   clock uncertainty
                                  0.000000    0.250000   clock reconvergence pessimism
                                              0.250000 ^ _1389_/CLK (sky130_fd_sc_hd__dfxtp_2)
                                 -0.013819    0.236181   library hold time
                                              0.236181   data required time
---------------------------------------------------------------------------------------------
                                              0.236181   data required time
                                             -0.493208   data arrival time
---------------------------------------------------------------------------------------------
                                              0.257027   slack (MET)


Startpoint: _1429_ (rising edge-triggered flip-flop clocked by clk)
Endpoint: _1429_ (rising edge-triggered flip-flop clocked by clk)
Path Group: clk
Path Type: min

Fanout         Cap        Slew       Delay        Time   Description
---------------------------------------------------------------------------------------------
                      0.150000    0.000000    0.000000   clock clk (rise edge)
                                  0.000000    0.000000   clock network delay (ideal)
                      0.150000    0.000000    0.000000 ^ _1429_/CLK (sky130_fd_sc_hd__dfxtp_2)
    18    0.048883    0.189207    0.335694    0.335694 ^ _1429_/Q (sky130_fd_sc_hd__dfxtp_2)
                                                         core_b[4] (net)
                      0.189207    0.000000    0.335694 ^ _0805_/A0 (sky130_fd_sc_hd__mux2_1)
     1    0.001632    0.023041    0.090680    0.426374 ^ _0805_/X (sky130_fd_sc_hd__mux2_1)
                                                         _0149_ (net)
                      0.023041    0.000000    0.426374 ^ _0806_/B (sky130_fd_sc_hd__and2_2)
     1    0.001748    0.021780    0.072744    0.499118 ^ _0806_/X (sky130_fd_sc_hd__and2_2)
                                                         _0045_ (net)
                      0.021780    0.000000    0.499118 ^ _1429_/D (sky130_fd_sc_hd__dfxtp_2)
                                              0.499118   data arrival time

                      0.150000    0.000000    0.000000   clock clk (rise edge)
                                  0.000000    0.000000   clock network delay (ideal)
                                  0.250000    0.250000   clock uncertainty
                                  0.000000    0.250000   clock reconvergence pessimism
                                              0.250000 ^ _1429_/CLK (sky130_fd_sc_hd__dfxtp_2)
                                 -0.013819    0.236181   library hold time
                                              0.236181   data required time
---------------------------------------------------------------------------------------------
                                              0.236181   data required time
                                             -0.499118   data arrival time
---------------------------------------------------------------------------------------------
                                              0.262937   slack (MET)


Startpoint: _1385_ (rising edge-triggered flip-flop clocked by clk)
Endpoint: _1385_ (rising edge-triggered flip-flop clocked by clk)
Path Group: clk
Path Type: min

Fanout         Cap        Slew       Delay        Time   Description
---------------------------------------------------------------------------------------------
                      0.150000    0.000000    0.000000   clock clk (rise edge)
                                  0.000000    0.000000   clock network delay (ideal)
                      0.150000    0.000000    0.000000 ^ _1385_/CLK (sky130_fd_sc_hd__dfxtp_2)
    17    0.050550    0.195404    0.339952    0.339952 ^ _1385_/Q (sky130_fd_sc_hd__dfxtp_2)
                                                         core_a[0] (net)
                      0.195404    0.000000    0.339952 ^ _0703_/A0 (sky130_fd_sc_hd__mux2_1)
     1    0.001632    0.023041    0.091142    0.431095 ^ _0703_/X (sky130_fd_sc_hd__mux2_1)
                                                         _0091_ (net)
                      0.023041    0.000000    0.431095 ^ _0704_/B (sky130_fd_sc_hd__and2_2)
     1    0.001748    0.021780    0.072744    0.503839 ^ _0704_/X (sky130_fd_sc_hd__and2_2)
                                                         _0001_ (net)
                      0.021780    0.000000    0.503839 ^ _1385_/D (sky130_fd_sc_hd__dfxtp_2)
                                              0.503839   data arrival time

                      0.150000    0.000000    0.000000   clock clk (rise edge)
                                  0.000000    0.000000   clock network delay (ideal)
                                  0.250000    0.250000   clock uncertainty
                                  0.000000    0.250000   clock reconvergence pessimism
                                              0.250000 ^ _1385_/CLK (sky130_fd_sc_hd__dfxtp_2)
                                 -0.013819    0.236181   library hold time
                                              0.236181   data required time
---------------------------------------------------------------------------------------------
                                              0.236181   data required time
                                             -0.503839   data arrival time
---------------------------------------------------------------------------------------------
                                              0.267658   slack (MET)


Startpoint: _1386_ (rising edge-triggered flip-flop clocked by clk)
Endpoint: _1386_ (rising edge-triggered flip-flop clocked by clk)
Path Group: clk
Path Type: min

Fanout         Cap        Slew       Delay        Time   Description
---------------------------------------------------------------------------------------------
                      0.150000    0.000000    0.000000   clock clk (rise edge)
                                  0.000000    0.000000   clock network delay (ideal)
                      0.150000    0.000000    0.000000 ^ _1386_/CLK (sky130_fd_sc_hd__dfxtp_2)
    18    0.050885    0.196650    0.340808    0.340808 ^ _1386_/Q (sky130_fd_sc_hd__dfxtp_2)
                                                         core_a[1] (net)
                      0.196650    0.000000    0.340808 ^ _0705_/A0 (sky130_fd_sc_hd__mux2_1)
     1    0.001632    0.023041    0.091235    0.432043 ^ _0705_/X (sky130_fd_sc_hd__mux2_1)
                                                         _0092_ (net)
                      0.023041    0.000000    0.432043 ^ _0706_/B (sky130_fd_sc_hd__and2_2)
     1    0.001748    0.021780    0.072744    0.504788 ^ _0706_/X (sky130_fd_sc_hd__and2_2)
                                                         _0002_ (net)
                      0.021780    0.000000    0.504788 ^ _1386_/D (sky130_fd_sc_hd__dfxtp_2)
                                              0.504788   data arrival time

                      0.150000    0.000000    0.000000   clock clk (rise edge)
                                  0.000000    0.000000   clock network delay (ideal)
                                  0.250000    0.250000   clock uncertainty
                                  0.000000    0.250000   clock reconvergence pessimism
                                              0.250000 ^ _1386_/CLK (sky130_fd_sc_hd__dfxtp_2)
                                 -0.013819    0.236181   library hold time
                                              0.236181   data required time
---------------------------------------------------------------------------------------------
                                              0.236181   data required time
                                             -0.504788   data arrival time
---------------------------------------------------------------------------------------------
                                              0.268606   slack (MET)


Startpoint: _1427_ (rising edge-triggered flip-flop clocked by clk)
Endpoint: _1427_ (rising edge-triggered flip-flop clocked by clk)
Path Group: clk
Path Type: min

Fanout         Cap        Slew       Delay        Time   Description
---------------------------------------------------------------------------------------------
                      0.150000    0.000000    0.000000   clock clk (rise edge)
                                  0.000000    0.000000   clock network delay (ideal)
                      0.150000    0.000000    0.000000 ^ _1427_/CLK (sky130_fd_sc_hd__dfxtp_2)
    17    0.054321    0.209423    0.349586    0.349586 ^ _1427_/Q (sky130_fd_sc_hd__dfxtp_2)
                                                         core_b[2] (net)
                      0.209423    0.000000    0.349586 ^ _0801_/A0 (sky130_fd_sc_hd__mux2_1)
     1    0.001632    0.023041    0.092188    0.441774 ^ _0801_/X (sky130_fd_sc_hd__mux2_1)
                                                         _0147_ (net)
                      0.023041    0.000000    0.441774 ^ _0802_/B (sky130_fd_sc_hd__and2_2)
     1    0.001748    0.021780    0.072744    0.514518 ^ _0802_/X (sky130_fd_sc_hd__and2_2)
                                                         _0043_ (net)
                      0.021780    0.000000    0.514518 ^ _1427_/D (sky130_fd_sc_hd__dfxtp_2)
                                              0.514518   data arrival time

                      0.150000    0.000000    0.000000   clock clk (rise edge)
                                  0.000000    0.000000   clock network delay (ideal)
                                  0.250000    0.250000   clock uncertainty
                                  0.000000    0.250000   clock reconvergence pessimism
                                              0.250000 ^ _1427_/CLK (sky130_fd_sc_hd__dfxtp_2)
                                 -0.013819    0.236181   library hold time
                                              0.236181   data required time
---------------------------------------------------------------------------------------------
                                              0.236181   data required time
                                             -0.514518   data arrival time
---------------------------------------------------------------------------------------------
                                              0.278337   slack (MET)


Startpoint: _1392_ (rising edge-triggered flip-flop clocked by clk)
Endpoint: _1392_ (rising edge-triggered flip-flop clocked by clk)
Path Group: clk
Path Type: min

Fanout         Cap        Slew       Delay        Time   Description
---------------------------------------------------------------------------------------------
                      0.150000    0.000000    0.000000   clock clk (rise edge)
                                  0.000000    0.000000   clock network delay (ideal)
                      0.150000    0.000000    0.000000 ^ _1392_/CLK (sky130_fd_sc_hd__dfxtp_2)
    18    0.054661    0.210687    0.350455    0.350455 ^ _1392_/Q (sky130_fd_sc_hd__dfxtp_2)
                                                         core_a[7] (net)
                      0.210687    0.000000    0.350455 ^ _0717_/A0 (sky130_fd_sc_hd__mux2_1)
     1    0.001632    0.023041    0.092282    0.442736 ^ _0717_/X (sky130_fd_sc_hd__mux2_1)
                                                         _0098_ (net)
                      0.023041    0.000000    0.442736 ^ _0718_/B (sky130_fd_sc_hd__and2_2)
     1    0.001748    0.021780    0.072744    0.515481 ^ _0718_/X (sky130_fd_sc_hd__and2_2)
                                                         _0008_ (net)
                      0.021780    0.000000    0.515481 ^ _1392_/D (sky130_fd_sc_hd__dfxtp_2)
                                              0.515481   data arrival time

                      0.150000    0.000000    0.000000   clock clk (rise edge)
                                  0.000000    0.000000   clock network delay (ideal)
                                  0.250000    0.250000   clock uncertainty
                                  0.000000    0.250000   clock reconvergence pessimism
                                              0.250000 ^ _1392_/CLK (sky130_fd_sc_hd__dfxtp_2)
                                 -0.013819    0.236181   library hold time
                                              0.236181   data required time
---------------------------------------------------------------------------------------------
                                              0.236181   data required time
                                             -0.515481   data arrival time
---------------------------------------------------------------------------------------------
                                              0.279300   slack (MET)


Startpoint: _1426_ (rising edge-triggered flip-flop clocked by clk)
Endpoint: _1426_ (rising edge-triggered flip-flop clocked by clk)
Path Group: clk
Path Type: min

Fanout         Cap        Slew       Delay        Time   Description
---------------------------------------------------------------------------------------------
                      0.150000    0.000000    0.000000   clock clk (rise edge)
                                  0.000000    0.000000   clock network delay (ideal)
                      0.150000    0.000000    0.000000 ^ _1426_/CLK (sky130_fd_sc_hd__dfxtp_2)
    19    0.057396    0.220854    0.357442    0.357442 ^ _1426_/Q (sky130_fd_sc_hd__dfxtp_2)
                                                         core_b[1] (net)
                      0.220854    0.000000    0.357442 ^ _0799_/A0 (sky130_fd_sc_hd__mux2_1)
     1    0.001632    0.023041    0.093040    0.450482 ^ _0799_/X (sky130_fd_sc_hd__mux2_1)
                                                         _0146_ (net)
                      0.023041    0.000000    0.450482 ^ _0800_/B (sky130_fd_sc_hd__and2_2)
     1    0.001748    0.021780    0.072744    0.523226 ^ _0800_/X (sky130_fd_sc_hd__and2_2)
                                                         _0042_ (net)
                      0.021780    0.000000    0.523226 ^ _1426_/D (sky130_fd_sc_hd__dfxtp_2)
                                              0.523226   data arrival time

                      0.150000    0.000000    0.000000   clock clk (rise edge)
                                  0.000000    0.000000   clock network delay (ideal)
                                  0.250000    0.250000   clock uncertainty
                                  0.000000    0.250000   clock reconvergence pessimism
                                              0.250000 ^ _1426_/CLK (sky130_fd_sc_hd__dfxtp_2)
                                 -0.013819    0.236181   library hold time
                                              0.236181   data required time
---------------------------------------------------------------------------------------------
                                              0.236181   data required time
                                             -0.523226   data arrival time
---------------------------------------------------------------------------------------------
                                              0.287045   slack (MET)


Startpoint: _1428_ (rising edge-triggered flip-flop clocked by clk)
Endpoint: _1428_ (rising edge-triggered flip-flop clocked by clk)
Path Group: clk
Path Type: min

Fanout         Cap        Slew       Delay        Time   Description
---------------------------------------------------------------------------------------------
                      0.150000    0.000000    0.000000   clock clk (rise edge)
                                  0.000000    0.000000   clock network delay (ideal)
                      0.150000    0.000000    0.000000 ^ _1428_/CLK (sky130_fd_sc_hd__dfxtp_2)
    21    0.058040    0.223248    0.359087    0.359087 ^ _1428_/Q (sky130_fd_sc_hd__dfxtp_2)
                                                         core_b[3] (net)
                      0.223248    0.000000    0.359087 ^ _0803_/A0 (sky130_fd_sc_hd__mux2_1)
     1    0.001632    0.023041    0.093218    0.452305 ^ _0803_/X (sky130_fd_sc_hd__mux2_1)
                                                         _0148_ (net)
                      0.023041    0.000000    0.452305 ^ _0804_/B (sky130_fd_sc_hd__and2_2)
     1    0.001748    0.021780    0.072744    0.525049 ^ _0804_/X (sky130_fd_sc_hd__and2_2)
                                                         _0044_ (net)
                      0.021780    0.000000    0.525049 ^ _1428_/D (sky130_fd_sc_hd__dfxtp_2)
                                              0.525049   data arrival time

                      0.150000    0.000000    0.000000   clock clk (rise edge)
                                  0.000000    0.000000   clock network delay (ideal)
                                  0.250000    0.250000   clock uncertainty
                                  0.000000    0.250000   clock reconvergence pessimism
                                              0.250000 ^ _1428_/CLK (sky130_fd_sc_hd__dfxtp_2)
                                 -0.013819    0.236181   library hold time
                                              0.236181   data required time
---------------------------------------------------------------------------------------------
                                              0.236181   data required time
                                             -0.525049   data arrival time
---------------------------------------------------------------------------------------------
                                              0.288868   slack (MET)


Startpoint: _1430_ (rising edge-triggered flip-flop clocked by clk)
Endpoint: _1430_ (rising edge-triggered flip-flop clocked by clk)
Path Group: clk
Path Type: min

Fanout         Cap        Slew       Delay        Time   Description
---------------------------------------------------------------------------------------------
                      0.150000    0.000000    0.000000   clock clk (rise edge)
                                  0.000000    0.000000   clock network delay (ideal)
                      0.150000    0.000000    0.000000 ^ _1430_/CLK (sky130_fd_sc_hd__dfxtp_2)
    18    0.061712    0.236898    0.368468    0.368468 ^ _1430_/Q (sky130_fd_sc_hd__dfxtp_2)
                                                         core_b[5] (net)
                      0.236898    0.000000    0.368468 ^ _0807_/A0 (sky130_fd_sc_hd__mux2_1)
     1    0.001632    0.023041    0.094236    0.462704 ^ _0807_/X (sky130_fd_sc_hd__mux2_1)
                                                         _0150_ (net)
                      0.023041    0.000000    0.462704 ^ _0808_/B (sky130_fd_sc_hd__and2_2)
     1    0.001748    0.021780    0.072744    0.535448 ^ _0808_/X (sky130_fd_sc_hd__and2_2)
                                                         _0046_ (net)
                      0.021780    0.000000    0.535448 ^ _1430_/D (sky130_fd_sc_hd__dfxtp_2)
                                              0.535448   data arrival time

                      0.150000    0.000000    0.000000   clock clk (rise edge)
                                  0.000000    0.000000   clock network delay (ideal)
                                  0.250000    0.250000   clock uncertainty
                                  0.000000    0.250000   clock reconvergence pessimism
                                              0.250000 ^ _1430_/CLK (sky130_fd_sc_hd__dfxtp_2)
                                 -0.013819    0.236181   library hold time
                                              0.236181   data required time
---------------------------------------------------------------------------------------------
                                              0.236181   data required time
                                             -0.535448   data arrival time
---------------------------------------------------------------------------------------------
                                              0.299267   slack (MET)


Startpoint: _1425_ (rising edge-triggered flip-flop clocked by clk)
Endpoint: _1425_ (rising edge-triggered flip-flop clocked by clk)
Path Group: clk
Path Type: min

Fanout         Cap        Slew       Delay        Time   Description
---------------------------------------------------------------------------------------------
                      0.150000    0.000000    0.000000   clock clk (rise edge)
                                  0.000000    0.000000   clock network delay (ideal)
                      0.150000    0.000000    0.000000 ^ _1425_/CLK (sky130_fd_sc_hd__dfxtp_2)
    22    0.062364    0.239322    0.370133    0.370133 ^ _1425_/Q (sky130_fd_sc_hd__dfxtp_2)
                                                         core_b[0] (net)
                      0.239322    0.000000    0.370133 ^ _0797_/A0 (sky130_fd_sc_hd__mux2_1)
     1    0.001632    0.023041    0.094417    0.464550 ^ _0797_/X (sky130_fd_sc_hd__mux2_1)
                                                         _0145_ (net)
                      0.023041    0.000000    0.464550 ^ _0798_/B (sky130_fd_sc_hd__and2_2)
     1    0.001748    0.021780    0.072744    0.537294 ^ _0798_/X (sky130_fd_sc_hd__and2_2)
                                                         _0041_ (net)
                      0.021780    0.000000    0.537294 ^ _1425_/D (sky130_fd_sc_hd__dfxtp_2)
                                              0.537294   data arrival time

                      0.150000    0.000000    0.000000   clock clk (rise edge)
                                  0.000000    0.000000   clock network delay (ideal)
                                  0.250000    0.250000   clock uncertainty
                                  0.000000    0.250000   clock reconvergence pessimism
                                              0.250000 ^ _1425_/CLK (sky130_fd_sc_hd__dfxtp_2)
                                 -0.013819    0.236181   library hold time
                                              0.236181   data required time
---------------------------------------------------------------------------------------------
                                              0.236181   data required time
                                             -0.537294   data arrival time
---------------------------------------------------------------------------------------------
                                              0.301113   slack (MET)


Startpoint: addr[3] (input port clocked by clk)
Endpoint: _1384_ (rising edge-triggered flip-flop clocked by clk)
Path Group: clk
Path Type: min

Fanout         Cap        Slew       Delay        Time   Description
---------------------------------------------------------------------------------------------
                      0.150000    0.000000    0.000000   clock clk (rise edge)
                                  0.000000    0.000000   clock network delay (ideal)
                                  2.000000    2.000000 v input external delay
     2    0.005791    0.009575    0.005115    2.005116 v addr[3] (in)
                                                         addr[3] (net)
                      0.009575    0.000000    2.005116 v _0693_/A (sky130_fd_sc_hd__inv_2)
     1    0.001669    0.011240    0.016253    2.021368 ^ _0693_/Y (sky130_fd_sc_hd__inv_2)
                                                         _0082_ (net)
                      0.011240    0.000000    2.021368 ^ _0698_/A (sky130_fd_sc_hd__or2_2)
     2    0.009348    0.044960    0.075290    2.096658 ^ _0698_/X (sky130_fd_sc_hd__or2_2)
                                                         _0087_ (net)
                      0.044960    0.000000    2.096658 ^ _0699_/C (sky130_fd_sc_hd__nor3_2)
     1    0.001783    0.014858    0.018342    2.115000 v _0699_/Y (sky130_fd_sc_hd__nor3_2)
                                                         _0000_ (net)
                      0.014858    0.000000    2.115000 v _1384_/D (sky130_fd_sc_hd__dfxtp_2)
                                              2.115000   data arrival time

                      0.150000    0.000000    0.000000   clock clk (rise edge)
                                  0.000000    0.000000   clock network delay (ideal)
                                  0.250000    0.250000   clock uncertainty
                                  0.000000    0.250000   clock reconvergence pessimism
                                              0.250000 ^ _1384_/CLK (sky130_fd_sc_hd__dfxtp_2)
                                 -0.017583    0.232417   library hold time
                                              0.232417   data required time
---------------------------------------------------------------------------------------------
                                              0.232417   data required time
                                             -2.115000   data arrival time
---------------------------------------------------------------------------------------------
                                              1.882583   slack (MET)


Startpoint: _1403_ (rising edge-triggered flip-flop clocked by clk)
Endpoint: rdata[10] (output port clocked by clk)
Path Group: clk
Path Type: min

Fanout         Cap        Slew       Delay        Time   Description
---------------------------------------------------------------------------------------------
                      0.150000    0.000000    0.000000   clock clk (rise edge)
                                  0.000000    0.000000   clock network delay (ideal)
                      0.150000    0.000000    0.000000 ^ _1403_/CLK (sky130_fd_sc_hd__dfxtp_2)
     2    0.035706    0.064781    0.267570    0.267570 v _1403_/Q (sky130_fd_sc_hd__dfxtp_2)
                                                         rdata[10] (net)
                      0.064781    0.000000    0.267570 v rdata[10] (out)
                                              0.267570   data arrival time

                      0.150000    0.000000    0.000000   clock clk (rise edge)
                                  0.000000    0.000000   clock network delay (ideal)
                                  0.250000    0.250000   clock uncertainty
                                  0.000000    0.250000   clock reconvergence pessimism
                                 -2.000000   -1.750000   output external delay
                                             -1.750000   data required time
---------------------------------------------------------------------------------------------
                                             -1.750000   data required time
                                             -0.267570   data arrival time
---------------------------------------------------------------------------------------------
                                              2.017570   slack (MET)


Startpoint: _1404_ (rising edge-triggered flip-flop clocked by clk)
Endpoint: rdata[11] (output port clocked by clk)
Path Group: clk
Path Type: min

Fanout         Cap        Slew       Delay        Time   Description
---------------------------------------------------------------------------------------------
                      0.150000    0.000000    0.000000   clock clk (rise edge)
                                  0.000000    0.000000   clock network delay (ideal)
                      0.150000    0.000000    0.000000 ^ _1404_/CLK (sky130_fd_sc_hd__dfxtp_2)
     2    0.035706    0.064781    0.267570    0.267570 v _1404_/Q (sky130_fd_sc_hd__dfxtp_2)
                                                         rdata[11] (net)
                      0.064781    0.000000    0.267570 v rdata[11] (out)
                                              0.267570   data arrival time

                      0.150000    0.000000    0.000000   clock clk (rise edge)
                                  0.000000    0.000000   clock network delay (ideal)
                                  0.250000    0.250000   clock uncertainty
                                  0.000000    0.250000   clock reconvergence pessimism
                                 -2.000000   -1.750000   output external delay
                                             -1.750000   data required time
---------------------------------------------------------------------------------------------
                                             -1.750000   data required time
                                             -0.267570   data arrival time
---------------------------------------------------------------------------------------------
                                              2.017570   slack (MET)


Startpoint: _1405_ (rising edge-triggered flip-flop clocked by clk)
Endpoint: rdata[12] (output port clocked by clk)
Path Group: clk
Path Type: min

Fanout         Cap        Slew       Delay        Time   Description
---------------------------------------------------------------------------------------------
                      0.150000    0.000000    0.000000   clock clk (rise edge)
                                  0.000000    0.000000   clock network delay (ideal)
                      0.150000    0.000000    0.000000 ^ _1405_/CLK (sky130_fd_sc_hd__dfxtp_2)
     2    0.035706    0.064781    0.267570    0.267570 v _1405_/Q (sky130_fd_sc_hd__dfxtp_2)
                                                         rdata[12] (net)
                      0.064781    0.000000    0.267570 v rdata[12] (out)
                                              0.267570   data arrival time

                      0.150000    0.000000    0.000000   clock clk (rise edge)
                                  0.000000    0.000000   clock network delay (ideal)
                                  0.250000    0.250000   clock uncertainty
                                  0.000000    0.250000   clock reconvergence pessimism
                                 -2.000000   -1.750000   output external delay
                                             -1.750000   data required time
---------------------------------------------------------------------------------------------
                                             -1.750000   data required time
                                             -0.267570   data arrival time
---------------------------------------------------------------------------------------------
                                              2.017570   slack (MET)


Startpoint: _1406_ (rising edge-triggered flip-flop clocked by clk)
Endpoint: rdata[13] (output port clocked by clk)
Path Group: clk
Path Type: min

Fanout         Cap        Slew       Delay        Time   Description
---------------------------------------------------------------------------------------------
                      0.150000    0.000000    0.000000   clock clk (rise edge)
                                  0.000000    0.000000   clock network delay (ideal)
                      0.150000    0.000000    0.000000 ^ _1406_/CLK (sky130_fd_sc_hd__dfxtp_2)
     2    0.035706    0.064781    0.267570    0.267570 v _1406_/Q (sky130_fd_sc_hd__dfxtp_2)
                                                         rdata[13] (net)
                      0.064781    0.000000    0.267570 v rdata[13] (out)
                                              0.267570   data arrival time

                      0.150000    0.000000    0.000000   clock clk (rise edge)
                                  0.000000    0.000000   clock network delay (ideal)
                                  0.250000    0.250000   clock uncertainty
                                  0.000000    0.250000   clock reconvergence pessimism
                                 -2.000000   -1.750000   output external delay
                                             -1.750000   data required time
---------------------------------------------------------------------------------------------
                                             -1.750000   data required time
                                             -0.267570   data arrival time
---------------------------------------------------------------------------------------------
                                              2.017570   slack (MET)


Startpoint: _1407_ (rising edge-triggered flip-flop clocked by clk)
Endpoint: rdata[14] (output port clocked by clk)
Path Group: clk
Path Type: min

Fanout         Cap        Slew       Delay        Time   Description
---------------------------------------------------------------------------------------------
                      0.150000    0.000000    0.000000   clock clk (rise edge)
                                  0.000000    0.000000   clock network delay (ideal)
                      0.150000    0.000000    0.000000 ^ _1407_/CLK (sky130_fd_sc_hd__dfxtp_2)
     2    0.035706    0.064781    0.267570    0.267570 v _1407_/Q (sky130_fd_sc_hd__dfxtp_2)
                                                         rdata[14] (net)
                      0.064781    0.000000    0.267570 v rdata[14] (out)
                                              0.267570   data arrival time

                      0.150000    0.000000    0.000000   clock clk (rise edge)
                                  0.000000    0.000000   clock network delay (ideal)
                                  0.250000    0.250000   clock uncertainty
                                  0.000000    0.250000   clock reconvergence pessimism
                                 -2.000000   -1.750000   output external delay
                                             -1.750000   data required time
---------------------------------------------------------------------------------------------
                                             -1.750000   data required time
                                             -0.267570   data arrival time
---------------------------------------------------------------------------------------------
                                              2.017570   slack (MET)


Startpoint: _1408_ (rising edge-triggered flip-flop clocked by clk)
Endpoint: rdata[15] (output port clocked by clk)
Path Group: clk
Path Type: min

Fanout         Cap        Slew       Delay        Time   Description
---------------------------------------------------------------------------------------------
                      0.150000    0.000000    0.000000   clock clk (rise edge)
                                  0.000000    0.000000   clock network delay (ideal)
                      0.150000    0.000000    0.000000 ^ _1408_/CLK (sky130_fd_sc_hd__dfxtp_2)
     2    0.035706    0.064781    0.267570    0.267570 v _1408_/Q (sky130_fd_sc_hd__dfxtp_2)
                                                         rdata[15] (net)
                      0.064781    0.000000    0.267570 v rdata[15] (out)
                                              0.267570   data arrival time

                      0.150000    0.000000    0.000000   clock clk (rise edge)
                                  0.000000    0.000000   clock network delay (ideal)
                                  0.250000    0.250000   clock uncertainty
                                  0.000000    0.250000   clock reconvergence pessimism
                                 -2.000000   -1.750000   output external delay
                                             -1.750000   data required time
---------------------------------------------------------------------------------------------
                                             -1.750000   data required time
                                             -0.267570   data arrival time
---------------------------------------------------------------------------------------------
                                              2.017570   slack (MET)


Startpoint: _1409_ (rising edge-triggered flip-flop clocked by clk)
Endpoint: rdata[16] (output port clocked by clk)
Path Group: clk
Path Type: min

Fanout         Cap        Slew       Delay        Time   Description
---------------------------------------------------------------------------------------------
                      0.150000    0.000000    0.000000   clock clk (rise edge)
                                  0.000000    0.000000   clock network delay (ideal)
                      0.150000    0.000000    0.000000 ^ _1409_/CLK (sky130_fd_sc_hd__dfxtp_2)
     2    0.035706    0.064781    0.267570    0.267570 v _1409_/Q (sky130_fd_sc_hd__dfxtp_2)
                                                         rdata[16] (net)
                      0.064781    0.000000    0.267570 v rdata[16] (out)
                                              0.267570   data arrival time

                      0.150000    0.000000    0.000000   clock clk (rise edge)
                                  0.000000    0.000000   clock network delay (ideal)
                                  0.250000    0.250000   clock uncertainty
                                  0.000000    0.250000   clock reconvergence pessimism
                                 -2.000000   -1.750000   output external delay
                                             -1.750000   data required time
---------------------------------------------------------------------------------------------
                                             -1.750000   data required time
                                             -0.267570   data arrival time
---------------------------------------------------------------------------------------------
                                              2.017570   slack (MET)


Startpoint: _1410_ (rising edge-triggered flip-flop clocked by clk)
Endpoint: rdata[17] (output port clocked by clk)
Path Group: clk
Path Type: min

Fanout         Cap        Slew       Delay        Time   Description
---------------------------------------------------------------------------------------------
                      0.150000    0.000000    0.000000   clock clk (rise edge)
                                  0.000000    0.000000   clock network delay (ideal)
                      0.150000    0.000000    0.000000 ^ _1410_/CLK (sky130_fd_sc_hd__dfxtp_2)
     2    0.035706    0.064781    0.267570    0.267570 v _1410_/Q (sky130_fd_sc_hd__dfxtp_2)
                                                         rdata[17] (net)
                      0.064781    0.000000    0.267570 v rdata[17] (out)
                                              0.267570   data arrival time

                      0.150000    0.000000    0.000000   clock clk (rise edge)
                                  0.000000    0.000000   clock network delay (ideal)
                                  0.250000    0.250000   clock uncertainty
                                  0.000000    0.250000   clock reconvergence pessimism
                                 -2.000000   -1.750000   output external delay
                                             -1.750000   data required time
---------------------------------------------------------------------------------------------
                                             -1.750000   data required time
                                             -0.267570   data arrival time
---------------------------------------------------------------------------------------------
                                              2.017570   slack (MET)


Startpoint: _1411_ (rising edge-triggered flip-flop clocked by clk)
Endpoint: rdata[18] (output port clocked by clk)
Path Group: clk
Path Type: min

Fanout         Cap        Slew       Delay        Time   Description
---------------------------------------------------------------------------------------------
                      0.150000    0.000000    0.000000   clock clk (rise edge)
                                  0.000000    0.000000   clock network delay (ideal)
                      0.150000    0.000000    0.000000 ^ _1411_/CLK (sky130_fd_sc_hd__dfxtp_2)
     2    0.035706    0.064781    0.267570    0.267570 v _1411_/Q (sky130_fd_sc_hd__dfxtp_2)
                                                         rdata[18] (net)
                      0.064781    0.000000    0.267570 v rdata[18] (out)
                                              0.267570   data arrival time

                      0.150000    0.000000    0.000000   clock clk (rise edge)
                                  0.000000    0.000000   clock network delay (ideal)
                                  0.250000    0.250000   clock uncertainty
                                  0.000000    0.250000   clock reconvergence pessimism
                                 -2.000000   -1.750000   output external delay
                                             -1.750000   data required time
---------------------------------------------------------------------------------------------
                                             -1.750000   data required time
                                             -0.267570   data arrival time
---------------------------------------------------------------------------------------------
                                              2.017570   slack (MET)


Startpoint: _1412_ (rising edge-triggered flip-flop clocked by clk)
Endpoint: rdata[19] (output port clocked by clk)
Path Group: clk
Path Type: min

Fanout         Cap        Slew       Delay        Time   Description
---------------------------------------------------------------------------------------------
                      0.150000    0.000000    0.000000   clock clk (rise edge)
                                  0.000000    0.000000   clock network delay (ideal)
                      0.150000    0.000000    0.000000 ^ _1412_/CLK (sky130_fd_sc_hd__dfxtp_2)
     2    0.035706    0.064781    0.267570    0.267570 v _1412_/Q (sky130_fd_sc_hd__dfxtp_2)
                                                         rdata[19] (net)
                      0.064781    0.000000    0.267570 v rdata[19] (out)
                                              0.267570   data arrival time

                      0.150000    0.000000    0.000000   clock clk (rise edge)
                                  0.000000    0.000000   clock network delay (ideal)
                                  0.250000    0.250000   clock uncertainty
                                  0.000000    0.250000   clock reconvergence pessimism
                                 -2.000000   -1.750000   output external delay
                                             -1.750000   data required time
---------------------------------------------------------------------------------------------
                                             -1.750000   data required time
                                             -0.267570   data arrival time
---------------------------------------------------------------------------------------------
                                              2.017570   slack (MET)


Startpoint: _1413_ (rising edge-triggered flip-flop clocked by clk)
Endpoint: rdata[20] (output port clocked by clk)
Path Group: clk
Path Type: min

Fanout         Cap        Slew       Delay        Time   Description
---------------------------------------------------------------------------------------------
                      0.150000    0.000000    0.000000   clock clk (rise edge)
                                  0.000000    0.000000   clock network delay (ideal)
                      0.150000    0.000000    0.000000 ^ _1413_/CLK (sky130_fd_sc_hd__dfxtp_2)
     2    0.035706    0.064781    0.267570    0.267570 v _1413_/Q (sky130_fd_sc_hd__dfxtp_2)
                                                         rdata[20] (net)
                      0.064781    0.000000    0.267570 v rdata[20] (out)
                                              0.267570   data arrival time

                      0.150000    0.000000    0.000000   clock clk (rise edge)
                                  0.000000    0.000000   clock network delay (ideal)
                                  0.250000    0.250000   clock uncertainty
                                  0.000000    0.250000   clock reconvergence pessimism
                                 -2.000000   -1.750000   output external delay
                                             -1.750000   data required time
---------------------------------------------------------------------------------------------
                                             -1.750000   data required time
                                             -0.267570   data arrival time
---------------------------------------------------------------------------------------------
                                              2.017570   slack (MET)


Startpoint: _1414_ (rising edge-triggered flip-flop clocked by clk)
Endpoint: rdata[21] (output port clocked by clk)
Path Group: clk
Path Type: min

Fanout         Cap        Slew       Delay        Time   Description
---------------------------------------------------------------------------------------------
                      0.150000    0.000000    0.000000   clock clk (rise edge)
                                  0.000000    0.000000   clock network delay (ideal)
                      0.150000    0.000000    0.000000 ^ _1414_/CLK (sky130_fd_sc_hd__dfxtp_2)
     2    0.035706    0.064781    0.267570    0.267570 v _1414_/Q (sky130_fd_sc_hd__dfxtp_2)
                                                         rdata[21] (net)
                      0.064781    0.000000    0.267570 v rdata[21] (out)
                                              0.267570   data arrival time

                      0.150000    0.000000    0.000000   clock clk (rise edge)
                                  0.000000    0.000000   clock network delay (ideal)
                                  0.250000    0.250000   clock uncertainty
                                  0.000000    0.250000   clock reconvergence pessimism
                                 -2.000000   -1.750000   output external delay
                                             -1.750000   data required time
---------------------------------------------------------------------------------------------
                                             -1.750000   data required time
                                             -0.267570   data arrival time
---------------------------------------------------------------------------------------------
                                              2.017570   slack (MET)


Startpoint: _1415_ (rising edge-triggered flip-flop clocked by clk)
Endpoint: rdata[22] (output port clocked by clk)
Path Group: clk
Path Type: min

Fanout         Cap        Slew       Delay        Time   Description
---------------------------------------------------------------------------------------------
                      0.150000    0.000000    0.000000   clock clk (rise edge)
                                  0.000000    0.000000   clock network delay (ideal)
                      0.150000    0.000000    0.000000 ^ _1415_/CLK (sky130_fd_sc_hd__dfxtp_2)
     2    0.035706    0.064781    0.267570    0.267570 v _1415_/Q (sky130_fd_sc_hd__dfxtp_2)
                                                         rdata[22] (net)
                      0.064781    0.000000    0.267570 v rdata[22] (out)
                                              0.267570   data arrival time

                      0.150000    0.000000    0.000000   clock clk (rise edge)
                                  0.000000    0.000000   clock network delay (ideal)
                                  0.250000    0.250000   clock uncertainty
                                  0.000000    0.250000   clock reconvergence pessimism
                                 -2.000000   -1.750000   output external delay
                                             -1.750000   data required time
---------------------------------------------------------------------------------------------
                                             -1.750000   data required time
                                             -0.267570   data arrival time
---------------------------------------------------------------------------------------------
                                              2.017570   slack (MET)


Startpoint: _1416_ (rising edge-triggered flip-flop clocked by clk)
Endpoint: rdata[23] (output port clocked by clk)
Path Group: clk
Path Type: min

Fanout         Cap        Slew       Delay        Time   Description
---------------------------------------------------------------------------------------------
                      0.150000    0.000000    0.000000   clock clk (rise edge)
                                  0.000000    0.000000   clock network delay (ideal)
                      0.150000    0.000000    0.000000 ^ _1416_/CLK (sky130_fd_sc_hd__dfxtp_2)
     2    0.035706    0.064781    0.267570    0.267570 v _1416_/Q (sky130_fd_sc_hd__dfxtp_2)
                                                         rdata[23] (net)
                      0.064781    0.000000    0.267570 v rdata[23] (out)
                                              0.267570   data arrival time

                      0.150000    0.000000    0.000000   clock clk (rise edge)
                                  0.000000    0.000000   clock network delay (ideal)
                                  0.250000    0.250000   clock uncertainty
                                  0.000000    0.250000   clock reconvergence pessimism
                                 -2.000000   -1.750000   output external delay
                                             -1.750000   data required time
---------------------------------------------------------------------------------------------
                                             -1.750000   data required time
                                             -0.267570   data arrival time
---------------------------------------------------------------------------------------------
                                              2.017570   slack (MET)


Startpoint: _1417_ (rising edge-triggered flip-flop clocked by clk)
Endpoint: rdata[24] (output port clocked by clk)
Path Group: clk
Path Type: min

Fanout         Cap        Slew       Delay        Time   Description
---------------------------------------------------------------------------------------------
                      0.150000    0.000000    0.000000   clock clk (rise edge)
                                  0.000000    0.000000   clock network delay (ideal)
                      0.150000    0.000000    0.000000 ^ _1417_/CLK (sky130_fd_sc_hd__dfxtp_2)
     2    0.035706    0.064781    0.267570    0.267570 v _1417_/Q (sky130_fd_sc_hd__dfxtp_2)
                                                         rdata[24] (net)
                      0.064781    0.000000    0.267570 v rdata[24] (out)
                                              0.267570   data arrival time

                      0.150000    0.000000    0.000000   clock clk (rise edge)
                                  0.000000    0.000000   clock network delay (ideal)
                                  0.250000    0.250000   clock uncertainty
                                  0.000000    0.250000   clock reconvergence pessimism
                                 -2.000000   -1.750000   output external delay
                                             -1.750000   data required time
---------------------------------------------------------------------------------------------
                                             -1.750000   data required time
                                             -0.267570   data arrival time
---------------------------------------------------------------------------------------------
                                              2.017570   slack (MET)


Startpoint: _1418_ (rising edge-triggered flip-flop clocked by clk)
Endpoint: rdata[25] (output port clocked by clk)
Path Group: clk
Path Type: min

Fanout         Cap        Slew       Delay        Time   Description
---------------------------------------------------------------------------------------------
                      0.150000    0.000000    0.000000   clock clk (rise edge)
                                  0.000000    0.000000   clock network delay (ideal)
                      0.150000    0.000000    0.000000 ^ _1418_/CLK (sky130_fd_sc_hd__dfxtp_2)
     2    0.035706    0.064781    0.267570    0.267570 v _1418_/Q (sky130_fd_sc_hd__dfxtp_2)
                                                         rdata[25] (net)
                      0.064781    0.000000    0.267570 v rdata[25] (out)
                                              0.267570   data arrival time

                      0.150000    0.000000    0.000000   clock clk (rise edge)
                                  0.000000    0.000000   clock network delay (ideal)
                                  0.250000    0.250000   clock uncertainty
                                  0.000000    0.250000   clock reconvergence pessimism
                                 -2.000000   -1.750000   output external delay
                                             -1.750000   data required time
---------------------------------------------------------------------------------------------
                                             -1.750000   data required time
                                             -0.267570   data arrival time
---------------------------------------------------------------------------------------------
                                              2.017570   slack (MET)


Startpoint: _1419_ (rising edge-triggered flip-flop clocked by clk)
Endpoint: rdata[26] (output port clocked by clk)
Path Group: clk
Path Type: min

Fanout         Cap        Slew       Delay        Time   Description
---------------------------------------------------------------------------------------------
                      0.150000    0.000000    0.000000   clock clk (rise edge)
                                  0.000000    0.000000   clock network delay (ideal)
                      0.150000    0.000000    0.000000 ^ _1419_/CLK (sky130_fd_sc_hd__dfxtp_2)
     2    0.035706    0.064781    0.267570    0.267570 v _1419_/Q (sky130_fd_sc_hd__dfxtp_2)
                                                         rdata[26] (net)
                      0.064781    0.000000    0.267570 v rdata[26] (out)
                                              0.267570   data arrival time

                      0.150000    0.000000    0.000000   clock clk (rise edge)
                                  0.000000    0.000000   clock network delay (ideal)
                                  0.250000    0.250000   clock uncertainty
                                  0.000000    0.250000   clock reconvergence pessimism
                                 -2.000000   -1.750000   output external delay
                                             -1.750000   data required time
---------------------------------------------------------------------------------------------
                                             -1.750000   data required time
                                             -0.267570   data arrival time
---------------------------------------------------------------------------------------------
                                              2.017570   slack (MET)


Startpoint: _1420_ (rising edge-triggered flip-flop clocked by clk)
Endpoint: rdata[27] (output port clocked by clk)
Path Group: clk
Path Type: min

Fanout         Cap        Slew       Delay        Time   Description
---------------------------------------------------------------------------------------------
                      0.150000    0.000000    0.000000   clock clk (rise edge)
                                  0.000000    0.000000   clock network delay (ideal)
                      0.150000    0.000000    0.000000 ^ _1420_/CLK (sky130_fd_sc_hd__dfxtp_2)
     2    0.035706    0.064781    0.267570    0.267570 v _1420_/Q (sky130_fd_sc_hd__dfxtp_2)
                                                         rdata[27] (net)
                      0.064781    0.000000    0.267570 v rdata[27] (out)
                                              0.267570   data arrival time

                      0.150000    0.000000    0.000000   clock clk (rise edge)
                                  0.000000    0.000000   clock network delay (ideal)
                                  0.250000    0.250000   clock uncertainty
                                  0.000000    0.250000   clock reconvergence pessimism
                                 -2.000000   -1.750000   output external delay
                                             -1.750000   data required time
---------------------------------------------------------------------------------------------
                                             -1.750000   data required time
                                             -0.267570   data arrival time
---------------------------------------------------------------------------------------------
                                              2.017570   slack (MET)


Startpoint: _1421_ (rising edge-triggered flip-flop clocked by clk)
Endpoint: rdata[28] (output port clocked by clk)
Path Group: clk
Path Type: min

Fanout         Cap        Slew       Delay        Time   Description
---------------------------------------------------------------------------------------------
                      0.150000    0.000000    0.000000   clock clk (rise edge)
                                  0.000000    0.000000   clock network delay (ideal)
                      0.150000    0.000000    0.000000 ^ _1421_/CLK (sky130_fd_sc_hd__dfxtp_2)
     2    0.035706    0.064781    0.267570    0.267570 v _1421_/Q (sky130_fd_sc_hd__dfxtp_2)
                                                         rdata[28] (net)
                      0.064781    0.000000    0.267570 v rdata[28] (out)
                                              0.267570   data arrival time

                      0.150000    0.000000    0.000000   clock clk (rise edge)
                                  0.000000    0.000000   clock network delay (ideal)
                                  0.250000    0.250000   clock uncertainty
                                  0.000000    0.250000   clock reconvergence pessimism
                                 -2.000000   -1.750000   output external delay
                                             -1.750000   data required time
---------------------------------------------------------------------------------------------
                                             -1.750000   data required time
                                             -0.267570   data arrival time
---------------------------------------------------------------------------------------------
                                              2.017570   slack (MET)


Startpoint: _1422_ (rising edge-triggered flip-flop clocked by clk)
Endpoint: rdata[29] (output port clocked by clk)
Path Group: clk
Path Type: min

Fanout         Cap        Slew       Delay        Time   Description
---------------------------------------------------------------------------------------------
                      0.150000    0.000000    0.000000   clock clk (rise edge)
                                  0.000000    0.000000   clock network delay (ideal)
                      0.150000    0.000000    0.000000 ^ _1422_/CLK (sky130_fd_sc_hd__dfxtp_2)
     2    0.035706    0.064781    0.267570    0.267570 v _1422_/Q (sky130_fd_sc_hd__dfxtp_2)
                                                         rdata[29] (net)
                      0.064781    0.000000    0.267570 v rdata[29] (out)
                                              0.267570   data arrival time

                      0.150000    0.000000    0.000000   clock clk (rise edge)
                                  0.000000    0.000000   clock network delay (ideal)
                                  0.250000    0.250000   clock uncertainty
                                  0.000000    0.250000   clock reconvergence pessimism
                                 -2.000000   -1.750000   output external delay
                                             -1.750000   data required time
---------------------------------------------------------------------------------------------
                                             -1.750000   data required time
                                             -0.267570   data arrival time
---------------------------------------------------------------------------------------------
                                              2.017570   slack (MET)


Startpoint: _1423_ (rising edge-triggered flip-flop clocked by clk)
Endpoint: rdata[30] (output port clocked by clk)
Path Group: clk
Path Type: min

Fanout         Cap        Slew       Delay        Time   Description
---------------------------------------------------------------------------------------------
                      0.150000    0.000000    0.000000   clock clk (rise edge)
                                  0.000000    0.000000   clock network delay (ideal)
                      0.150000    0.000000    0.000000 ^ _1423_/CLK (sky130_fd_sc_hd__dfxtp_2)
     2    0.035706    0.064781    0.267570    0.267570 v _1423_/Q (sky130_fd_sc_hd__dfxtp_2)
                                                         rdata[30] (net)
                      0.064781    0.000000    0.267570 v rdata[30] (out)
                                              0.267570   data arrival time

                      0.150000    0.000000    0.000000   clock clk (rise edge)
                                  0.000000    0.000000   clock network delay (ideal)
                                  0.250000    0.250000   clock uncertainty
                                  0.000000    0.250000   clock reconvergence pessimism
                                 -2.000000   -1.750000   output external delay
                                             -1.750000   data required time
---------------------------------------------------------------------------------------------
                                             -1.750000   data required time
                                             -0.267570   data arrival time
---------------------------------------------------------------------------------------------
                                              2.017570   slack (MET)


Startpoint: _1424_ (rising edge-triggered flip-flop clocked by clk)
Endpoint: rdata[31] (output port clocked by clk)
Path Group: clk
Path Type: min

Fanout         Cap        Slew       Delay        Time   Description
---------------------------------------------------------------------------------------------
                      0.150000    0.000000    0.000000   clock clk (rise edge)
                                  0.000000    0.000000   clock network delay (ideal)
                      0.150000    0.000000    0.000000 ^ _1424_/CLK (sky130_fd_sc_hd__dfxtp_2)
     2    0.035706    0.064781    0.267570    0.267570 v _1424_/Q (sky130_fd_sc_hd__dfxtp_2)
                                                         rdata[31] (net)
                      0.064781    0.000000    0.267570 v rdata[31] (out)
                                              0.267570   data arrival time

                      0.150000    0.000000    0.000000   clock clk (rise edge)
                                  0.000000    0.000000   clock network delay (ideal)
                                  0.250000    0.250000   clock uncertainty
                                  0.000000    0.250000   clock reconvergence pessimism
                                 -2.000000   -1.750000   output external delay
                                             -1.750000   data required time
---------------------------------------------------------------------------------------------
                                             -1.750000   data required time
                                             -0.267570   data arrival time
---------------------------------------------------------------------------------------------
                                              2.017570   slack (MET)


Startpoint: _1400_ (rising edge-triggered flip-flop clocked by clk)
Endpoint: rdata[7] (output port clocked by clk)
Path Group: clk
Path Type: min

Fanout         Cap        Slew       Delay        Time   Description
---------------------------------------------------------------------------------------------
                      0.150000    0.000000    0.000000   clock clk (rise edge)
                                  0.000000    0.000000   clock network delay (ideal)
                      0.150000    0.000000    0.000000 ^ _1400_/CLK (sky130_fd_sc_hd__dfxtp_2)
     2    0.035706    0.064781    0.267570    0.267570 v _1400_/Q (sky130_fd_sc_hd__dfxtp_2)
                                                         rdata[7] (net)
                      0.064781    0.000000    0.267570 v rdata[7] (out)
                                              0.267570   data arrival time

                      0.150000    0.000000    0.000000   clock clk (rise edge)
                                  0.000000    0.000000   clock network delay (ideal)
                                  0.250000    0.250000   clock uncertainty
                                  0.000000    0.250000   clock reconvergence pessimism
                                 -2.000000   -1.750000   output external delay
                                             -1.750000   data required time
---------------------------------------------------------------------------------------------
                                             -1.750000   data required time
                                             -0.267570   data arrival time
---------------------------------------------------------------------------------------------
                                              2.017570   slack (MET)


Startpoint: _1401_ (rising edge-triggered flip-flop clocked by clk)
Endpoint: rdata[8] (output port clocked by clk)
Path Group: clk
Path Type: min

Fanout         Cap        Slew       Delay        Time   Description
---------------------------------------------------------------------------------------------
                      0.150000    0.000000    0.000000   clock clk (rise edge)
                                  0.000000    0.000000   clock network delay (ideal)
                      0.150000    0.000000    0.000000 ^ _1401_/CLK (sky130_fd_sc_hd__dfxtp_2)
     2    0.035706    0.064781    0.267570    0.267570 v _1401_/Q (sky130_fd_sc_hd__dfxtp_2)
                                                         rdata[8] (net)
                      0.064781    0.000000    0.267570 v rdata[8] (out)
                                              0.267570   data arrival time

                      0.150000    0.000000    0.000000   clock clk (rise edge)
                                  0.000000    0.000000   clock network delay (ideal)
                                  0.250000    0.250000   clock uncertainty
                                  0.000000    0.250000   clock reconvergence pessimism
                                 -2.000000   -1.750000   output external delay
                                             -1.750000   data required time
---------------------------------------------------------------------------------------------
                                             -1.750000   data required time
                                             -0.267570   data arrival time
---------------------------------------------------------------------------------------------
                                              2.017570   slack (MET)


Startpoint: _1402_ (rising edge-triggered flip-flop clocked by clk)
Endpoint: rdata[9] (output port clocked by clk)
Path Group: clk
Path Type: min

Fanout         Cap        Slew       Delay        Time   Description
---------------------------------------------------------------------------------------------
                      0.150000    0.000000    0.000000   clock clk (rise edge)
                                  0.000000    0.000000   clock network delay (ideal)
                      0.150000    0.000000    0.000000 ^ _1402_/CLK (sky130_fd_sc_hd__dfxtp_2)
     2    0.035706    0.064781    0.267570    0.267570 v _1402_/Q (sky130_fd_sc_hd__dfxtp_2)
                                                         rdata[9] (net)
                      0.064781    0.000000    0.267570 v rdata[9] (out)
                                              0.267570   data arrival time

                      0.150000    0.000000    0.000000   clock clk (rise edge)
                                  0.000000    0.000000   clock network delay (ideal)
                                  0.250000    0.250000   clock uncertainty
                                  0.000000    0.250000   clock reconvergence pessimism
                                 -2.000000   -1.750000   output external delay
                                             -1.750000   data required time
---------------------------------------------------------------------------------------------
                                             -1.750000   data required time
                                             -0.267570   data arrival time
---------------------------------------------------------------------------------------------
                                              2.017570   slack (MET)


Startpoint: _1393_ (rising edge-triggered flip-flop clocked by clk)
Endpoint: rdata[0] (output port clocked by clk)
Path Group: clk
Path Type: min

Fanout         Cap        Slew       Delay        Time   Description
---------------------------------------------------------------------------------------------
                      0.150000    0.000000    0.000000   clock clk (rise edge)
                                  0.000000    0.000000   clock network delay (ideal)
                      0.150000    0.000000    0.000000 ^ _1393_/CLK (sky130_fd_sc_hd__dfxtp_2)
     2    0.035743    0.064833    0.267619    0.267619 v _1393_/Q (sky130_fd_sc_hd__dfxtp_2)
                                                         rdata[0] (net)
                      0.064833    0.000000    0.267619 v rdata[0] (out)
                                              0.267619   data arrival time

                      0.150000    0.000000    0.000000   clock clk (rise edge)
                                  0.000000    0.000000   clock network delay (ideal)
                                  0.250000    0.250000   clock uncertainty
                                  0.000000    0.250000   clock reconvergence pessimism
                                 -2.000000   -1.750000   output external delay
                                             -1.750000   data required time
---------------------------------------------------------------------------------------------
                                             -1.750000   data required time
                                             -0.267619   data arrival time
---------------------------------------------------------------------------------------------
                                              2.017619   slack (MET)


Startpoint: _1394_ (rising edge-triggered flip-flop clocked by clk)
Endpoint: rdata[1] (output port clocked by clk)
Path Group: clk
Path Type: min

Fanout         Cap        Slew       Delay        Time   Description
---------------------------------------------------------------------------------------------
                      0.150000    0.000000    0.000000   clock clk (rise edge)
                                  0.000000    0.000000   clock network delay (ideal)
                      0.150000    0.000000    0.000000 ^ _1394_/CLK (sky130_fd_sc_hd__dfxtp_2)
     2    0.035743    0.064833    0.267619    0.267619 v _1394_/Q (sky130_fd_sc_hd__dfxtp_2)
                                                         rdata[1] (net)
                      0.064833    0.000000    0.267619 v rdata[1] (out)
                                              0.267619   data arrival time

                      0.150000    0.000000    0.000000   clock clk (rise edge)
                                  0.000000    0.000000   clock network delay (ideal)
                                  0.250000    0.250000   clock uncertainty
                                  0.000000    0.250000   clock reconvergence pessimism
                                 -2.000000   -1.750000   output external delay
                                             -1.750000   data required time
---------------------------------------------------------------------------------------------
                                             -1.750000   data required time
                                             -0.267619   data arrival time
---------------------------------------------------------------------------------------------
                                              2.017619   slack (MET)


Startpoint: _1395_ (rising edge-triggered flip-flop clocked by clk)
Endpoint: rdata[2] (output port clocked by clk)
Path Group: clk
Path Type: min

Fanout         Cap        Slew       Delay        Time   Description
---------------------------------------------------------------------------------------------
                      0.150000    0.000000    0.000000   clock clk (rise edge)
                                  0.000000    0.000000   clock network delay (ideal)
                      0.150000    0.000000    0.000000 ^ _1395_/CLK (sky130_fd_sc_hd__dfxtp_2)
     2    0.035743    0.064833    0.267619    0.267619 v _1395_/Q (sky130_fd_sc_hd__dfxtp_2)
                                                         rdata[2] (net)
                      0.064833    0.000000    0.267619 v rdata[2] (out)
                                              0.267619   data arrival time

                      0.150000    0.000000    0.000000   clock clk (rise edge)
                                  0.000000    0.000000   clock network delay (ideal)
                                  0.250000    0.250000   clock uncertainty
                                  0.000000    0.250000   clock reconvergence pessimism
                                 -2.000000   -1.750000   output external delay
                                             -1.750000   data required time
---------------------------------------------------------------------------------------------
                                             -1.750000   data required time
                                             -0.267619   data arrival time
---------------------------------------------------------------------------------------------
                                              2.017619   slack (MET)


Startpoint: _1396_ (rising edge-triggered flip-flop clocked by clk)
Endpoint: rdata[3] (output port clocked by clk)
Path Group: clk
Path Type: min

Fanout         Cap        Slew       Delay        Time   Description
---------------------------------------------------------------------------------------------
                      0.150000    0.000000    0.000000   clock clk (rise edge)
                                  0.000000    0.000000   clock network delay (ideal)
                      0.150000    0.000000    0.000000 ^ _1396_/CLK (sky130_fd_sc_hd__dfxtp_2)
     2    0.035743    0.064833    0.267619    0.267619 v _1396_/Q (sky130_fd_sc_hd__dfxtp_2)
                                                         rdata[3] (net)
                      0.064833    0.000000    0.267619 v rdata[3] (out)
                                              0.267619   data arrival time

                      0.150000    0.000000    0.000000   clock clk (rise edge)
                                  0.000000    0.000000   clock network delay (ideal)
                                  0.250000    0.250000   clock uncertainty
                                  0.000000    0.250000   clock reconvergence pessimism
                                 -2.000000   -1.750000   output external delay
                                             -1.750000   data required time
---------------------------------------------------------------------------------------------
                                             -1.750000   data required time
                                             -0.267619   data arrival time
---------------------------------------------------------------------------------------------
                                              2.017619   slack (MET)


Startpoint: _1397_ (rising edge-triggered flip-flop clocked by clk)
Endpoint: rdata[4] (output port clocked by clk)
Path Group: clk
Path Type: min

Fanout         Cap        Slew       Delay        Time   Description
---------------------------------------------------------------------------------------------
                      0.150000    0.000000    0.000000   clock clk (rise edge)
                                  0.000000    0.000000   clock network delay (ideal)
                      0.150000    0.000000    0.000000 ^ _1397_/CLK (sky130_fd_sc_hd__dfxtp_2)
     2    0.035743    0.064833    0.267619    0.267619 v _1397_/Q (sky130_fd_sc_hd__dfxtp_2)
                                                         rdata[4] (net)
                      0.064833    0.000000    0.267619 v rdata[4] (out)
                                              0.267619   data arrival time

                      0.150000    0.000000    0.000000   clock clk (rise edge)
                                  0.000000    0.000000   clock network delay (ideal)
                                  0.250000    0.250000   clock uncertainty
                                  0.000000    0.250000   clock reconvergence pessimism
                                 -2.000000   -1.750000   output external delay
                                             -1.750000   data required time
---------------------------------------------------------------------------------------------
                                             -1.750000   data required time
                                             -0.267619   data arrival time
---------------------------------------------------------------------------------------------
                                              2.017619   slack (MET)


Startpoint: _1398_ (rising edge-triggered flip-flop clocked by clk)
Endpoint: rdata[5] (output port clocked by clk)
Path Group: clk
Path Type: min

Fanout         Cap        Slew       Delay        Time   Description
---------------------------------------------------------------------------------------------
                      0.150000    0.000000    0.000000   clock clk (rise edge)
                                  0.000000    0.000000   clock network delay (ideal)
                      0.150000    0.000000    0.000000 ^ _1398_/CLK (sky130_fd_sc_hd__dfxtp_2)
     2    0.035743    0.064833    0.267619    0.267619 v _1398_/Q (sky130_fd_sc_hd__dfxtp_2)
                                                         rdata[5] (net)
                      0.064833    0.000000    0.267619 v rdata[5] (out)
                                              0.267619   data arrival time

                      0.150000    0.000000    0.000000   clock clk (rise edge)
                                  0.000000    0.000000   clock network delay (ideal)
                                  0.250000    0.250000   clock uncertainty
                                  0.000000    0.250000   clock reconvergence pessimism
                                 -2.000000   -1.750000   output external delay
                                             -1.750000   data required time
---------------------------------------------------------------------------------------------
                                             -1.750000   data required time
                                             -0.267619   data arrival time
---------------------------------------------------------------------------------------------
                                              2.017619   slack (MET)


Startpoint: _1399_ (rising edge-triggered flip-flop clocked by clk)
Endpoint: rdata[6] (output port clocked by clk)
Path Group: clk
Path Type: min

Fanout         Cap        Slew       Delay        Time   Description
---------------------------------------------------------------------------------------------
                      0.150000    0.000000    0.000000   clock clk (rise edge)
                                  0.000000    0.000000   clock network delay (ideal)
                      0.150000    0.000000    0.000000 ^ _1399_/CLK (sky130_fd_sc_hd__dfxtp_2)
     2    0.035743    0.064833    0.267619    0.267619 v _1399_/Q (sky130_fd_sc_hd__dfxtp_2)
                                                         rdata[6] (net)
                      0.064833    0.000000    0.267619 v rdata[6] (out)
                                              0.267619   data arrival time

                      0.150000    0.000000    0.000000   clock clk (rise edge)
                                  0.000000    0.000000   clock network delay (ideal)
                                  0.250000    0.250000   clock uncertainty
                                  0.000000    0.250000   clock reconvergence pessimism
                                 -2.000000   -1.750000   output external delay
                                             -1.750000   data required time
---------------------------------------------------------------------------------------------
                                             -1.750000   data required time
                                             -0.267619   data arrival time
---------------------------------------------------------------------------------------------
                                              2.017619   slack (MET)



